billing_id,lease_id,billing_date,next_billing,to_pay,amount,status,created_at,updated_at,deleted_at,billing_type,due_date,previous_balance,tenant_id
1,242,2021-01-01,2021-02-01,24844.00,24844.00,Paid,2026-05-07 21:28:02,2026-05-07 21:28:02,,move_in,2021-01-01,0.00,41
2,242,2021-02-01,2021-03-01,15165.35,15165.35,Paid,2026-05-07 21:28:02,2026-05-07 21:28:02,,monthly,2021-02-06,0.00,41
3,242,2021-03-01,2021-04-01,15425.48,15425.48,Paid,2026-05-07 21:28:02,2026-05-07 21:28:02,,monthly,2021-03-06,0.00,41
4,242,2021-04-01,2021-05-01,14145.13,14145.13,Paid,2026-05-07 21:28:02,2026-05-07 21:28:02,,monthly,2021-04-06,0.00,41
5,242,2021-04-01,2021-04-01,-11198.87,-11198.87,Paid,2026-05-07 21:28:02,2026-05-07 21:28:02,,move_out,2021-04-16,0.00,41
6,24,2021-03-01,2021-04-01,24008.00,24008.00,Paid,2026-05-07 21:28:02,2026-05-07 21:28:02,,move_in,2021-03-01,0.00,12
7,24,2021-04-01,2021-05-01,13830.63,13830.63,Paid,2026-05-07 21:28:02,2026-05-07 21:28:02,,monthly,2021-04-06,0.00,12
8,24,2021-04-01,2021-04-01,-10677.37,-10677.37,Paid,2026-05-07 21:28:02,2026-05-07 21:28:02,,move_out,2021-04-16,0.00,12
9,25,2021-05-01,2021-06-01,13806.71,13806.71,Paid,2026-05-07 21:28:02,2026-05-07 21:28:02,,monthly,2021-05-06,0.00,12
10,25,2021-05-01,2021-05-01,-10701.29,-10701.29,Paid,2026-05-07 21:28:02,2026-05-07 21:28:02,,move_out,2021-05-16,0.00,12
11,292,2021-04-01,2021-05-01,25626.00,25626.00,Paid,2026-05-07 21:28:03,2026-05-07 21:28:03,,move_in,2021-04-01,0.00,7
12,292,2021-05-01,2021-06-01,14799.87,14799.87,Paid,2026-05-07 21:28:03,2026-05-07 21:28:03,,monthly,2021-05-06,0.00,7
13,292,2021-06-01,2021-07-01,15163.67,15163.67,Paid,2026-05-07 21:28:03,2026-05-07 21:28:03,,monthly,2021-06-06,0.00,7
14,292,2021-07-01,2021-08-01,14935.01,14935.01,Paid,2026-05-07 21:28:03,2026-05-07 21:28:03,,monthly,2021-07-06,0.00,7
15,292,2021-08-01,2021-09-01,15019.86,15019.86,Paid,2026-05-07 21:28:03,2026-05-07 21:28:03,,monthly,2021-08-06,0.00,7
16,292,2021-09-01,2021-10-01,14752.17,14752.17,Paid,2026-05-07 21:28:03,2026-05-07 21:28:03,,monthly,2021-09-06,0.00,7
17,292,2021-10-01,2021-11-01,15452.07,15452.07,Paid,2026-05-07 21:28:03,2026-05-07 21:28:03,,monthly,2021-10-06,0.00,7
18,292,2021-11-01,2021-12-01,14932.16,14932.16,Paid,2026-05-07 21:28:03,2026-05-07 21:28:03,,monthly,2021-11-06,0.00,7
19,292,2021-12-01,2022-01-01,14025.81,14025.81,Paid,2026-05-07 21:28:03,2026-05-07 21:28:03,,monthly,2021-12-06,0.00,7
20,292,2022-01-01,2022-02-01,14361.03,14361.03,Paid,2026-05-07 21:28:03,2026-05-07 21:28:03,,monthly,2022-01-06,0.00,7
21,292,2022-02-01,2022-03-01,14777.81,14777.81,Paid,2026-05-07 21:28:03,2026-05-07 21:28:03,,monthly,2022-02-06,0.00,7
22,292,2022-03-01,2022-04-01,15542.93,15542.93,Paid,2026-05-07 21:28:03,2026-05-07 21:28:03,,monthly,2022-03-06,0.00,7
23,292,2022-04-01,2022-05-01,14222.87,14222.87,Paid,2026-05-07 21:28:03,2026-05-07 21:28:03,,monthly,2022-04-06,0.00,7
24,292,2022-04-01,2022-04-01,-11403.13,-11403.13,Paid,2026-05-07 21:28:03,2026-05-07 21:28:03,,move_out,2022-04-16,0.00,7
25,243,2021-05-01,2021-06-01,13952.70,13952.70,Paid,2026-05-07 21:28:03,2026-05-07 21:28:03,,monthly,2021-05-06,0.00,41
26,243,2021-06-01,2021-07-01,14155.11,14155.11,Paid,2026-05-07 21:28:03,2026-05-07 21:28:03,,monthly,2021-06-06,0.00,41
27,243,2021-07-01,2021-08-01,14588.78,14588.78,Paid,2026-05-07 21:28:03,2026-05-07 21:28:03,,monthly,2021-07-06,0.00,41
28,243,2021-08-01,2021-09-01,13959.60,13959.60,Paid,2026-05-07 21:28:03,2026-05-07 21:28:03,,monthly,2021-08-06,0.00,41
29,243,2021-09-01,2021-10-01,13934.19,13934.19,Paid,2026-05-07 21:28:03,2026-05-07 21:28:03,,monthly,2021-09-06,0.00,41
30,243,2021-10-01,2021-11-01,13033.59,13033.59,Paid,2026-05-07 21:28:03,2026-05-07 21:28:03,,monthly,2021-10-06,0.00,41
31,243,2021-10-01,2021-10-01,-11810.41,-11810.41,Paid,2026-05-07 21:28:03,2026-05-07 21:28:03,,move_out,2021-10-16,0.00,41
32,26,2021-06-01,2021-07-01,13707.39,13707.39,Paid,2026-05-07 21:28:03,2026-05-07 21:28:03,,monthly,2021-06-06,0.00,12
33,26,2021-06-01,2021-06-01,-10800.61,-10800.61,Paid,2026-05-07 21:28:03,2026-05-07 21:28:03,,move_out,2021-06-16,0.00,12
34,27,2021-07-01,2021-08-01,13522.30,13522.30,Paid,2026-05-07 21:28:03,2026-05-07 21:28:03,,monthly,2021-07-06,0.00,12
35,27,2021-07-01,2021-07-01,-10985.70,-10985.70,Paid,2026-05-07 21:28:03,2026-05-07 21:28:03,,move_out,2021-07-16,0.00,12
36,28,2021-08-01,2021-09-01,13932.64,13932.64,Paid,2026-05-07 21:28:04,2026-05-07 21:28:04,,monthly,2021-08-06,0.00,12
37,28,2021-09-01,2021-10-01,14338.74,14338.74,Paid,2026-05-07 21:28:04,2026-05-07 21:28:04,,monthly,2021-09-06,0.00,12
38,28,2021-10-01,2021-11-01,13814.42,13814.42,Paid,2026-05-07 21:28:04,2026-05-07 21:28:04,,monthly,2021-10-06,0.00,12
39,28,2021-11-01,2021-12-01,13969.67,13969.67,Paid,2026-05-07 21:28:04,2026-05-07 21:28:04,,monthly,2021-11-06,0.00,12
40,28,2021-12-01,2022-01-01,13813.67,13813.67,Paid,2026-05-07 21:28:04,2026-05-07 21:28:04,,monthly,2021-12-06,0.00,12
41,28,2022-01-01,2022-02-01,13010.71,13010.71,Paid,2026-05-07 21:28:04,2026-05-07 21:28:04,,monthly,2022-01-06,0.00,12
42,28,2022-01-01,2022-01-01,-10997.29,-10997.29,Paid,2026-05-07 21:28:04,2026-05-07 21:28:04,,move_out,2022-01-16,0.00,12
43,266,2021-08-01,2021-09-01,25658.00,25658.00,Paid,2026-05-07 21:28:04,2026-05-07 21:28:04,,move_in,2021-08-01,0.00,38
44,266,2021-09-01,2021-10-01,14608.55,14608.55,Paid,2026-05-07 21:28:04,2026-05-07 21:28:04,,monthly,2021-09-06,0.00,38
45,266,2021-09-01,2021-09-01,-11549.45,-11549.45,Paid,2026-05-07 21:28:04,2026-05-07 21:28:04,,move_out,2021-09-16,0.00,38
46,114,2021-08-01,2021-09-01,14174.00,14174.00,Paid,2026-05-07 21:28:04,2026-05-07 21:28:04,,move_in,2021-08-01,0.00,36
47,114,2021-09-01,2021-10-01,9834.93,9834.93,Paid,2026-05-07 21:28:04,2026-05-07 21:28:04,,monthly,2021-09-06,0.00,36
48,114,2021-10-01,2021-11-01,10395.50,10395.50,Paid,2026-05-07 21:28:04,2026-05-07 21:28:04,,monthly,2021-10-06,0.00,36
49,114,2021-11-01,2021-12-01,8652.14,8652.14,Paid,2026-05-07 21:28:04,2026-05-07 21:28:04,,monthly,2021-11-06,0.00,36
50,114,2021-11-01,2021-11-01,-6021.86,-6021.86,Paid,2026-05-07 21:28:04,2026-05-07 21:28:04,,move_out,2021-11-16,0.00,36
51,59,2021-09-01,2021-10-01,24592.00,24592.00,Paid,2026-05-07 21:28:05,2026-05-07 21:28:05,,move_in,2021-09-01,0.00,33
52,59,2021-10-01,2021-11-01,14962.99,14962.99,Paid,2026-05-07 21:28:05,2026-05-07 21:28:05,,monthly,2021-10-06,0.00,33
53,59,2021-11-01,2021-12-01,15221.47,15221.47,Paid,2026-05-07 21:28:05,2026-05-07 21:28:05,,monthly,2021-11-06,0.00,33
54,59,2021-12-01,2022-01-01,13654.67,13654.67,Paid,2026-05-07 21:28:05,2026-05-07 21:28:05,,monthly,2021-12-06,0.00,33
55,59,2021-12-01,2021-12-01,-11437.33,-11437.33,Paid,2026-05-07 21:28:05,2026-05-07 21:28:05,,move_out,2021-12-16,0.00,33
56,267,2021-10-01,2021-11-01,14565.59,14565.59,Paid,2026-05-07 21:28:05,2026-05-07 21:28:05,,monthly,2021-10-06,0.00,38
57,267,2021-10-01,2021-10-01,-11592.41,-11592.41,Paid,2026-05-07 21:28:05,2026-05-07 21:28:05,,move_out,2021-10-16,0.00,38
58,244,2021-11-01,2021-12-01,15245.03,15245.03,Paid,2026-05-07 21:28:05,2026-05-07 21:28:05,,monthly,2021-11-06,0.00,41
59,244,2021-12-01,2022-01-01,14494.70,14494.70,Paid,2026-05-07 21:28:05,2026-05-07 21:28:05,,monthly,2021-12-06,0.00,41
60,244,2022-01-01,2022-02-01,14283.87,14283.87,Paid,2026-05-07 21:28:05,2026-05-07 21:28:05,,monthly,2022-01-06,0.00,41
61,244,2022-01-01,2022-01-01,-11060.13,-11060.13,Paid,2026-05-07 21:28:05,2026-05-07 21:28:05,,move_out,2022-01-16,0.00,41
62,159,2021-10-01,2021-11-01,13846.00,13846.00,Paid,2026-05-07 21:28:05,2026-05-07 21:28:05,,move_in,2021-10-01,0.00,17
63,159,2021-11-01,2021-12-01,8698.27,8698.27,Paid,2026-05-07 21:28:05,2026-05-07 21:28:05,,monthly,2021-11-06,0.00,17
64,159,2021-12-01,2022-01-01,8202.21,8202.21,Paid,2026-05-07 21:28:05,2026-05-07 21:28:05,,monthly,2021-12-06,0.00,17
65,159,2022-01-01,2022-02-01,8107.03,8107.03,Paid,2026-05-07 21:28:05,2026-05-07 21:28:05,,monthly,2022-01-06,0.00,17
66,159,2022-02-01,2022-03-01,7992.35,7992.35,Paid,2026-05-07 21:28:05,2026-05-07 21:28:05,,monthly,2022-02-06,0.00,17
67,159,2022-03-01,2022-04-01,7449.24,7449.24,Paid,2026-05-07 21:28:05,2026-05-07 21:28:05,,monthly,2022-03-06,0.00,17
68,159,2022-04-01,2022-05-01,7934.52,7934.52,Paid,2026-05-07 21:28:05,2026-05-07 21:28:05,,monthly,2022-04-06,0.00,17
69,159,2022-05-01,2022-06-01,7813.41,7813.41,Paid,2026-05-07 21:28:05,2026-05-07 21:28:05,,monthly,2022-05-06,0.00,17
70,159,2022-06-01,2022-07-01,7608.99,7608.99,Paid,2026-05-07 21:28:05,2026-05-07 21:28:05,,monthly,2022-06-06,0.00,17
71,159,2022-07-01,2022-08-01,7952.21,7952.21,Paid,2026-05-07 21:28:05,2026-05-07 21:28:05,,monthly,2022-07-06,0.00,17
72,159,2022-08-01,2022-09-01,8091.71,8091.71,Paid,2026-05-07 21:28:05,2026-05-07 21:28:05,,monthly,2022-08-06,0.00,17
73,159,2022-09-01,2022-10-01,7777.15,7777.15,Paid,2026-05-07 21:28:05,2026-05-07 21:28:05,,monthly,2022-09-06,0.00,17
74,159,2022-10-01,2022-11-01,7627.36,7627.36,Paid,2026-05-07 21:28:05,2026-05-07 21:28:05,,monthly,2022-10-06,0.00,17
75,159,2022-10-01,2022-10-01,-6218.64,-6218.64,Paid,2026-05-07 21:28:05,2026-05-07 21:28:05,,move_out,2022-10-16,0.00,17
76,268,2021-11-01,2021-12-01,14444.27,14444.27,Paid,2026-05-07 21:28:05,2026-05-07 21:28:05,,monthly,2021-11-06,0.00,38
77,268,2021-11-01,2021-11-01,-11713.73,-11713.73,Paid,2026-05-07 21:28:05,2026-05-07 21:28:05,,move_out,2021-11-16,0.00,38
78,115,2021-12-01,2022-01-01,9447.13,9447.13,Paid,2026-05-07 21:28:05,2026-05-07 21:28:05,,monthly,2021-12-06,0.00,36
79,115,2022-01-01,2022-02-01,8787.23,8787.23,Paid,2026-05-07 21:28:05,2026-05-07 21:28:05,,monthly,2022-01-06,0.00,36
80,115,2022-02-01,2022-03-01,9517.11,9517.11,Paid,2026-05-07 21:28:05,2026-05-07 21:28:05,,monthly,2022-02-06,0.00,36
81,115,2022-03-01,2022-04-01,8544.05,8544.05,Paid,2026-05-07 21:28:05,2026-05-07 21:28:05,,monthly,2022-03-06,0.00,36
82,115,2022-04-01,2022-05-01,9196.33,9196.33,Paid,2026-05-07 21:28:05,2026-05-07 21:28:05,,monthly,2022-04-06,0.00,36
83,115,2022-05-01,2022-06-01,8451.68,8451.68,Paid,2026-05-07 21:28:05,2026-05-07 21:28:05,,monthly,2022-05-06,0.00,36
84,115,2022-05-01,2022-05-01,-5722.32,-5722.32,Paid,2026-05-07 21:28:05,2026-05-07 21:28:05,,move_out,2022-05-16,0.00,36
85,269,2021-12-01,2022-01-01,15516.54,15516.54,Paid,2026-05-07 21:28:06,2026-05-07 21:28:06,,monthly,2021-12-06,0.00,38
86,269,2022-01-01,2022-02-01,14824.56,14824.56,Paid,2026-05-07 21:28:06,2026-05-07 21:28:06,,monthly,2022-01-06,0.00,38
87,269,2022-02-01,2022-03-01,14356.06,14356.06,Paid,2026-05-07 21:28:06,2026-05-07 21:28:06,,monthly,2022-02-06,0.00,38
88,269,2022-03-01,2022-04-01,15281.11,15281.11,Paid,2026-05-07 21:28:06,2026-05-07 21:28:06,,monthly,2022-03-06,0.00,38
89,269,2022-04-01,2022-05-01,14877.98,14877.98,Paid,2026-05-07 21:28:06,2026-05-07 21:28:06,,monthly,2022-04-06,0.00,38
90,269,2022-05-01,2022-06-01,13832.79,13832.79,Paid,2026-05-07 21:28:06,2026-05-07 21:28:06,,monthly,2022-05-06,0.00,38
91,269,2022-05-01,2022-05-01,-11825.21,-11825.21,Paid,2026-05-07 21:28:06,2026-05-07 21:28:06,,move_out,2022-05-16,0.00,38
92,281,2021-12-01,2022-01-01,13846.00,13846.00,Paid,2026-05-07 21:28:06,2026-05-07 21:28:06,,move_in,2021-12-01,0.00,2
93,281,2022-01-01,2022-02-01,8607.03,8607.03,Paid,2026-05-07 21:28:06,2026-05-07 21:28:06,,monthly,2022-01-06,0.00,2
94,281,2022-02-01,2022-03-01,8492.35,8492.35,Paid,2026-05-07 21:28:06,2026-05-07 21:28:06,,monthly,2022-02-06,0.00,2
95,281,2022-03-01,2022-04-01,7949.24,7949.24,Paid,2026-05-07 21:28:06,2026-05-07 21:28:06,,monthly,2022-03-06,0.00,2
96,281,2022-03-01,2022-03-01,-6396.76,-6396.76,Paid,2026-05-07 21:28:06,2026-05-07 21:28:06,,move_out,2022-03-16,0.00,2
97,60,2022-01-01,2022-02-01,13283.68,13283.68,Paid,2026-05-07 21:28:06,2026-05-07 21:28:06,,monthly,2022-01-06,0.00,33
98,60,2022-02-01,2022-03-01,13238.63,13238.63,Paid,2026-05-07 21:28:06,2026-05-07 21:28:06,,monthly,2022-02-06,0.00,33
99,60,2022-03-01,2022-04-01,13641.32,13641.32,Paid,2026-05-07 21:28:06,2026-05-07 21:28:06,,monthly,2022-03-06,0.00,33
100,60,2022-04-01,2022-05-01,13037.81,13037.81,Paid,2026-05-07 21:28:06,2026-05-07 21:28:06,,monthly,2022-04-06,0.00,33
101,60,2022-05-01,2022-06-01,13094.48,13094.48,Paid,2026-05-07 21:28:06,2026-05-07 21:28:06,,monthly,2022-05-06,0.00,33
102,60,2022-06-01,2022-07-01,13718.88,13718.88,Paid,2026-05-07 21:28:06,2026-05-07 21:28:06,,monthly,2022-06-06,0.00,33
103,60,2022-07-01,2022-08-01,13133.41,13133.41,Paid,2026-05-07 21:28:06,2026-05-07 21:28:06,,monthly,2022-07-06,0.00,33
104,60,2022-08-01,2022-09-01,13364.41,13364.41,Paid,2026-05-07 21:28:06,2026-05-07 21:28:06,,monthly,2022-08-06,0.00,33
105,60,2022-09-01,2022-10-01,13514.61,13514.61,Paid,2026-05-07 21:28:06,2026-05-07 21:28:06,,monthly,2022-09-06,0.00,33
106,60,2022-10-01,2022-11-01,13146.48,13146.48,Paid,2026-05-07 21:28:06,2026-05-07 21:28:06,,monthly,2022-10-06,0.00,33
107,60,2022-11-01,2022-12-01,13513.39,13513.39,Paid,2026-05-07 21:28:06,2026-05-07 21:28:06,,monthly,2022-11-06,0.00,33
108,60,2022-12-01,2023-01-01,13079.85,13079.85,Paid,2026-05-07 21:28:06,2026-05-07 21:28:06,,monthly,2022-12-06,0.00,33
109,60,2022-12-01,2022-12-01,-11512.15,-11512.15,Paid,2026-05-07 21:28:06,2026-05-07 21:28:06,,move_out,2022-12-16,0.00,33
110,128,2022-01-01,2022-02-01,11390.00,11390.00,Paid,2026-05-07 21:28:06,2026-05-07 21:28:06,,move_in,2022-01-01,0.00,19
111,128,2022-02-01,2022-03-01,7700.07,7700.07,Paid,2026-05-07 21:28:06,2026-05-07 21:28:06,,monthly,2022-02-06,0.00,19
112,128,2022-03-01,2022-04-01,8893.57,8893.57,Paid,2026-05-07 21:28:06,2026-05-07 21:28:06,,monthly,2022-03-06,0.00,19
113,128,2022-04-01,2022-05-01,7620.09,7620.09,Paid,2026-05-07 21:28:06,2026-05-07 21:28:06,,monthly,2022-04-06,0.00,19
114,128,2022-04-01,2022-04-01,-4269.91,-4269.91,Paid,2026-05-07 21:28:06,2026-05-07 21:28:06,,move_out,2022-04-16,0.00,19
115,71,2022-01-01,2022-02-01,24592.00,24592.00,Paid,2026-05-07 21:28:06,2026-05-07 21:28:06,,move_in,2022-01-01,0.00,35
116,71,2022-02-01,2022-03-01,13738.63,13738.63,Paid,2026-05-07 21:28:06,2026-05-07 21:28:06,,monthly,2022-02-06,0.00,35
117,71,2022-03-01,2022-04-01,14141.32,14141.32,Paid,2026-05-07 21:28:06,2026-05-07 21:28:06,,monthly,2022-03-06,0.00,35
118,71,2022-04-01,2022-05-01,13537.81,13537.81,Paid,2026-05-07 21:28:06,2026-05-07 21:28:06,,monthly,2022-04-06,0.00,35
119,71,2022-04-01,2022-04-01,-11554.19,-11554.19,Paid,2026-05-07 21:28:06,2026-05-07 21:28:06,,move_out,2022-04-16,0.00,35
120,29,2022-02-01,2022-03-01,14154.83,14154.83,Paid,2026-05-07 21:28:06,2026-05-07 21:28:06,,monthly,2022-02-06,0.00,12
121,29,2022-03-01,2022-04-01,13601.53,13601.53,Paid,2026-05-07 21:28:06,2026-05-07 21:28:06,,monthly,2022-03-06,0.00,12
122,29,2022-04-01,2022-05-01,13806.78,13806.78,Paid,2026-05-07 21:28:07,2026-05-07 21:28:07,,monthly,2022-04-06,0.00,12
123,29,2022-05-01,2022-06-01,14044.06,14044.06,Paid,2026-05-07 21:28:07,2026-05-07 21:28:07,,monthly,2022-05-06,0.00,12
124,29,2022-06-01,2022-07-01,14499.59,14499.59,Paid,2026-05-07 21:28:07,2026-05-07 21:28:07,,monthly,2022-06-06,0.00,12
125,29,2022-07-01,2022-08-01,12888.25,12888.25,Paid,2026-05-07 21:28:07,2026-05-07 21:28:07,,monthly,2022-07-06,0.00,12
126,29,2022-07-01,2022-07-01,-11119.75,-11119.75,Paid,2026-05-07 21:28:07,2026-05-07 21:28:07,,move_out,2022-07-16,0.00,12
127,245,2022-02-01,2022-03-01,13888.86,13888.86,Paid,2026-05-07 21:28:07,2026-05-07 21:28:07,,monthly,2022-02-06,0.00,41
128,245,2022-02-01,2022-02-01,-11455.14,-11455.14,Paid,2026-05-07 21:28:07,2026-05-07 21:28:07,,move_out,2022-02-16,0.00,41
129,43,2022-02-01,2022-03-01,21766.00,21766.00,Paid,2026-05-07 21:28:07,2026-05-07 21:28:07,,move_in,2022-02-01,0.00,16
130,43,2022-03-01,2022-04-01,12920.18,12920.18,Paid,2026-05-07 21:28:07,2026-05-07 21:28:07,,monthly,2022-03-06,0.00,16
131,43,2022-04-01,2022-05-01,13032.22,13032.22,Paid,2026-05-07 21:28:07,2026-05-07 21:28:07,,monthly,2022-04-06,0.00,16
132,43,2022-05-01,2022-06-01,12729.47,12729.47,Paid,2026-05-07 21:28:07,2026-05-07 21:28:07,,monthly,2022-05-06,0.00,16
133,43,2022-06-01,2022-07-01,12818.35,12818.35,Paid,2026-05-07 21:28:07,2026-05-07 21:28:07,,monthly,2022-06-06,0.00,16
134,43,2022-07-01,2022-08-01,13028.69,13028.69,Paid,2026-05-07 21:28:07,2026-05-07 21:28:07,,monthly,2022-07-06,0.00,16
135,43,2022-08-01,2022-09-01,12672.74,12672.74,Paid,2026-05-07 21:28:07,2026-05-07 21:28:07,,monthly,2022-08-06,0.00,16
136,43,2022-09-01,2022-10-01,12764.65,12764.65,Paid,2026-05-07 21:28:07,2026-05-07 21:28:07,,monthly,2022-09-06,0.00,16
137,43,2022-10-01,2022-11-01,12649.74,12649.74,Paid,2026-05-07 21:28:07,2026-05-07 21:28:07,,monthly,2022-10-06,0.00,16
138,43,2022-11-01,2022-12-01,13138.27,13138.27,Paid,2026-05-07 21:28:07,2026-05-07 21:28:07,,monthly,2022-11-06,0.00,16
139,43,2022-12-01,2023-01-01,12858.21,12858.21,Paid,2026-05-07 21:28:07,2026-05-07 21:28:07,,monthly,2022-12-06,0.00,16
140,43,2023-01-01,2023-02-01,13136.68,13136.68,Paid,2026-05-07 21:28:07,2026-05-07 21:28:07,,monthly,2023-01-06,0.00,16
141,43,2023-02-01,2023-03-01,12056.17,12056.17,Paid,2026-05-07 21:28:07,2026-05-07 21:28:07,,monthly,2023-02-06,0.00,16
142,43,2023-02-01,2023-02-01,-9709.83,-9709.83,Paid,2026-05-07 21:28:07,2026-05-07 21:28:07,,move_out,2023-02-16,0.00,16
143,246,2022-03-01,2022-04-01,15629.42,15629.42,Paid,2026-05-07 21:28:07,2026-05-07 21:28:07,,monthly,2022-03-06,0.00,41
144,246,2022-04-01,2022-05-01,15680.46,15680.46,Paid,2026-05-07 21:28:07,2026-05-07 21:28:07,,monthly,2022-04-06,0.00,41
145,246,2022-05-01,2022-06-01,13859.38,13859.38,Paid,2026-05-07 21:28:07,2026-05-07 21:28:07,,monthly,2022-05-06,0.00,41
146,246,2022-05-01,2022-05-01,-11484.62,-11484.62,Paid,2026-05-07 21:28:07,2026-05-07 21:28:07,,move_out,2022-05-16,0.00,41
147,183,2022-03-01,2022-04-01,13436.00,13436.00,Paid,2026-05-07 21:28:07,2026-05-07 21:28:07,,move_in,2022-03-01,0.00,24
148,183,2022-04-01,2022-05-01,8232.20,8232.20,Paid,2026-05-07 21:28:07,2026-05-07 21:28:07,,monthly,2022-04-06,0.00,24
149,183,2022-05-01,2022-06-01,8424.24,8424.24,Paid,2026-05-07 21:28:07,2026-05-07 21:28:07,,monthly,2022-05-06,0.00,24
150,183,2022-06-01,2022-07-01,8763.80,8763.80,Paid,2026-05-07 21:28:07,2026-05-07 21:28:07,,monthly,2022-06-06,0.00,24
151,183,2022-07-01,2022-08-01,9147.56,9147.56,Paid,2026-05-07 21:28:07,2026-05-07 21:28:07,,monthly,2022-07-06,0.00,24
152,183,2022-08-01,2022-09-01,9123.96,9123.96,Paid,2026-05-07 21:28:07,2026-05-07 21:28:07,,monthly,2022-08-06,0.00,24
153,183,2022-09-01,2022-10-01,7380.40,7380.40,Paid,2026-05-07 21:28:07,2026-05-07 21:28:07,,monthly,2022-09-06,0.00,24
154,183,2022-09-01,2022-09-01,-6055.60,-6055.60,Paid,2026-05-07 21:28:07,2026-05-07 21:28:07,,move_out,2022-09-16,0.00,24
155,282,2022-04-01,2022-05-01,8434.52,8434.52,Paid,2026-05-07 21:28:07,2026-05-07 21:28:07,,monthly,2022-04-06,0.00,2
156,282,2022-05-01,2022-06-01,8313.41,8313.41,Paid,2026-05-07 21:28:07,2026-05-07 21:28:07,,monthly,2022-05-06,0.00,2
157,282,2022-06-01,2022-07-01,8108.99,8108.99,Paid,2026-05-07 21:28:07,2026-05-07 21:28:07,,monthly,2022-06-06,0.00,2
158,282,2022-06-01,2022-06-01,-6237.01,-6237.01,Paid,2026-05-07 21:28:07,2026-05-07 21:28:07,,move_out,2022-06-16,0.00,2
159,129,2022-05-01,2022-06-01,8051.37,8051.37,Paid,2026-05-07 21:28:07,2026-05-07 21:28:07,,monthly,2022-05-06,0.00,19
160,129,2022-06-01,2022-07-01,7386.48,7386.48,Paid,2026-05-07 21:28:07,2026-05-07 21:28:07,,monthly,2022-06-06,0.00,19
161,129,2022-07-01,2022-08-01,8381.81,8381.81,Paid,2026-05-07 21:28:07,2026-05-07 21:28:07,,monthly,2022-07-06,0.00,19
162,129,2022-08-01,2022-09-01,7738.19,7738.19,Paid,2026-05-07 21:28:07,2026-05-07 21:28:07,,monthly,2022-08-06,0.00,19
163,129,2022-09-01,2022-10-01,7665.77,7665.77,Paid,2026-05-07 21:28:07,2026-05-07 21:28:07,,monthly,2022-09-06,0.00,19
164,129,2022-10-01,2022-11-01,6724.33,6724.33,Paid,2026-05-07 21:28:07,2026-05-07 21:28:07,,monthly,2022-10-06,0.00,19
165,129,2022-10-01,2022-10-01,-4665.67,-4665.67,Paid,2026-05-07 21:28:07,2026-05-07 21:28:07,,move_out,2022-10-16,0.00,19
166,208,2022-04-01,2022-05-01,18672.00,18672.00,Paid,2026-05-07 21:28:08,2026-05-07 21:28:08,,move_in,2022-04-01,0.00,40
167,208,2022-05-01,2022-06-01,11696.53,11696.53,Paid,2026-05-07 21:28:08,2026-05-07 21:28:08,,monthly,2022-05-06,0.00,40
168,208,2022-06-01,2022-07-01,11209.77,11209.77,Paid,2026-05-07 21:28:08,2026-05-07 21:28:08,,monthly,2022-06-06,0.00,40
169,208,2022-07-01,2022-08-01,11078.90,11078.90,Paid,2026-05-07 21:28:08,2026-05-07 21:28:08,,monthly,2022-07-06,0.00,40
170,208,2022-07-01,2022-07-01,-8093.10,-8093.10,Paid,2026-05-07 21:28:08,2026-05-07 21:28:08,,move_out,2022-07-16,0.00,40
171,293,2022-05-01,2022-06-01,14506.36,14506.36,Paid,2026-05-07 21:28:08,2026-05-07 21:28:08,,monthly,2022-05-06,0.00,7
172,293,2022-05-01,2022-05-01,-11619.64,-11619.64,Paid,2026-05-07 21:28:08,2026-05-07 21:28:08,,move_out,2022-05-16,0.00,7
173,72,2022-05-01,2022-06-01,13594.48,13594.48,Paid,2026-05-07 21:28:08,2026-05-07 21:28:08,,monthly,2022-05-06,0.00,35
174,72,2022-05-01,2022-05-01,-11497.52,-11497.52,Paid,2026-05-07 21:28:08,2026-05-07 21:28:08,,move_out,2022-05-16,0.00,35
175,141,2022-04-01,2022-05-01,14710.00,14710.00,Paid,2026-05-07 21:28:08,2026-05-07 21:28:08,,move_in,2022-04-01,0.00,20
176,141,2022-05-01,2022-06-01,8902.94,8902.94,Paid,2026-05-07 21:28:08,2026-05-07 21:28:08,,monthly,2022-05-06,0.00,20
177,141,2022-05-01,2022-05-01,-6307.06,-6307.06,Paid,2026-05-07 21:28:08,2026-05-07 21:28:08,,move_out,2022-05-16,0.00,20
178,142,2022-06-01,2022-07-01,8709.77,8709.77,Paid,2026-05-07 21:28:08,2026-05-07 21:28:08,,monthly,2022-06-06,0.00,20
179,142,2022-07-01,2022-08-01,9385.54,9385.54,Paid,2026-05-07 21:28:08,2026-05-07 21:28:08,,monthly,2022-07-06,0.00,20
180,142,2022-08-01,2022-09-01,8936.77,8936.77,Paid,2026-05-07 21:28:08,2026-05-07 21:28:08,,monthly,2022-08-06,0.00,20
181,142,2022-09-01,2022-10-01,9405.08,9405.08,Paid,2026-05-07 21:28:08,2026-05-07 21:28:08,,monthly,2022-09-06,0.00,20
182,142,2022-10-01,2022-11-01,9505.04,9505.04,Paid,2026-05-07 21:28:08,2026-05-07 21:28:08,,monthly,2022-10-06,0.00,20
183,142,2022-11-01,2022-12-01,9460.68,9460.68,Paid,2026-05-07 21:28:08,2026-05-07 21:28:08,,monthly,2022-11-06,0.00,20
184,142,2022-12-01,2023-01-01,8964.83,8964.83,Paid,2026-05-07 21:28:08,2026-05-07 21:28:08,,monthly,2022-12-06,0.00,20
185,142,2023-01-01,2023-02-01,9589.77,9589.77,Paid,2026-05-07 21:28:08,2026-05-07 21:28:08,,monthly,2023-01-06,0.00,20
186,142,2023-02-01,2023-03-01,8906.50,8906.50,Paid,2026-05-07 21:28:08,2026-05-07 21:28:08,,monthly,2023-02-06,0.00,20
187,142,2023-03-01,2023-04-01,8256.51,8256.51,Paid,2026-05-07 21:28:08,2026-05-07 21:28:08,,monthly,2023-03-06,0.00,20
188,142,2023-04-01,2023-05-01,8751.76,8751.76,Paid,2026-05-07 21:28:08,2026-05-07 21:28:08,,monthly,2023-04-06,0.00,20
189,142,2023-05-01,2023-06-01,7900.04,7900.04,Paid,2026-05-07 21:28:08,2026-05-07 21:28:08,,monthly,2023-05-06,0.00,20
190,142,2023-05-01,2023-05-01,-6809.96,-6809.96,Paid,2026-05-07 21:28:08,2026-05-07 21:28:08,,move_out,2023-05-16,0.00,20
191,247,2022-06-01,2022-07-01,14484.87,14484.87,Paid,2026-05-07 21:28:08,2026-05-07 21:28:08,,monthly,2022-06-06,0.00,41
192,247,2022-07-01,2022-08-01,14412.77,14412.77,Paid,2026-05-07 21:28:08,2026-05-07 21:28:08,,monthly,2022-07-06,0.00,41
193,247,2022-08-01,2022-09-01,13682.45,13682.45,Paid,2026-05-07 21:28:08,2026-05-07 21:28:08,,monthly,2022-08-06,0.00,41
194,247,2022-09-01,2022-10-01,14648.67,14648.67,Paid,2026-05-07 21:28:08,2026-05-07 21:28:08,,monthly,2022-09-06,0.00,41
195,247,2022-10-01,2022-11-01,14264.91,14264.91,Paid,2026-05-07 21:28:08,2026-05-07 21:28:08,,monthly,2022-10-06,0.00,41
196,247,2022-11-01,2022-12-01,14097.69,14097.69,Paid,2026-05-07 21:28:08,2026-05-07 21:28:08,,monthly,2022-11-06,0.00,41
197,247,2022-12-01,2023-01-01,14808.77,14808.77,Paid,2026-05-07 21:28:08,2026-05-07 21:28:08,,monthly,2022-12-06,0.00,41
198,247,2023-01-01,2023-02-01,13964.54,13964.54,Paid,2026-05-07 21:28:08,2026-05-07 21:28:08,,monthly,2023-01-06,0.00,41
199,247,2023-02-01,2023-03-01,14390.25,14390.25,Paid,2026-05-07 21:28:08,2026-05-07 21:28:08,,monthly,2023-02-06,0.00,41
200,247,2023-03-01,2023-04-01,13961.70,13961.70,Paid,2026-05-07 21:28:08,2026-05-07 21:28:08,,monthly,2023-03-06,0.00,41
201,247,2023-04-01,2023-05-01,14182.57,14182.57,Paid,2026-05-07 21:28:08,2026-05-07 21:28:08,,monthly,2023-04-06,0.00,41
202,247,2023-05-01,2023-06-01,13481.46,13481.46,Paid,2026-05-07 21:28:08,2026-05-07 21:28:08,,monthly,2023-05-06,0.00,41
203,247,2023-05-01,2023-05-01,-11362.54,-11362.54,Paid,2026-05-07 21:28:08,2026-05-07 21:28:08,,move_out,2023-05-16,0.00,41
204,270,2022-06-01,2022-07-01,14714.75,14714.75,Paid,2026-05-07 21:28:08,2026-05-07 21:28:08,,monthly,2022-06-06,0.00,38
205,270,2022-06-01,2022-06-01,-11443.25,-11443.25,Paid,2026-05-07 21:28:08,2026-05-07 21:28:08,,move_out,2022-06-16,0.00,38
206,294,2022-06-01,2022-07-01,15800.05,15800.05,Paid,2026-05-07 21:28:09,2026-05-07 21:28:09,,monthly,2022-06-06,0.00,7
207,294,2022-07-01,2022-08-01,15324.17,15324.17,Paid,2026-05-07 21:28:09,2026-05-07 21:28:09,,monthly,2022-07-06,0.00,7
208,294,2022-08-01,2022-09-01,14036.54,14036.54,Paid,2026-05-07 21:28:09,2026-05-07 21:28:09,,monthly,2022-08-06,0.00,7
209,294,2022-08-01,2022-08-01,-12089.46,-12089.46,Paid,2026-05-07 21:28:09,2026-05-07 21:28:09,,move_out,2022-08-16,0.00,7
210,150,2022-05-01,2022-06-01,21296.00,21296.00,Paid,2026-05-07 21:28:09,2026-05-07 21:28:09,,move_in,2022-05-01,0.00,9
211,150,2022-06-01,2022-07-01,12704.21,12704.21,Paid,2026-05-07 21:28:09,2026-05-07 21:28:09,,monthly,2022-06-06,0.00,9
212,150,2022-07-01,2022-08-01,12882.79,12882.79,Paid,2026-05-07 21:28:09,2026-05-07 21:28:09,,monthly,2022-07-06,0.00,9
213,150,2022-08-01,2022-09-01,12086.91,12086.91,Paid,2026-05-07 21:28:09,2026-05-07 21:28:09,,monthly,2022-08-06,0.00,9
214,150,2022-08-01,2022-08-01,-9709.09,-9709.09,Paid,2026-05-07 21:28:09,2026-05-07 21:28:09,,move_out,2022-08-16,0.00,9
215,73,2022-06-01,2022-07-01,13718.88,13718.88,Paid,2026-05-07 21:28:09,2026-05-07 21:28:09,,monthly,2022-06-06,0.00,35
216,73,2022-07-01,2022-08-01,13133.41,13133.41,Paid,2026-05-07 21:28:09,2026-05-07 21:28:09,,monthly,2022-07-06,0.00,35
217,73,2022-08-01,2022-09-01,13364.41,13364.41,Paid,2026-05-07 21:28:09,2026-05-07 21:28:09,,monthly,2022-08-06,0.00,35
218,73,2022-09-01,2022-10-01,13514.61,13514.61,Paid,2026-05-07 21:28:09,2026-05-07 21:28:09,,monthly,2022-09-06,0.00,35
219,73,2022-10-01,2022-11-01,13146.48,13146.48,Paid,2026-05-07 21:28:09,2026-05-07 21:28:09,,monthly,2022-10-06,0.00,35
220,73,2022-11-01,2022-12-01,13513.39,13513.39,Paid,2026-05-07 21:28:09,2026-05-07 21:28:09,,monthly,2022-11-06,0.00,35
221,73,2022-12-01,2023-01-01,13079.85,13079.85,Paid,2026-05-07 21:28:09,2026-05-07 21:28:09,,monthly,2022-12-06,0.00,35
222,73,2023-01-01,2023-02-01,13107.20,13107.20,Paid,2026-05-07 21:28:09,2026-05-07 21:28:09,,monthly,2023-01-06,0.00,35
223,73,2023-02-01,2023-03-01,13650.78,13650.78,Paid,2026-05-07 21:28:09,2026-05-07 21:28:09,,monthly,2023-02-06,0.00,35
224,73,2023-03-01,2023-04-01,13310.46,13310.46,Paid,2026-05-07 21:28:09,2026-05-07 21:28:09,,monthly,2023-03-06,0.00,35
225,73,2023-04-01,2023-05-01,13328.29,13328.29,Paid,2026-05-07 21:28:09,2026-05-07 21:28:09,,monthly,2023-04-06,0.00,35
226,73,2023-05-01,2023-06-01,13012.66,13012.66,Paid,2026-05-07 21:28:09,2026-05-07 21:28:09,,monthly,2023-05-06,0.00,35
227,73,2023-05-01,2023-05-01,-11579.34,-11579.34,Paid,2026-05-07 21:28:09,2026-05-07 21:28:09,,move_out,2023-05-16,0.00,35
228,116,2022-06-01,2022-07-01,8417.62,8417.62,Paid,2026-05-07 21:28:09,2026-05-07 21:28:09,,monthly,2022-06-06,0.00,36
229,116,2022-06-01,2022-06-01,-6256.38,-6256.38,Paid,2026-05-07 21:28:09,2026-05-07 21:28:09,,move_out,2022-06-16,0.00,36
230,117,2022-07-01,2022-08-01,9598.39,9598.39,Paid,2026-05-07 21:28:09,2026-05-07 21:28:09,,monthly,2022-07-06,0.00,36
231,117,2022-08-01,2022-09-01,10187.97,10187.97,Paid,2026-05-07 21:28:09,2026-05-07 21:28:09,,monthly,2022-08-06,0.00,36
232,117,2022-09-01,2022-10-01,8937.67,8937.67,Paid,2026-05-07 21:28:09,2026-05-07 21:28:09,,monthly,2022-09-06,0.00,36
233,117,2022-09-01,2022-09-01,-5736.33,-5736.33,Paid,2026-05-07 21:28:09,2026-05-07 21:28:09,,move_out,2022-09-16,0.00,36
234,271,2022-07-01,2022-08-01,14718.66,14718.66,Paid,2026-05-07 21:28:09,2026-05-07 21:28:09,,monthly,2022-07-06,0.00,38
235,271,2022-08-01,2022-09-01,15474.25,15474.25,Paid,2026-05-07 21:28:09,2026-05-07 21:28:09,,monthly,2022-08-06,0.00,38
236,271,2022-09-01,2022-10-01,15557.80,15557.80,Paid,2026-05-07 21:28:09,2026-05-07 21:28:09,,monthly,2022-09-06,0.00,38
237,271,2022-10-01,2022-11-01,14301.25,14301.25,Paid,2026-05-07 21:28:09,2026-05-07 21:28:09,,monthly,2022-10-06,0.00,38
238,271,2022-11-01,2022-12-01,15573.25,15573.25,Paid,2026-05-07 21:28:09,2026-05-07 21:28:09,,monthly,2022-11-06,0.00,38
239,271,2022-12-01,2023-01-01,15544.54,15544.54,Paid,2026-05-07 21:28:09,2026-05-07 21:28:09,,monthly,2022-12-06,0.00,38
240,271,2023-01-01,2023-02-01,15270.94,15270.94,Paid,2026-05-07 21:28:09,2026-05-07 21:28:09,,monthly,2023-01-06,0.00,38
241,271,2023-02-01,2023-03-01,14763.37,14763.37,Paid,2026-05-07 21:28:09,2026-05-07 21:28:09,,monthly,2023-02-06,0.00,38
242,271,2023-03-01,2023-04-01,15272.17,15272.17,Paid,2026-05-07 21:28:09,2026-05-07 21:28:09,,monthly,2023-03-06,0.00,38
243,271,2023-04-01,2023-05-01,14892.49,14892.49,Paid,2026-05-07 21:28:09,2026-05-07 21:28:09,,monthly,2023-04-06,0.00,38
244,271,2023-05-01,2023-06-01,14341.82,14341.82,Paid,2026-05-07 21:28:09,2026-05-07 21:28:09,,monthly,2023-05-06,0.00,38
245,271,2023-06-01,2023-07-01,13790.38,13790.38,Paid,2026-05-07 21:28:09,2026-05-07 21:28:09,,monthly,2023-06-06,0.00,38
246,271,2023-06-01,2023-06-01,-11867.62,-11867.62,Paid,2026-05-07 21:28:09,2026-05-07 21:28:09,,move_out,2023-06-16,0.00,38
247,283,2022-07-01,2022-08-01,8452.21,8452.21,Paid,2026-05-07 21:28:09,2026-05-07 21:28:09,,monthly,2022-07-06,0.00,2
248,283,2022-08-01,2022-09-01,8591.71,8591.71,Paid,2026-05-07 21:28:09,2026-05-07 21:28:09,,monthly,2022-08-06,0.00,2
249,283,2022-09-01,2022-10-01,8277.15,8277.15,Paid,2026-05-07 21:28:09,2026-05-07 21:28:09,,monthly,2022-09-06,0.00,2
250,283,2022-09-01,2022-09-01,-6068.85,-6068.85,Paid,2026-05-07 21:28:09,2026-05-07 21:28:09,,move_out,2022-09-16,0.00,2
251,30,2022-08-01,2022-09-01,14985.03,14985.03,Paid,2026-05-07 21:28:10,2026-05-07 21:28:10,,monthly,2022-08-06,0.00,12
252,30,2022-09-01,2022-10-01,14659.70,14659.70,Paid,2026-05-07 21:28:10,2026-05-07 21:28:10,,monthly,2022-09-06,0.00,12
253,30,2022-10-01,2022-11-01,13681.99,13681.99,Paid,2026-05-07 21:28:10,2026-05-07 21:28:10,,monthly,2022-10-06,0.00,12
254,30,2022-10-01,2022-10-01,-10826.01,-10826.01,Paid,2026-05-07 21:28:10,2026-05-07 21:28:10,,move_out,2022-10-16,0.00,12
255,209,2022-08-01,2022-09-01,11118.07,11118.07,Paid,2026-05-07 21:28:10,2026-05-07 21:28:10,,monthly,2022-08-06,0.00,40
256,209,2022-09-01,2022-10-01,11214.20,11214.20,Paid,2026-05-07 21:28:10,2026-05-07 21:28:10,,monthly,2022-09-06,0.00,40
257,209,2022-10-01,2022-11-01,11498.21,11498.21,Paid,2026-05-07 21:28:10,2026-05-07 21:28:10,,monthly,2022-10-06,0.00,40
258,209,2022-11-01,2022-12-01,11837.70,11837.70,Paid,2026-05-07 21:28:10,2026-05-07 21:28:10,,monthly,2022-11-06,0.00,40
259,209,2022-12-01,2023-01-01,12259.42,12259.42,Paid,2026-05-07 21:28:10,2026-05-07 21:28:10,,monthly,2022-12-06,0.00,40
260,209,2023-01-01,2023-02-01,10525.24,10525.24,Paid,2026-05-07 21:28:10,2026-05-07 21:28:10,,monthly,2023-01-06,0.00,40
261,209,2023-01-01,2023-01-01,-8146.76,-8146.76,Paid,2026-05-07 21:28:10,2026-05-07 21:28:10,,move_out,2023-01-16,0.00,40
262,151,2022-09-01,2022-10-01,13349.87,13349.87,Paid,2026-05-07 21:28:10,2026-05-07 21:28:10,,monthly,2022-09-06,0.00,9
263,151,2022-10-01,2022-11-01,13254.33,13254.33,Paid,2026-05-07 21:28:10,2026-05-07 21:28:10,,monthly,2022-10-06,0.00,9
264,151,2022-11-01,2022-12-01,12599.02,12599.02,Paid,2026-05-07 21:28:10,2026-05-07 21:28:10,,monthly,2022-11-06,0.00,9
265,151,2022-11-01,2022-11-01,-9196.98,-9196.98,Paid,2026-05-07 21:28:10,2026-05-07 21:28:10,,move_out,2022-11-16,0.00,9
266,295,2022-09-01,2022-10-01,15418.83,15418.83,Paid,2026-05-07 21:28:10,2026-05-07 21:28:10,,monthly,2022-09-06,0.00,7
267,295,2022-10-01,2022-11-01,15154.79,15154.79,Paid,2026-05-07 21:28:10,2026-05-07 21:28:10,,monthly,2022-10-06,0.00,7
268,295,2022-11-01,2022-12-01,14233.22,14233.22,Paid,2026-05-07 21:28:10,2026-05-07 21:28:10,,monthly,2022-11-06,0.00,7
269,295,2022-12-01,2023-01-01,14459.29,14459.29,Paid,2026-05-07 21:28:10,2026-05-07 21:28:10,,monthly,2022-12-06,0.00,7
270,295,2023-01-01,2023-02-01,15352.09,15352.09,Paid,2026-05-07 21:28:10,2026-05-07 21:28:10,,monthly,2023-01-06,0.00,7
271,295,2023-02-01,2023-03-01,14749.23,14749.23,Paid,2026-05-07 21:28:10,2026-05-07 21:28:10,,monthly,2023-02-06,0.00,7
272,295,2023-03-01,2023-04-01,14642.11,14642.11,Paid,2026-05-07 21:28:10,2026-05-07 21:28:10,,monthly,2023-03-06,0.00,7
273,295,2023-04-01,2023-05-01,14055.72,14055.72,Paid,2026-05-07 21:28:10,2026-05-07 21:28:10,,monthly,2023-04-06,0.00,7
274,295,2023-05-01,2023-06-01,14787.14,14787.14,Paid,2026-05-07 21:28:10,2026-05-07 21:28:10,,monthly,2023-05-06,0.00,7
275,295,2023-06-01,2023-07-01,14963.75,14963.75,Paid,2026-05-07 21:28:10,2026-05-07 21:28:10,,monthly,2023-06-06,0.00,7
276,295,2023-07-01,2023-08-01,15060.44,15060.44,Paid,2026-05-07 21:28:10,2026-05-07 21:28:10,,monthly,2023-07-06,0.00,7
277,295,2023-08-01,2023-09-01,14153.30,14153.30,Paid,2026-05-07 21:28:10,2026-05-07 21:28:10,,monthly,2023-08-06,0.00,7
278,295,2023-08-01,2023-08-01,-11472.70,-11472.70,Paid,2026-05-07 21:28:10,2026-05-07 21:28:10,,move_out,2023-08-16,0.00,7
279,118,2022-10-01,2022-11-01,9397.00,9397.00,Paid,2026-05-07 21:28:10,2026-05-07 21:28:10,,monthly,2022-10-06,0.00,36
280,118,2022-11-01,2022-12-01,9277.92,9277.92,Paid,2026-05-07 21:28:10,2026-05-07 21:28:10,,monthly,2022-11-06,0.00,36
281,118,2022-12-01,2023-01-01,8522.33,8522.33,Paid,2026-05-07 21:28:10,2026-05-07 21:28:10,,monthly,2022-12-06,0.00,36
282,118,2023-01-01,2023-02-01,9136.31,9136.31,Paid,2026-05-07 21:28:10,2026-05-07 21:28:10,,monthly,2023-01-06,0.00,36
283,118,2023-02-01,2023-03-01,9540.06,9540.06,Paid,2026-05-07 21:28:10,2026-05-07 21:28:10,,monthly,2023-02-06,0.00,36
284,118,2023-03-01,2023-04-01,8140.68,8140.68,Paid,2026-05-07 21:28:10,2026-05-07 21:28:10,,monthly,2023-03-06,0.00,36
285,118,2023-03-01,2023-03-01,-6033.32,-6033.32,Paid,2026-05-07 21:28:10,2026-05-07 21:28:10,,move_out,2023-03-16,0.00,36
286,184,2022-10-01,2022-11-01,9206.92,9206.92,Paid,2026-05-07 21:28:10,2026-05-07 21:28:10,,monthly,2022-10-06,0.00,24
287,184,2022-11-01,2022-12-01,9096.38,9096.38,Paid,2026-05-07 21:28:10,2026-05-07 21:28:10,,monthly,2022-11-06,0.00,24
288,184,2022-12-01,2023-01-01,9458.22,9458.22,Paid,2026-05-07 21:28:10,2026-05-07 21:28:10,,monthly,2022-12-06,0.00,24
289,184,2023-01-01,2023-02-01,8848.09,8848.09,Paid,2026-05-07 21:28:10,2026-05-07 21:28:10,,monthly,2023-01-06,0.00,24
290,184,2023-02-01,2023-03-01,9604.79,9604.79,Paid,2026-05-07 21:28:10,2026-05-07 21:28:10,,monthly,2023-02-06,0.00,24
291,184,2023-03-01,2023-04-01,7674.35,7674.35,Paid,2026-05-07 21:28:10,2026-05-07 21:28:10,,monthly,2023-03-06,0.00,24
292,184,2023-03-01,2023-03-01,-5761.65,-5761.65,Paid,2026-05-07 21:28:10,2026-05-07 21:28:10,,move_out,2023-03-16,0.00,24
293,284,2022-10-01,2022-11-01,7627.36,7627.36,Paid,2026-05-07 21:28:11,2026-05-07 21:28:11,,monthly,2022-10-06,0.00,2
294,284,2022-11-01,2022-12-01,7691.59,7691.59,Paid,2026-05-07 21:28:11,2026-05-07 21:28:11,,monthly,2022-11-06,0.00,2
295,284,2022-12-01,2023-01-01,8166.46,8166.46,Paid,2026-05-07 21:28:11,2026-05-07 21:28:11,,monthly,2022-12-06,0.00,2
296,284,2023-01-01,2023-02-01,8120.51,8120.51,Paid,2026-05-07 21:28:11,2026-05-07 21:28:11,,monthly,2023-01-06,0.00,2
297,284,2023-02-01,2023-03-01,7855.15,7855.15,Paid,2026-05-07 21:28:11,2026-05-07 21:28:11,,monthly,2023-02-06,0.00,2
298,284,2023-03-01,2023-04-01,7462.58,7462.58,Paid,2026-05-07 21:28:11,2026-05-07 21:28:11,,monthly,2023-03-06,0.00,2
299,284,2023-03-01,2023-03-01,-6383.42,-6383.42,Paid,2026-05-07 21:28:11,2026-05-07 21:28:11,,move_out,2023-03-16,0.00,2
300,130,2022-11-01,2022-12-01,7965.17,7965.17,Paid,2026-05-07 21:28:11,2026-05-07 21:28:11,,monthly,2022-11-06,0.00,19
301,130,2022-12-01,2023-01-01,8264.53,8264.53,Paid,2026-05-07 21:28:11,2026-05-07 21:28:11,,monthly,2022-12-06,0.00,19
302,130,2023-01-01,2023-02-01,6877.92,6877.92,Paid,2026-05-07 21:28:11,2026-05-07 21:28:11,,monthly,2023-01-06,0.00,19
303,130,2023-01-01,2023-01-01,-5012.08,-5012.08,Paid,2026-05-07 21:28:11,2026-05-07 21:28:11,,move_out,2023-01-16,0.00,19
304,224,2022-10-01,2022-11-01,18624.00,18624.00,Paid,2026-05-07 21:28:11,2026-05-07 21:28:11,,move_in,2022-10-01,0.00,22
305,224,2022-11-01,2022-12-01,11368.23,11368.23,Paid,2026-05-07 21:28:11,2026-05-07 21:28:11,,monthly,2022-11-06,0.00,22
306,224,2022-12-01,2023-01-01,11122.71,11122.71,Paid,2026-05-07 21:28:11,2026-05-07 21:28:11,,monthly,2022-12-06,0.00,22
307,224,2023-01-01,2023-02-01,10612.97,10612.97,Paid,2026-05-07 21:28:11,2026-05-07 21:28:11,,monthly,2023-01-06,0.00,22
308,224,2023-01-01,2023-01-01,-8511.03,-8511.03,Paid,2026-05-07 21:28:11,2026-05-07 21:28:11,,move_out,2023-01-16,0.00,22
309,160,2022-11-01,2022-12-01,7691.59,7691.59,Paid,2026-05-07 21:28:11,2026-05-07 21:28:11,,monthly,2022-11-06,0.00,17
310,160,2022-12-01,2023-01-01,8166.46,8166.46,Paid,2026-05-07 21:28:11,2026-05-07 21:28:11,,monthly,2022-12-06,0.00,17
311,160,2023-01-01,2023-02-01,8120.51,8120.51,Paid,2026-05-07 21:28:11,2026-05-07 21:28:11,,monthly,2023-01-06,0.00,17
312,160,2023-02-01,2023-03-01,7855.15,7855.15,Paid,2026-05-07 21:28:11,2026-05-07 21:28:11,,monthly,2023-02-06,0.00,17
313,160,2023-03-01,2023-04-01,7462.58,7462.58,Paid,2026-05-07 21:28:11,2026-05-07 21:28:11,,monthly,2023-03-06,0.00,17
314,160,2023-04-01,2023-05-01,7702.83,7702.83,Paid,2026-05-07 21:28:11,2026-05-07 21:28:11,,monthly,2023-04-06,0.00,17
315,160,2023-05-01,2023-06-01,7947.80,7947.80,Paid,2026-05-07 21:28:11,2026-05-07 21:28:11,,monthly,2023-05-06,0.00,17
316,160,2023-06-01,2023-07-01,7740.77,7740.77,Paid,2026-05-07 21:28:11,2026-05-07 21:28:11,,monthly,2023-06-06,0.00,17
317,160,2023-07-01,2023-08-01,8324.98,8324.98,Paid,2026-05-07 21:28:11,2026-05-07 21:28:11,,monthly,2023-07-06,0.00,17
318,160,2023-08-01,2023-09-01,7646.59,7646.59,Paid,2026-05-07 21:28:11,2026-05-07 21:28:11,,monthly,2023-08-06,0.00,17
319,160,2023-09-01,2023-10-01,7705.47,7705.47,Paid,2026-05-07 21:28:11,2026-05-07 21:28:11,,monthly,2023-09-06,0.00,17
320,160,2023-10-01,2023-11-01,7406.64,7406.64,Paid,2026-05-07 21:28:11,2026-05-07 21:28:11,,monthly,2023-10-06,0.00,17
321,160,2023-10-01,2023-10-01,-6439.36,-6439.36,Paid,2026-05-07 21:28:11,2026-05-07 21:28:11,,move_out,2023-10-16,0.00,17
322,31,2022-11-01,2022-12-01,14364.88,14364.88,Paid,2026-05-07 21:28:11,2026-05-07 21:28:11,,monthly,2022-11-06,0.00,12
323,31,2022-12-01,2023-01-01,13890.37,13890.37,Paid,2026-05-07 21:28:11,2026-05-07 21:28:11,,monthly,2022-12-06,0.00,12
324,31,2023-01-01,2023-02-01,14189.09,14189.09,Paid,2026-05-07 21:28:11,2026-05-07 21:28:11,,monthly,2023-01-06,0.00,12
325,31,2023-02-01,2023-03-01,14175.93,14175.93,Paid,2026-05-07 21:28:11,2026-05-07 21:28:11,,monthly,2023-02-06,0.00,12
326,31,2023-03-01,2023-04-01,14302.74,14302.74,Paid,2026-05-07 21:28:11,2026-05-07 21:28:11,,monthly,2023-03-06,0.00,12
327,31,2023-04-01,2023-05-01,14148.77,14148.77,Paid,2026-05-07 21:28:11,2026-05-07 21:28:11,,monthly,2023-04-06,0.00,12
328,31,2023-05-01,2023-06-01,14174.40,14174.40,Paid,2026-05-07 21:28:11,2026-05-07 21:28:11,,monthly,2023-05-06,0.00,12
329,31,2023-06-01,2023-07-01,14264.89,14264.89,Paid,2026-05-07 21:28:11,2026-05-07 21:28:11,,monthly,2023-06-06,0.00,12
330,31,2023-07-01,2023-08-01,14455.21,14455.21,Paid,2026-05-07 21:28:11,2026-05-07 21:28:11,,monthly,2023-07-06,0.00,12
331,31,2023-08-01,2023-09-01,13500.82,13500.82,Paid,2026-05-07 21:28:11,2026-05-07 21:28:11,,monthly,2023-08-06,0.00,12
332,31,2023-09-01,2023-10-01,13797.33,13797.33,Paid,2026-05-07 21:28:11,2026-05-07 21:28:11,,monthly,2023-09-06,0.00,12
333,31,2023-10-01,2023-11-01,12934.07,12934.07,Paid,2026-05-07 21:28:11,2026-05-07 21:28:11,,monthly,2023-10-06,0.00,12
334,31,2023-10-01,2023-10-01,-11073.93,-11073.93,Paid,2026-05-07 21:28:11,2026-05-07 21:28:11,,move_out,2023-10-16,0.00,12
335,152,2022-12-01,2023-01-01,13061.14,13061.14,Paid,2026-05-07 21:28:11,2026-05-07 21:28:11,,monthly,2022-12-06,0.00,9
336,152,2023-01-01,2023-02-01,13154.50,13154.50,Paid,2026-05-07 21:28:11,2026-05-07 21:28:11,,monthly,2023-01-06,0.00,9
337,152,2023-02-01,2023-03-01,12286.14,12286.14,Paid,2026-05-07 21:28:11,2026-05-07 21:28:11,,monthly,2023-02-06,0.00,9
338,152,2023-03-01,2023-04-01,13615.98,13615.98,Paid,2026-05-07 21:28:11,2026-05-07 21:28:11,,monthly,2023-03-06,0.00,9
339,152,2023-04-01,2023-05-01,12973.04,12973.04,Paid,2026-05-07 21:28:11,2026-05-07 21:28:11,,monthly,2023-04-06,0.00,9
340,152,2023-05-01,2023-06-01,11988.43,11988.43,Paid,2026-05-07 21:28:11,2026-05-07 21:28:11,,monthly,2023-05-06,0.00,9
341,152,2023-05-01,2023-05-01,-9307.57,-9307.57,Paid,2026-05-07 21:28:11,2026-05-07 21:28:11,,move_out,2023-05-16,0.00,9
342,61,2023-01-01,2023-02-01,13607.20,13607.20,Paid,2026-05-07 21:28:11,2026-05-07 21:28:11,,monthly,2023-01-06,0.00,33
343,61,2023-01-01,2023-01-01,-11484.80,-11484.80,Paid,2026-05-07 21:28:11,2026-05-07 21:28:11,,move_out,2023-01-16,0.00,33
344,62,2023-02-01,2023-03-01,13650.78,13650.78,Paid,2026-05-07 21:28:12,2026-05-07 21:28:12,,monthly,2023-02-06,0.00,33
345,62,2023-03-01,2023-04-01,13310.46,13310.46,Paid,2026-05-07 21:28:12,2026-05-07 21:28:12,,monthly,2023-03-06,0.00,33
346,62,2023-04-01,2023-05-01,13328.29,13328.29,Paid,2026-05-07 21:28:12,2026-05-07 21:28:12,,monthly,2023-04-06,0.00,33
347,62,2023-05-01,2023-06-01,13012.66,13012.66,Paid,2026-05-07 21:28:12,2026-05-07 21:28:12,,monthly,2023-05-06,0.00,33
348,62,2023-06-01,2023-07-01,13216.57,13216.57,Paid,2026-05-07 21:28:12,2026-05-07 21:28:12,,monthly,2023-06-06,0.00,33
349,62,2023-07-01,2023-08-01,12788.45,12788.45,Paid,2026-05-07 21:28:12,2026-05-07 21:28:12,,monthly,2023-07-06,0.00,33
350,62,2023-08-01,2023-09-01,13307.40,13307.40,Paid,2026-05-07 21:28:12,2026-05-07 21:28:12,,monthly,2023-08-06,0.00,33
351,62,2023-09-01,2023-10-01,13672.94,13672.94,Paid,2026-05-07 21:28:12,2026-05-07 21:28:12,,monthly,2023-09-06,0.00,33
352,62,2023-10-01,2023-11-01,13281.67,13281.67,Paid,2026-05-07 21:28:12,2026-05-07 21:28:12,,monthly,2023-10-06,0.00,33
353,62,2023-11-01,2023-12-01,13302.54,13302.54,Paid,2026-05-07 21:28:12,2026-05-07 21:28:12,,monthly,2023-11-06,0.00,33
354,62,2023-12-01,2024-01-01,13225.59,13225.59,Paid,2026-05-07 21:28:12,2026-05-07 21:28:12,,monthly,2023-12-06,0.00,33
355,62,2024-01-01,2024-02-01,12872.73,12872.73,Paid,2026-05-07 21:28:12,2026-05-07 21:28:12,,monthly,2024-01-06,0.00,33
356,62,2024-01-01,2024-01-01,-11719.27,-11719.27,Paid,2026-05-07 21:28:12,2026-05-07 21:28:12,,move_out,2024-01-16,0.00,33
357,131,2023-02-01,2023-03-01,7383.52,7383.52,Paid,2026-05-07 21:28:12,2026-05-07 21:28:12,,monthly,2023-02-06,0.00,19
358,131,2023-03-01,2023-04-01,7260.45,7260.45,Paid,2026-05-07 21:28:12,2026-05-07 21:28:12,,monthly,2023-03-06,0.00,19
359,131,2023-04-01,2023-05-01,7934.53,7934.53,Paid,2026-05-07 21:28:12,2026-05-07 21:28:12,,monthly,2023-04-06,0.00,19
360,131,2023-05-01,2023-06-01,7975.62,7975.62,Paid,2026-05-07 21:28:12,2026-05-07 21:28:12,,monthly,2023-05-06,0.00,19
361,131,2023-06-01,2023-07-01,7446.11,7446.11,Paid,2026-05-07 21:28:12,2026-05-07 21:28:12,,monthly,2023-06-06,0.00,19
362,131,2023-07-01,2023-08-01,6557.88,6557.88,Paid,2026-05-07 21:28:12,2026-05-07 21:28:12,,monthly,2023-07-06,0.00,19
363,131,2023-07-01,2023-07-01,-4832.12,-4832.12,Paid,2026-05-07 21:28:12,2026-05-07 21:28:12,,move_out,2023-07-16,0.00,19
364,210,2023-02-01,2023-03-01,11157.55,11157.55,Paid,2026-05-07 21:28:12,2026-05-07 21:28:12,,monthly,2023-02-06,0.00,40
365,210,2023-03-01,2023-04-01,10874.44,10874.44,Paid,2026-05-07 21:28:12,2026-05-07 21:28:12,,monthly,2023-03-06,0.00,40
366,210,2023-04-01,2023-05-01,11696.09,11696.09,Paid,2026-05-07 21:28:12,2026-05-07 21:28:12,,monthly,2023-04-06,0.00,40
367,210,2023-05-01,2023-06-01,11000.80,11000.80,Paid,2026-05-07 21:28:12,2026-05-07 21:28:12,,monthly,2023-05-06,0.00,40
368,210,2023-06-01,2023-07-01,12169.31,12169.31,Paid,2026-05-07 21:28:12,2026-05-07 21:28:12,,monthly,2023-06-06,0.00,40
369,210,2023-07-01,2023-08-01,10048.09,10048.09,Paid,2026-05-07 21:28:12,2026-05-07 21:28:12,,monthly,2023-07-06,0.00,40
370,210,2023-08-01,2023-09-01,10283.87,10283.87,Paid,2026-05-07 21:28:12,2026-05-07 21:28:12,,monthly,2023-08-06,0.00,40
371,210,2023-09-01,2023-10-01,10130.70,10130.70,Paid,2026-05-07 21:28:12,2026-05-07 21:28:12,,monthly,2023-09-06,0.00,40
372,210,2023-10-01,2023-11-01,10149.08,10149.08,Paid,2026-05-07 21:28:12,2026-05-07 21:28:12,,monthly,2023-10-06,0.00,40
373,210,2023-11-01,2023-12-01,10634.02,10634.02,Paid,2026-05-07 21:28:12,2026-05-07 21:28:12,,monthly,2023-11-06,0.00,40
374,210,2023-12-01,2024-01-01,10275.95,10275.95,Paid,2026-05-07 21:28:12,2026-05-07 21:28:12,,monthly,2023-12-06,0.00,40
375,210,2024-01-01,2024-02-01,9737.23,9737.23,Paid,2026-05-07 21:28:12,2026-05-07 21:28:12,,monthly,2024-01-06,0.00,40
376,210,2024-01-01,2024-01-01,-8934.77,-8934.77,Paid,2026-05-07 21:28:12,2026-05-07 21:28:12,,move_out,2024-01-16,0.00,40
377,225,2023-02-01,2023-03-01,11033.77,11033.77,Paid,2026-05-07 21:28:12,2026-05-07 21:28:12,,monthly,2023-02-06,0.00,22
378,225,2023-02-01,2023-02-01,-8090.23,-8090.23,Paid,2026-05-07 21:28:12,2026-05-07 21:28:12,,move_out,2023-02-16,0.00,22
379,86,2023-01-01,2023-02-01,27486.00,27486.00,Paid,2026-05-07 21:28:12,2026-05-07 21:28:12,,move_in,2023-01-01,0.00,23
380,86,2023-02-01,2023-03-01,16382.65,16382.65,Paid,2026-05-07 21:28:12,2026-05-07 21:28:12,,monthly,2023-02-06,0.00,23
381,86,2023-03-01,2023-04-01,16867.96,16867.96,Paid,2026-05-07 21:28:12,2026-05-07 21:28:12,,monthly,2023-03-06,0.00,23
382,86,2023-04-01,2023-05-01,15179.85,15179.85,Paid,2026-05-07 21:28:12,2026-05-07 21:28:12,,monthly,2023-04-06,0.00,23
383,86,2023-04-01,2023-04-01,-12806.15,-12806.15,Paid,2026-05-07 21:28:12,2026-05-07 21:28:12,,move_out,2023-04-16,0.00,23
384,44,2023-03-01,2023-04-01,13916.18,13916.18,Paid,2026-05-07 21:28:12,2026-05-07 21:28:12,,monthly,2023-03-06,0.00,16
385,44,2023-04-01,2023-05-01,13315.70,13315.70,Paid,2026-05-07 21:28:12,2026-05-07 21:28:12,,monthly,2023-04-06,0.00,16
386,44,2023-05-01,2023-06-01,12121.23,12121.23,Paid,2026-05-07 21:28:12,2026-05-07 21:28:12,,monthly,2023-05-06,0.00,16
387,44,2023-05-01,2023-05-01,-10144.77,-10144.77,Paid,2026-05-07 21:28:12,2026-05-07 21:28:12,,move_out,2023-05-16,0.00,16
388,226,2023-03-01,2023-04-01,10766.52,10766.52,Paid,2026-05-07 21:28:12,2026-05-07 21:28:12,,monthly,2023-03-06,0.00,22
389,226,2023-03-01,2023-03-01,-8357.48,-8357.48,Paid,2026-05-07 21:28:12,2026-05-07 21:28:12,,move_out,2023-03-16,0.00,22
390,185,2023-04-01,2023-05-01,8288.49,8288.49,Paid,2026-05-07 21:28:13,2026-05-07 21:28:13,,monthly,2023-04-06,0.00,24
391,185,2023-04-01,2023-04-01,-5647.51,-5647.51,Paid,2026-05-07 21:28:13,2026-05-07 21:28:13,,move_out,2023-04-16,0.00,24
392,17,2023-03-01,2023-04-01,22084.00,22084.00,Paid,2026-05-07 21:28:13,2026-05-07 21:28:13,,move_in,2023-03-01,0.00,10
393,17,2023-04-01,2023-05-01,13147.97,13147.97,Paid,2026-05-07 21:28:13,2026-05-07 21:28:13,,monthly,2023-04-06,0.00,10
394,17,2023-05-01,2023-06-01,12846.37,12846.37,Paid,2026-05-07 21:28:13,2026-05-07 21:28:13,,monthly,2023-05-06,0.00,10
395,17,2023-06-01,2023-07-01,13673.15,13673.15,Paid,2026-05-07 21:28:13,2026-05-07 21:28:13,,monthly,2023-06-06,0.00,10
396,17,2023-07-01,2023-08-01,13210.40,13210.40,Paid,2026-05-07 21:28:13,2026-05-07 21:28:13,,monthly,2023-07-06,0.00,10
397,17,2023-08-01,2023-09-01,12521.42,12521.42,Paid,2026-05-07 21:28:13,2026-05-07 21:28:13,,monthly,2023-08-06,0.00,10
398,17,2023-09-01,2023-10-01,13587.97,13587.97,Paid,2026-05-07 21:28:13,2026-05-07 21:28:13,,monthly,2023-09-06,0.00,10
399,17,2023-10-01,2023-11-01,13142.92,13142.92,Paid,2026-05-07 21:28:13,2026-05-07 21:28:13,,monthly,2023-10-06,0.00,10
400,17,2023-11-01,2023-12-01,12690.99,12690.99,Paid,2026-05-07 21:28:13,2026-05-07 21:28:13,,monthly,2023-11-06,0.00,10
401,17,2023-12-01,2024-01-01,13552.16,13552.16,Paid,2026-05-07 21:28:13,2026-05-07 21:28:13,,monthly,2023-12-06,0.00,10
402,17,2024-01-01,2024-02-01,13020.67,13020.67,Paid,2026-05-07 21:28:13,2026-05-07 21:28:13,,monthly,2024-01-06,0.00,10
403,17,2024-02-01,2024-03-01,12856.23,12856.23,Paid,2026-05-07 21:28:13,2026-05-07 21:28:13,,monthly,2024-02-06,0.00,10
404,17,2024-03-01,2024-04-01,12332.72,12332.72,Paid,2026-05-07 21:28:13,2026-05-07 21:28:13,,monthly,2024-03-06,0.00,10
405,17,2024-03-01,2024-03-01,-9751.28,-9751.28,Paid,2026-05-07 21:28:13,2026-05-07 21:28:13,,move_out,2024-03-16,0.00,10
406,193,2023-03-01,2023-04-01,20350.00,20350.00,Paid,2026-05-07 21:28:13,2026-05-07 21:28:13,,move_in,2023-03-01,0.00,11
407,193,2023-04-01,2023-05-01,12525.13,12525.13,Paid,2026-05-07 21:28:13,2026-05-07 21:28:13,,monthly,2023-04-06,0.00,11
408,193,2023-05-01,2023-06-01,12652.62,12652.62,Paid,2026-05-07 21:28:13,2026-05-07 21:28:13,,monthly,2023-05-06,0.00,11
409,193,2023-06-01,2023-07-01,12916.51,12916.51,Paid,2026-05-07 21:28:13,2026-05-07 21:28:13,,monthly,2023-06-06,0.00,11
410,193,2023-07-01,2023-08-01,12015.75,12015.75,Paid,2026-05-07 21:28:13,2026-05-07 21:28:13,,monthly,2023-07-06,0.00,11
411,193,2023-08-01,2023-09-01,12091.40,12091.40,Paid,2026-05-07 21:28:13,2026-05-07 21:28:13,,monthly,2023-08-06,0.00,11
412,193,2023-09-01,2023-10-01,11057.45,11057.45,Paid,2026-05-07 21:28:13,2026-05-07 21:28:13,,monthly,2023-09-06,0.00,11
413,193,2023-09-01,2023-09-01,-9292.55,-9292.55,Paid,2026-05-07 21:28:13,2026-05-07 21:28:13,,move_out,2023-09-16,0.00,11
414,202,2023-03-01,2023-04-01,14710.00,14710.00,Paid,2026-05-07 21:28:13,2026-05-07 21:28:13,,move_in,2023-03-01,0.00,31
415,202,2023-04-01,2023-05-01,8751.76,8751.76,Paid,2026-05-07 21:28:13,2026-05-07 21:28:13,,monthly,2023-04-06,0.00,31
416,202,2023-05-01,2023-06-01,7900.04,7900.04,Paid,2026-05-07 21:28:13,2026-05-07 21:28:13,,monthly,2023-05-06,0.00,31
417,202,2023-06-01,2023-07-01,8104.62,8104.62,Paid,2026-05-07 21:28:13,2026-05-07 21:28:13,,monthly,2023-06-06,0.00,31
418,202,2023-07-01,2023-08-01,8151.09,8151.09,Paid,2026-05-07 21:28:13,2026-05-07 21:28:13,,monthly,2023-07-06,0.00,31
419,202,2023-08-01,2023-09-01,8058.25,8058.25,Paid,2026-05-07 21:28:13,2026-05-07 21:28:13,,monthly,2023-08-06,0.00,31
420,202,2023-09-01,2023-10-01,8680.40,8680.40,Paid,2026-05-07 21:28:13,2026-05-07 21:28:13,,monthly,2023-09-06,0.00,31
421,202,2023-10-01,2023-11-01,8397.09,8397.09,Paid,2026-05-07 21:28:13,2026-05-07 21:28:13,,monthly,2023-10-06,0.00,31
422,202,2023-11-01,2023-12-01,8571.63,8571.63,Paid,2026-05-07 21:28:13,2026-05-07 21:28:13,,monthly,2023-11-06,0.00,31
423,202,2023-12-01,2024-01-01,7964.44,7964.44,Paid,2026-05-07 21:28:13,2026-05-07 21:28:13,,monthly,2023-12-06,0.00,31
424,202,2024-01-01,2024-02-01,8505.07,8505.07,Paid,2026-05-07 21:28:13,2026-05-07 21:28:13,,monthly,2024-01-06,0.00,31
425,202,2024-02-01,2024-03-01,8248.77,8248.77,Paid,2026-05-07 21:28:13,2026-05-07 21:28:13,,monthly,2024-02-06,0.00,31
426,202,2024-03-01,2024-04-01,7974.42,7974.42,Paid,2026-05-07 21:28:13,2026-05-07 21:28:13,,monthly,2024-03-06,0.00,31
427,202,2024-03-01,2024-03-01,-6735.58,-6735.58,Paid,2026-05-07 21:28:13,2026-05-07 21:28:13,,move_out,2024-03-16,0.00,31
428,119,2023-04-01,2023-05-01,10414.12,10414.12,Paid,2026-05-07 21:28:13,2026-05-07 21:28:13,,monthly,2023-04-06,0.00,36
429,119,2023-05-01,2023-06-01,10150.19,10150.19,Paid,2026-05-07 21:28:13,2026-05-07 21:28:13,,monthly,2023-05-06,0.00,36
430,119,2023-06-01,2023-07-01,8792.91,8792.91,Paid,2026-05-07 21:28:13,2026-05-07 21:28:13,,monthly,2023-06-06,0.00,36
431,119,2023-06-01,2023-06-01,-5881.09,-5881.09,Paid,2026-05-07 21:28:13,2026-05-07 21:28:13,,move_out,2023-06-16,0.00,36
432,285,2023-04-01,2023-05-01,8202.83,8202.83,Paid,2026-05-07 21:28:13,2026-05-07 21:28:13,,monthly,2023-04-06,0.00,2
433,285,2023-04-01,2023-04-01,-6143.17,-6143.17,Paid,2026-05-07 21:28:13,2026-05-07 21:28:13,,move_out,2023-04-16,0.00,2
434,227,2023-04-01,2023-05-01,11138.69,11138.69,Paid,2026-05-07 21:28:13,2026-05-07 21:28:13,,monthly,2023-04-06,0.00,22
435,227,2023-05-01,2023-06-01,11300.50,11300.50,Paid,2026-05-07 21:28:13,2026-05-07 21:28:13,,monthly,2023-05-06,0.00,22
436,227,2023-06-01,2023-07-01,11137.83,11137.83,Paid,2026-05-07 21:28:13,2026-05-07 21:28:13,,monthly,2023-06-06,0.00,22
437,227,2023-06-01,2023-06-01,-7986.17,-7986.17,Paid,2026-05-07 21:28:13,2026-05-07 21:28:13,,move_out,2023-06-16,0.00,22
438,87,2023-05-01,2023-06-01,15855.30,15855.30,Paid,2026-05-07 21:28:14,2026-05-07 21:28:14,,monthly,2023-05-06,0.00,23
439,87,2023-06-01,2023-07-01,16122.07,16122.07,Paid,2026-05-07 21:28:14,2026-05-07 21:28:14,,monthly,2023-06-06,0.00,23
440,87,2023-07-01,2023-08-01,14667.65,14667.65,Paid,2026-05-07 21:28:14,2026-05-07 21:28:14,,monthly,2023-07-06,0.00,23
441,87,2023-08-01,2023-09-01,14877.00,14877.00,Paid,2026-05-07 21:28:14,2026-05-07 21:28:14,,monthly,2023-08-06,0.00,23
442,87,2023-09-01,2023-10-01,14592.32,14592.32,Paid,2026-05-07 21:28:14,2026-05-07 21:28:14,,monthly,2023-09-06,0.00,23
443,87,2023-10-01,2023-11-01,14816.91,14816.91,Paid,2026-05-07 21:28:14,2026-05-07 21:28:14,,monthly,2023-10-06,0.00,23
444,87,2023-11-01,2023-12-01,14905.43,14905.43,Paid,2026-05-07 21:28:14,2026-05-07 21:28:14,,monthly,2023-11-06,0.00,23
445,87,2023-12-01,2024-01-01,14919.06,14919.06,Paid,2026-05-07 21:28:14,2026-05-07 21:28:14,,monthly,2023-12-06,0.00,23
446,87,2024-01-01,2024-02-01,14570.46,14570.46,Paid,2026-05-07 21:28:14,2026-05-07 21:28:14,,monthly,2024-01-06,0.00,23
447,87,2024-02-01,2024-03-01,14483.36,14483.36,Paid,2026-05-07 21:28:14,2026-05-07 21:28:14,,monthly,2024-02-06,0.00,23
448,87,2024-03-01,2024-04-01,14633.47,14633.47,Paid,2026-05-07 21:28:14,2026-05-07 21:28:14,,monthly,2024-03-06,0.00,23
449,87,2024-04-01,2024-05-01,14377.05,14377.05,Paid,2026-05-07 21:28:14,2026-05-07 21:28:14,,monthly,2024-04-06,0.00,23
450,87,2024-04-01,2024-04-01,-13108.95,-13108.95,Paid,2026-05-07 21:28:14,2026-05-07 21:28:14,,move_out,2024-04-16,0.00,23
451,286,2023-05-01,2023-06-01,7947.80,7947.80,Paid,2026-05-07 21:28:14,2026-05-07 21:28:14,,monthly,2023-05-06,0.00,2
452,286,2023-06-01,2023-07-01,7740.77,7740.77,Paid,2026-05-07 21:28:14,2026-05-07 21:28:14,,monthly,2023-06-06,0.00,2
453,286,2023-07-01,2023-08-01,8324.98,8324.98,Paid,2026-05-07 21:28:14,2026-05-07 21:28:14,,monthly,2023-07-06,0.00,2
454,286,2023-08-01,2023-09-01,7646.59,7646.59,Paid,2026-05-07 21:28:14,2026-05-07 21:28:14,,monthly,2023-08-06,0.00,2
455,286,2023-09-01,2023-10-01,7705.47,7705.47,Paid,2026-05-07 21:28:14,2026-05-07 21:28:14,,monthly,2023-09-06,0.00,2
456,286,2023-10-01,2023-11-01,7406.64,7406.64,Paid,2026-05-07 21:28:14,2026-05-07 21:28:14,,monthly,2023-10-06,0.00,2
457,286,2023-10-01,2023-10-01,-6439.36,-6439.36,Paid,2026-05-07 21:28:14,2026-05-07 21:28:14,,move_out,2023-10-16,0.00,2
458,186,2023-05-01,2023-06-01,8400.83,8400.83,Paid,2026-05-07 21:28:14,2026-05-07 21:28:14,,monthly,2023-05-06,0.00,24
459,186,2023-06-01,2023-07-01,8800.39,8800.39,Paid,2026-05-07 21:28:14,2026-05-07 21:28:14,,monthly,2023-06-06,0.00,24
460,186,2023-07-01,2023-08-01,9066.34,9066.34,Paid,2026-05-07 21:28:14,2026-05-07 21:28:14,,monthly,2023-07-06,0.00,24
461,186,2023-08-01,2023-09-01,9297.40,9297.40,Paid,2026-05-07 21:28:14,2026-05-07 21:28:14,,monthly,2023-08-06,0.00,24
462,186,2023-09-01,2023-10-01,8933.02,8933.02,Paid,2026-05-07 21:28:14,2026-05-07 21:28:14,,monthly,2023-09-06,0.00,24
463,186,2023-10-01,2023-11-01,9474.96,9474.96,Paid,2026-05-07 21:28:14,2026-05-07 21:28:14,,monthly,2023-10-06,0.00,24
464,186,2023-11-01,2023-12-01,8905.84,8905.84,Paid,2026-05-07 21:28:14,2026-05-07 21:28:14,,monthly,2023-11-06,0.00,24
465,186,2023-12-01,2024-01-01,8503.58,8503.58,Paid,2026-05-07 21:28:14,2026-05-07 21:28:14,,monthly,2023-12-06,0.00,24
466,186,2024-01-01,2024-02-01,8445.81,8445.81,Paid,2026-05-07 21:28:14,2026-05-07 21:28:14,,monthly,2024-01-06,0.00,24
467,186,2024-02-01,2024-03-01,8420.82,8420.82,Paid,2026-05-07 21:28:14,2026-05-07 21:28:14,,monthly,2024-02-06,0.00,24
468,186,2024-03-01,2024-04-01,8395.58,8395.58,Paid,2026-05-07 21:28:14,2026-05-07 21:28:14,,monthly,2024-03-06,0.00,24
469,186,2024-04-01,2024-05-01,7587.91,7587.91,Paid,2026-05-07 21:28:14,2026-05-07 21:28:14,,monthly,2024-04-06,0.00,24
470,186,2024-04-01,2024-04-01,-5848.09,-5848.09,Paid,2026-05-07 21:28:14,2026-05-07 21:28:14,,move_out,2024-04-16,0.00,24
471,248,2023-06-01,2023-07-01,13813.20,13813.20,Paid,2026-05-07 21:28:14,2026-05-07 21:28:14,,monthly,2023-06-06,0.00,41
472,248,2023-06-01,2023-06-01,-11530.80,-11530.80,Paid,2026-05-07 21:28:14,2026-05-07 21:28:14,,move_out,2023-06-16,0.00,41
473,45,2023-06-01,2023-07-01,12183.04,12183.04,Paid,2026-05-07 21:28:14,2026-05-07 21:28:14,,monthly,2023-06-06,0.00,16
474,45,2023-06-01,2023-06-01,-10082.96,-10082.96,Paid,2026-05-07 21:28:14,2026-05-07 21:28:14,,move_out,2023-06-16,0.00,16
475,74,2023-06-01,2023-07-01,13716.57,13716.57,Paid,2026-05-07 21:28:15,2026-05-07 21:28:15,,monthly,2023-06-06,0.00,35
476,74,2023-06-01,2023-06-01,-11375.43,-11375.43,Paid,2026-05-07 21:28:15,2026-05-07 21:28:15,,move_out,2023-06-16,0.00,35
477,97,2023-05-01,2023-06-01,12656.00,12656.00,Paid,2026-05-07 21:28:15,2026-05-07 21:28:15,,move_in,2023-05-01,0.00,15
478,97,2023-06-01,2023-07-01,8047.50,8047.50,Paid,2026-05-07 21:28:15,2026-05-07 21:28:15,,monthly,2023-06-06,0.00,15
479,97,2023-07-01,2023-08-01,8820.87,8820.87,Paid,2026-05-07 21:28:15,2026-05-07 21:28:15,,monthly,2023-07-06,0.00,15
480,97,2023-08-01,2023-09-01,8161.62,8161.62,Paid,2026-05-07 21:28:15,2026-05-07 21:28:15,,monthly,2023-08-06,0.00,15
481,97,2023-09-01,2023-10-01,7801.74,7801.74,Paid,2026-05-07 21:28:15,2026-05-07 21:28:15,,monthly,2023-09-06,0.00,15
482,97,2023-10-01,2023-11-01,8393.52,8393.52,Paid,2026-05-07 21:28:15,2026-05-07 21:28:15,,monthly,2023-10-06,0.00,15
483,97,2023-11-01,2023-12-01,6944.97,6944.97,Paid,2026-05-07 21:28:15,2026-05-07 21:28:15,,monthly,2023-11-06,0.00,15
484,97,2023-11-01,2023-11-01,-5711.03,-5711.03,Paid,2026-05-07 21:28:15,2026-05-07 21:28:15,,move_out,2023-11-16,0.00,15
485,143,2023-06-01,2023-07-01,8604.62,8604.62,Paid,2026-05-07 21:28:15,2026-05-07 21:28:15,,monthly,2023-06-06,0.00,20
486,143,2023-06-01,2023-06-01,-6605.38,-6605.38,Paid,2026-05-07 21:28:15,2026-05-07 21:28:15,,move_out,2023-06-16,0.00,20
487,153,2023-06-01,2023-07-01,12864.93,12864.93,Paid,2026-05-07 21:28:15,2026-05-07 21:28:15,,monthly,2023-06-06,0.00,9
488,153,2023-07-01,2023-08-01,12541.11,12541.11,Paid,2026-05-07 21:28:15,2026-05-07 21:28:15,,monthly,2023-07-06,0.00,9
489,153,2023-08-01,2023-09-01,12057.57,12057.57,Paid,2026-05-07 21:28:15,2026-05-07 21:28:15,,monthly,2023-08-06,0.00,9
490,153,2023-09-01,2023-10-01,13471.59,13471.59,Paid,2026-05-07 21:28:15,2026-05-07 21:28:15,,monthly,2023-09-06,0.00,9
491,153,2023-10-01,2023-11-01,12700.27,12700.27,Paid,2026-05-07 21:28:15,2026-05-07 21:28:15,,monthly,2023-10-06,0.00,9
492,153,2023-11-01,2023-12-01,11444.48,11444.48,Paid,2026-05-07 21:28:15,2026-05-07 21:28:15,,monthly,2023-11-06,0.00,9
493,153,2023-11-01,2023-11-01,-9851.52,-9851.52,Paid,2026-05-07 21:28:15,2026-05-07 21:28:15,,move_out,2023-11-16,0.00,9
494,120,2023-07-01,2023-08-01,9745.78,9745.78,Paid,2026-05-07 21:28:15,2026-05-07 21:28:15,,monthly,2023-07-06,0.00,36
495,120,2023-08-01,2023-09-01,9389.36,9389.36,Paid,2026-05-07 21:28:15,2026-05-07 21:28:15,,monthly,2023-08-06,0.00,36
496,120,2023-09-01,2023-10-01,9742.73,9742.73,Paid,2026-05-07 21:28:15,2026-05-07 21:28:15,,monthly,2023-09-06,0.00,36
497,120,2023-10-01,2023-11-01,8996.50,8996.50,Paid,2026-05-07 21:28:15,2026-05-07 21:28:15,,monthly,2023-10-06,0.00,36
498,120,2023-11-01,2023-12-01,8911.23,8911.23,Paid,2026-05-07 21:28:15,2026-05-07 21:28:15,,monthly,2023-11-06,0.00,36
499,120,2023-12-01,2024-01-01,8136.45,8136.45,Paid,2026-05-07 21:28:15,2026-05-07 21:28:15,,monthly,2023-12-06,0.00,36
500,120,2023-12-01,2023-12-01,-6037.55,-6037.55,Paid,2026-05-07 21:28:15,2026-05-07 21:28:15,,move_out,2023-12-16,0.00,36
501,272,2023-07-01,2023-08-01,15475.69,15475.69,Paid,2026-05-07 21:28:15,2026-05-07 21:28:15,,monthly,2023-07-06,0.00,38
502,272,2023-08-01,2023-09-01,15407.22,15407.22,Paid,2026-05-07 21:28:15,2026-05-07 21:28:15,,monthly,2023-08-06,0.00,38
503,272,2023-09-01,2023-10-01,14501.66,14501.66,Paid,2026-05-07 21:28:15,2026-05-07 21:28:15,,monthly,2023-09-06,0.00,38
504,272,2023-09-01,2023-09-01,-11656.34,-11656.34,Paid,2026-05-07 21:28:15,2026-05-07 21:28:15,,move_out,2023-09-16,0.00,38
505,46,2023-07-01,2023-08-01,13812.48,13812.48,Paid,2026-05-07 21:28:15,2026-05-07 21:28:15,,monthly,2023-07-06,0.00,16
506,46,2023-08-01,2023-09-01,13875.22,13875.22,Paid,2026-05-07 21:28:15,2026-05-07 21:28:15,,monthly,2023-08-06,0.00,16
507,46,2023-09-01,2023-10-01,12769.46,12769.46,Paid,2026-05-07 21:28:15,2026-05-07 21:28:15,,monthly,2023-09-06,0.00,16
508,46,2023-09-01,2023-09-01,-9496.54,-9496.54,Paid,2026-05-07 21:28:15,2026-05-07 21:28:15,,move_out,2023-09-16,0.00,16
509,75,2023-07-01,2023-08-01,13288.45,13288.45,Paid,2026-05-07 21:28:16,2026-05-07 21:28:16,,monthly,2023-07-06,0.00,35
510,75,2023-07-01,2023-07-01,-11803.55,-11803.55,Paid,2026-05-07 21:28:16,2026-05-07 21:28:16,,move_out,2023-07-16,0.00,35
511,228,2023-07-01,2023-08-01,11138.33,11138.33,Paid,2026-05-07 21:28:16,2026-05-07 21:28:16,,monthly,2023-07-06,0.00,22
512,228,2023-08-01,2023-09-01,11582.31,11582.31,Paid,2026-05-07 21:28:16,2026-05-07 21:28:16,,monthly,2023-08-06,0.00,22
513,228,2023-09-01,2023-10-01,10671.96,10671.96,Paid,2026-05-07 21:28:16,2026-05-07 21:28:16,,monthly,2023-09-06,0.00,22
514,228,2023-10-01,2023-11-01,11604.84,11604.84,Paid,2026-05-07 21:28:16,2026-05-07 21:28:16,,monthly,2023-10-06,0.00,22
515,228,2023-11-01,2023-12-01,10613.70,10613.70,Paid,2026-05-07 21:28:16,2026-05-07 21:28:16,,monthly,2023-11-06,0.00,22
516,228,2023-12-01,2024-01-01,11578.24,11578.24,Paid,2026-05-07 21:28:16,2026-05-07 21:28:16,,monthly,2023-12-06,0.00,22
517,228,2024-01-01,2024-02-01,11191.30,11191.30,Paid,2026-05-07 21:28:16,2026-05-07 21:28:16,,monthly,2024-01-06,0.00,22
518,228,2024-02-01,2024-03-01,11731.46,11731.46,Paid,2026-05-07 21:28:16,2026-05-07 21:28:16,,monthly,2024-02-06,0.00,22
519,228,2024-03-01,2024-04-01,11817.04,11817.04,Paid,2026-05-07 21:28:16,2026-05-07 21:28:16,,monthly,2024-03-06,0.00,22
520,228,2024-04-01,2024-05-01,11314.66,11314.66,Paid,2026-05-07 21:28:16,2026-05-07 21:28:16,,monthly,2024-04-06,0.00,22
521,228,2024-05-01,2024-06-01,11775.91,11775.91,Paid,2026-05-07 21:28:16,2026-05-07 21:28:16,,monthly,2024-05-06,0.00,22
522,228,2024-06-01,2024-07-01,10498.35,10498.35,Paid,2026-05-07 21:28:16,2026-05-07 21:28:16,,monthly,2024-06-06,0.00,22
523,228,2024-06-01,2024-06-01,-8125.65,-8125.65,Paid,2026-05-07 21:28:16,2026-05-07 21:28:16,,move_out,2024-06-16,0.00,22
524,249,2023-07-01,2023-08-01,14856.61,14856.61,Paid,2026-05-07 21:28:16,2026-05-07 21:28:16,,monthly,2023-07-06,0.00,41
525,249,2023-08-01,2023-09-01,14478.48,14478.48,Paid,2026-05-07 21:28:16,2026-05-07 21:28:16,,monthly,2023-08-06,0.00,41
526,249,2023-09-01,2023-10-01,15165.42,15165.42,Paid,2026-05-07 21:28:16,2026-05-07 21:28:16,,monthly,2023-09-06,0.00,41
527,249,2023-10-01,2023-11-01,14494.88,14494.88,Paid,2026-05-07 21:28:16,2026-05-07 21:28:16,,monthly,2023-10-06,0.00,41
528,249,2023-11-01,2023-12-01,14283.84,14283.84,Paid,2026-05-07 21:28:16,2026-05-07 21:28:16,,monthly,2023-11-06,0.00,41
529,249,2023-12-01,2024-01-01,13843.73,13843.73,Paid,2026-05-07 21:28:16,2026-05-07 21:28:16,,monthly,2023-12-06,0.00,41
530,249,2023-12-01,2023-12-01,-11000.27,-11000.27,Paid,2026-05-07 21:28:16,2026-05-07 21:28:16,,move_out,2023-12-16,0.00,41
531,144,2023-07-01,2023-08-01,8151.09,8151.09,Paid,2026-05-07 21:28:16,2026-05-07 21:28:16,,monthly,2023-07-06,0.00,20
532,144,2023-08-01,2023-09-01,8058.25,8058.25,Paid,2026-05-07 21:28:16,2026-05-07 21:28:16,,monthly,2023-08-06,0.00,20
533,144,2023-09-01,2023-10-01,8680.40,8680.40,Paid,2026-05-07 21:28:16,2026-05-07 21:28:16,,monthly,2023-09-06,0.00,20
534,144,2023-10-01,2023-11-01,8397.09,8397.09,Paid,2026-05-07 21:28:16,2026-05-07 21:28:16,,monthly,2023-10-06,0.00,20
535,144,2023-11-01,2023-12-01,8571.63,8571.63,Paid,2026-05-07 21:28:16,2026-05-07 21:28:16,,monthly,2023-11-06,0.00,20
536,144,2023-12-01,2024-01-01,7964.44,7964.44,Paid,2026-05-07 21:28:16,2026-05-07 21:28:16,,monthly,2023-12-06,0.00,20
537,144,2023-12-01,2023-12-01,-6745.56,-6745.56,Paid,2026-05-07 21:28:16,2026-05-07 21:28:16,,move_out,2023-12-16,0.00,20
538,132,2023-08-01,2023-09-01,7899.21,7899.21,Paid,2026-05-07 21:28:16,2026-05-07 21:28:16,,monthly,2023-08-06,0.00,19
539,132,2023-09-01,2023-10-01,8275.41,8275.41,Paid,2026-05-07 21:28:16,2026-05-07 21:28:16,,monthly,2023-09-06,0.00,19
540,132,2023-10-01,2023-11-01,7560.52,7560.52,Paid,2026-05-07 21:28:16,2026-05-07 21:28:16,,monthly,2023-10-06,0.00,19
541,132,2023-11-01,2023-12-01,7248.56,7248.56,Paid,2026-05-07 21:28:16,2026-05-07 21:28:16,,monthly,2023-11-06,0.00,19
542,132,2023-12-01,2024-01-01,8186.04,8186.04,Paid,2026-05-07 21:28:16,2026-05-07 21:28:16,,monthly,2023-12-06,0.00,19
543,132,2024-01-01,2024-02-01,7431.92,7431.92,Paid,2026-05-07 21:28:16,2026-05-07 21:28:16,,monthly,2024-01-06,0.00,19
544,132,2024-02-01,2024-03-01,7820.33,7820.33,Paid,2026-05-07 21:28:16,2026-05-07 21:28:16,,monthly,2024-02-06,0.00,19
545,132,2024-03-01,2024-04-01,7284.81,7284.81,Paid,2026-05-07 21:28:16,2026-05-07 21:28:16,,monthly,2024-03-06,0.00,19
546,132,2024-04-01,2024-05-01,7304.78,7304.78,Paid,2026-05-07 21:28:16,2026-05-07 21:28:16,,monthly,2024-04-06,0.00,19
547,132,2024-05-01,2024-06-01,7976.08,7976.08,Paid,2026-05-07 21:28:16,2026-05-07 21:28:16,,monthly,2024-05-06,0.00,19
548,132,2024-06-01,2024-07-01,7658.60,7658.60,Paid,2026-05-07 21:28:16,2026-05-07 21:28:16,,monthly,2024-06-06,0.00,19
549,132,2024-07-01,2024-08-01,7004.05,7004.05,Paid,2026-05-07 21:28:16,2026-05-07 21:28:16,,monthly,2024-07-06,0.00,19
550,132,2024-07-01,2024-07-01,-4385.95,-4385.95,Paid,2026-05-07 21:28:16,2026-05-07 21:28:16,,move_out,2024-07-16,0.00,19
551,53,2023-07-01,2023-08-01,18672.00,18672.00,Paid,2026-05-07 21:28:16,2026-05-07 21:28:16,,move_in,2023-07-01,0.00,18
552,53,2023-08-01,2023-09-01,10783.87,10783.87,Paid,2026-05-07 21:28:17,2026-05-07 21:28:17,,monthly,2023-08-06,0.00,18
553,53,2023-09-01,2023-10-01,10630.70,10630.70,Paid,2026-05-07 21:28:17,2026-05-07 21:28:17,,monthly,2023-09-06,0.00,18
554,53,2023-10-01,2023-11-01,10649.08,10649.08,Paid,2026-05-07 21:28:17,2026-05-07 21:28:17,,monthly,2023-10-06,0.00,18
555,53,2023-10-01,2023-10-01,-8522.92,-8522.92,Paid,2026-05-07 21:28:17,2026-05-07 21:28:17,,move_out,2023-10-16,0.00,18
556,76,2023-08-01,2023-09-01,13307.40,13307.40,Paid,2026-05-07 21:28:17,2026-05-07 21:28:17,,monthly,2023-08-06,0.00,35
557,76,2023-09-01,2023-10-01,13672.94,13672.94,Paid,2026-05-07 21:28:17,2026-05-07 21:28:17,,monthly,2023-09-06,0.00,35
558,76,2023-10-01,2023-11-01,13281.67,13281.67,Paid,2026-05-07 21:28:17,2026-05-07 21:28:17,,monthly,2023-10-06,0.00,35
559,76,2023-11-01,2023-12-01,13302.54,13302.54,Paid,2026-05-07 21:28:17,2026-05-07 21:28:17,,monthly,2023-11-06,0.00,35
560,76,2023-12-01,2024-01-01,13225.59,13225.59,Paid,2026-05-07 21:28:17,2026-05-07 21:28:17,,monthly,2023-12-06,0.00,35
561,76,2024-01-01,2024-02-01,12872.73,12872.73,Paid,2026-05-07 21:28:17,2026-05-07 21:28:17,,monthly,2024-01-06,0.00,35
562,76,2024-01-01,2024-01-01,-11719.27,-11719.27,Paid,2026-05-07 21:28:17,2026-05-07 21:28:17,,move_out,2024-01-16,0.00,35
563,180,2023-07-01,2023-08-01,27486.00,27486.00,Paid,2026-05-07 21:28:17,2026-05-07 21:28:17,,move_in,2023-07-01,0.00,37
564,180,2023-08-01,2023-09-01,14877.00,14877.00,Paid,2026-05-07 21:28:17,2026-05-07 21:28:17,,monthly,2023-08-06,0.00,37
565,180,2023-09-01,2023-10-01,14592.32,14592.32,Paid,2026-05-07 21:28:17,2026-05-07 21:28:17,,monthly,2023-09-06,0.00,37
566,180,2023-10-01,2023-11-01,14816.91,14816.91,Paid,2026-05-07 21:28:17,2026-05-07 21:28:17,,monthly,2023-10-06,0.00,37
567,180,2023-11-01,2023-12-01,14905.43,14905.43,Paid,2026-05-07 21:28:17,2026-05-07 21:28:17,,monthly,2023-11-06,0.00,37
568,180,2023-12-01,2024-01-01,14919.06,14919.06,Paid,2026-05-07 21:28:17,2026-05-07 21:28:17,,monthly,2023-12-06,0.00,37
569,180,2024-01-01,2024-02-01,14570.46,14570.46,Paid,2026-05-07 21:28:17,2026-05-07 21:28:17,,monthly,2024-01-06,0.00,37
570,180,2024-02-01,2024-03-01,14483.36,14483.36,Paid,2026-05-07 21:28:17,2026-05-07 21:28:17,,monthly,2024-02-06,0.00,37
571,180,2024-03-01,2024-04-01,14633.47,14633.47,Paid,2026-05-07 21:28:17,2026-05-07 21:28:17,,monthly,2024-03-06,0.00,37
572,180,2024-04-01,2024-05-01,14377.05,14377.05,Paid,2026-05-07 21:28:17,2026-05-07 21:28:17,,monthly,2024-04-06,0.00,37
573,180,2024-05-01,2024-06-01,14558.02,14558.02,Paid,2026-05-07 21:28:17,2026-05-07 21:28:17,,monthly,2024-05-06,0.00,37
574,180,2024-06-01,2024-07-01,14658.06,14658.06,Paid,2026-05-07 21:28:17,2026-05-07 21:28:17,,monthly,2024-06-06,0.00,37
575,180,2024-07-01,2024-08-01,14295.78,14295.78,Paid,2026-05-07 21:28:17,2026-05-07 21:28:17,,monthly,2024-07-06,0.00,37
576,180,2024-07-01,2024-07-01,-13190.22,-13190.22,Paid,2026-05-07 21:28:17,2026-05-07 21:28:17,,move_out,2024-07-16,0.00,37
577,296,2023-09-01,2023-10-01,14164.06,14164.06,Paid,2026-05-07 21:28:17,2026-05-07 21:28:17,,monthly,2023-09-06,0.00,7
578,296,2023-09-01,2023-09-01,-11961.94,-11961.94,Paid,2026-05-07 21:28:17,2026-05-07 21:28:17,,move_out,2023-09-16,0.00,7
579,297,2023-10-01,2023-11-01,14597.28,14597.28,Paid,2026-05-07 21:28:17,2026-05-07 21:28:17,,monthly,2023-10-06,0.00,7
580,297,2023-11-01,2023-12-01,15844.08,15844.08,Paid,2026-05-07 21:28:17,2026-05-07 21:28:17,,monthly,2023-11-06,0.00,7
581,297,2023-12-01,2024-01-01,14289.95,14289.95,Paid,2026-05-07 21:28:17,2026-05-07 21:28:17,,monthly,2023-12-06,0.00,7
582,297,2023-12-01,2023-12-01,-11836.05,-11836.05,Paid,2026-05-07 21:28:17,2026-05-07 21:28:17,,move_out,2023-12-16,0.00,7
583,194,2023-10-01,2023-11-01,11680.82,11680.82,Paid,2026-05-07 21:28:17,2026-05-07 21:28:17,,monthly,2023-10-06,0.00,11
584,194,2023-10-01,2023-10-01,-9169.18,-9169.18,Paid,2026-05-07 21:28:17,2026-05-07 21:28:17,,move_out,2023-10-16,0.00,11
585,92,2023-09-01,2023-10-01,24302.00,24302.00,Paid,2026-05-07 21:28:18,2026-05-07 21:28:18,,move_in,2023-09-01,0.00,25
586,92,2023-10-01,2023-11-01,13579.58,13579.58,Paid,2026-05-07 21:28:18,2026-05-07 21:28:18,,monthly,2023-10-06,0.00,25
587,92,2023-10-01,2023-10-01,-11222.42,-11222.42,Paid,2026-05-07 21:28:18,2026-05-07 21:28:18,,move_out,2023-10-16,0.00,25
588,47,2023-10-01,2023-11-01,12981.62,12981.62,Paid,2026-05-07 21:28:18,2026-05-07 21:28:18,,monthly,2023-10-06,0.00,16
589,47,2023-11-01,2023-12-01,13194.49,13194.49,Paid,2026-05-07 21:28:18,2026-05-07 21:28:18,,monthly,2023-11-06,0.00,16
590,47,2023-12-01,2024-01-01,12168.62,12168.62,Paid,2026-05-07 21:28:18,2026-05-07 21:28:18,,monthly,2023-12-06,0.00,16
591,47,2023-12-01,2023-12-01,-10097.38,-10097.38,Paid,2026-05-07 21:28:18,2026-05-07 21:28:18,,move_out,2023-12-16,0.00,16
592,273,2023-10-01,2023-11-01,15331.39,15331.39,Paid,2026-05-07 21:28:18,2026-05-07 21:28:18,,monthly,2023-10-06,0.00,38
593,273,2023-11-01,2023-12-01,14143.72,14143.72,Paid,2026-05-07 21:28:18,2026-05-07 21:28:18,,monthly,2023-11-06,0.00,38
594,273,2023-12-01,2024-01-01,14450.57,14450.57,Paid,2026-05-07 21:28:18,2026-05-07 21:28:18,,monthly,2023-12-06,0.00,38
595,273,2024-01-01,2024-02-01,14517.90,14517.90,Paid,2026-05-07 21:28:18,2026-05-07 21:28:18,,monthly,2024-01-06,0.00,38
596,273,2024-02-01,2024-03-01,15248.53,15248.53,Paid,2026-05-07 21:28:18,2026-05-07 21:28:18,,monthly,2024-02-06,0.00,38
597,273,2024-03-01,2024-04-01,14488.17,14488.17,Paid,2026-05-07 21:28:18,2026-05-07 21:28:18,,monthly,2024-03-06,0.00,38
598,273,2024-04-01,2024-05-01,14920.03,14920.03,Paid,2026-05-07 21:28:18,2026-05-07 21:28:18,,monthly,2024-04-06,0.00,38
599,273,2024-05-01,2024-06-01,13872.90,13872.90,Paid,2026-05-07 21:28:18,2026-05-07 21:28:18,,monthly,2024-05-06,0.00,38
600,273,2024-06-01,2024-07-01,13345.47,13345.47,Paid,2026-05-07 21:28:18,2026-05-07 21:28:18,,monthly,2024-06-06,0.00,38
601,273,2024-07-01,2024-08-01,14218.39,14218.39,Paid,2026-05-07 21:28:18,2026-05-07 21:28:18,,monthly,2024-07-06,0.00,38
602,273,2024-08-01,2024-09-01,13448.06,13448.06,Paid,2026-05-07 21:28:18,2026-05-07 21:28:18,,monthly,2024-08-06,0.00,38
603,273,2024-09-01,2024-10-01,13262.03,13262.03,Paid,2026-05-07 21:28:18,2026-05-07 21:28:18,,monthly,2024-09-06,0.00,38
604,273,2024-09-01,2024-09-01,-12395.97,-12395.97,Paid,2026-05-07 21:28:18,2026-05-07 21:28:18,,move_out,2024-09-16,0.00,38
605,161,2023-11-01,2023-12-01,8134.08,8134.08,Paid,2026-05-07 21:28:18,2026-05-07 21:28:18,,monthly,2023-11-06,0.00,17
606,161,2023-11-01,2023-11-01,-6211.92,-6211.92,Paid,2026-05-07 21:28:18,2026-05-07 21:28:18,,move_out,2023-11-16,0.00,17
607,287,2023-11-01,2023-12-01,7634.08,7634.08,Paid,2026-05-07 21:28:18,2026-05-07 21:28:18,,monthly,2023-11-06,0.00,2
608,287,2023-12-01,2024-01-01,7677.56,7677.56,Paid,2026-05-07 21:28:18,2026-05-07 21:28:18,,monthly,2023-12-06,0.00,2
609,287,2024-01-01,2024-02-01,7591.17,7591.17,Paid,2026-05-07 21:28:18,2026-05-07 21:28:18,,monthly,2024-01-06,0.00,2
610,287,2024-02-01,2024-03-01,7721.88,7721.88,Paid,2026-05-07 21:28:18,2026-05-07 21:28:18,,monthly,2024-02-06,0.00,2
611,287,2024-03-01,2024-04-01,7900.71,7900.71,Paid,2026-05-07 21:28:18,2026-05-07 21:28:18,,monthly,2024-03-06,0.00,2
612,287,2024-04-01,2024-05-01,8139.14,8139.14,Paid,2026-05-07 21:28:18,2026-05-07 21:28:18,,monthly,2024-04-06,0.00,2
613,287,2024-05-01,2024-06-01,8016.01,8016.01,Paid,2026-05-07 21:28:18,2026-05-07 21:28:18,,monthly,2024-05-06,0.00,2
614,287,2024-06-01,2024-07-01,8067.20,8067.20,Paid,2026-05-07 21:28:18,2026-05-07 21:28:18,,monthly,2024-06-06,0.00,2
615,287,2024-07-01,2024-08-01,7895.69,7895.69,Paid,2026-05-07 21:28:18,2026-05-07 21:28:18,,monthly,2024-07-06,0.00,2
616,287,2024-08-01,2024-09-01,7557.43,7557.43,Paid,2026-05-07 21:28:18,2026-05-07 21:28:18,,monthly,2024-08-06,0.00,2
617,287,2024-09-01,2024-10-01,7807.59,7807.59,Paid,2026-05-07 21:28:18,2026-05-07 21:28:18,,monthly,2024-09-06,0.00,2
618,287,2024-10-01,2024-11-01,7631.65,7631.65,Paid,2026-05-07 21:28:18,2026-05-07 21:28:18,,monthly,2024-10-06,0.00,2
619,287,2024-10-01,2024-10-01,-6214.35,-6214.35,Paid,2026-05-07 21:28:18,2026-05-07 21:28:18,,move_out,2024-10-16,0.00,2
620,195,2023-11-01,2023-12-01,11398.38,11398.38,Paid,2026-05-07 21:28:18,2026-05-07 21:28:18,,monthly,2023-11-06,0.00,11
621,195,2023-11-01,2023-11-01,-9451.62,-9451.62,Paid,2026-05-07 21:28:18,2026-05-07 21:28:18,,move_out,2023-11-16,0.00,11
622,32,2023-11-01,2023-12-01,14338.39,14338.39,Paid,2026-05-07 21:28:19,2026-05-07 21:28:19,,monthly,2023-11-06,0.00,12
623,32,2023-12-01,2024-01-01,14190.02,14190.02,Paid,2026-05-07 21:28:19,2026-05-07 21:28:19,,monthly,2023-12-06,0.00,12
624,32,2024-01-01,2024-02-01,13542.99,13542.99,Paid,2026-05-07 21:28:19,2026-05-07 21:28:19,,monthly,2024-01-06,0.00,12
625,32,2024-02-01,2024-03-01,14355.52,14355.52,Paid,2026-05-07 21:28:19,2026-05-07 21:28:19,,monthly,2024-02-06,0.00,12
626,32,2024-03-01,2024-04-01,13521.17,13521.17,Paid,2026-05-07 21:28:19,2026-05-07 21:28:19,,monthly,2024-03-06,0.00,12
627,32,2024-04-01,2024-05-01,13303.39,13303.39,Paid,2026-05-07 21:28:19,2026-05-07 21:28:19,,monthly,2024-04-06,0.00,12
628,32,2024-04-01,2024-04-01,-10704.61,-10704.61,Paid,2026-05-07 21:28:19,2026-05-07 21:28:19,,move_out,2024-04-16,0.00,12
629,54,2023-11-01,2023-12-01,10634.02,10634.02,Paid,2026-05-07 21:28:19,2026-05-07 21:28:19,,monthly,2023-11-06,0.00,18
630,54,2023-12-01,2024-01-01,10275.95,10275.95,Paid,2026-05-07 21:28:19,2026-05-07 21:28:19,,monthly,2023-12-06,0.00,18
631,54,2024-01-01,2024-02-01,9737.23,9737.23,Paid,2026-05-07 21:28:19,2026-05-07 21:28:19,,monthly,2024-01-06,0.00,18
632,54,2024-02-01,2024-03-01,10073.99,10073.99,Paid,2026-05-07 21:28:19,2026-05-07 21:28:19,,monthly,2024-02-06,0.00,18
633,54,2024-03-01,2024-04-01,10081.48,10081.48,Paid,2026-05-07 21:28:19,2026-05-07 21:28:19,,monthly,2024-03-06,0.00,18
634,54,2024-04-01,2024-05-01,9948.72,9948.72,Paid,2026-05-07 21:28:19,2026-05-07 21:28:19,,monthly,2024-04-06,0.00,18
635,54,2024-05-01,2024-06-01,10033.12,10033.12,Paid,2026-05-07 21:28:19,2026-05-07 21:28:19,,monthly,2024-05-06,0.00,18
636,54,2024-06-01,2024-07-01,9903.80,9903.80,Paid,2026-05-07 21:28:19,2026-05-07 21:28:19,,monthly,2024-06-06,0.00,18
637,54,2024-07-01,2024-08-01,9871.60,9871.60,Paid,2026-05-07 21:28:19,2026-05-07 21:28:19,,monthly,2024-07-06,0.00,18
638,54,2024-08-01,2024-09-01,9924.01,9924.01,Paid,2026-05-07 21:28:19,2026-05-07 21:28:19,,monthly,2024-08-06,0.00,18
639,54,2024-09-01,2024-10-01,10053.93,10053.93,Paid,2026-05-07 21:28:19,2026-05-07 21:28:19,,monthly,2024-09-06,0.00,18
640,54,2024-10-01,2024-11-01,9588.56,9588.56,Paid,2026-05-07 21:28:19,2026-05-07 21:28:19,,monthly,2024-10-06,0.00,18
641,54,2024-10-01,2024-10-01,-9083.44,-9083.44,Paid,2026-05-07 21:28:19,2026-05-07 21:28:19,,move_out,2024-10-16,0.00,18
642,93,2023-11-01,2023-12-01,14817.80,14817.80,Paid,2026-05-07 21:28:19,2026-05-07 21:28:19,,monthly,2023-11-06,0.00,25
643,93,2023-12-01,2024-01-01,14542.12,14542.12,Paid,2026-05-07 21:28:19,2026-05-07 21:28:19,,monthly,2023-12-06,0.00,25
644,93,2024-01-01,2024-02-01,13928.25,13928.25,Paid,2026-05-07 21:28:19,2026-05-07 21:28:19,,monthly,2024-01-06,0.00,25
645,93,2024-02-01,2024-03-01,13701.18,13701.18,Paid,2026-05-07 21:28:19,2026-05-07 21:28:19,,monthly,2024-02-06,0.00,25
646,93,2024-03-01,2024-04-01,13846.02,13846.02,Paid,2026-05-07 21:28:19,2026-05-07 21:28:19,,monthly,2024-03-06,0.00,25
647,93,2024-04-01,2024-05-01,13513.80,13513.80,Paid,2026-05-07 21:28:19,2026-05-07 21:28:19,,monthly,2024-04-06,0.00,25
648,93,2024-04-01,2024-04-01,-10788.20,-10788.20,Paid,2026-05-07 21:28:19,2026-05-07 21:28:19,,move_out,2024-04-16,0.00,25
649,98,2023-12-01,2024-01-01,7864.72,7864.72,Paid,2026-05-07 21:28:19,2026-05-07 21:28:19,,monthly,2023-12-06,0.00,15
650,98,2024-01-01,2024-02-01,8715.86,8715.86,Paid,2026-05-07 21:28:19,2026-05-07 21:28:19,,monthly,2024-01-06,0.00,15
651,98,2024-02-01,2024-03-01,8227.98,8227.98,Paid,2026-05-07 21:28:19,2026-05-07 21:28:19,,monthly,2024-02-06,0.00,15
652,98,2024-03-01,2024-04-01,9123.15,9123.15,Paid,2026-05-07 21:28:19,2026-05-07 21:28:19,,monthly,2024-03-06,0.00,15
653,98,2024-04-01,2024-05-01,8621.89,8621.89,Paid,2026-05-07 21:28:19,2026-05-07 21:28:19,,monthly,2024-04-06,0.00,15
654,98,2024-05-01,2024-06-01,7592.88,7592.88,Paid,2026-05-07 21:28:19,2026-05-07 21:28:19,,monthly,2024-05-06,0.00,15
655,98,2024-05-01,2024-05-01,-5063.12,-5063.12,Paid,2026-05-07 21:28:19,2026-05-07 21:28:19,,move_out,2024-05-16,0.00,15
656,154,2023-12-01,2024-01-01,12715.77,12715.77,Paid,2026-05-07 21:28:19,2026-05-07 21:28:19,,monthly,2023-12-06,0.00,9
657,154,2024-01-01,2024-02-01,12947.24,12947.24,Paid,2026-05-07 21:28:19,2026-05-07 21:28:19,,monthly,2024-01-06,0.00,9
658,154,2024-02-01,2024-03-01,12190.25,12190.25,Paid,2026-05-07 21:28:19,2026-05-07 21:28:19,,monthly,2024-02-06,0.00,9
659,154,2024-02-01,2024-02-01,-9605.75,-9605.75,Paid,2026-05-07 21:28:19,2026-05-07 21:28:19,,move_out,2024-02-16,0.00,9
660,162,2023-12-01,2024-01-01,7677.56,7677.56,Paid,2026-05-07 21:28:19,2026-05-07 21:28:19,,monthly,2023-12-06,0.00,17
661,162,2024-01-01,2024-02-01,7591.17,7591.17,Paid,2026-05-07 21:28:19,2026-05-07 21:28:19,,monthly,2024-01-06,0.00,17
662,162,2024-02-01,2024-03-01,7721.88,7721.88,Paid,2026-05-07 21:28:19,2026-05-07 21:28:19,,monthly,2024-02-06,0.00,17
663,162,2024-03-01,2024-04-01,7900.71,7900.71,Paid,2026-05-07 21:28:19,2026-05-07 21:28:19,,monthly,2024-03-06,0.00,17
664,162,2024-04-01,2024-05-01,8139.14,8139.14,Paid,2026-05-07 21:28:19,2026-05-07 21:28:19,,monthly,2024-04-06,0.00,17
665,162,2024-05-01,2024-06-01,8016.01,8016.01,Paid,2026-05-07 21:28:19,2026-05-07 21:28:19,,monthly,2024-05-06,0.00,17
666,162,2024-06-01,2024-07-01,8067.20,8067.20,Paid,2026-05-07 21:28:19,2026-05-07 21:28:19,,monthly,2024-06-06,0.00,17
667,162,2024-07-01,2024-08-01,7895.69,7895.69,Paid,2026-05-07 21:28:19,2026-05-07 21:28:19,,monthly,2024-07-06,0.00,17
668,162,2024-08-01,2024-09-01,7557.43,7557.43,Paid,2026-05-07 21:28:19,2026-05-07 21:28:19,,monthly,2024-08-06,0.00,17
669,162,2024-09-01,2024-10-01,7807.59,7807.59,Paid,2026-05-07 21:28:19,2026-05-07 21:28:19,,monthly,2024-09-06,0.00,17
670,162,2024-10-01,2024-11-01,7631.65,7631.65,Paid,2026-05-07 21:28:19,2026-05-07 21:28:19,,monthly,2024-10-06,0.00,17
671,162,2024-11-01,2024-12-01,7363.47,7363.47,Paid,2026-05-07 21:28:19,2026-05-07 21:28:19,,monthly,2024-11-06,0.00,17
672,162,2024-11-01,2024-11-01,-6482.53,-6482.53,Paid,2026-05-07 21:28:19,2026-05-07 21:28:19,,move_out,2024-11-16,0.00,17
673,196,2023-12-01,2024-01-01,12317.98,12317.98,Paid,2026-05-07 21:28:20,2026-05-07 21:28:20,,monthly,2023-12-06,0.00,11
674,196,2024-01-01,2024-02-01,13655.70,13655.70,Paid,2026-05-07 21:28:20,2026-05-07 21:28:20,,monthly,2024-01-06,0.00,11
675,196,2024-02-01,2024-03-01,11560.79,11560.79,Paid,2026-05-07 21:28:20,2026-05-07 21:28:20,,monthly,2024-02-06,0.00,11
676,196,2024-02-01,2024-02-01,-9289.21,-9289.21,Paid,2026-05-07 21:28:20,2026-05-07 21:28:20,,move_out,2024-02-16,0.00,11
677,298,2024-01-01,2024-02-01,15060.08,15060.08,Paid,2026-05-07 21:28:20,2026-05-07 21:28:20,,monthly,2024-01-06,0.00,7
678,298,2024-02-01,2024-03-01,15610.31,15610.31,Paid,2026-05-07 21:28:20,2026-05-07 21:28:20,,monthly,2024-02-06,0.00,7
679,298,2024-03-01,2024-04-01,14694.61,14694.61,Paid,2026-05-07 21:28:20,2026-05-07 21:28:20,,monthly,2024-03-06,0.00,7
680,298,2024-03-01,2024-03-01,-11431.39,-11431.39,Paid,2026-05-07 21:28:20,2026-05-07 21:28:20,,move_out,2024-03-16,0.00,7
681,121,2024-01-01,2024-02-01,8921.45,8921.45,Paid,2026-05-07 21:28:20,2026-05-07 21:28:20,,monthly,2024-01-06,0.00,36
682,121,2024-02-01,2024-03-01,9322.58,9322.58,Paid,2026-05-07 21:28:20,2026-05-07 21:28:20,,monthly,2024-02-06,0.00,36
683,121,2024-03-01,2024-04-01,9279.85,9279.85,Paid,2026-05-07 21:28:20,2026-05-07 21:28:20,,monthly,2024-03-06,0.00,36
684,121,2024-04-01,2024-05-01,9584.62,9584.62,Paid,2026-05-07 21:28:20,2026-05-07 21:28:20,,monthly,2024-04-06,0.00,36
685,121,2024-05-01,2024-06-01,9353.86,9353.86,Paid,2026-05-07 21:28:20,2026-05-07 21:28:20,,monthly,2024-05-06,0.00,36
686,121,2024-06-01,2024-07-01,8307.05,8307.05,Paid,2026-05-07 21:28:20,2026-05-07 21:28:20,,monthly,2024-06-06,0.00,36
687,121,2024-06-01,2024-06-01,-5866.95,-5866.95,Paid,2026-05-07 21:28:20,2026-05-07 21:28:20,,move_out,2024-06-16,0.00,36
688,48,2024-01-01,2024-02-01,12416.58,12416.58,Paid,2026-05-07 21:28:20,2026-05-07 21:28:20,,monthly,2024-01-06,0.00,16
689,48,2024-02-01,2024-03-01,12697.71,12697.71,Paid,2026-05-07 21:28:20,2026-05-07 21:28:20,,monthly,2024-02-06,0.00,16
690,48,2024-03-01,2024-04-01,12460.03,12460.03,Paid,2026-05-07 21:28:20,2026-05-07 21:28:20,,monthly,2024-03-06,0.00,16
691,48,2024-04-01,2024-05-01,13186.93,13186.93,Paid,2026-05-07 21:28:20,2026-05-07 21:28:20,,monthly,2024-04-06,0.00,16
692,48,2024-05-01,2024-06-01,13127.33,13127.33,Paid,2026-05-07 21:28:20,2026-05-07 21:28:20,,monthly,2024-05-06,0.00,16
693,48,2024-06-01,2024-07-01,12114.01,12114.01,Paid,2026-05-07 21:28:20,2026-05-07 21:28:20,,monthly,2024-06-06,0.00,16
694,48,2024-06-01,2024-06-01,-9651.99,-9651.99,Paid,2026-05-07 21:28:20,2026-05-07 21:28:20,,move_out,2024-06-16,0.00,16
695,145,2024-01-01,2024-02-01,8505.07,8505.07,Paid,2026-05-07 21:28:20,2026-05-07 21:28:20,,monthly,2024-01-06,0.00,20
696,145,2024-02-01,2024-03-01,8248.77,8248.77,Paid,2026-05-07 21:28:20,2026-05-07 21:28:20,,monthly,2024-02-06,0.00,20
697,145,2024-03-01,2024-04-01,7974.42,7974.42,Paid,2026-05-07 21:28:20,2026-05-07 21:28:20,,monthly,2024-03-06,0.00,20
698,145,2024-04-01,2024-05-01,8186.44,8186.44,Paid,2026-05-07 21:28:20,2026-05-07 21:28:20,,monthly,2024-04-06,0.00,20
699,145,2024-05-01,2024-06-01,8599.06,8599.06,Paid,2026-05-07 21:28:20,2026-05-07 21:28:20,,monthly,2024-05-06,0.00,20
700,145,2024-06-01,2024-07-01,8070.60,8070.60,Paid,2026-05-07 21:28:20,2026-05-07 21:28:20,,monthly,2024-06-06,0.00,20
701,145,2024-07-01,2024-08-01,7883.36,7883.36,Paid,2026-05-07 21:28:20,2026-05-07 21:28:20,,monthly,2024-07-06,0.00,20
702,145,2024-08-01,2024-09-01,8531.18,8531.18,Paid,2026-05-07 21:28:20,2026-05-07 21:28:20,,monthly,2024-08-06,0.00,20
703,145,2024-09-01,2024-10-01,8307.71,8307.71,Paid,2026-05-07 21:28:20,2026-05-07 21:28:20,,monthly,2024-09-06,0.00,20
704,145,2024-10-01,2024-11-01,8273.01,8273.01,Paid,2026-05-07 21:28:20,2026-05-07 21:28:20,,monthly,2024-10-06,0.00,20
705,145,2024-11-01,2024-12-01,8407.77,8407.77,Paid,2026-05-07 21:28:20,2026-05-07 21:28:20,,monthly,2024-11-06,0.00,20
706,145,2024-12-01,2025-01-01,7945.87,7945.87,Paid,2026-05-07 21:28:20,2026-05-07 21:28:20,,monthly,2024-12-06,0.00,20
707,145,2024-12-01,2024-12-01,-6764.13,-6764.13,Paid,2026-05-07 21:28:20,2026-05-07 21:28:20,,move_out,2024-12-16,0.00,20
708,250,2024-01-01,2024-02-01,14227.01,14227.01,Paid,2026-05-07 21:28:20,2026-05-07 21:28:20,,monthly,2024-01-06,0.00,41
709,250,2024-02-01,2024-03-01,14000.23,14000.23,Paid,2026-05-07 21:28:21,2026-05-07 21:28:21,,monthly,2024-02-06,0.00,41
710,250,2024-03-01,2024-04-01,14787.43,14787.43,Paid,2026-05-07 21:28:21,2026-05-07 21:28:21,,monthly,2024-03-06,0.00,41
711,250,2024-04-01,2024-05-01,14659.21,14659.21,Paid,2026-05-07 21:28:21,2026-05-07 21:28:21,,monthly,2024-04-06,0.00,41
712,250,2024-05-01,2024-06-01,15019.95,15019.95,Paid,2026-05-07 21:28:21,2026-05-07 21:28:21,,monthly,2024-05-06,0.00,41
713,250,2024-06-01,2024-07-01,13837.79,13837.79,Paid,2026-05-07 21:28:21,2026-05-07 21:28:21,,monthly,2024-06-06,0.00,41
714,250,2024-06-01,2024-06-01,-11006.21,-11006.21,Paid,2026-05-07 21:28:21,2026-05-07 21:28:21,,move_out,2024-06-16,0.00,41
715,211,2024-02-01,2024-03-01,10573.99,10573.99,Paid,2026-05-07 21:28:21,2026-05-07 21:28:21,,monthly,2024-02-06,0.00,40
716,211,2024-03-01,2024-04-01,10581.48,10581.48,Paid,2026-05-07 21:28:21,2026-05-07 21:28:21,,monthly,2024-03-06,0.00,40
717,211,2024-04-01,2024-05-01,10448.72,10448.72,Paid,2026-05-07 21:28:21,2026-05-07 21:28:21,,monthly,2024-04-06,0.00,40
718,211,2024-04-01,2024-04-01,-8723.28,-8723.28,Paid,2026-05-07 21:28:21,2026-05-07 21:28:21,,move_out,2024-04-16,0.00,40
719,103,2024-01-01,2024-02-01,18672.00,18672.00,Paid,2026-05-07 21:28:21,2026-05-07 21:28:21,,move_in,2024-01-01,0.00,30
720,103,2024-02-01,2024-03-01,10073.99,10073.99,Paid,2026-05-07 21:28:21,2026-05-07 21:28:21,,monthly,2024-02-06,0.00,30
721,103,2024-03-01,2024-04-01,10081.48,10081.48,Paid,2026-05-07 21:28:21,2026-05-07 21:28:21,,monthly,2024-03-06,0.00,30
722,103,2024-04-01,2024-05-01,9948.72,9948.72,Paid,2026-05-07 21:28:21,2026-05-07 21:28:21,,monthly,2024-04-06,0.00,30
723,103,2024-05-01,2024-06-01,10033.12,10033.12,Paid,2026-05-07 21:28:21,2026-05-07 21:28:21,,monthly,2024-05-06,0.00,30
724,103,2024-06-01,2024-07-01,9903.80,9903.80,Paid,2026-05-07 21:28:21,2026-05-07 21:28:21,,monthly,2024-06-06,0.00,30
725,103,2024-07-01,2024-08-01,9871.60,9871.60,Paid,2026-05-07 21:28:21,2026-05-07 21:28:21,,monthly,2024-07-06,0.00,30
726,103,2024-07-01,2024-07-01,-8800.40,-8800.40,Paid,2026-05-07 21:28:21,2026-05-07 21:28:21,,move_out,2024-07-16,0.00,30
727,77,2024-02-01,2024-03-01,13387.10,13387.10,Paid,2026-05-07 21:28:21,2026-05-07 21:28:21,,monthly,2024-02-06,0.00,35
728,77,2024-03-01,2024-04-01,13418.34,13418.34,Paid,2026-05-07 21:28:21,2026-05-07 21:28:21,,monthly,2024-03-06,0.00,35
729,77,2024-04-01,2024-05-01,13117.50,13117.50,Paid,2026-05-07 21:28:21,2026-05-07 21:28:21,,monthly,2024-04-06,0.00,35
730,77,2024-05-01,2024-06-01,13052.66,13052.66,Paid,2026-05-07 21:28:21,2026-05-07 21:28:21,,monthly,2024-05-06,0.00,35
731,77,2024-06-01,2024-07-01,13442.81,13442.81,Paid,2026-05-07 21:28:21,2026-05-07 21:28:21,,monthly,2024-06-06,0.00,35
732,77,2024-07-01,2024-08-01,13712.86,13712.86,Paid,2026-05-07 21:28:21,2026-05-07 21:28:21,,monthly,2024-07-06,0.00,35
733,77,2024-08-01,2024-09-01,13375.61,13375.61,Paid,2026-05-07 21:28:21,2026-05-07 21:28:21,,monthly,2024-08-06,0.00,35
734,77,2024-09-01,2024-10-01,13557.52,13557.52,Paid,2026-05-07 21:28:21,2026-05-07 21:28:21,,monthly,2024-09-06,0.00,35
735,77,2024-10-01,2024-11-01,12966.75,12966.75,Paid,2026-05-07 21:28:21,2026-05-07 21:28:21,,monthly,2024-10-06,0.00,35
736,77,2024-11-01,2024-12-01,12704.57,12704.57,Paid,2026-05-07 21:28:21,2026-05-07 21:28:21,,monthly,2024-11-06,0.00,35
737,77,2024-12-01,2025-01-01,13522.04,13522.04,Paid,2026-05-07 21:28:21,2026-05-07 21:28:21,,monthly,2024-12-06,0.00,35
738,77,2025-01-01,2025-02-01,12858.09,12858.09,Paid,2026-05-07 21:28:21,2026-05-07 21:28:21,,monthly,2025-01-06,0.00,35
739,77,2025-01-01,2025-01-01,-11733.91,-11733.91,Paid,2026-05-07 21:28:21,2026-05-07 21:28:21,,move_out,2025-01-16,0.00,35
740,10,2024-01-01,2024-02-01,14482.00,14482.00,Paid,2026-05-07 21:28:21,2026-05-07 21:28:21,,move_in,2024-01-01,0.00,8
741,10,2024-02-01,2024-03-01,8369.11,8369.11,Paid,2026-05-07 21:28:21,2026-05-07 21:28:21,,monthly,2024-02-06,0.00,8
742,10,2024-02-01,2024-02-01,-6612.89,-6612.89,Paid,2026-05-07 21:28:21,2026-05-07 21:28:21,,move_out,2024-02-16,0.00,8
743,63,2024-02-01,2024-03-01,13887.10,13887.10,Paid,2026-05-07 21:28:21,2026-05-07 21:28:21,,monthly,2024-02-06,0.00,33
744,63,2024-03-01,2024-04-01,13918.34,13918.34,Paid,2026-05-07 21:28:21,2026-05-07 21:28:21,,monthly,2024-03-06,0.00,33
745,63,2024-04-01,2024-05-01,13617.50,13617.50,Paid,2026-05-07 21:28:21,2026-05-07 21:28:21,,monthly,2024-04-06,0.00,33
746,63,2024-04-01,2024-04-01,-11474.50,-11474.50,Paid,2026-05-07 21:28:21,2026-05-07 21:28:21,,move_out,2024-04-16,0.00,33
747,197,2024-03-01,2024-04-01,11829.93,11829.93,Paid,2026-05-07 21:28:21,2026-05-07 21:28:21,,monthly,2024-03-06,0.00,11
748,197,2024-04-01,2024-05-01,13111.91,13111.91,Paid,2026-05-07 21:28:21,2026-05-07 21:28:21,,monthly,2024-04-06,0.00,11
749,197,2024-05-01,2024-06-01,12028.25,12028.25,Paid,2026-05-07 21:28:21,2026-05-07 21:28:21,,monthly,2024-05-06,0.00,11
750,197,2024-06-01,2024-07-01,12222.56,12222.56,Paid,2026-05-07 21:28:21,2026-05-07 21:28:21,,monthly,2024-06-06,0.00,11
751,197,2024-07-01,2024-08-01,11914.65,11914.65,Paid,2026-05-07 21:28:21,2026-05-07 21:28:21,,monthly,2024-07-06,0.00,11
752,197,2024-08-01,2024-09-01,10919.14,10919.14,Paid,2026-05-07 21:28:21,2026-05-07 21:28:21,,monthly,2024-08-06,0.00,11
753,197,2024-08-01,2024-08-01,-9430.86,-9430.86,Paid,2026-05-07 21:28:21,2026-05-07 21:28:21,,move_out,2024-08-16,0.00,11
754,11,2024-03-01,2024-04-01,10573.30,10573.30,Paid,2026-05-07 21:28:22,2026-05-07 21:28:22,,monthly,2024-03-06,0.00,8
755,11,2024-04-01,2024-05-01,9921.49,9921.49,Paid,2026-05-07 21:28:22,2026-05-07 21:28:22,,monthly,2024-04-06,0.00,8
756,11,2024-05-01,2024-06-01,8734.14,8734.14,Paid,2026-05-07 21:28:22,2026-05-07 21:28:22,,monthly,2024-05-06,0.00,8
757,11,2024-05-01,2024-05-01,-6247.86,-6247.86,Paid,2026-05-07 21:28:22,2026-05-07 21:28:22,,move_out,2024-05-16,0.00,8
758,155,2024-03-01,2024-04-01,13533.95,13533.95,Paid,2026-05-07 21:28:22,2026-05-07 21:28:22,,monthly,2024-03-06,0.00,9
759,155,2024-04-01,2024-05-01,13117.71,13117.71,Paid,2026-05-07 21:28:22,2026-05-07 21:28:22,,monthly,2024-04-06,0.00,9
760,155,2024-05-01,2024-06-01,12373.18,12373.18,Paid,2026-05-07 21:28:22,2026-05-07 21:28:22,,monthly,2024-05-06,0.00,9
761,155,2024-05-01,2024-05-01,-9422.82,-9422.82,Paid,2026-05-07 21:28:22,2026-05-07 21:28:22,,move_out,2024-05-16,0.00,9
762,203,2024-04-01,2024-05-01,8686.44,8686.44,Paid,2026-05-07 21:28:22,2026-05-07 21:28:22,,monthly,2024-04-06,0.00,31
763,203,2024-05-01,2024-06-01,9099.06,9099.06,Paid,2026-05-07 21:28:22,2026-05-07 21:28:22,,monthly,2024-05-06,0.00,31
764,203,2024-06-01,2024-07-01,8570.60,8570.60,Paid,2026-05-07 21:28:22,2026-05-07 21:28:22,,monthly,2024-06-06,0.00,31
765,203,2024-06-01,2024-06-01,-6639.40,-6639.40,Paid,2026-05-07 21:28:22,2026-05-07 21:28:22,,move_out,2024-06-16,0.00,31
766,3,2024-03-01,2024-04-01,22130.00,22130.00,Paid,2026-05-07 21:28:22,2026-05-07 21:28:22,,move_in,2024-03-01,0.00,6
767,3,2024-04-01,2024-05-01,12126.55,12126.55,Paid,2026-05-07 21:28:22,2026-05-07 21:28:22,,monthly,2024-04-06,0.00,6
768,3,2024-04-01,2024-04-01,-10503.45,-10503.45,Paid,2026-05-07 21:28:22,2026-05-07 21:28:22,,move_out,2024-04-16,0.00,6
769,299,2024-04-01,2024-05-01,14326.55,14326.55,Paid,2026-05-07 21:28:22,2026-05-07 21:28:22,,monthly,2024-04-06,0.00,7
770,299,2024-05-01,2024-06-01,14600.09,14600.09,Paid,2026-05-07 21:28:22,2026-05-07 21:28:22,,monthly,2024-05-06,0.00,7
771,299,2024-06-01,2024-07-01,14753.83,14753.83,Paid,2026-05-07 21:28:22,2026-05-07 21:28:22,,monthly,2024-06-06,0.00,7
772,299,2024-07-01,2024-08-01,15230.69,15230.69,Paid,2026-05-07 21:28:22,2026-05-07 21:28:22,,monthly,2024-07-06,0.00,7
773,299,2024-08-01,2024-09-01,14580.65,14580.65,Paid,2026-05-07 21:28:22,2026-05-07 21:28:22,,monthly,2024-08-06,0.00,7
774,299,2024-09-01,2024-10-01,13739.33,13739.33,Paid,2026-05-07 21:28:22,2026-05-07 21:28:22,,monthly,2024-09-06,0.00,7
775,299,2024-09-01,2024-09-01,-11886.67,-11886.67,Paid,2026-05-07 21:28:22,2026-05-07 21:28:22,,move_out,2024-09-16,0.00,7
776,18,2024-04-01,2024-05-01,13482.75,13482.75,Paid,2026-05-07 21:28:22,2026-05-07 21:28:22,,monthly,2024-04-06,0.00,10
777,18,2024-05-01,2024-06-01,12878.18,12878.18,Paid,2026-05-07 21:28:22,2026-05-07 21:28:22,,monthly,2024-05-06,0.00,10
778,18,2024-06-01,2024-07-01,12738.38,12738.38,Paid,2026-05-07 21:28:22,2026-05-07 21:28:22,,monthly,2024-06-06,0.00,10
779,18,2024-07-01,2024-08-01,12775.90,12775.90,Paid,2026-05-07 21:28:22,2026-05-07 21:28:22,,monthly,2024-07-06,0.00,10
780,18,2024-08-01,2024-09-01,13394.24,13394.24,Paid,2026-05-07 21:28:22,2026-05-07 21:28:22,,monthly,2024-08-06,0.00,10
781,18,2024-09-01,2024-10-01,12098.01,12098.01,Paid,2026-05-07 21:28:22,2026-05-07 21:28:22,,monthly,2024-09-06,0.00,10
782,18,2024-09-01,2024-09-01,-9985.99,-9985.99,Paid,2026-05-07 21:28:22,2026-05-07 21:28:22,,move_out,2024-09-16,0.00,10
783,172,2024-03-01,2024-04-01,22130.00,22130.00,Paid,2026-05-07 21:28:22,2026-05-07 21:28:22,,move_in,2024-03-01,0.00,29
784,172,2024-04-01,2024-05-01,12126.55,12126.55,Paid,2026-05-07 21:28:22,2026-05-07 21:28:22,,monthly,2024-04-06,0.00,29
785,172,2024-04-01,2024-04-01,-10503.45,-10503.45,Paid,2026-05-07 21:28:22,2026-05-07 21:28:22,,move_out,2024-04-16,0.00,29
786,64,2024-05-01,2024-06-01,13552.66,13552.66,Paid,2026-05-07 21:28:23,2026-05-07 21:28:23,,monthly,2024-05-06,0.00,33
787,64,2024-05-01,2024-05-01,-11539.34,-11539.34,Paid,2026-05-07 21:28:23,2026-05-07 21:28:23,,move_out,2024-05-16,0.00,33
788,187,2024-05-01,2024-06-01,9541.92,9541.92,Paid,2026-05-07 21:28:23,2026-05-07 21:28:23,,monthly,2024-05-06,0.00,24
789,187,2024-06-01,2024-07-01,8582.61,8582.61,Paid,2026-05-07 21:28:23,2026-05-07 21:28:23,,monthly,2024-06-06,0.00,24
790,187,2024-07-01,2024-08-01,8037.73,8037.73,Paid,2026-05-07 21:28:23,2026-05-07 21:28:23,,monthly,2024-07-06,0.00,24
791,187,2024-07-01,2024-07-01,-5898.27,-5898.27,Paid,2026-05-07 21:28:23,2026-05-07 21:28:23,,move_out,2024-07-16,0.00,24
792,94,2024-05-01,2024-06-01,14362.17,14362.17,Paid,2026-05-07 21:28:23,2026-05-07 21:28:23,,monthly,2024-05-06,0.00,25
793,94,2024-06-01,2024-07-01,14469.31,14469.31,Paid,2026-05-07 21:28:23,2026-05-07 21:28:23,,monthly,2024-06-06,0.00,25
794,94,2024-07-01,2024-08-01,14399.90,14399.90,Paid,2026-05-07 21:28:23,2026-05-07 21:28:23,,monthly,2024-07-06,0.00,25
795,94,2024-08-01,2024-09-01,14235.86,14235.86,Paid,2026-05-07 21:28:23,2026-05-07 21:28:23,,monthly,2024-08-06,0.00,25
796,94,2024-09-01,2024-10-01,14431.51,14431.51,Paid,2026-05-07 21:28:23,2026-05-07 21:28:23,,monthly,2024-09-06,0.00,25
797,94,2024-10-01,2024-11-01,13267.62,13267.62,Paid,2026-05-07 21:28:23,2026-05-07 21:28:23,,monthly,2024-10-06,0.00,25
798,94,2024-10-01,2024-10-01,-11034.38,-11034.38,Paid,2026-05-07 21:28:23,2026-05-07 21:28:23,,move_out,2024-10-16,0.00,25
799,173,2024-05-01,2024-06-01,11712.65,11712.65,Paid,2026-05-07 21:28:23,2026-05-07 21:28:23,,monthly,2024-05-06,0.00,29
800,173,2024-06-01,2024-07-01,11964.05,11964.05,Paid,2026-05-07 21:28:23,2026-05-07 21:28:23,,monthly,2024-06-06,0.00,29
801,173,2024-07-01,2024-08-01,11786.62,11786.62,Paid,2026-05-07 21:28:23,2026-05-07 21:28:23,,monthly,2024-07-06,0.00,29
802,173,2024-08-01,2024-09-01,12505.99,12505.99,Paid,2026-05-07 21:28:23,2026-05-07 21:28:23,,monthly,2024-08-06,0.00,29
803,173,2024-09-01,2024-10-01,12487.36,12487.36,Paid,2026-05-07 21:28:23,2026-05-07 21:28:23,,monthly,2024-09-06,0.00,29
804,173,2024-10-01,2024-11-01,11807.99,11807.99,Paid,2026-05-07 21:28:23,2026-05-07 21:28:23,,monthly,2024-10-06,0.00,29
805,173,2024-10-01,2024-10-01,-10322.01,-10322.01,Paid,2026-05-07 21:28:23,2026-05-07 21:28:23,,move_out,2024-10-16,0.00,29
806,4,2024-05-01,2024-06-01,12212.65,12212.65,Paid,2026-05-07 21:28:23,2026-05-07 21:28:23,,monthly,2024-05-06,0.00,6
807,4,2024-05-01,2024-05-01,-10417.35,-10417.35,Paid,2026-05-07 21:28:23,2026-05-07 21:28:23,,move_out,2024-05-16,0.00,6
808,88,2024-05-01,2024-06-01,14558.02,14558.02,Paid,2026-05-07 21:28:23,2026-05-07 21:28:23,,monthly,2024-05-06,0.00,23
809,88,2024-06-01,2024-07-01,14658.06,14658.06,Paid,2026-05-07 21:28:23,2026-05-07 21:28:23,,monthly,2024-06-06,0.00,23
810,88,2024-07-01,2024-08-01,14295.78,14295.78,Paid,2026-05-07 21:28:23,2026-05-07 21:28:23,,monthly,2024-07-06,0.00,23
811,88,2024-08-01,2024-09-01,14673.32,14673.32,Paid,2026-05-07 21:28:23,2026-05-07 21:28:23,,monthly,2024-08-06,0.00,23
812,88,2024-09-01,2024-10-01,14676.06,14676.06,Paid,2026-05-07 21:28:23,2026-05-07 21:28:23,,monthly,2024-09-06,0.00,23
813,88,2024-10-01,2024-11-01,14297.15,14297.15,Paid,2026-05-07 21:28:23,2026-05-07 21:28:23,,monthly,2024-10-06,0.00,23
814,88,2024-10-01,2024-10-01,-13188.85,-13188.85,Paid,2026-05-07 21:28:23,2026-05-07 21:28:23,,move_out,2024-10-16,0.00,23
815,212,2024-05-01,2024-06-01,10533.12,10533.12,Paid,2026-05-07 21:28:23,2026-05-07 21:28:23,,monthly,2024-05-06,0.00,40
816,212,2024-06-01,2024-07-01,10403.80,10403.80,Paid,2026-05-07 21:28:23,2026-05-07 21:28:23,,monthly,2024-06-06,0.00,40
817,212,2024-07-01,2024-08-01,10371.60,10371.60,Paid,2026-05-07 21:28:23,2026-05-07 21:28:23,,monthly,2024-07-06,0.00,40
818,212,2024-07-01,2024-07-01,-8800.40,-8800.40,Paid,2026-05-07 21:28:23,2026-05-07 21:28:23,,move_out,2024-07-16,0.00,40
819,33,2024-05-01,2024-06-01,14172.30,14172.30,Paid,2026-05-07 21:28:24,2026-05-07 21:28:24,,monthly,2024-05-06,0.00,12
820,33,2024-06-01,2024-07-01,14125.66,14125.66,Paid,2026-05-07 21:28:24,2026-05-07 21:28:24,,monthly,2024-06-06,0.00,12
821,33,2024-07-01,2024-08-01,13288.28,13288.28,Paid,2026-05-07 21:28:24,2026-05-07 21:28:24,,monthly,2024-07-06,0.00,12
822,33,2024-07-01,2024-07-01,-11219.72,-11219.72,Paid,2026-05-07 21:28:24,2026-05-07 21:28:24,,move_out,2024-07-16,0.00,12
823,99,2024-06-01,2024-07-01,7696.12,7696.12,Paid,2026-05-07 21:28:24,2026-05-07 21:28:24,,monthly,2024-06-06,0.00,15
824,99,2024-06-01,2024-06-01,-5459.88,-5459.88,Paid,2026-05-07 21:28:24,2026-05-07 21:28:24,,move_out,2024-06-16,0.00,15
825,12,2024-06-01,2024-07-01,8831.37,8831.37,Paid,2026-05-07 21:28:24,2026-05-07 21:28:24,,monthly,2024-06-06,0.00,8
826,12,2024-07-01,2024-08-01,9573.71,9573.71,Paid,2026-05-07 21:28:24,2026-05-07 21:28:24,,monthly,2024-07-06,0.00,8
827,12,2024-08-01,2024-09-01,9899.86,9899.86,Paid,2026-05-07 21:28:24,2026-05-07 21:28:24,,monthly,2024-08-06,0.00,8
828,12,2024-09-01,2024-10-01,8779.00,8779.00,Paid,2026-05-07 21:28:24,2026-05-07 21:28:24,,monthly,2024-09-06,0.00,8
829,12,2024-10-01,2024-11-01,9592.53,9592.53,Paid,2026-05-07 21:28:24,2026-05-07 21:28:24,,monthly,2024-10-06,0.00,8
830,12,2024-11-01,2024-12-01,7925.37,7925.37,Paid,2026-05-07 21:28:24,2026-05-07 21:28:24,,monthly,2024-11-06,0.00,8
831,12,2024-11-01,2024-11-01,-6556.63,-6556.63,Paid,2026-05-07 21:28:24,2026-05-07 21:28:24,,move_out,2024-11-16,0.00,8
832,5,2024-06-01,2024-07-01,11964.05,11964.05,Paid,2026-05-07 21:28:24,2026-05-07 21:28:24,,monthly,2024-06-06,0.00,6
833,5,2024-07-01,2024-08-01,11786.62,11786.62,Paid,2026-05-07 21:28:24,2026-05-07 21:28:24,,monthly,2024-07-06,0.00,6
834,5,2024-08-01,2024-09-01,12505.99,12505.99,Paid,2026-05-07 21:28:24,2026-05-07 21:28:24,,monthly,2024-08-06,0.00,6
835,5,2024-09-01,2024-10-01,12487.36,12487.36,Paid,2026-05-07 21:28:24,2026-05-07 21:28:24,,monthly,2024-09-06,0.00,6
836,5,2024-10-01,2024-11-01,11807.99,11807.99,Paid,2026-05-07 21:28:24,2026-05-07 21:28:24,,monthly,2024-10-06,0.00,6
837,5,2024-11-01,2024-12-01,11907.18,11907.18,Paid,2026-05-07 21:28:24,2026-05-07 21:28:24,,monthly,2024-11-06,0.00,6
838,5,2024-12-01,2025-01-01,12411.08,12411.08,Paid,2026-05-07 21:28:24,2026-05-07 21:28:24,,monthly,2024-12-06,0.00,6
839,5,2025-01-01,2025-02-01,11708.32,11708.32,Paid,2026-05-07 21:28:24,2026-05-07 21:28:24,,monthly,2025-01-06,0.00,6
840,5,2025-02-01,2025-03-01,11915.61,11915.61,Paid,2026-05-07 21:28:24,2026-05-07 21:28:24,,monthly,2025-02-06,0.00,6
841,5,2025-03-01,2025-04-01,12148.97,12148.97,Paid,2026-05-07 21:28:24,2026-05-07 21:28:24,,monthly,2025-03-06,0.00,6
842,5,2025-04-01,2025-05-01,11916.36,11916.36,Paid,2026-05-07 21:28:24,2026-05-07 21:28:24,,monthly,2025-04-06,0.00,6
843,5,2025-05-01,2025-06-01,11658.46,11658.46,Paid,2026-05-07 21:28:24,2026-05-07 21:28:24,,monthly,2025-05-06,0.00,6
844,5,2025-05-01,2025-05-01,-10471.54,-10471.54,Paid,2026-05-07 21:28:24,2026-05-07 21:28:24,,move_out,2025-05-16,0.00,6
845,156,2024-06-01,2024-07-01,12940.76,12940.76,Paid,2026-05-07 21:28:24,2026-05-07 21:28:24,,monthly,2024-06-06,0.00,9
846,156,2024-07-01,2024-08-01,13542.41,13542.41,Paid,2026-05-07 21:28:24,2026-05-07 21:28:24,,monthly,2024-07-06,0.00,9
847,156,2024-08-01,2024-09-01,12837.96,12837.96,Paid,2026-05-07 21:28:24,2026-05-07 21:28:24,,monthly,2024-08-06,0.00,9
848,156,2024-09-01,2024-10-01,12881.82,12881.82,Paid,2026-05-07 21:28:24,2026-05-07 21:28:24,,monthly,2024-09-06,0.00,9
849,156,2024-10-01,2024-11-01,12934.12,12934.12,Paid,2026-05-07 21:28:24,2026-05-07 21:28:24,,monthly,2024-10-06,0.00,9
850,156,2024-11-01,2024-12-01,12496.54,12496.54,Paid,2026-05-07 21:28:24,2026-05-07 21:28:24,,monthly,2024-11-06,0.00,9
851,156,2024-12-01,2025-01-01,12962.48,12962.48,Paid,2026-05-07 21:28:24,2026-05-07 21:28:24,,monthly,2024-12-06,0.00,9
852,156,2025-01-01,2025-02-01,12633.86,12633.86,Paid,2026-05-07 21:28:24,2026-05-07 21:28:24,,monthly,2025-01-06,0.00,9
853,156,2025-02-01,2025-03-01,12485.42,12485.42,Paid,2026-05-07 21:28:24,2026-05-07 21:28:24,,monthly,2025-02-06,0.00,9
854,156,2025-03-01,2025-04-01,12830.88,12830.88,Paid,2026-05-07 21:28:24,2026-05-07 21:28:24,,monthly,2025-03-06,0.00,9
855,156,2025-04-01,2025-05-01,12849.42,12849.42,Paid,2026-05-07 21:28:24,2026-05-07 21:28:24,,monthly,2025-04-06,0.00,9
856,156,2025-05-01,2025-06-01,11592.26,11592.26,Paid,2026-05-07 21:28:24,2026-05-07 21:28:24,,monthly,2025-05-06,0.00,9
857,156,2025-05-01,2025-05-01,-9703.74,-9703.74,Paid,2026-05-07 21:28:24,2026-05-07 21:28:24,,move_out,2025-05-16,0.00,9
858,65,2024-06-01,2024-07-01,13442.81,13442.81,Paid,2026-05-07 21:28:24,2026-05-07 21:28:24,,monthly,2024-06-06,0.00,33
859,65,2024-07-01,2024-08-01,13712.86,13712.86,Paid,2026-05-07 21:28:24,2026-05-07 21:28:24,,monthly,2024-07-06,0.00,33
860,65,2024-08-01,2024-09-01,13375.61,13375.61,Paid,2026-05-07 21:28:24,2026-05-07 21:28:24,,monthly,2024-08-06,0.00,33
861,65,2024-09-01,2024-10-01,13557.52,13557.52,Paid,2026-05-07 21:28:24,2026-05-07 21:28:24,,monthly,2024-09-06,0.00,33
862,65,2024-10-01,2024-11-01,12966.75,12966.75,Paid,2026-05-07 21:28:24,2026-05-07 21:28:24,,monthly,2024-10-06,0.00,33
863,65,2024-11-01,2024-12-01,12704.57,12704.57,Paid,2026-05-07 21:28:24,2026-05-07 21:28:24,,monthly,2024-11-06,0.00,33
864,65,2024-11-01,2024-11-01,-11887.43,-11887.43,Paid,2026-05-07 21:28:24,2026-05-07 21:28:24,,move_out,2024-11-16,0.00,33
865,236,2024-05-01,2024-06-01,25658.00,25658.00,Paid,2026-05-07 21:28:24,2026-05-07 21:28:24,,move_in,2024-05-01,0.00,26
866,236,2024-06-01,2024-07-01,13845.47,13845.47,Paid,2026-05-07 21:28:24,2026-05-07 21:28:24,,monthly,2024-06-06,0.00,26
867,236,2024-06-01,2024-06-01,-12312.53,-12312.53,Paid,2026-05-07 21:28:24,2026-05-07 21:28:24,,move_out,2024-06-16,0.00,26
868,251,2024-07-01,2024-08-01,15458.76,15458.76,Paid,2026-05-07 21:28:25,2026-05-07 21:28:25,,monthly,2024-07-06,0.00,41
869,251,2024-08-01,2024-09-01,15141.04,15141.04,Paid,2026-05-07 21:28:25,2026-05-07 21:28:25,,monthly,2024-08-06,0.00,41
870,251,2024-09-01,2024-10-01,13667.47,13667.47,Paid,2026-05-07 21:28:25,2026-05-07 21:28:25,,monthly,2024-09-06,0.00,41
871,251,2024-09-01,2024-09-01,-11676.53,-11676.53,Paid,2026-05-07 21:28:25,2026-05-07 21:28:25,,move_out,2024-09-16,0.00,41
872,122,2024-07-01,2024-08-01,8517.88,8517.88,Paid,2026-05-07 21:28:25,2026-05-07 21:28:25,,monthly,2024-07-06,0.00,36
873,122,2024-07-01,2024-07-01,-6156.12,-6156.12,Paid,2026-05-07 21:28:25,2026-05-07 21:28:25,,move_out,2024-07-16,0.00,36
874,49,2024-07-01,2024-08-01,12176.92,12176.92,Paid,2026-05-07 21:28:25,2026-05-07 21:28:25,,monthly,2024-07-06,0.00,16
875,49,2024-07-01,2024-07-01,-10089.08,-10089.08,Paid,2026-05-07 21:28:25,2026-05-07 21:28:25,,move_out,2024-07-16,0.00,16
876,100,2024-07-01,2024-08-01,8880.85,8880.85,Paid,2026-05-07 21:28:25,2026-05-07 21:28:25,,monthly,2024-07-06,0.00,15
877,100,2024-08-01,2024-09-01,8095.88,8095.88,Paid,2026-05-07 21:28:25,2026-05-07 21:28:25,,monthly,2024-08-06,0.00,15
878,100,2024-09-01,2024-10-01,8232.96,8232.96,Paid,2026-05-07 21:28:25,2026-05-07 21:28:25,,monthly,2024-09-06,0.00,15
879,100,2024-10-01,2024-11-01,8826.20,8826.20,Paid,2026-05-07 21:28:25,2026-05-07 21:28:25,,monthly,2024-10-06,0.00,15
880,100,2024-11-01,2024-12-01,8052.98,8052.98,Paid,2026-05-07 21:28:25,2026-05-07 21:28:25,,monthly,2024-11-06,0.00,15
881,100,2024-12-01,2025-01-01,8128.36,8128.36,Paid,2026-05-07 21:28:25,2026-05-07 21:28:25,,monthly,2024-12-06,0.00,15
882,100,2025-01-01,2025-02-01,8178.91,8178.91,Paid,2026-05-07 21:28:25,2026-05-07 21:28:25,,monthly,2025-01-06,0.00,15
883,100,2025-02-01,2025-03-01,8165.61,8165.61,Paid,2026-05-07 21:28:25,2026-05-07 21:28:25,,monthly,2025-02-06,0.00,15
884,100,2025-03-01,2025-04-01,8595.20,8595.20,Paid,2026-05-07 21:28:25,2026-05-07 21:28:25,,monthly,2025-03-06,0.00,15
885,100,2025-04-01,2025-05-01,8467.49,8467.49,Paid,2026-05-07 21:28:25,2026-05-07 21:28:25,,monthly,2025-04-06,0.00,15
886,100,2025-05-01,2025-06-01,8504.05,8504.05,Paid,2026-05-07 21:28:25,2026-05-07 21:28:25,,monthly,2025-05-06,0.00,15
887,100,2025-06-01,2025-07-01,7445.06,7445.06,Paid,2026-05-07 21:28:25,2026-05-07 21:28:25,,monthly,2025-06-06,0.00,15
888,100,2025-06-01,2025-06-01,-5210.94,-5210.94,Paid,2026-05-07 21:28:25,2026-05-07 21:28:25,,move_out,2025-06-16,0.00,15
889,237,2024-07-01,2024-08-01,14218.39,14218.39,Paid,2026-05-07 21:28:25,2026-05-07 21:28:25,,monthly,2024-07-06,0.00,26
890,237,2024-08-01,2024-09-01,13448.06,13448.06,Paid,2026-05-07 21:28:25,2026-05-07 21:28:25,,monthly,2024-08-06,0.00,26
891,237,2024-09-01,2024-10-01,13262.03,13262.03,Paid,2026-05-07 21:28:25,2026-05-07 21:28:25,,monthly,2024-09-06,0.00,26
892,237,2024-10-01,2024-11-01,13948.10,13948.10,Paid,2026-05-07 21:28:25,2026-05-07 21:28:25,,monthly,2024-10-06,0.00,26
893,237,2024-11-01,2024-12-01,13832.32,13832.32,Paid,2026-05-07 21:28:25,2026-05-07 21:28:25,,monthly,2024-11-06,0.00,26
894,237,2024-12-01,2025-01-01,13684.47,13684.47,Paid,2026-05-07 21:28:25,2026-05-07 21:28:25,,monthly,2024-12-06,0.00,26
895,237,2025-01-01,2025-02-01,13608.45,13608.45,Paid,2026-05-07 21:28:25,2026-05-07 21:28:25,,monthly,2025-01-06,0.00,26
896,237,2025-02-01,2025-03-01,14037.84,14037.84,Paid,2026-05-07 21:28:25,2026-05-07 21:28:25,,monthly,2025-02-06,0.00,26
897,237,2025-03-01,2025-04-01,14139.72,14139.72,Paid,2026-05-07 21:28:25,2026-05-07 21:28:25,,monthly,2025-03-06,0.00,26
898,237,2025-04-01,2025-05-01,13359.81,13359.81,Paid,2026-05-07 21:28:25,2026-05-07 21:28:25,,monthly,2025-04-06,0.00,26
899,237,2025-05-01,2025-06-01,13707.64,13707.64,Paid,2026-05-07 21:28:25,2026-05-07 21:28:25,,monthly,2025-05-06,0.00,26
900,237,2025-06-01,2025-07-01,13597.44,13597.44,Paid,2026-05-07 21:28:25,2026-05-07 21:28:25,,monthly,2025-06-06,0.00,26
901,237,2025-06-01,2025-06-01,-12060.56,-12060.56,Paid,2026-05-07 21:28:25,2026-05-07 21:28:25,,move_out,2025-06-16,0.00,26
902,204,2024-07-01,2024-08-01,8383.36,8383.36,Paid,2026-05-07 21:28:25,2026-05-07 21:28:25,,monthly,2024-07-06,0.00,31
903,204,2024-07-01,2024-07-01,-6826.64,-6826.64,Paid,2026-05-07 21:28:25,2026-05-07 21:28:25,,move_out,2024-07-16,0.00,31
904,229,2024-07-01,2024-08-01,11718.55,11718.55,Paid,2026-05-07 21:28:26,2026-05-07 21:28:26,,monthly,2024-07-06,0.00,22
905,229,2024-08-01,2024-09-01,11813.98,11813.98,Paid,2026-05-07 21:28:26,2026-05-07 21:28:26,,monthly,2024-08-06,0.00,22
906,229,2024-09-01,2024-10-01,10941.44,10941.44,Paid,2026-05-07 21:28:26,2026-05-07 21:28:26,,monthly,2024-09-06,0.00,22
907,229,2024-09-01,2024-09-01,-8182.56,-8182.56,Paid,2026-05-07 21:28:26,2026-05-07 21:28:26,,move_out,2024-09-16,0.00,22
908,188,2024-08-01,2024-09-01,8287.61,8287.61,Paid,2026-05-07 21:28:26,2026-05-07 21:28:26,,monthly,2024-08-06,0.00,24
909,188,2024-09-01,2024-10-01,8586.10,8586.10,Paid,2026-05-07 21:28:26,2026-05-07 21:28:26,,monthly,2024-09-06,0.00,24
910,188,2024-10-01,2024-11-01,8323.50,8323.50,Paid,2026-05-07 21:28:26,2026-05-07 21:28:26,,monthly,2024-10-06,0.00,24
911,188,2024-11-01,2024-12-01,8539.08,8539.08,Paid,2026-05-07 21:28:26,2026-05-07 21:28:26,,monthly,2024-11-06,0.00,24
912,188,2024-12-01,2025-01-01,9394.46,9394.46,Paid,2026-05-07 21:28:26,2026-05-07 21:28:26,,monthly,2024-12-06,0.00,24
913,188,2025-01-01,2025-02-01,8056.56,8056.56,Paid,2026-05-07 21:28:26,2026-05-07 21:28:26,,monthly,2025-01-06,0.00,24
914,188,2025-01-01,2025-01-01,-5379.44,-5379.44,Paid,2026-05-07 21:28:26,2026-05-07 21:28:26,,move_out,2025-01-16,0.00,24
915,181,2024-08-01,2024-09-01,14673.32,14673.32,Paid,2026-05-07 21:28:26,2026-05-07 21:28:26,,monthly,2024-08-06,0.00,37
916,181,2024-09-01,2024-10-01,14676.06,14676.06,Paid,2026-05-07 21:28:26,2026-05-07 21:28:26,,monthly,2024-09-06,0.00,37
917,181,2024-10-01,2024-11-01,14297.15,14297.15,Paid,2026-05-07 21:28:26,2026-05-07 21:28:26,,monthly,2024-10-06,0.00,37
918,181,2024-11-01,2024-12-01,14560.28,14560.28,Paid,2026-05-07 21:28:26,2026-05-07 21:28:26,,monthly,2024-11-06,0.00,37
919,181,2024-12-01,2025-01-01,14843.43,14843.43,Paid,2026-05-07 21:28:26,2026-05-07 21:28:26,,monthly,2024-12-06,0.00,37
920,181,2025-01-01,2025-02-01,14803.96,14803.96,Paid,2026-05-07 21:28:26,2026-05-07 21:28:26,,monthly,2025-01-06,0.00,37
921,181,2025-02-01,2025-03-01,14821.35,14821.35,Paid,2026-05-07 21:28:26,2026-05-07 21:28:26,,monthly,2025-02-06,0.00,37
922,181,2025-03-01,2025-04-01,14733.87,14733.87,Paid,2026-05-07 21:28:26,2026-05-07 21:28:26,,monthly,2025-03-06,0.00,37
923,181,2025-04-01,2025-05-01,14448.74,14448.74,Paid,2026-05-07 21:28:26,2026-05-07 21:28:26,,monthly,2025-04-06,0.00,37
924,181,2025-05-01,2025-06-01,14813.28,14813.28,Paid,2026-05-07 21:28:26,2026-05-07 21:28:26,,monthly,2025-05-06,0.00,37
925,181,2025-06-01,2025-07-01,14513.24,14513.24,Paid,2026-05-07 21:28:26,2026-05-07 21:28:26,,monthly,2025-06-06,0.00,37
926,181,2025-07-01,2025-08-01,14616.10,14616.10,Paid,2026-05-07 21:28:26,2026-05-07 21:28:26,,monthly,2025-07-06,0.00,37
927,181,2025-07-01,2025-07-01,-12869.90,-12869.90,Paid,2026-05-07 21:28:26,2026-05-07 21:28:26,,move_out,2025-07-16,0.00,37
928,213,2024-08-01,2024-09-01,10424.01,10424.01,Paid,2026-05-07 21:28:26,2026-05-07 21:28:26,,monthly,2024-08-06,0.00,40
929,213,2024-09-01,2024-10-01,10553.93,10553.93,Paid,2026-05-07 21:28:26,2026-05-07 21:28:26,,monthly,2024-09-06,0.00,40
930,213,2024-10-01,2024-11-01,10088.56,10088.56,Paid,2026-05-07 21:28:26,2026-05-07 21:28:26,,monthly,2024-10-06,0.00,40
931,213,2024-10-01,2024-10-01,-9083.44,-9083.44,Paid,2026-05-07 21:28:26,2026-05-07 21:28:26,,move_out,2024-10-16,0.00,40
932,104,2024-08-01,2024-09-01,10424.01,10424.01,Paid,2026-05-07 21:28:26,2026-05-07 21:28:26,,monthly,2024-08-06,0.00,30
933,104,2024-09-01,2024-10-01,10553.93,10553.93,Paid,2026-05-07 21:28:26,2026-05-07 21:28:26,,monthly,2024-09-06,0.00,30
934,104,2024-10-01,2024-11-01,10088.56,10088.56,Paid,2026-05-07 21:28:26,2026-05-07 21:28:26,,monthly,2024-10-06,0.00,30
935,104,2024-10-01,2024-10-01,-9083.44,-9083.44,Paid,2026-05-07 21:28:26,2026-05-07 21:28:26,,move_out,2024-10-16,0.00,30
936,34,2024-08-01,2024-09-01,14377.50,14377.50,Paid,2026-05-07 21:28:26,2026-05-07 21:28:26,,monthly,2024-08-06,0.00,12
937,34,2024-09-01,2024-10-01,14109.54,14109.54,Paid,2026-05-07 21:28:26,2026-05-07 21:28:26,,monthly,2024-09-06,0.00,12
938,34,2024-10-01,2024-11-01,13920.51,13920.51,Paid,2026-05-07 21:28:26,2026-05-07 21:28:26,,monthly,2024-10-06,0.00,12
939,34,2024-11-01,2024-12-01,14015.87,14015.87,Paid,2026-05-07 21:28:26,2026-05-07 21:28:26,,monthly,2024-11-06,0.00,12
940,34,2024-12-01,2025-01-01,14100.18,14100.18,Paid,2026-05-07 21:28:26,2026-05-07 21:28:26,,monthly,2024-12-06,0.00,12
941,34,2025-01-01,2025-02-01,12989.64,12989.64,Paid,2026-05-07 21:28:26,2026-05-07 21:28:26,,monthly,2025-01-06,0.00,12
942,34,2025-01-01,2025-01-01,-11018.36,-11018.36,Paid,2026-05-07 21:28:26,2026-05-07 21:28:26,,move_out,2025-01-16,0.00,12
943,205,2024-08-01,2024-09-01,9031.18,9031.18,Paid,2026-05-07 21:28:26,2026-05-07 21:28:26,,monthly,2024-08-06,0.00,31
944,205,2024-09-01,2024-10-01,8807.71,8807.71,Paid,2026-05-07 21:28:26,2026-05-07 21:28:26,,monthly,2024-09-06,0.00,31
945,205,2024-10-01,2024-11-01,8773.01,8773.01,Paid,2026-05-07 21:28:26,2026-05-07 21:28:26,,monthly,2024-10-06,0.00,31
946,205,2024-10-01,2024-10-01,-6436.99,-6436.99,Paid,2026-05-07 21:28:26,2026-05-07 21:28:26,,move_out,2024-10-16,0.00,31
947,133,2024-08-01,2024-09-01,7420.52,7420.52,Paid,2026-05-07 21:28:27,2026-05-07 21:28:27,,monthly,2024-08-06,0.00,19
948,133,2024-09-01,2024-10-01,8418.94,8418.94,Paid,2026-05-07 21:28:27,2026-05-07 21:28:27,,monthly,2024-09-06,0.00,19
949,133,2024-10-01,2024-11-01,8154.39,8154.39,Paid,2026-05-07 21:28:27,2026-05-07 21:28:27,,monthly,2024-10-06,0.00,19
950,133,2024-11-01,2024-12-01,8018.41,8018.41,Paid,2026-05-07 21:28:27,2026-05-07 21:28:27,,monthly,2024-11-06,0.00,19
951,133,2024-12-01,2025-01-01,8140.95,8140.95,Paid,2026-05-07 21:28:27,2026-05-07 21:28:27,,monthly,2024-12-06,0.00,19
952,133,2025-01-01,2025-02-01,8014.39,8014.39,Paid,2026-05-07 21:28:27,2026-05-07 21:28:27,,monthly,2025-01-06,0.00,19
953,133,2025-02-01,2025-03-01,7823.45,7823.45,Paid,2026-05-07 21:28:27,2026-05-07 21:28:27,,monthly,2025-02-06,0.00,19
954,133,2025-03-01,2025-04-01,7143.52,7143.52,Paid,2026-05-07 21:28:27,2026-05-07 21:28:27,,monthly,2025-03-06,0.00,19
955,133,2025-04-01,2025-05-01,8115.21,8115.21,Paid,2026-05-07 21:28:27,2026-05-07 21:28:27,,monthly,2025-04-06,0.00,19
956,133,2025-05-01,2025-06-01,8174.19,8174.19,Paid,2026-05-07 21:28:27,2026-05-07 21:28:27,,monthly,2025-05-06,0.00,19
957,133,2025-06-01,2025-07-01,8329.82,8329.82,Paid,2026-05-07 21:28:27,2026-05-07 21:28:27,,monthly,2025-06-06,0.00,19
958,133,2025-07-01,2025-08-01,6594.79,6594.79,Paid,2026-05-07 21:28:27,2026-05-07 21:28:27,,monthly,2025-07-06,0.00,19
959,133,2025-07-01,2025-07-01,-4795.21,-4795.21,Paid,2026-05-07 21:28:27,2026-05-07 21:28:27,,move_out,2025-07-16,0.00,19
960,123,2024-08-01,2024-09-01,8574.47,8574.47,Paid,2026-05-07 21:28:27,2026-05-07 21:28:27,,monthly,2024-08-06,0.00,36
961,123,2024-08-01,2024-08-01,-6099.53,-6099.53,Paid,2026-05-07 21:28:27,2026-05-07 21:28:27,,move_out,2024-08-16,0.00,36
962,50,2024-08-01,2024-09-01,13659.45,13659.45,Paid,2026-05-07 21:28:27,2026-05-07 21:28:27,,monthly,2024-08-06,0.00,16
963,50,2024-09-01,2024-10-01,12920.01,12920.01,Paid,2026-05-07 21:28:27,2026-05-07 21:28:27,,monthly,2024-09-06,0.00,16
964,50,2024-10-01,2024-11-01,12849.70,12849.70,Paid,2026-05-07 21:28:27,2026-05-07 21:28:27,,monthly,2024-10-06,0.00,16
965,50,2024-11-01,2024-12-01,12869.30,12869.30,Paid,2026-05-07 21:28:27,2026-05-07 21:28:27,,monthly,2024-11-06,0.00,16
966,50,2024-12-01,2025-01-01,13675.61,13675.61,Paid,2026-05-07 21:28:27,2026-05-07 21:28:27,,monthly,2024-12-06,0.00,16
967,50,2025-01-01,2025-02-01,12476.36,12476.36,Paid,2026-05-07 21:28:27,2026-05-07 21:28:27,,monthly,2025-01-06,0.00,16
968,50,2025-02-01,2025-03-01,13285.27,13285.27,Paid,2026-05-07 21:28:27,2026-05-07 21:28:27,,monthly,2025-02-06,0.00,16
969,50,2025-03-01,2025-04-01,13701.80,13701.80,Paid,2026-05-07 21:28:27,2026-05-07 21:28:27,,monthly,2025-03-06,0.00,16
970,50,2025-04-01,2025-05-01,12845.19,12845.19,Paid,2026-05-07 21:28:27,2026-05-07 21:28:27,,monthly,2025-04-06,0.00,16
971,50,2025-05-01,2025-06-01,12795.16,12795.16,Paid,2026-05-07 21:28:27,2026-05-07 21:28:27,,monthly,2025-05-06,0.00,16
972,50,2025-06-01,2025-07-01,12483.56,12483.56,Paid,2026-05-07 21:28:27,2026-05-07 21:28:27,,monthly,2025-06-06,0.00,16
973,50,2025-07-01,2025-08-01,11885.51,11885.51,Paid,2026-05-07 21:28:27,2026-05-07 21:28:27,,monthly,2025-07-06,0.00,16
974,50,2025-07-01,2025-07-01,-9880.49,-9880.49,Paid,2026-05-07 21:28:27,2026-05-07 21:28:27,,move_out,2025-07-16,0.00,16
975,198,2024-09-01,2024-10-01,11853.16,11853.16,Paid,2026-05-07 21:28:27,2026-05-07 21:28:27,,monthly,2024-09-06,0.00,11
976,198,2024-10-01,2024-11-01,12331.24,12331.24,Paid,2026-05-07 21:28:27,2026-05-07 21:28:27,,monthly,2024-10-06,0.00,11
977,198,2024-11-01,2024-12-01,12498.06,12498.06,Paid,2026-05-07 21:28:27,2026-05-07 21:28:27,,monthly,2024-11-06,0.00,11
978,198,2024-12-01,2025-01-01,12249.58,12249.58,Paid,2026-05-07 21:28:27,2026-05-07 21:28:27,,monthly,2024-12-06,0.00,11
979,198,2025-01-01,2025-02-01,11416.79,11416.79,Paid,2026-05-07 21:28:27,2026-05-07 21:28:27,,monthly,2025-01-06,0.00,11
980,198,2025-02-01,2025-03-01,10886.16,10886.16,Paid,2026-05-07 21:28:27,2026-05-07 21:28:27,,monthly,2025-02-06,0.00,11
981,198,2025-02-01,2025-02-01,-9463.84,-9463.84,Paid,2026-05-07 21:28:27,2026-05-07 21:28:27,,move_out,2025-02-16,0.00,11
982,124,2024-09-01,2024-10-01,9781.29,9781.29,Paid,2026-05-07 21:28:27,2026-05-07 21:28:27,,monthly,2024-09-06,0.00,36
983,124,2024-10-01,2024-11-01,9277.39,9277.39,Paid,2026-05-07 21:28:27,2026-05-07 21:28:27,,monthly,2024-10-06,0.00,36
984,124,2024-11-01,2024-12-01,9033.71,9033.71,Paid,2026-05-07 21:28:27,2026-05-07 21:28:27,,monthly,2024-11-06,0.00,36
985,124,2024-11-01,2024-11-01,-5640.29,-5640.29,Paid,2026-05-07 21:28:27,2026-05-07 21:28:27,,move_out,2024-11-16,0.00,36
986,274,2024-10-01,2024-11-01,14448.10,14448.10,Paid,2026-05-07 21:28:27,2026-05-07 21:28:27,,monthly,2024-10-06,0.00,38
987,274,2024-11-01,2024-12-01,14332.32,14332.32,Paid,2026-05-07 21:28:27,2026-05-07 21:28:27,,monthly,2024-11-06,0.00,38
988,274,2024-12-01,2025-01-01,14184.47,14184.47,Paid,2026-05-07 21:28:27,2026-05-07 21:28:27,,monthly,2024-12-06,0.00,38
989,274,2024-12-01,2024-12-01,-11973.53,-11973.53,Paid,2026-05-07 21:28:27,2026-05-07 21:28:27,,move_out,2024-12-16,0.00,38
990,19,2024-10-01,2024-11-01,12596.40,12596.40,Paid,2026-05-07 21:28:28,2026-05-07 21:28:28,,monthly,2024-10-06,0.00,10
991,19,2024-10-01,2024-10-01,-9987.60,-9987.60,Paid,2026-05-07 21:28:28,2026-05-07 21:28:28,,move_out,2024-10-16,0.00,10
992,252,2024-10-01,2024-11-01,14491.22,14491.22,Paid,2026-05-07 21:28:28,2026-05-07 21:28:28,,monthly,2024-10-06,0.00,41
993,252,2024-11-01,2024-12-01,14562.61,14562.61,Paid,2026-05-07 21:28:28,2026-05-07 21:28:28,,monthly,2024-11-06,0.00,41
994,252,2024-12-01,2025-01-01,14673.33,14673.33,Paid,2026-05-07 21:28:28,2026-05-07 21:28:28,,monthly,2024-12-06,0.00,41
995,252,2025-01-01,2025-02-01,14440.90,14440.90,Paid,2026-05-07 21:28:28,2026-05-07 21:28:28,,monthly,2025-01-06,0.00,41
996,252,2025-02-01,2025-03-01,15107.21,15107.21,Paid,2026-05-07 21:28:28,2026-05-07 21:28:28,,monthly,2025-02-06,0.00,41
997,252,2025-03-01,2025-04-01,13076.92,13076.92,Paid,2026-05-07 21:28:28,2026-05-07 21:28:28,,monthly,2025-03-06,0.00,41
998,252,2025-03-01,2025-03-01,-11767.08,-11767.08,Paid,2026-05-07 21:28:28,2026-05-07 21:28:28,,move_out,2025-03-16,0.00,41
999,230,2024-10-01,2024-11-01,12403.27,12403.27,Paid,2026-05-07 21:28:28,2026-05-07 21:28:28,,monthly,2024-10-06,0.00,22
1000,230,2024-11-01,2024-12-01,12327.92,12327.92,Paid,2026-05-07 21:28:28,2026-05-07 21:28:28,,monthly,2024-11-06,0.00,22
1001,230,2024-12-01,2025-01-01,10860.74,10860.74,Paid,2026-05-07 21:28:28,2026-05-07 21:28:28,,monthly,2024-12-06,0.00,22
1002,230,2024-12-01,2024-12-01,-8263.26,-8263.26,Paid,2026-05-07 21:28:28,2026-05-07 21:28:28,,move_out,2024-12-16,0.00,22
1003,300,2024-10-01,2024-11-01,14296.14,14296.14,Paid,2026-05-07 21:28:28,2026-05-07 21:28:28,,monthly,2024-10-06,0.00,7
1004,300,2024-10-01,2024-10-01,-11829.86,-11829.86,Paid,2026-05-07 21:28:28,2026-05-07 21:28:28,,move_out,2024-10-16,0.00,7
1005,95,2024-11-01,2024-12-01,14798.48,14798.48,Paid,2026-05-07 21:28:28,2026-05-07 21:28:28,,monthly,2024-11-06,0.00,25
1006,95,2024-12-01,2025-01-01,14772.25,14772.25,Paid,2026-05-07 21:28:28,2026-05-07 21:28:28,,monthly,2024-12-06,0.00,25
1007,95,2025-01-01,2025-02-01,14836.18,14836.18,Paid,2026-05-07 21:28:28,2026-05-07 21:28:28,,monthly,2025-01-06,0.00,25
1008,95,2025-02-01,2025-03-01,14234.95,14234.95,Paid,2026-05-07 21:28:28,2026-05-07 21:28:28,,monthly,2025-02-06,0.00,25
1009,95,2025-03-01,2025-04-01,14611.07,14611.07,Paid,2026-05-07 21:28:28,2026-05-07 21:28:28,,monthly,2025-03-06,0.00,25
1010,95,2025-04-01,2025-05-01,14478.03,14478.03,Paid,2026-05-07 21:28:28,2026-05-07 21:28:28,,monthly,2025-04-06,0.00,25
1011,95,2025-05-01,2025-06-01,14867.46,14867.46,Paid,2026-05-07 21:28:28,2026-05-07 21:28:28,,monthly,2025-05-06,0.00,25
1012,95,2025-06-01,2025-07-01,13608.79,13608.79,Paid,2026-05-07 21:28:28,2026-05-07 21:28:28,,monthly,2025-06-06,0.00,25
1013,95,2025-07-01,2025-08-01,13934.22,13934.22,Paid,2026-05-07 21:28:28,2026-05-07 21:28:28,,monthly,2025-07-06,0.00,25
1014,95,2025-08-01,2025-09-01,14574.33,14574.33,Paid,2026-05-07 21:28:28,2026-05-07 21:28:28,,monthly,2025-08-06,0.00,25
1015,95,2025-09-01,2025-10-01,13820.06,13820.06,Paid,2026-05-07 21:28:28,2026-05-07 21:28:28,,monthly,2025-09-06,0.00,25
1016,95,2025-10-01,2025-11-01,13117.23,13117.23,Paid,2026-05-07 21:28:28,2026-05-07 21:28:28,,monthly,2025-10-06,0.00,25
1017,95,2025-10-01,2025-10-01,-11184.77,-11184.77,Paid,2026-05-07 21:28:28,2026-05-07 21:28:28,,move_out,2025-10-16,0.00,25
1018,214,2024-11-01,2024-12-01,10190.68,10190.68,Paid,2026-05-07 21:28:28,2026-05-07 21:28:28,,monthly,2024-11-06,0.00,40
1019,214,2024-11-01,2024-11-01,-8981.32,-8981.32,Paid,2026-05-07 21:28:28,2026-05-07 21:28:28,,move_out,2024-11-16,0.00,40
1020,105,2024-11-01,2024-12-01,10190.68,10190.68,Paid,2026-05-07 21:28:29,2026-05-07 21:28:29,,monthly,2024-11-06,0.00,30
1021,105,2024-12-01,2025-01-01,10558.89,10558.89,Paid,2026-05-07 21:28:29,2026-05-07 21:28:29,,monthly,2024-12-06,0.00,30
1022,105,2025-01-01,2025-02-01,10313.28,10313.28,Paid,2026-05-07 21:28:29,2026-05-07 21:28:29,,monthly,2025-01-06,0.00,30
1023,105,2025-01-01,2025-01-01,-8858.72,-8858.72,Paid,2026-05-07 21:28:29,2026-05-07 21:28:29,,move_out,2025-01-16,0.00,30
1024,174,2024-11-01,2024-12-01,12407.18,12407.18,Paid,2026-05-07 21:28:29,2026-05-07 21:28:29,,monthly,2024-11-06,0.00,29
1025,174,2024-11-01,2024-11-01,-10222.82,-10222.82,Paid,2026-05-07 21:28:29,2026-05-07 21:28:29,,move_out,2024-11-16,0.00,29
1026,301,2024-11-01,2024-12-01,14706.76,14706.76,Paid,2026-05-07 21:28:29,2026-05-07 21:28:29,,monthly,2024-11-06,0.00,7
1027,301,2024-12-01,2025-01-01,14413.62,14413.62,Paid,2026-05-07 21:28:29,2026-05-07 21:28:29,,monthly,2024-12-06,0.00,7
1028,301,2025-01-01,2025-02-01,14811.52,14811.52,Paid,2026-05-07 21:28:29,2026-05-07 21:28:29,,monthly,2025-01-06,0.00,7
1029,301,2025-02-01,2025-03-01,13622.35,13622.35,Paid,2026-05-07 21:28:29,2026-05-07 21:28:29,,monthly,2025-02-06,0.00,7
1030,301,2025-03-01,2025-04-01,13879.44,13879.44,Paid,2026-05-07 21:28:29,2026-05-07 21:28:29,,monthly,2025-03-06,0.00,7
1031,301,2025-04-01,2025-05-01,13864.33,13864.33,Paid,2026-05-07 21:28:29,2026-05-07 21:28:29,,monthly,2025-04-06,0.00,7
1032,301,2025-05-01,2025-06-01,13460.20,13460.20,Paid,2026-05-07 21:28:29,2026-05-07 21:28:29,,monthly,2025-05-06,0.00,7
1033,301,2025-06-01,2025-07-01,13647.93,13647.93,Paid,2026-05-07 21:28:29,2026-05-07 21:28:29,,monthly,2025-06-06,0.00,7
1034,301,2025-07-01,2025-08-01,13777.12,13777.12,Paid,2026-05-07 21:28:29,2026-05-07 21:28:29,,monthly,2025-07-06,0.00,7
1035,301,2025-08-01,2025-09-01,13830.05,13830.05,Paid,2026-05-07 21:28:29,2026-05-07 21:28:29,,monthly,2025-08-06,0.00,7
1036,301,2025-09-01,2025-10-01,13761.46,13761.46,Paid,2026-05-07 21:28:29,2026-05-07 21:28:29,,monthly,2025-09-06,0.00,7
1037,301,2025-10-01,2025-11-01,13572.83,13572.83,Paid,2026-05-07 21:28:29,2026-05-07 21:28:29,,monthly,2025-10-06,0.00,7
1038,301,2025-10-01,2025-10-01,-12053.17,-12053.17,Paid,2026-05-07 21:28:29,2026-05-07 21:28:29,,move_out,2025-10-16,0.00,7
1039,89,2024-11-01,2024-12-01,14560.28,14560.28,Paid,2026-05-07 21:28:29,2026-05-07 21:28:29,,monthly,2024-11-06,0.00,23
1040,89,2024-12-01,2025-01-01,14843.43,14843.43,Paid,2026-05-07 21:28:29,2026-05-07 21:28:29,,monthly,2024-12-06,0.00,23
1041,89,2025-01-01,2025-02-01,14803.96,14803.96,Paid,2026-05-07 21:28:29,2026-05-07 21:28:29,,monthly,2025-01-06,0.00,23
1042,89,2025-02-01,2025-03-01,14821.35,14821.35,Paid,2026-05-07 21:28:29,2026-05-07 21:28:29,,monthly,2025-02-06,0.00,23
1043,89,2025-03-01,2025-04-01,14733.87,14733.87,Paid,2026-05-07 21:28:29,2026-05-07 21:28:29,,monthly,2025-03-06,0.00,23
1044,89,2025-04-01,2025-05-01,14448.74,14448.74,Paid,2026-05-07 21:28:29,2026-05-07 21:28:29,,monthly,2025-04-06,0.00,23
1045,89,2025-04-01,2025-04-01,-13037.26,-13037.26,Paid,2026-05-07 21:28:29,2026-05-07 21:28:29,,move_out,2025-04-16,0.00,23
1046,206,2024-11-01,2024-12-01,8407.77,8407.77,Paid,2026-05-07 21:28:29,2026-05-07 21:28:29,,monthly,2024-11-06,0.00,31
1047,206,2024-12-01,2025-01-01,7945.87,7945.87,Paid,2026-05-07 21:28:29,2026-05-07 21:28:29,,monthly,2024-12-06,0.00,31
1048,206,2025-01-01,2025-02-01,8120.70,8120.70,Paid,2026-05-07 21:28:29,2026-05-07 21:28:29,,monthly,2025-01-06,0.00,31
1049,206,2025-02-01,2025-03-01,8516.44,8516.44,Paid,2026-05-07 21:28:29,2026-05-07 21:28:29,,monthly,2025-02-06,0.00,31
1050,206,2025-03-01,2025-04-01,8107.22,8107.22,Paid,2026-05-07 21:28:29,2026-05-07 21:28:29,,monthly,2025-03-06,0.00,31
1051,206,2025-04-01,2025-05-01,8540.30,8540.30,Paid,2026-05-07 21:28:29,2026-05-07 21:28:29,,monthly,2025-04-06,0.00,31
1052,206,2025-05-01,2025-06-01,8581.82,8581.82,Paid,2026-05-07 21:28:29,2026-05-07 21:28:29,,monthly,2025-05-06,0.00,31
1053,206,2025-06-01,2025-07-01,8293.82,8293.82,Paid,2026-05-07 21:28:29,2026-05-07 21:28:29,,monthly,2025-06-06,0.00,31
1054,206,2025-07-01,2025-08-01,8165.10,8165.10,Paid,2026-05-07 21:28:29,2026-05-07 21:28:29,,monthly,2025-07-06,0.00,31
1055,206,2025-08-01,2025-09-01,8439.72,8439.72,Paid,2026-05-07 21:28:29,2026-05-07 21:28:29,,monthly,2025-08-06,0.00,31
1056,206,2025-09-01,2025-10-01,8185.36,8185.36,Paid,2026-05-07 21:28:29,2026-05-07 21:28:29,,monthly,2025-09-06,0.00,31
1057,206,2025-10-01,2025-11-01,7944.11,7944.11,Paid,2026-05-07 21:28:29,2026-05-07 21:28:29,,monthly,2025-10-06,0.00,31
1058,206,2025-10-01,2025-10-01,-6765.89,-6765.89,Paid,2026-05-07 21:28:29,2026-05-07 21:28:29,,move_out,2025-10-16,0.00,31
1059,288,2024-11-01,2024-12-01,7863.47,7863.47,Paid,2026-05-07 21:28:29,2026-05-07 21:28:29,,monthly,2024-11-06,0.00,2
1060,288,2024-11-01,2024-11-01,-6482.53,-6482.53,Paid,2026-05-07 21:28:29,2026-05-07 21:28:29,,move_out,2024-11-16,0.00,2
1061,20,2024-11-01,2024-12-01,12707.00,12707.00,Paid,2026-05-07 21:28:29,2026-05-07 21:28:29,,monthly,2024-11-06,0.00,10
1062,20,2024-12-01,2025-01-01,13430.61,13430.61,Paid,2026-05-07 21:28:29,2026-05-07 21:28:29,,monthly,2024-12-06,0.00,10
1063,20,2025-01-01,2025-02-01,12475.90,12475.90,Paid,2026-05-07 21:28:29,2026-05-07 21:28:29,,monthly,2025-01-06,0.00,10
1064,20,2025-02-01,2025-03-01,12746.00,12746.00,Paid,2026-05-07 21:28:29,2026-05-07 21:28:29,,monthly,2025-02-06,0.00,10
1065,20,2025-03-01,2025-04-01,12659.84,12659.84,Paid,2026-05-07 21:28:29,2026-05-07 21:28:29,,monthly,2025-03-06,0.00,10
1066,20,2025-04-01,2025-05-01,11888.27,11888.27,Paid,2026-05-07 21:28:29,2026-05-07 21:28:29,,monthly,2025-04-06,0.00,10
1067,20,2025-04-01,2025-04-01,-10195.73,-10195.73,Paid,2026-05-07 21:28:29,2026-05-07 21:28:29,,move_out,2025-04-16,0.00,10
1068,55,2024-11-01,2024-12-01,10190.68,10190.68,Paid,2026-05-07 21:28:30,2026-05-07 21:28:30,,monthly,2024-11-06,0.00,18
1069,55,2024-11-01,2024-11-01,-8981.32,-8981.32,Paid,2026-05-07 21:28:30,2026-05-07 21:28:30,,move_out,2024-11-16,0.00,18
1070,163,2024-12-01,2025-01-01,7919.99,7919.99,Paid,2026-05-07 21:28:30,2026-05-07 21:28:30,,monthly,2024-12-06,0.00,17
1071,163,2024-12-01,2024-12-01,-6426.01,-6426.01,Paid,2026-05-07 21:28:30,2026-05-07 21:28:30,,move_out,2024-12-16,0.00,17
1072,215,2024-12-01,2025-01-01,10558.89,10558.89,Paid,2026-05-07 21:28:30,2026-05-07 21:28:30,,monthly,2024-12-06,0.00,40
1073,215,2024-12-01,2024-12-01,-8613.11,-8613.11,Paid,2026-05-07 21:28:30,2026-05-07 21:28:30,,move_out,2024-12-16,0.00,40
1074,66,2024-12-01,2025-01-01,14022.04,14022.04,Paid,2026-05-07 21:28:30,2026-05-07 21:28:30,,monthly,2024-12-06,0.00,33
1075,66,2025-01-01,2025-02-01,13358.09,13358.09,Paid,2026-05-07 21:28:30,2026-05-07 21:28:30,,monthly,2025-01-06,0.00,33
1076,66,2025-02-01,2025-03-01,13736.88,13736.88,Paid,2026-05-07 21:28:30,2026-05-07 21:28:30,,monthly,2025-02-06,0.00,33
1077,66,2025-02-01,2025-02-01,-11355.12,-11355.12,Paid,2026-05-07 21:28:30,2026-05-07 21:28:30,,move_out,2025-02-16,0.00,33
1078,56,2024-12-01,2025-01-01,10058.89,10058.89,Paid,2026-05-07 21:28:30,2026-05-07 21:28:30,,monthly,2024-12-06,0.00,18
1079,56,2025-01-01,2025-02-01,9813.28,9813.28,Paid,2026-05-07 21:28:30,2026-05-07 21:28:30,,monthly,2025-01-06,0.00,18
1080,56,2025-02-01,2025-03-01,10132.47,10132.47,Paid,2026-05-07 21:28:30,2026-05-07 21:28:30,,monthly,2025-02-06,0.00,18
1081,56,2025-03-01,2025-04-01,9978.37,9978.37,Paid,2026-05-07 21:28:30,2026-05-07 21:28:30,,monthly,2025-03-06,0.00,18
1082,56,2025-04-01,2025-05-01,9918.80,9918.80,Paid,2026-05-07 21:28:30,2026-05-07 21:28:30,,monthly,2025-04-06,0.00,18
1083,56,2025-05-01,2025-06-01,9941.82,9941.82,Paid,2026-05-07 21:28:30,2026-05-07 21:28:30,,monthly,2025-05-06,0.00,18
1084,56,2025-05-01,2025-05-01,-8730.18,-8730.18,Paid,2026-05-07 21:28:30,2026-05-07 21:28:30,,move_out,2025-05-16,0.00,18
1085,175,2024-12-01,2025-01-01,12911.08,12911.08,Paid,2026-05-07 21:28:30,2026-05-07 21:28:30,,monthly,2024-12-06,0.00,29
1086,175,2025-01-01,2025-02-01,12208.32,12208.32,Paid,2026-05-07 21:28:30,2026-05-07 21:28:30,,monthly,2025-01-06,0.00,29
1087,175,2025-02-01,2025-03-01,12415.61,12415.61,Paid,2026-05-07 21:28:30,2026-05-07 21:28:30,,monthly,2025-02-06,0.00,29
1088,175,2025-02-01,2025-02-01,-10214.39,-10214.39,Paid,2026-05-07 21:28:30,2026-05-07 21:28:30,,move_out,2025-02-16,0.00,29
1089,13,2024-12-01,2025-01-01,9855.43,9855.43,Paid,2026-05-07 21:28:30,2026-05-07 21:28:30,,monthly,2024-12-06,0.00,8
1090,13,2025-01-01,2025-02-01,10099.30,10099.30,Paid,2026-05-07 21:28:30,2026-05-07 21:28:30,,monthly,2025-01-06,0.00,8
1091,13,2025-02-01,2025-03-01,8794.66,8794.66,Paid,2026-05-07 21:28:30,2026-05-07 21:28:30,,monthly,2025-02-06,0.00,8
1092,13,2025-02-01,2025-02-01,-6187.34,-6187.34,Paid,2026-05-07 21:28:30,2026-05-07 21:28:30,,move_out,2025-02-16,0.00,8
1093,125,2024-12-01,2025-01-01,9792.01,9792.01,Paid,2026-05-07 21:28:30,2026-05-07 21:28:30,,monthly,2024-12-06,0.00,36
1094,125,2025-01-01,2025-02-01,9218.57,9218.57,Paid,2026-05-07 21:28:30,2026-05-07 21:28:30,,monthly,2025-01-06,0.00,36
1095,125,2025-02-01,2025-03-01,8975.13,8975.13,Paid,2026-05-07 21:28:30,2026-05-07 21:28:30,,monthly,2025-02-06,0.00,36
1096,125,2025-03-01,2025-04-01,9609.99,9609.99,Paid,2026-05-07 21:28:30,2026-05-07 21:28:30,,monthly,2025-03-06,0.00,36
1097,125,2025-04-01,2025-05-01,9674.69,9674.69,Paid,2026-05-07 21:28:30,2026-05-07 21:28:30,,monthly,2025-04-06,0.00,36
1098,125,2025-05-01,2025-06-01,8584.87,8584.87,Paid,2026-05-07 21:28:30,2026-05-07 21:28:30,,monthly,2025-05-06,0.00,36
1099,125,2025-06-01,2025-07-01,8816.84,8816.84,Paid,2026-05-07 21:28:30,2026-05-07 21:28:30,,monthly,2025-06-06,0.00,36
1100,125,2025-07-01,2025-08-01,9690.89,9690.89,Paid,2026-05-07 21:28:30,2026-05-07 21:28:30,,monthly,2025-07-06,0.00,36
1101,125,2025-08-01,2025-09-01,8574.02,8574.02,Paid,2026-05-07 21:28:30,2026-05-07 21:28:30,,monthly,2025-08-06,0.00,36
1102,125,2025-09-01,2025-10-01,9036.27,9036.27,Paid,2026-05-07 21:28:30,2026-05-07 21:28:30,,monthly,2025-09-06,0.00,36
1103,125,2025-10-01,2025-11-01,8955.77,8955.77,Paid,2026-05-07 21:28:31,2026-05-07 21:28:31,,monthly,2025-10-06,0.00,36
1104,125,2025-11-01,2025-12-01,7948.09,7948.09,Paid,2026-05-07 21:28:31,2026-05-07 21:28:31,,monthly,2025-11-06,0.00,36
1105,125,2025-11-01,2025-11-01,-6225.91,-6225.91,Paid,2026-05-07 21:28:31,2026-05-07 21:28:31,,move_out,2025-11-16,0.00,36
1106,82,2024-11-01,2024-12-01,23630.00,23630.00,Paid,2026-05-07 21:28:31,2026-05-07 21:28:31,,move_in,2024-11-01,0.00,28
1107,82,2024-12-01,2025-01-01,13878.54,13878.54,Paid,2026-05-07 21:28:31,2026-05-07 21:28:31,,monthly,2024-12-06,0.00,28
1108,82,2025-01-01,2025-02-01,14129.43,14129.43,Paid,2026-05-07 21:28:31,2026-05-07 21:28:31,,monthly,2025-01-06,0.00,28
1109,82,2025-02-01,2025-03-01,13849.10,13849.10,Paid,2026-05-07 21:28:31,2026-05-07 21:28:31,,monthly,2025-02-06,0.00,28
1110,82,2025-03-01,2025-04-01,13271.86,13271.86,Paid,2026-05-07 21:28:31,2026-05-07 21:28:31,,monthly,2025-03-06,0.00,28
1111,82,2025-04-01,2025-05-01,14105.11,14105.11,Paid,2026-05-07 21:28:31,2026-05-07 21:28:31,,monthly,2025-04-06,0.00,28
1112,82,2025-05-01,2025-06-01,14110.23,14110.23,Paid,2026-05-07 21:28:31,2026-05-07 21:28:31,,monthly,2025-05-06,0.00,28
1113,82,2025-06-01,2025-07-01,13830.87,13830.87,Paid,2026-05-07 21:28:31,2026-05-07 21:28:31,,monthly,2025-06-06,0.00,28
1114,82,2025-07-01,2025-08-01,14658.71,14658.71,Paid,2026-05-07 21:28:31,2026-05-07 21:28:31,,monthly,2025-07-06,0.00,28
1115,82,2025-08-01,2025-09-01,13788.78,13788.78,Paid,2026-05-07 21:28:31,2026-05-07 21:28:31,,monthly,2025-08-06,0.00,28
1116,82,2025-09-01,2025-10-01,14149.14,14149.14,Paid,2026-05-07 21:28:31,2026-05-07 21:28:31,,monthly,2025-09-06,0.00,28
1117,82,2025-10-01,2025-11-01,13626.00,13626.00,Paid,2026-05-07 21:28:31,2026-05-07 21:28:31,,monthly,2025-10-06,0.00,28
1118,82,2025-11-01,2025-12-01,12758.22,12758.22,Paid,2026-05-07 21:28:31,2026-05-07 21:28:31,,monthly,2025-11-06,0.00,28
1119,82,2025-11-01,2025-11-01,-10871.78,-10871.78,Paid,2026-05-07 21:28:31,2026-05-07 21:28:31,,move_out,2025-11-16,0.00,28
1120,289,2024-12-01,2025-01-01,7919.99,7919.99,Paid,2026-05-07 21:28:31,2026-05-07 21:28:31,,monthly,2024-12-06,0.00,2
1121,289,2024-12-01,2024-12-01,-6426.01,-6426.01,Paid,2026-05-07 21:28:31,2026-05-07 21:28:31,,move_out,2024-12-16,0.00,2
1122,275,2025-01-01,2025-02-01,14108.45,14108.45,Paid,2026-05-07 21:28:31,2026-05-07 21:28:31,,monthly,2025-01-06,0.00,38
1123,275,2025-01-01,2025-01-01,-12049.55,-12049.55,Paid,2026-05-07 21:28:31,2026-05-07 21:28:31,,move_out,2025-01-16,0.00,38
1124,146,2025-01-01,2025-02-01,8120.70,8120.70,Paid,2026-05-07 21:28:31,2026-05-07 21:28:31,,monthly,2025-01-06,0.00,20
1125,146,2025-02-01,2025-03-01,8516.44,8516.44,Paid,2026-05-07 21:28:31,2026-05-07 21:28:31,,monthly,2025-02-06,0.00,20
1126,146,2025-03-01,2025-04-01,8107.22,8107.22,Paid,2026-05-07 21:28:31,2026-05-07 21:28:31,,monthly,2025-03-06,0.00,20
1127,146,2025-04-01,2025-05-01,8540.30,8540.30,Paid,2026-05-07 21:28:31,2026-05-07 21:28:31,,monthly,2025-04-06,0.00,20
1128,146,2025-05-01,2025-06-01,8581.82,8581.82,Paid,2026-05-07 21:28:31,2026-05-07 21:28:31,,monthly,2025-05-06,0.00,20
1129,146,2025-06-01,2025-07-01,8293.82,8293.82,Paid,2026-05-07 21:28:31,2026-05-07 21:28:31,,monthly,2025-06-06,0.00,20
1130,146,2025-07-01,2025-08-01,8165.10,8165.10,Paid,2026-05-07 21:28:31,2026-05-07 21:28:31,,monthly,2025-07-06,0.00,20
1131,146,2025-08-01,2025-09-01,8439.72,8439.72,Paid,2026-05-07 21:28:31,2026-05-07 21:28:31,,monthly,2025-08-06,0.00,20
1132,146,2025-09-01,2025-10-01,8185.36,8185.36,Paid,2026-05-07 21:28:31,2026-05-07 21:28:31,,monthly,2025-09-06,0.00,20
1133,146,2025-10-01,2025-11-01,7944.11,7944.11,Paid,2026-05-07 21:28:31,2026-05-07 21:28:31,,monthly,2025-10-06,0.00,20
1134,146,2025-11-01,2025-12-01,8463.02,8463.02,Paid,2026-05-07 21:28:31,2026-05-07 21:28:31,,monthly,2025-11-06,0.00,20
1135,146,2025-12-01,2026-01-01,8079.30,8079.30,Paid,2026-05-07 21:28:31,2026-05-07 21:28:31,,monthly,2025-12-06,0.00,20
1136,146,2025-12-01,2025-12-01,-6630.70,-6630.70,Paid,2026-05-07 21:28:31,2026-05-07 21:28:31,,move_out,2025-12-16,0.00,20
1137,136,2024-12-01,2025-01-01,13846.00,13846.00,Paid,2026-05-07 21:28:31,2026-05-07 21:28:31,,move_in,2024-12-01,0.00,32
1138,136,2025-01-01,2025-02-01,7823.03,7823.03,Paid,2026-05-07 21:28:31,2026-05-07 21:28:31,,monthly,2025-01-06,0.00,32
1139,136,2025-02-01,2025-03-01,7720.56,7720.56,Paid,2026-05-07 21:28:31,2026-05-07 21:28:31,,monthly,2025-02-06,0.00,32
1140,136,2025-03-01,2025-04-01,7454.38,7454.38,Paid,2026-05-07 21:28:31,2026-05-07 21:28:31,,monthly,2025-03-06,0.00,32
1141,136,2025-04-01,2025-05-01,7628.27,7628.27,Paid,2026-05-07 21:28:31,2026-05-07 21:28:31,,monthly,2025-04-06,0.00,32
1142,136,2025-05-01,2025-06-01,7685.13,7685.13,Paid,2026-05-07 21:28:31,2026-05-07 21:28:31,,monthly,2025-05-06,0.00,32
1143,136,2025-06-01,2025-07-01,7443.74,7443.74,Paid,2026-05-07 21:28:31,2026-05-07 21:28:31,,monthly,2025-06-06,0.00,32
1144,136,2025-06-01,2025-06-01,-6402.26,-6402.26,Paid,2026-05-07 21:28:31,2026-05-07 21:28:31,,move_out,2025-06-16,0.00,32
1145,164,2025-01-01,2025-02-01,8323.03,8323.03,Paid,2026-05-07 21:28:31,2026-05-07 21:28:31,,monthly,2025-01-06,0.00,17
1146,164,2025-02-01,2025-03-01,8220.56,8220.56,Paid,2026-05-07 21:28:31,2026-05-07 21:28:31,,monthly,2025-02-06,0.00,17
1147,164,2025-03-01,2025-04-01,7954.38,7954.38,Paid,2026-05-07 21:28:31,2026-05-07 21:28:31,,monthly,2025-03-06,0.00,17
1148,164,2025-03-01,2025-03-01,-6391.62,-6391.62,Paid,2026-05-07 21:28:31,2026-05-07 21:28:31,,move_out,2025-03-16,0.00,17
1149,290,2025-01-01,2025-02-01,7823.03,7823.03,Paid,2026-05-07 21:28:32,2026-05-07 21:28:32,,monthly,2025-01-06,0.00,2
1150,290,2025-02-01,2025-03-01,7720.56,7720.56,Paid,2026-05-07 21:28:32,2026-05-07 21:28:32,,monthly,2025-02-06,0.00,2
1151,290,2025-03-01,2025-04-01,7454.38,7454.38,Paid,2026-05-07 21:28:32,2026-05-07 21:28:32,,monthly,2025-03-06,0.00,2
1152,290,2025-04-01,2025-05-01,7628.27,7628.27,Paid,2026-05-07 21:28:32,2026-05-07 21:28:32,,monthly,2025-04-06,0.00,2
1153,290,2025-05-01,2025-06-01,7685.13,7685.13,Paid,2026-05-07 21:28:32,2026-05-07 21:28:32,,monthly,2025-05-06,0.00,2
1154,290,2025-06-01,2025-07-01,7443.74,7443.74,Paid,2026-05-07 21:28:32,2026-05-07 21:28:32,,monthly,2025-06-06,0.00,2
1155,290,2025-07-01,2025-08-01,7673.82,7673.82,Paid,2026-05-07 21:28:32,2026-05-07 21:28:32,,monthly,2025-07-06,0.00,2
1156,290,2025-08-01,2025-09-01,7660.06,7660.06,Paid,2026-05-07 21:28:32,2026-05-07 21:28:32,,monthly,2025-08-06,0.00,2
1157,290,2025-09-01,2025-10-01,7731.26,7731.26,Paid,2026-05-07 21:28:32,2026-05-07 21:28:32,,monthly,2025-09-06,0.00,2
1158,290,2025-10-01,2025-11-01,7420.60,7420.60,Paid,2026-05-07 21:28:32,2026-05-07 21:28:32,,monthly,2025-10-06,0.00,2
1159,290,2025-11-01,2025-12-01,7481.38,7481.38,Paid,2026-05-07 21:28:32,2026-05-07 21:28:32,,monthly,2025-11-06,0.00,2
1160,290,2025-12-01,2026-01-01,7487.20,7487.20,Paid,2026-05-07 21:28:32,2026-05-07 21:28:32,,monthly,2025-12-06,0.00,2
1161,290,2025-12-01,2025-12-01,-6358.80,-6358.80,Paid,2026-05-07 21:28:32,2026-05-07 21:28:32,,move_out,2025-12-16,0.00,2
1162,216,2025-01-01,2025-02-01,9813.28,9813.28,Paid,2026-05-07 21:28:32,2026-05-07 21:28:32,,monthly,2025-01-06,0.00,40
1163,216,2025-02-01,2025-03-01,10132.47,10132.47,Paid,2026-05-07 21:28:32,2026-05-07 21:28:32,,monthly,2025-02-06,0.00,40
1164,216,2025-03-01,2025-04-01,9978.37,9978.37,Paid,2026-05-07 21:28:32,2026-05-07 21:28:32,,monthly,2025-03-06,0.00,40
1165,216,2025-04-01,2025-05-01,9918.80,9918.80,Paid,2026-05-07 21:28:32,2026-05-07 21:28:32,,monthly,2025-04-06,0.00,40
1166,216,2025-05-01,2025-06-01,9941.82,9941.82,Paid,2026-05-07 21:28:32,2026-05-07 21:28:32,,monthly,2025-05-06,0.00,40
1167,216,2025-06-01,2025-07-01,9881.32,9881.32,Paid,2026-05-07 21:28:32,2026-05-07 21:28:32,,monthly,2025-06-06,0.00,40
1168,216,2025-07-01,2025-08-01,9980.70,9980.70,Paid,2026-05-07 21:28:32,2026-05-07 21:28:32,,monthly,2025-07-06,0.00,40
1169,216,2025-08-01,2025-09-01,10208.36,10208.36,Paid,2026-05-07 21:28:32,2026-05-07 21:28:32,,monthly,2025-08-06,0.00,40
1170,216,2025-09-01,2025-10-01,10208.40,10208.40,Paid,2026-05-07 21:28:32,2026-05-07 21:28:32,,monthly,2025-09-06,0.00,40
1171,216,2025-10-01,2025-11-01,10012.55,10012.55,Paid,2026-05-07 21:28:32,2026-05-07 21:28:32,,monthly,2025-10-06,0.00,40
1172,216,2025-11-01,2025-12-01,9937.31,9937.31,Paid,2026-05-07 21:28:32,2026-05-07 21:28:32,,monthly,2025-11-06,0.00,40
1173,216,2025-12-01,2026-01-01,9955.02,9955.02,Paid,2026-05-07 21:28:32,2026-05-07 21:28:32,,monthly,2025-12-06,0.00,40
1174,216,2025-12-01,2025-12-01,-8716.98,-8716.98,Paid,2026-05-07 21:28:32,2026-05-07 21:28:32,,move_out,2025-12-16,0.00,40
1175,257,2024-12-01,2025-01-01,26338.00,26338.00,Paid,2026-05-07 21:28:32,2026-05-07 21:28:32,,move_in,2024-12-01,0.00,34
1176,257,2025-01-01,2025-02-01,16476.48,16476.48,Paid,2026-05-07 21:28:32,2026-05-07 21:28:32,,monthly,2025-01-06,0.00,34
1177,257,2025-02-01,2025-03-01,16262.53,16262.53,Paid,2026-05-07 21:28:32,2026-05-07 21:28:32,,monthly,2025-02-06,0.00,34
1178,257,2025-03-01,2025-04-01,14862.94,14862.94,Paid,2026-05-07 21:28:32,2026-05-07 21:28:32,,monthly,2025-03-06,0.00,34
1179,257,2025-03-01,2025-03-01,-11975.06,-11975.06,Paid,2026-05-07 21:28:32,2026-05-07 21:28:32,,move_out,2025-03-16,0.00,34
1180,231,2025-01-01,2025-02-01,11986.47,11986.47,Paid,2026-05-07 21:28:32,2026-05-07 21:28:32,,monthly,2025-01-06,0.00,22
1181,231,2025-02-01,2025-03-01,12064.16,12064.16,Paid,2026-05-07 21:28:32,2026-05-07 21:28:32,,monthly,2025-02-06,0.00,22
1182,231,2025-03-01,2025-04-01,10963.61,10963.61,Paid,2026-05-07 21:28:32,2026-05-07 21:28:32,,monthly,2025-03-06,0.00,22
1183,231,2025-03-01,2025-03-01,-8160.39,-8160.39,Paid,2026-05-07 21:28:32,2026-05-07 21:28:32,,move_out,2025-03-16,0.00,22
1184,189,2025-02-01,2025-03-01,9908.38,9908.38,Paid,2026-05-07 21:28:32,2026-05-07 21:28:32,,monthly,2025-02-06,0.00,24
1185,189,2025-03-01,2025-04-01,9286.42,9286.42,Paid,2026-05-07 21:28:32,2026-05-07 21:28:32,,monthly,2025-03-06,0.00,24
1186,189,2025-04-01,2025-05-01,7938.90,7938.90,Paid,2026-05-07 21:28:32,2026-05-07 21:28:32,,monthly,2025-04-06,0.00,24
1187,189,2025-04-01,2025-04-01,-5997.10,-5997.10,Paid,2026-05-07 21:28:32,2026-05-07 21:28:32,,move_out,2025-04-16,0.00,24
1188,106,2025-02-01,2025-03-01,10632.47,10632.47,Paid,2026-05-07 21:28:32,2026-05-07 21:28:32,,monthly,2025-02-06,0.00,30
1189,106,2025-03-01,2025-04-01,10478.37,10478.37,Paid,2026-05-07 21:28:32,2026-05-07 21:28:32,,monthly,2025-03-06,0.00,30
1190,106,2025-04-01,2025-05-01,10418.80,10418.80,Paid,2026-05-07 21:28:32,2026-05-07 21:28:32,,monthly,2025-04-06,0.00,30
1191,106,2025-04-01,2025-04-01,-8753.20,-8753.20,Paid,2026-05-07 21:28:32,2026-05-07 21:28:32,,move_out,2025-04-16,0.00,30
1192,39,2025-01-01,2025-02-01,22694.00,22694.00,Paid,2026-05-07 21:28:32,2026-05-07 21:28:32,,move_in,2025-01-01,0.00,14
1193,39,2025-02-01,2025-03-01,12912.83,12912.83,Paid,2026-05-07 21:28:32,2026-05-07 21:28:32,,monthly,2025-02-06,0.00,14
1194,39,2025-02-01,2025-02-01,-10281.17,-10281.17,Paid,2026-05-07 21:28:32,2026-05-07 21:28:32,,move_out,2025-02-16,0.00,14
1195,276,2025-02-01,2025-03-01,14537.84,14537.84,Paid,2026-05-07 21:28:33,2026-05-07 21:28:33,,monthly,2025-02-06,0.00,38
1196,276,2025-03-01,2025-04-01,14639.72,14639.72,Paid,2026-05-07 21:28:33,2026-05-07 21:28:33,,monthly,2025-03-06,0.00,38
1197,276,2025-04-01,2025-05-01,13859.81,13859.81,Paid,2026-05-07 21:28:33,2026-05-07 21:28:33,,monthly,2025-04-06,0.00,38
1198,276,2025-04-01,2025-04-01,-12298.19,-12298.19,Paid,2026-05-07 21:28:33,2026-05-07 21:28:33,,move_out,2025-04-16,0.00,38
1199,35,2025-02-01,2025-03-01,14317.50,14317.50,Paid,2026-05-07 21:28:33,2026-05-07 21:28:33,,monthly,2025-02-06,0.00,12
1200,35,2025-03-01,2025-04-01,13778.30,13778.30,Paid,2026-05-07 21:28:33,2026-05-07 21:28:33,,monthly,2025-03-06,0.00,12
1201,35,2025-04-01,2025-05-01,13415.28,13415.28,Paid,2026-05-07 21:28:33,2026-05-07 21:28:33,,monthly,2025-04-06,0.00,12
1202,35,2025-05-01,2025-06-01,14073.71,14073.71,Paid,2026-05-07 21:28:33,2026-05-07 21:28:33,,monthly,2025-05-06,0.00,12
1203,35,2025-06-01,2025-07-01,13335.83,13335.83,Paid,2026-05-07 21:28:33,2026-05-07 21:28:33,,monthly,2025-06-06,0.00,12
1204,35,2025-07-01,2025-08-01,13623.22,13623.22,Paid,2026-05-07 21:28:33,2026-05-07 21:28:33,,monthly,2025-07-06,0.00,12
1205,35,2025-08-01,2025-09-01,14192.03,14192.03,Paid,2026-05-07 21:28:33,2026-05-07 21:28:33,,monthly,2025-08-06,0.00,12
1206,35,2025-09-01,2025-10-01,13848.37,13848.37,Paid,2026-05-07 21:28:33,2026-05-07 21:28:33,,monthly,2025-09-06,0.00,12
1207,35,2025-10-01,2025-11-01,13680.15,13680.15,Paid,2026-05-07 21:28:33,2026-05-07 21:28:33,,monthly,2025-10-06,0.00,12
1208,35,2025-11-01,2025-12-01,14536.96,14536.96,Paid,2026-05-07 21:28:33,2026-05-07 21:28:33,,monthly,2025-11-06,0.00,12
1209,35,2025-12-01,2026-01-01,13730.34,13730.34,Paid,2026-05-07 21:28:33,2026-05-07 21:28:33,,monthly,2025-12-06,0.00,12
1210,35,2026-01-01,2026-02-01,12965.54,12965.54,Paid,2026-05-07 21:28:33,2026-05-07 21:28:33,,monthly,2026-01-06,0.00,12
1211,35,2026-01-01,2026-01-01,-11042.46,-11042.46,Paid,2026-05-07 21:28:33,2026-05-07 21:28:33,,move_out,2026-01-16,0.00,12
1212,78,2025-02-01,2025-03-01,13736.88,13736.88,Paid,2026-05-07 21:28:33,2026-05-07 21:28:33,,monthly,2025-02-06,0.00,35
1213,78,2025-03-01,2025-04-01,13425.67,13425.67,Paid,2026-05-07 21:28:33,2026-05-07 21:28:33,,monthly,2025-03-06,0.00,35
1214,78,2025-04-01,2025-05-01,13243.43,13243.43,Paid,2026-05-07 21:28:33,2026-05-07 21:28:33,,monthly,2025-04-06,0.00,35
1215,78,2025-04-01,2025-04-01,-11848.57,-11848.57,Paid,2026-05-07 21:28:33,2026-05-07 21:28:33,,move_out,2025-04-16,0.00,35
1216,67,2025-03-01,2025-04-01,13425.67,13425.67,Paid,2026-05-07 21:28:33,2026-05-07 21:28:33,,monthly,2025-03-06,0.00,33
1217,67,2025-04-01,2025-05-01,13243.43,13243.43,Paid,2026-05-07 21:28:33,2026-05-07 21:28:33,,monthly,2025-04-06,0.00,33
1218,67,2025-05-01,2025-06-01,13173.67,13173.67,Paid,2026-05-07 21:28:33,2026-05-07 21:28:33,,monthly,2025-05-06,0.00,33
1219,67,2025-05-01,2025-05-01,-11918.33,-11918.33,Paid,2026-05-07 21:28:33,2026-05-07 21:28:33,,move_out,2025-05-16,0.00,33
1220,176,2025-03-01,2025-04-01,12148.97,12148.97,Paid,2026-05-07 21:28:33,2026-05-07 21:28:33,,monthly,2025-03-06,0.00,29
1221,176,2025-04-01,2025-05-01,11916.36,11916.36,Paid,2026-05-07 21:28:33,2026-05-07 21:28:33,,monthly,2025-04-06,0.00,29
1222,176,2025-05-01,2025-06-01,11658.46,11658.46,Paid,2026-05-07 21:28:33,2026-05-07 21:28:33,,monthly,2025-05-06,0.00,29
1223,176,2025-06-01,2025-07-01,11732.05,11732.05,Paid,2026-05-07 21:28:33,2026-05-07 21:28:33,,monthly,2025-06-06,0.00,29
1224,176,2025-07-01,2025-08-01,11528.72,11528.72,Paid,2026-05-07 21:28:33,2026-05-07 21:28:33,,monthly,2025-07-06,0.00,29
1225,176,2025-08-01,2025-09-01,11367.43,11367.43,Paid,2026-05-07 21:28:33,2026-05-07 21:28:33,,monthly,2025-08-06,0.00,29
1226,176,2025-08-01,2025-08-01,-10762.57,-10762.57,Paid,2026-05-07 21:28:33,2026-05-07 21:28:33,,move_out,2025-08-16,0.00,29
1227,199,2025-03-01,2025-04-01,12948.02,12948.02,Paid,2026-05-07 21:28:33,2026-05-07 21:28:33,,monthly,2025-03-06,0.00,11
1228,199,2025-04-01,2025-05-01,12025.75,12025.75,Paid,2026-05-07 21:28:33,2026-05-07 21:28:33,,monthly,2025-04-06,0.00,11
1229,199,2025-05-01,2025-06-01,11728.02,11728.02,Paid,2026-05-07 21:28:33,2026-05-07 21:28:33,,monthly,2025-05-06,0.00,11
1230,199,2025-05-01,2025-05-01,-9121.98,-9121.98,Paid,2026-05-07 21:28:33,2026-05-07 21:28:33,,move_out,2025-05-16,0.00,11
1231,40,2025-03-01,2025-04-01,14267.80,14267.80,Paid,2026-05-07 21:28:33,2026-05-07 21:28:33,,monthly,2025-03-06,0.00,14
1232,40,2025-04-01,2025-05-01,14050.34,14050.34,Paid,2026-05-07 21:28:33,2026-05-07 21:28:33,,monthly,2025-04-06,0.00,14
1233,40,2025-05-01,2025-06-01,12776.12,12776.12,Paid,2026-05-07 21:28:33,2026-05-07 21:28:33,,monthly,2025-05-06,0.00,14
1234,40,2025-05-01,2025-05-01,-10417.88,-10417.88,Paid,2026-05-07 21:28:33,2026-05-07 21:28:33,,move_out,2025-05-16,0.00,14
1235,169,2025-02-01,2025-03-01,25626.00,25626.00,Paid,2026-05-07 21:28:34,2026-05-07 21:28:34,,move_in,2025-02-01,0.00,39
1236,169,2025-03-01,2025-04-01,14379.44,14379.44,Paid,2026-05-07 21:28:34,2026-05-07 21:28:34,,monthly,2025-03-06,0.00,39
1237,169,2025-04-01,2025-05-01,14364.33,14364.33,Paid,2026-05-07 21:28:34,2026-05-07 21:28:34,,monthly,2025-04-06,0.00,39
1238,169,2025-05-01,2025-06-01,13960.20,13960.20,Paid,2026-05-07 21:28:34,2026-05-07 21:28:34,,monthly,2025-05-06,0.00,39
1239,169,2025-05-01,2025-05-01,-12165.80,-12165.80,Paid,2026-05-07 21:28:34,2026-05-07 21:28:34,,move_out,2025-05-16,0.00,39
1240,14,2025-03-01,2025-04-01,9270.15,9270.15,Paid,2026-05-07 21:28:34,2026-05-07 21:28:34,,monthly,2025-03-06,0.00,8
1241,14,2025-04-01,2025-05-01,8657.09,8657.09,Paid,2026-05-07 21:28:34,2026-05-07 21:28:34,,monthly,2025-04-06,0.00,8
1242,14,2025-05-01,2025-06-01,8959.13,8959.13,Paid,2026-05-07 21:28:34,2026-05-07 21:28:34,,monthly,2025-05-06,0.00,8
1243,14,2025-06-01,2025-07-01,9478.87,9478.87,Paid,2026-05-07 21:28:34,2026-05-07 21:28:34,,monthly,2025-06-06,0.00,8
1244,14,2025-07-01,2025-08-01,9154.27,9154.27,Paid,2026-05-07 21:28:34,2026-05-07 21:28:34,,monthly,2025-07-06,0.00,8
1245,14,2025-08-01,2025-09-01,8297.50,8297.50,Paid,2026-05-07 21:28:34,2026-05-07 21:28:34,,monthly,2025-08-06,0.00,8
1246,14,2025-08-01,2025-08-01,-6184.50,-6184.50,Paid,2026-05-07 21:28:34,2026-05-07 21:28:34,,move_out,2025-08-16,0.00,8
1247,258,2025-04-01,2025-05-01,15399.60,15399.60,Paid,2026-05-07 21:28:34,2026-05-07 21:28:34,,monthly,2025-04-06,0.00,34
1248,258,2025-05-01,2025-06-01,15118.86,15118.86,Paid,2026-05-07 21:28:34,2026-05-07 21:28:34,,monthly,2025-05-06,0.00,34
1249,258,2025-06-01,2025-07-01,14864.36,14864.36,Paid,2026-05-07 21:28:34,2026-05-07 21:28:34,,monthly,2025-06-06,0.00,34
1250,258,2025-07-01,2025-08-01,15478.53,15478.53,Paid,2026-05-07 21:28:34,2026-05-07 21:28:34,,monthly,2025-07-06,0.00,34
1251,258,2025-08-01,2025-09-01,15354.62,15354.62,Paid,2026-05-07 21:28:34,2026-05-07 21:28:34,,monthly,2025-08-06,0.00,34
1252,258,2025-09-01,2025-10-01,14023.61,14023.61,Paid,2026-05-07 21:28:34,2026-05-07 21:28:34,,monthly,2025-09-06,0.00,34
1253,258,2025-09-01,2025-09-01,-12314.39,-12314.39,Paid,2026-05-07 21:28:34,2026-05-07 21:28:34,,move_out,2025-09-16,0.00,34
1254,253,2025-04-01,2025-05-01,14289.39,14289.39,Paid,2026-05-07 21:28:34,2026-05-07 21:28:34,,monthly,2025-04-06,0.00,41
1255,253,2025-04-01,2025-04-01,-11054.61,-11054.61,Paid,2026-05-07 21:28:34,2026-05-07 21:28:34,,move_out,2025-04-16,0.00,41
1256,112,2025-03-01,2025-04-01,24592.00,24592.00,Paid,2026-05-07 21:28:34,2026-05-07 21:28:34,,move_in,2025-03-01,0.00,27
1257,112,2025-04-01,2025-05-01,12743.43,12743.43,Paid,2026-05-07 21:28:34,2026-05-07 21:28:34,,monthly,2025-04-06,0.00,27
1258,112,2025-05-01,2025-06-01,12673.67,12673.67,Paid,2026-05-07 21:28:34,2026-05-07 21:28:34,,monthly,2025-05-06,0.00,27
1259,112,2025-06-01,2025-07-01,13058.56,13058.56,Paid,2026-05-07 21:28:34,2026-05-07 21:28:34,,monthly,2025-06-06,0.00,27
1260,112,2025-07-01,2025-08-01,12707.05,12707.05,Paid,2026-05-07 21:28:34,2026-05-07 21:28:34,,monthly,2025-07-06,0.00,27
1261,112,2025-08-01,2025-09-01,12972.08,12972.08,Paid,2026-05-07 21:28:34,2026-05-07 21:28:34,,monthly,2025-08-06,0.00,27
1262,112,2025-09-01,2025-10-01,12633.83,12633.83,Paid,2026-05-07 21:28:34,2026-05-07 21:28:34,,monthly,2025-09-06,0.00,27
1263,112,2025-09-01,2025-09-01,-11958.17,-11958.17,Paid,2026-05-07 21:28:34,2026-05-07 21:28:34,,move_out,2025-09-16,0.00,27
1264,165,2025-04-01,2025-05-01,7628.27,7628.27,Paid,2026-05-07 21:28:34,2026-05-07 21:28:34,,monthly,2025-04-06,0.00,17
1265,165,2025-05-01,2025-06-01,7685.13,7685.13,Paid,2026-05-07 21:28:34,2026-05-07 21:28:34,,monthly,2025-05-06,0.00,17
1266,165,2025-06-01,2025-07-01,7443.74,7443.74,Paid,2026-05-07 21:28:34,2026-05-07 21:28:34,,monthly,2025-06-06,0.00,17
1267,165,2025-07-01,2025-08-01,7673.82,7673.82,Paid,2026-05-07 21:28:34,2026-05-07 21:28:34,,monthly,2025-07-06,0.00,17
1268,165,2025-08-01,2025-09-01,7660.06,7660.06,Paid,2026-05-07 21:28:34,2026-05-07 21:28:34,,monthly,2025-08-06,0.00,17
1269,165,2025-09-01,2025-10-01,7731.26,7731.26,Paid,2026-05-07 21:28:34,2026-05-07 21:28:34,,monthly,2025-09-06,0.00,17
1270,165,2025-10-01,2025-11-01,7420.60,7420.60,Paid,2026-05-07 21:28:34,2026-05-07 21:28:34,,monthly,2025-10-06,0.00,17
1271,165,2025-11-01,2025-12-01,7481.38,7481.38,Paid,2026-05-07 21:28:34,2026-05-07 21:28:34,,monthly,2025-11-06,0.00,17
1272,165,2025-12-01,2026-01-01,7487.20,7487.20,Paid,2026-05-07 21:28:34,2026-05-07 21:28:34,,monthly,2025-12-06,0.00,17
1273,165,2026-01-01,2026-02-01,7732.60,7732.60,Paid,2026-05-07 21:28:34,2026-05-07 21:28:34,,monthly,2026-01-06,0.00,17
1274,165,2026-02-01,2026-03-01,7759.10,7759.10,Paid,2026-05-07 21:28:34,2026-05-07 21:28:34,,monthly,2026-02-06,0.00,17
1275,165,2026-03-01,2026-04-01,7229.72,7229.72,Paid,2026-05-07 21:28:34,2026-05-07 21:28:34,,monthly,2026-03-06,0.00,17
1276,165,2026-03-01,2026-03-01,-6616.28,-6616.28,Paid,2026-05-07 21:28:34,2026-05-07 21:28:34,,move_out,2026-03-16,0.00,17
1277,232,2025-04-01,2025-05-01,11407.18,11407.18,Paid,2026-05-07 21:28:34,2026-05-07 21:28:34,,monthly,2025-04-06,0.00,22
1278,232,2025-05-01,2025-06-01,11302.64,11302.64,Paid,2026-05-07 21:28:34,2026-05-07 21:28:34,,monthly,2025-05-06,0.00,22
1279,232,2025-06-01,2025-07-01,10654.26,10654.26,Paid,2026-05-07 21:28:34,2026-05-07 21:28:34,,monthly,2025-06-06,0.00,22
1280,232,2025-07-01,2025-08-01,11128.35,11128.35,Paid,2026-05-07 21:28:34,2026-05-07 21:28:34,,monthly,2025-07-06,0.00,22
1281,232,2025-08-01,2025-09-01,11169.91,11169.91,Paid,2026-05-07 21:28:34,2026-05-07 21:28:34,,monthly,2025-08-06,0.00,22
1282,232,2025-09-01,2025-10-01,10169.46,10169.46,Paid,2026-05-07 21:28:34,2026-05-07 21:28:34,,monthly,2025-09-06,0.00,22
1283,232,2025-09-01,2025-09-01,-8454.54,-8454.54,Paid,2026-05-07 21:28:34,2026-05-07 21:28:34,,move_out,2025-09-16,0.00,22
1284,190,2025-05-01,2025-06-01,8437.87,8437.87,Paid,2026-05-07 21:28:35,2026-05-07 21:28:35,,monthly,2025-05-06,0.00,24
1285,190,2025-06-01,2025-07-01,8725.06,8725.06,Paid,2026-05-07 21:28:35,2026-05-07 21:28:35,,monthly,2025-06-06,0.00,24
1286,190,2025-07-01,2025-08-01,8885.07,8885.07,Paid,2026-05-07 21:28:35,2026-05-07 21:28:35,,monthly,2025-07-06,0.00,24
1287,190,2025-08-01,2025-09-01,9400.05,9400.05,Paid,2026-05-07 21:28:35,2026-05-07 21:28:35,,monthly,2025-08-06,0.00,24
1288,190,2025-09-01,2025-10-01,8509.98,8509.98,Paid,2026-05-07 21:28:35,2026-05-07 21:28:35,,monthly,2025-09-06,0.00,24
1289,190,2025-10-01,2025-11-01,7551.08,7551.08,Paid,2026-05-07 21:28:35,2026-05-07 21:28:35,,monthly,2025-10-06,0.00,24
1290,190,2025-10-01,2025-10-01,-5884.92,-5884.92,Paid,2026-05-07 21:28:35,2026-05-07 21:28:35,,move_out,2025-10-16,0.00,24
1291,277,2025-05-01,2025-06-01,14207.64,14207.64,Paid,2026-05-07 21:28:35,2026-05-07 21:28:35,,monthly,2025-05-06,0.00,38
1292,277,2025-06-01,2025-07-01,14097.44,14097.44,Paid,2026-05-07 21:28:35,2026-05-07 21:28:35,,monthly,2025-06-06,0.00,38
1293,277,2025-07-01,2025-08-01,14108.86,14108.86,Paid,2026-05-07 21:28:35,2026-05-07 21:28:35,,monthly,2025-07-06,0.00,38
1294,277,2025-07-01,2025-07-01,-12049.14,-12049.14,Paid,2026-05-07 21:28:35,2026-05-07 21:28:35,,move_out,2025-07-16,0.00,38
1295,79,2025-05-01,2025-06-01,13173.67,13173.67,Paid,2026-05-07 21:28:35,2026-05-07 21:28:35,,monthly,2025-05-06,0.00,35
1296,79,2025-06-01,2025-07-01,13558.56,13558.56,Paid,2026-05-07 21:28:35,2026-05-07 21:28:35,,monthly,2025-06-06,0.00,35
1297,79,2025-07-01,2025-08-01,13207.05,13207.05,Paid,2026-05-07 21:28:35,2026-05-07 21:28:35,,monthly,2025-07-06,0.00,35
1298,79,2025-07-01,2025-07-01,-11884.95,-11884.95,Paid,2026-05-07 21:28:35,2026-05-07 21:28:35,,move_out,2025-07-16,0.00,35
1299,21,2025-05-01,2025-06-01,13517.48,13517.48,Paid,2026-05-07 21:28:35,2026-05-07 21:28:35,,monthly,2025-05-06,0.00,10
1300,21,2025-06-01,2025-07-01,13302.58,13302.58,Paid,2026-05-07 21:28:35,2026-05-07 21:28:35,,monthly,2025-06-06,0.00,10
1301,21,2025-07-01,2025-08-01,12681.19,12681.19,Paid,2026-05-07 21:28:35,2026-05-07 21:28:35,,monthly,2025-07-06,0.00,10
1302,21,2025-08-01,2025-09-01,13525.57,13525.57,Paid,2026-05-07 21:28:35,2026-05-07 21:28:35,,monthly,2025-08-06,0.00,10
1303,21,2025-09-01,2025-10-01,13504.57,13504.57,Paid,2026-05-07 21:28:35,2026-05-07 21:28:35,,monthly,2025-09-06,0.00,10
1304,21,2025-10-01,2025-11-01,12942.44,12942.44,Paid,2026-05-07 21:28:35,2026-05-07 21:28:35,,monthly,2025-10-06,0.00,10
1305,21,2025-11-01,2025-12-01,13961.48,13961.48,Paid,2026-05-07 21:28:35,2026-05-07 21:28:35,,monthly,2025-11-06,0.00,10
1306,21,2025-12-01,2026-01-01,12839.59,12839.59,Paid,2026-05-07 21:28:35,2026-05-07 21:28:35,,monthly,2025-12-06,0.00,10
1307,21,2026-01-01,2026-02-01,13051.34,13051.34,Paid,2026-05-07 21:28:35,2026-05-07 21:28:35,,monthly,2026-01-06,0.00,10
1308,21,2026-02-01,2026-03-01,12835.30,12835.30,Paid,2026-05-07 21:28:35,2026-05-07 21:28:35,,monthly,2026-02-06,0.00,10
1309,21,2026-03-01,2026-04-01,13155.71,13155.71,Paid,2026-05-07 21:28:35,2026-05-07 21:28:35,,monthly,2026-03-06,0.00,10
1310,21,2026-04-01,2026-05-01,11801.02,11801.02,Paid,2026-05-07 21:28:35,2026-05-07 21:28:35,,monthly,2026-04-06,0.00,10
1311,21,2026-04-01,2026-04-01,-10282.98,-10282.98,Paid,2026-05-07 21:28:35,2026-05-07 21:28:35,,move_out,2026-04-16,0.00,10
1312,254,2025-05-01,2025-06-01,15006.80,15006.80,Paid,2026-05-07 21:28:35,2026-05-07 21:28:35,,monthly,2025-05-06,0.00,41
1313,254,2025-06-01,2025-07-01,14492.35,14492.35,Paid,2026-05-07 21:28:35,2026-05-07 21:28:35,,monthly,2025-06-06,0.00,41
1314,254,2025-07-01,2025-08-01,14190.84,14190.84,Paid,2026-05-07 21:28:35,2026-05-07 21:28:35,,monthly,2025-07-06,0.00,41
1315,254,2025-07-01,2025-07-01,-11153.16,-11153.16,Paid,2026-05-07 21:28:35,2026-05-07 21:28:35,,move_out,2025-07-16,0.00,41
1316,107,2025-05-01,2025-06-01,9941.82,9941.82,Paid,2026-05-07 21:28:35,2026-05-07 21:28:35,,monthly,2025-05-06,0.00,30
1317,107,2025-06-01,2025-07-01,9881.32,9881.32,Paid,2026-05-07 21:28:35,2026-05-07 21:28:35,,monthly,2025-06-06,0.00,30
1318,107,2025-07-01,2025-08-01,9980.70,9980.70,Paid,2026-05-07 21:28:35,2026-05-07 21:28:35,,monthly,2025-07-06,0.00,30
1319,107,2025-08-01,2025-09-01,10208.36,10208.36,Paid,2026-05-07 21:28:35,2026-05-07 21:28:35,,monthly,2025-08-06,0.00,30
1320,107,2025-09-01,2025-10-01,10208.40,10208.40,Paid,2026-05-07 21:28:35,2026-05-07 21:28:35,,monthly,2025-09-06,0.00,30
1321,107,2025-10-01,2025-11-01,10012.55,10012.55,Paid,2026-05-07 21:28:35,2026-05-07 21:28:35,,monthly,2025-10-06,0.00,30
1322,107,2025-10-01,2025-10-01,-8659.45,-8659.45,Paid,2026-05-07 21:28:35,2026-05-07 21:28:35,,move_out,2025-10-16,0.00,30
1323,90,2025-05-01,2025-06-01,14813.28,14813.28,Paid,2026-05-07 21:28:35,2026-05-07 21:28:35,,monthly,2025-05-06,0.00,23
1324,90,2025-06-01,2025-07-01,14513.24,14513.24,Paid,2026-05-07 21:28:35,2026-05-07 21:28:35,,monthly,2025-06-06,0.00,23
1325,90,2025-07-01,2025-08-01,14616.10,14616.10,Paid,2026-05-07 21:28:35,2026-05-07 21:28:35,,monthly,2025-07-06,0.00,23
1326,90,2025-08-01,2025-09-01,14638.76,14638.76,Paid,2026-05-07 21:28:35,2026-05-07 21:28:35,,monthly,2025-08-06,0.00,23
1327,90,2025-09-01,2025-10-01,14509.06,14509.06,Paid,2026-05-07 21:28:35,2026-05-07 21:28:35,,monthly,2025-09-06,0.00,23
1328,90,2025-10-01,2025-11-01,14412.85,14412.85,Paid,2026-05-07 21:28:35,2026-05-07 21:28:35,,monthly,2025-10-06,0.00,23
1329,90,2025-11-01,2025-12-01,14788.87,14788.87,Paid,2026-05-07 21:28:35,2026-05-07 21:28:35,,monthly,2025-11-06,0.00,23
1330,90,2025-12-01,2026-01-01,14821.96,14821.96,Paid,2026-05-07 21:28:35,2026-05-07 21:28:35,,monthly,2025-12-06,0.00,23
1331,90,2026-01-01,2026-02-01,14559.14,14559.14,Paid,2026-05-07 21:28:35,2026-05-07 21:28:35,,monthly,2026-01-06,0.00,23
1332,90,2026-02-01,2026-03-01,14760.14,14760.14,Paid,2026-05-07 21:28:35,2026-05-07 21:28:35,,monthly,2026-02-06,0.00,23
1333,90,2026-03-01,2026-04-01,14681.71,14681.71,Paid,2026-05-07 21:28:35,2026-05-07 21:28:35,,monthly,2026-03-06,0.00,23
1334,90,2026-04-01,2026-05-01,14564.31,14564.31,Paid,2026-05-07 21:28:35,2026-05-07 21:28:35,,monthly,2026-04-06,0.00,23
1335,90,2026-04-01,2026-04-01,-12921.69,-12921.69,Paid,2026-05-07 21:28:35,2026-05-07 21:28:35,,move_out,2026-04-16,0.00,23
1336,200,2025-06-01,2025-07-01,12803.68,12803.68,Paid,2026-05-07 21:28:36,2026-05-07 21:28:36,,monthly,2025-06-06,0.00,11
1337,200,2025-07-01,2025-08-01,11390.69,11390.69,Paid,2026-05-07 21:28:36,2026-05-07 21:28:36,,monthly,2025-07-06,0.00,11
1338,200,2025-08-01,2025-09-01,12093.70,12093.70,Paid,2026-05-07 21:28:36,2026-05-07 21:28:36,,monthly,2025-08-06,0.00,11
1339,200,2025-09-01,2025-10-01,12593.28,12593.28,Paid,2026-05-07 21:28:36,2026-05-07 21:28:36,,monthly,2025-09-06,0.00,11
1340,200,2025-10-01,2025-11-01,12839.64,12839.64,Paid,2026-05-07 21:28:36,2026-05-07 21:28:36,,monthly,2025-10-06,0.00,11
1341,200,2025-11-01,2025-12-01,12002.84,12002.84,Paid,2026-05-07 21:28:36,2026-05-07 21:28:36,,monthly,2025-11-06,0.00,11
1342,200,2025-12-01,2026-01-01,11510.77,11510.77,Paid,2026-05-07 21:28:36,2026-05-07 21:28:36,,monthly,2025-12-06,0.00,11
1343,200,2026-01-01,2026-02-01,12442.63,12442.63,Paid,2026-05-07 21:28:36,2026-05-07 21:28:36,,monthly,2026-01-06,0.00,11
1344,200,2026-02-01,2026-03-01,12724.28,12724.28,Paid,2026-05-07 21:28:36,2026-05-07 21:28:36,,monthly,2026-02-06,0.00,11
1345,200,2026-03-01,2026-04-01,12164.52,12164.52,Paid,2026-05-07 21:28:36,2026-05-07 21:28:36,,monthly,2026-03-06,0.00,11
1346,200,2026-04-01,2026-05-01,12342.30,12342.30,Paid,2026-05-07 21:28:36,2026-05-07 21:28:36,,monthly,2026-04-06,0.00,11
1347,200,2026-05-01,2026-06-01,10987.46,10987.46,Paid,2026-05-07 21:28:36,2026-05-07 21:28:36,,monthly,2026-05-06,0.00,11
1348,200,2026-05-01,2026-05-01,-9362.54,-9362.54,Paid,2026-05-07 21:28:36,2026-05-07 21:28:36,,move_out,2026-05-16,0.00,11
1349,68,2025-06-01,2025-07-01,13058.56,13058.56,Paid,2026-05-07 21:28:36,2026-05-07 21:28:36,,monthly,2025-06-06,0.00,33
1350,68,2025-07-01,2025-08-01,12707.05,12707.05,Paid,2026-05-07 21:28:36,2026-05-07 21:28:36,,monthly,2025-07-06,0.00,33
1351,68,2025-08-01,2025-09-01,12972.08,12972.08,Paid,2026-05-07 21:28:36,2026-05-07 21:28:36,,monthly,2025-08-06,0.00,33
1352,68,2025-09-01,2025-10-01,12633.83,12633.83,Paid,2026-05-07 21:28:36,2026-05-07 21:28:36,,monthly,2025-09-06,0.00,33
1353,68,2025-10-01,2025-11-01,12897.78,12897.78,Paid,2026-05-07 21:28:36,2026-05-07 21:28:36,,monthly,2025-10-06,0.00,33
1354,68,2025-11-01,2025-12-01,12638.69,12638.69,Paid,2026-05-07 21:28:36,2026-05-07 21:28:36,,monthly,2025-11-06,0.00,33
1355,68,2025-11-01,2025-11-01,-11953.31,-11953.31,Paid,2026-05-07 21:28:36,2026-05-07 21:28:36,,move_out,2025-11-16,0.00,33
1356,170,2025-06-01,2025-07-01,13647.93,13647.93,Paid,2026-05-07 21:28:36,2026-05-07 21:28:36,,monthly,2025-06-06,0.00,39
1357,170,2025-07-01,2025-08-01,13777.12,13777.12,Paid,2026-05-07 21:28:36,2026-05-07 21:28:36,,monthly,2025-07-06,0.00,39
1358,170,2025-08-01,2025-09-01,13830.05,13830.05,Paid,2026-05-07 21:28:36,2026-05-07 21:28:36,,monthly,2025-08-06,0.00,39
1359,170,2025-09-01,2025-10-01,13761.46,13761.46,Paid,2026-05-07 21:28:36,2026-05-07 21:28:36,,monthly,2025-09-06,0.00,39
1360,170,2025-10-01,2025-11-01,13572.83,13572.83,Paid,2026-05-07 21:28:36,2026-05-07 21:28:36,,monthly,2025-10-06,0.00,39
1361,170,2025-11-01,2025-12-01,13818.49,13818.49,Paid,2026-05-07 21:28:36,2026-05-07 21:28:36,,monthly,2025-11-06,0.00,39
1362,170,2025-12-01,2026-01-01,13575.79,13575.79,Paid,2026-05-07 21:28:36,2026-05-07 21:28:36,,monthly,2025-12-06,0.00,39
1363,170,2026-01-01,2026-02-01,13788.29,13788.29,Paid,2026-05-07 21:28:36,2026-05-07 21:28:36,,monthly,2026-01-06,0.00,39
1364,170,2026-02-01,2026-03-01,13753.12,13753.12,Paid,2026-05-07 21:28:36,2026-05-07 21:28:36,,monthly,2026-02-06,0.00,39
1365,170,2026-03-01,2026-04-01,14003.45,14003.45,Paid,2026-05-07 21:28:36,2026-05-07 21:28:36,,monthly,2026-03-06,0.00,39
1366,170,2026-04-01,2026-05-01,13755.70,13755.70,Paid,2026-05-07 21:28:36,2026-05-07 21:28:36,,monthly,2026-04-06,0.00,39
1367,170,2026-05-01,2026-06-01,13393.08,13393.08,Paid,2026-05-07 21:28:36,2026-05-07 21:28:36,,monthly,2026-05-06,0.00,39
1368,170,2026-05-01,2026-05-01,-12232.92,-12232.92,Paid,2026-05-07 21:28:36,2026-05-07 21:28:36,,move_out,2026-05-16,0.00,39
1369,6,2025-06-01,2025-07-01,12232.05,12232.05,Paid,2026-05-07 21:28:36,2026-05-07 21:28:36,,monthly,2025-06-06,0.00,6
1370,6,2025-06-01,2025-06-01,-10397.95,-10397.95,Paid,2026-05-07 21:28:36,2026-05-07 21:28:36,,move_out,2025-06-16,0.00,6
1371,157,2025-06-01,2025-07-01,12933.47,12933.47,Paid,2026-05-07 21:28:36,2026-05-07 21:28:36,,monthly,2025-06-06,0.00,9
1372,157,2025-07-01,2025-08-01,12457.28,12457.28,Paid,2026-05-07 21:28:36,2026-05-07 21:28:36,,monthly,2025-07-06,0.00,9
1373,157,2025-08-01,2025-09-01,13066.98,13066.98,Paid,2026-05-07 21:28:36,2026-05-07 21:28:36,,monthly,2025-08-06,0.00,9
1374,157,2025-09-01,2025-10-01,12449.64,12449.64,Paid,2026-05-07 21:28:36,2026-05-07 21:28:36,,monthly,2025-09-06,0.00,9
1375,157,2025-10-01,2025-11-01,12917.86,12917.86,Paid,2026-05-07 21:28:36,2026-05-07 21:28:36,,monthly,2025-10-06,0.00,9
1376,157,2025-11-01,2025-12-01,13095.83,13095.83,Paid,2026-05-07 21:28:36,2026-05-07 21:28:36,,monthly,2025-11-06,0.00,9
1377,157,2025-12-01,2026-01-01,13110.68,13110.68,Paid,2026-05-07 21:28:36,2026-05-07 21:28:36,,monthly,2025-12-06,0.00,9
1378,157,2026-01-01,2026-02-01,13519.25,13519.25,Paid,2026-05-07 21:28:36,2026-05-07 21:28:36,,monthly,2026-01-06,0.00,9
1379,157,2026-02-01,2026-03-01,12654.71,12654.71,Paid,2026-05-07 21:28:36,2026-05-07 21:28:36,,monthly,2026-02-06,0.00,9
1380,157,2026-03-01,2026-04-01,12457.94,12457.94,Paid,2026-05-07 21:28:36,2026-05-07 21:28:36,,monthly,2026-03-06,0.00,9
1381,157,2026-04-01,2026-05-01,12021.15,12021.15,Paid,2026-05-07 21:28:36,2026-05-07 21:28:36,,monthly,2026-04-06,0.00,9
1382,157,2026-05-01,2026-06-01,11786.37,11786.37,Paid,2026-05-07 21:28:36,2026-05-07 21:28:36,,monthly,2026-05-06,0.00,9
1383,157,2026-05-01,2026-05-01,-9509.63,-9509.63,Paid,2026-05-07 21:28:36,2026-05-07 21:28:36,,move_out,2026-05-16,0.00,9
1384,57,2025-06-01,2025-07-01,10381.32,10381.32,Paid,2026-05-07 21:28:36,2026-05-07 21:28:36,,monthly,2025-06-06,0.00,18
1385,57,2025-06-01,2025-06-01,-8790.68,-8790.68,Paid,2026-05-07 21:28:36,2026-05-07 21:28:36,,move_out,2025-06-16,0.00,18
1386,41,2025-06-01,2025-07-01,14143.13,14143.13,Paid,2026-05-07 21:28:37,2026-05-07 21:28:37,,monthly,2025-06-06,0.00,14
1387,41,2025-07-01,2025-08-01,14439.70,14439.70,Paid,2026-05-07 21:28:37,2026-05-07 21:28:37,,monthly,2025-07-06,0.00,14
1388,41,2025-08-01,2025-09-01,12593.68,12593.68,Paid,2026-05-07 21:28:37,2026-05-07 21:28:37,,monthly,2025-08-06,0.00,14
1389,41,2025-08-01,2025-08-01,-10600.32,-10600.32,Paid,2026-05-07 21:28:37,2026-05-07 21:28:37,,move_out,2025-08-16,0.00,14
1390,137,2025-07-01,2025-08-01,7673.82,7673.82,Paid,2026-05-07 21:28:37,2026-05-07 21:28:37,,monthly,2025-07-06,0.00,32
1391,137,2025-08-01,2025-09-01,7660.06,7660.06,Paid,2026-05-07 21:28:37,2026-05-07 21:28:37,,monthly,2025-08-06,0.00,32
1392,137,2025-09-01,2025-10-01,7731.26,7731.26,Paid,2026-05-07 21:28:37,2026-05-07 21:28:37,,monthly,2025-09-06,0.00,32
1393,137,2025-10-01,2025-11-01,7420.60,7420.60,Paid,2026-05-07 21:28:37,2026-05-07 21:28:37,,monthly,2025-10-06,0.00,32
1394,137,2025-11-01,2025-12-01,7481.38,7481.38,Paid,2026-05-07 21:28:37,2026-05-07 21:28:37,,monthly,2025-11-06,0.00,32
1395,137,2025-12-01,2026-01-01,7487.20,7487.20,Paid,2026-05-07 21:28:37,2026-05-07 21:28:37,,monthly,2025-12-06,0.00,32
1396,137,2025-12-01,2025-12-01,-6358.80,-6358.80,Paid,2026-05-07 21:28:37,2026-05-07 21:28:37,,move_out,2025-12-16,0.00,32
1397,7,2025-07-01,2025-08-01,12028.72,12028.72,Paid,2026-05-07 21:28:37,2026-05-07 21:28:37,,monthly,2025-07-06,0.00,6
1398,7,2025-07-01,2025-07-01,-10601.28,-10601.28,Paid,2026-05-07 21:28:37,2026-05-07 21:28:37,,move_out,2025-07-16,0.00,6
1399,101,2025-07-01,2025-08-01,8789.32,8789.32,Paid,2026-05-07 21:28:37,2026-05-07 21:28:37,,monthly,2025-07-06,0.00,15
1400,101,2025-08-01,2025-09-01,8807.84,8807.84,Paid,2026-05-07 21:28:37,2026-05-07 21:28:37,,monthly,2025-08-06,0.00,15
1401,101,2025-09-01,2025-10-01,8338.73,8338.73,Paid,2026-05-07 21:28:37,2026-05-07 21:28:37,,monthly,2025-09-06,0.00,15
1402,101,2025-10-01,2025-11-01,8462.14,8462.14,Paid,2026-05-07 21:28:37,2026-05-07 21:28:37,,monthly,2025-10-06,0.00,15
1403,101,2025-11-01,2025-12-01,8035.96,8035.96,Paid,2026-05-07 21:28:37,2026-05-07 21:28:37,,monthly,2025-11-06,0.00,15
1404,101,2025-12-01,2026-01-01,7419.96,7419.96,Paid,2026-05-07 21:28:37,2026-05-07 21:28:37,,monthly,2025-12-06,0.00,15
1405,101,2025-12-01,2025-12-01,-5236.04,-5236.04,Paid,2026-05-07 21:28:37,2026-05-07 21:28:37,,move_out,2025-12-16,0.00,15
1406,238,2025-07-01,2025-08-01,13608.86,13608.86,Paid,2026-05-07 21:28:37,2026-05-07 21:28:37,,monthly,2025-07-06,0.00,26
1407,238,2025-08-01,2025-09-01,13814.97,13814.97,Paid,2026-05-07 21:28:37,2026-05-07 21:28:37,,monthly,2025-08-06,0.00,26
1408,238,2025-09-01,2025-10-01,13708.69,13708.69,Paid,2026-05-07 21:28:37,2026-05-07 21:28:37,,monthly,2025-09-06,0.00,26
1409,238,2025-10-01,2025-11-01,13547.43,13547.43,Paid,2026-05-07 21:28:37,2026-05-07 21:28:37,,monthly,2025-10-06,0.00,26
1410,238,2025-11-01,2025-12-01,13930.81,13930.81,Paid,2026-05-07 21:28:37,2026-05-07 21:28:37,,monthly,2025-11-06,0.00,26
1411,238,2025-12-01,2026-01-01,13715.92,13715.92,Paid,2026-05-07 21:28:37,2026-05-07 21:28:37,,monthly,2025-12-06,0.00,26
1412,238,2025-12-01,2025-12-01,-11942.08,-11942.08,Paid,2026-05-07 21:28:37,2026-05-07 21:28:37,,move_out,2025-12-16,0.00,26
1413,58,2025-07-01,2025-08-01,9980.70,9980.70,Paid,2026-05-07 21:28:37,2026-05-07 21:28:37,,monthly,2025-07-06,0.00,18
1414,58,2025-08-01,2025-09-01,10208.36,10208.36,Paid,2026-05-07 21:28:37,2026-05-07 21:28:37,,monthly,2025-08-06,0.00,18
1415,58,2025-09-01,2025-10-01,10208.40,10208.40,Paid,2026-05-07 21:28:37,2026-05-07 21:28:37,,monthly,2025-09-06,0.00,18
1416,58,2025-10-01,2025-11-01,10012.55,10012.55,Paid,2026-05-07 21:28:37,2026-05-07 21:28:37,,monthly,2025-10-06,0.00,18
1417,58,2025-11-01,2025-12-01,9937.31,9937.31,Paid,2026-05-07 21:28:37,2026-05-07 21:28:37,,monthly,2025-11-06,0.00,18
1418,58,2025-12-01,2026-01-01,9955.02,9955.02,Paid,2026-05-07 21:28:37,2026-05-07 21:28:37,,monthly,2025-12-06,0.00,18
1419,58,2026-01-01,2026-02-01,9812.92,9812.92,Paid,2026-05-07 21:28:37,2026-05-07 21:28:37,,monthly,2026-01-06,0.00,18
1420,58,2026-02-01,2026-03-01,10138.48,10138.48,Paid,2026-05-07 21:28:37,2026-05-07 21:28:37,,monthly,2026-02-06,0.00,18
1421,58,2026-03-01,2026-04-01,9884.82,9884.82,Paid,2026-05-07 21:28:37,2026-05-07 21:28:37,,monthly,2026-03-06,0.00,18
1422,58,2026-04-01,2026-05-01,9586.03,9586.03,Paid,2026-05-07 21:28:37,2026-05-07 21:28:37,,monthly,2026-04-06,0.00,18
1423,58,2026-05-01,2026-06-01,9791.40,9791.40,Paid,2026-05-07 21:28:37,2026-05-07 21:28:37,,monthly,2026-05-06,0.00,18
1424,8,2025-08-01,2025-09-01,11367.43,11367.43,Paid,2026-05-07 21:28:37,2026-05-07 21:28:37,,monthly,2025-08-06,0.00,6
1425,8,2025-09-01,2025-10-01,11515.37,11515.37,Paid,2026-05-07 21:28:37,2026-05-07 21:28:37,,monthly,2025-09-06,0.00,6
1426,8,2025-10-01,2025-11-01,11540.29,11540.29,Paid,2026-05-07 21:28:37,2026-05-07 21:28:37,,monthly,2025-10-06,0.00,6
1427,8,2025-11-01,2025-12-01,11706.89,11706.89,Paid,2026-05-07 21:28:37,2026-05-07 21:28:37,,monthly,2025-11-06,0.00,6
1428,8,2025-12-01,2026-01-01,11779.92,11779.92,Paid,2026-05-07 21:28:37,2026-05-07 21:28:37,,monthly,2025-12-06,0.00,6
1429,8,2026-01-01,2026-02-01,11542.70,11542.70,Paid,2026-05-07 21:28:37,2026-05-07 21:28:37,,monthly,2026-01-06,0.00,6
1430,8,2026-01-01,2026-01-01,-10587.30,-10587.30,Paid,2026-05-07 21:28:37,2026-05-07 21:28:37,,move_out,2026-01-16,0.00,6
1431,255,2025-08-01,2025-09-01,15014.60,15014.60,Paid,2026-05-07 21:28:38,2026-05-07 21:28:38,,monthly,2025-08-06,0.00,41
1432,255,2025-09-01,2025-10-01,15047.85,15047.85,Paid,2026-05-07 21:28:38,2026-05-07 21:28:38,,monthly,2025-09-06,0.00,41
1433,255,2025-10-01,2025-11-01,14151.50,14151.50,Paid,2026-05-07 21:28:38,2026-05-07 21:28:38,,monthly,2025-10-06,0.00,41
1434,255,2025-10-01,2025-10-01,-11192.50,-11192.50,Paid,2026-05-07 21:28:38,2026-05-07 21:28:38,,move_out,2025-10-16,0.00,41
1435,134,2025-08-01,2025-09-01,7126.08,7126.08,Paid,2026-05-07 21:28:38,2026-05-07 21:28:38,,monthly,2025-08-06,0.00,19
1436,134,2025-08-01,2025-08-01,-4763.92,-4763.92,Paid,2026-05-07 21:28:38,2026-05-07 21:28:38,,move_out,2025-08-16,0.00,19
1437,80,2025-08-01,2025-09-01,12972.08,12972.08,Paid,2026-05-07 21:28:38,2026-05-07 21:28:38,,monthly,2025-08-06,0.00,35
1438,80,2025-09-01,2025-10-01,12633.83,12633.83,Paid,2026-05-07 21:28:38,2026-05-07 21:28:38,,monthly,2025-09-06,0.00,35
1439,80,2025-10-01,2025-11-01,12897.78,12897.78,Paid,2026-05-07 21:28:38,2026-05-07 21:28:38,,monthly,2025-10-06,0.00,35
1440,80,2025-11-01,2025-12-01,12638.69,12638.69,Paid,2026-05-07 21:28:38,2026-05-07 21:28:38,,monthly,2025-11-06,0.00,35
1441,80,2025-12-01,2026-01-01,12704.62,12704.62,Paid,2026-05-07 21:28:38,2026-05-07 21:28:38,,monthly,2025-12-06,0.00,35
1442,80,2026-01-01,2026-02-01,12895.10,12895.10,Paid,2026-05-07 21:28:38,2026-05-07 21:28:38,,monthly,2026-01-06,0.00,35
1443,80,2026-01-01,2026-01-01,-11696.90,-11696.90,Paid,2026-05-07 21:28:38,2026-05-07 21:28:38,,move_out,2026-01-16,0.00,35
1444,51,2025-08-01,2025-09-01,13565.57,13565.57,Paid,2026-05-07 21:28:38,2026-05-07 21:28:38,,monthly,2025-08-06,0.00,16
1445,51,2025-09-01,2025-10-01,12819.63,12819.63,Paid,2026-05-07 21:28:38,2026-05-07 21:28:38,,monthly,2025-09-06,0.00,16
1446,51,2025-10-01,2025-11-01,12405.68,12405.68,Paid,2026-05-07 21:28:38,2026-05-07 21:28:38,,monthly,2025-10-06,0.00,16
1447,51,2025-10-01,2025-10-01,-9860.32,-9860.32,Paid,2026-05-07 21:28:38,2026-05-07 21:28:38,,move_out,2025-10-16,0.00,16
1448,278,2025-08-01,2025-09-01,13814.97,13814.97,Paid,2026-05-07 21:28:38,2026-05-07 21:28:38,,monthly,2025-08-06,0.00,38
1449,278,2025-09-01,2025-10-01,13708.69,13708.69,Paid,2026-05-07 21:28:38,2026-05-07 21:28:38,,monthly,2025-09-06,0.00,38
1450,278,2025-10-01,2025-11-01,13547.43,13547.43,Paid,2026-05-07 21:28:38,2026-05-07 21:28:38,,monthly,2025-10-06,0.00,38
1451,278,2025-11-01,2025-12-01,13930.81,13930.81,Paid,2026-05-07 21:28:38,2026-05-07 21:28:38,,monthly,2025-11-06,0.00,38
1452,278,2025-12-01,2026-01-01,13715.92,13715.92,Paid,2026-05-07 21:28:38,2026-05-07 21:28:38,,monthly,2025-12-06,0.00,38
1453,278,2026-01-01,2026-02-01,13411.31,13411.31,Paid,2026-05-07 21:28:38,2026-05-07 21:28:38,,monthly,2026-01-06,0.00,38
1454,278,2026-01-01,2026-01-01,-12246.69,-12246.69,Paid,2026-05-07 21:28:38,2026-05-07 21:28:38,,move_out,2026-01-16,0.00,38
1455,262,2025-07-01,2025-08-01,22130.00,22130.00,Paid,2026-05-07 21:28:38,2026-05-07 21:28:38,,move_in,2025-07-01,0.00,21
1456,262,2025-08-01,2025-09-01,11867.43,11867.43,Paid,2026-05-07 21:28:38,2026-05-07 21:28:38,,monthly,2025-08-06,0.00,21
1457,262,2025-09-01,2025-10-01,12015.37,12015.37,Paid,2026-05-07 21:28:38,2026-05-07 21:28:38,,monthly,2025-09-06,0.00,21
1458,262,2025-10-01,2025-11-01,12040.29,12040.29,Paid,2026-05-07 21:28:38,2026-05-07 21:28:38,,monthly,2025-10-06,0.00,21
1459,262,2025-10-01,2025-10-01,-10589.71,-10589.71,Paid,2026-05-07 21:28:38,2026-05-07 21:28:38,,move_out,2025-10-16,0.00,21
1460,182,2025-08-01,2025-09-01,14638.76,14638.76,Paid,2026-05-07 21:28:38,2026-05-07 21:28:38,,monthly,2025-08-06,0.00,37
1461,182,2025-09-01,2025-10-01,14509.06,14509.06,Paid,2026-05-07 21:28:38,2026-05-07 21:28:38,,monthly,2025-09-06,0.00,37
1462,182,2025-10-01,2025-11-01,14412.85,14412.85,Paid,2026-05-07 21:28:38,2026-05-07 21:28:38,,monthly,2025-10-06,0.00,37
1463,182,2025-11-01,2025-12-01,14788.87,14788.87,Paid,2026-05-07 21:28:38,2026-05-07 21:28:38,,monthly,2025-11-06,0.00,37
1464,182,2025-12-01,2026-01-01,14821.96,14821.96,Paid,2026-05-07 21:28:38,2026-05-07 21:28:38,,monthly,2025-12-06,0.00,37
1465,182,2026-01-01,2026-02-01,14559.14,14559.14,Paid,2026-05-07 21:28:38,2026-05-07 21:28:38,,monthly,2026-01-06,0.00,37
1466,182,2026-02-01,2026-03-01,14760.14,14760.14,Paid,2026-05-07 21:28:38,2026-05-07 21:28:38,,monthly,2026-02-06,0.00,37
1467,182,2026-03-01,2026-04-01,14681.71,14681.71,Paid,2026-05-07 21:28:38,2026-05-07 21:28:38,,monthly,2026-03-06,0.00,37
1468,182,2026-04-01,2026-05-01,14564.31,14564.31,Paid,2026-05-07 21:28:38,2026-05-07 21:28:38,,monthly,2026-04-06,0.00,37
1469,182,2026-05-01,2026-06-01,14586.43,14586.43,Paid,2026-05-07 21:28:38,2026-05-07 21:28:38,,monthly,2026-05-06,0.00,37
1470,42,2025-09-01,2025-10-01,13259.68,13259.68,Paid,2026-05-07 21:28:38,2026-05-07 21:28:38,,monthly,2025-09-06,0.00,14
1471,42,2025-10-01,2025-11-01,12769.31,12769.31,Paid,2026-05-07 21:28:38,2026-05-07 21:28:38,,monthly,2025-10-06,0.00,14
1472,42,2025-11-01,2025-12-01,13264.08,13264.08,Paid,2026-05-07 21:28:38,2026-05-07 21:28:38,,monthly,2025-11-06,0.00,14
1473,42,2025-12-01,2026-01-01,13199.38,13199.38,Paid,2026-05-07 21:28:38,2026-05-07 21:28:38,,monthly,2025-12-06,0.00,14
1474,42,2026-01-01,2026-02-01,13706.89,13706.89,Paid,2026-05-07 21:28:38,2026-05-07 21:28:38,,monthly,2026-01-06,0.00,14
1475,42,2026-02-01,2026-03-01,13114.98,13114.98,Paid,2026-05-07 21:28:38,2026-05-07 21:28:38,,monthly,2026-02-06,0.00,14
1476,42,2026-03-01,2026-04-01,12851.77,12851.77,Paid,2026-05-07 21:28:38,2026-05-07 21:28:38,,monthly,2026-03-06,0.00,14
1477,42,2026-04-01,2026-05-01,14155.22,14155.22,Paid,2026-05-07 21:28:38,2026-05-07 21:28:38,,monthly,2026-04-06,0.00,14
1478,42,2026-05-01,2026-06-01,12763.30,12763.30,Paid,2026-05-07 21:28:38,2026-05-07 21:28:38,,monthly,2026-05-06,0.00,14
1479,15,2025-09-01,2025-10-01,8941.65,8941.65,Paid,2026-05-07 21:28:39,2026-05-07 21:28:39,,monthly,2025-09-06,0.00,8
1480,15,2025-10-01,2025-11-01,9677.61,9677.61,Paid,2026-05-07 21:28:39,2026-05-07 21:28:39,,monthly,2025-10-06,0.00,8
1481,15,2025-11-01,2025-12-01,8567.79,8567.79,Paid,2026-05-07 21:28:39,2026-05-07 21:28:39,,monthly,2025-11-06,0.00,8
1482,15,2025-11-01,2025-11-01,-6414.21,-6414.21,Paid,2026-05-07 21:28:39,2026-05-07 21:28:39,,move_out,2025-11-16,0.00,8
1483,135,2025-09-01,2025-10-01,7723.45,7723.45,Paid,2026-05-07 21:28:39,2026-05-07 21:28:39,,monthly,2025-09-06,0.00,19
1484,135,2025-10-01,2025-11-01,7505.78,7505.78,Paid,2026-05-07 21:28:39,2026-05-07 21:28:39,,monthly,2025-10-06,0.00,19
1485,135,2025-11-01,2025-12-01,8009.82,8009.82,Paid,2026-05-07 21:28:39,2026-05-07 21:28:39,,monthly,2025-11-06,0.00,19
1486,135,2025-12-01,2026-01-01,7571.75,7571.75,Paid,2026-05-07 21:28:39,2026-05-07 21:28:39,,monthly,2025-12-06,0.00,19
1487,135,2026-01-01,2026-02-01,8038.44,8038.44,Paid,2026-05-07 21:28:39,2026-05-07 21:28:39,,monthly,2026-01-06,0.00,19
1488,135,2026-02-01,2026-03-01,8096.41,8096.41,Paid,2026-05-07 21:28:39,2026-05-07 21:28:39,,monthly,2026-02-06,0.00,19
1489,135,2026-03-01,2026-04-01,7885.31,7885.31,Paid,2026-05-07 21:28:39,2026-05-07 21:28:39,,monthly,2026-03-06,0.00,19
1490,135,2026-04-01,2026-05-01,8411.61,8411.61,Paid,2026-05-07 21:28:39,2026-05-07 21:28:39,,monthly,2026-04-06,0.00,19
1491,135,2026-05-01,2026-06-01,7232.92,7232.92,Paid,2026-05-07 21:28:39,2026-05-07 21:28:39,,monthly,2026-05-06,0.00,19
1492,177,2025-09-01,2025-10-01,12015.37,12015.37,Paid,2026-05-07 21:28:39,2026-05-07 21:28:39,,monthly,2025-09-06,0.00,29
1493,177,2025-09-01,2025-09-01,-10614.63,-10614.63,Paid,2026-05-07 21:28:39,2026-05-07 21:28:39,,move_out,2025-09-16,0.00,29
1494,259,2025-10-01,2025-11-01,14809.39,14809.39,Paid,2026-05-07 21:28:39,2026-05-07 21:28:39,,monthly,2025-10-06,0.00,34
1495,259,2025-10-01,2025-10-01,-12028.61,-12028.61,Paid,2026-05-07 21:28:39,2026-05-07 21:28:39,,move_out,2025-10-16,0.00,34
1496,233,2025-10-01,2025-11-01,11337.01,11337.01,Paid,2026-05-07 21:28:39,2026-05-07 21:28:39,,monthly,2025-10-06,0.00,22
1497,233,2025-11-01,2025-12-01,10819.14,10819.14,Paid,2026-05-07 21:28:39,2026-05-07 21:28:39,,monthly,2025-11-06,0.00,22
1498,233,2025-12-01,2026-01-01,11375.27,11375.27,Paid,2026-05-07 21:28:39,2026-05-07 21:28:39,,monthly,2025-12-06,0.00,22
1499,233,2026-01-01,2026-02-01,10573.42,10573.42,Paid,2026-05-07 21:28:39,2026-05-07 21:28:39,,monthly,2026-01-06,0.00,22
1500,233,2026-02-01,2026-03-01,12151.33,12151.33,Paid,2026-05-07 21:28:39,2026-05-07 21:28:39,,monthly,2026-02-06,0.00,22
1501,233,2026-03-01,2026-04-01,10543.11,10543.11,Paid,2026-05-07 21:28:39,2026-05-07 21:28:39,,monthly,2026-03-06,0.00,22
1502,233,2026-03-01,2026-03-01,-8080.89,-8080.89,Paid,2026-05-07 21:28:39,2026-05-07 21:28:39,,move_out,2026-03-16,0.00,22
1503,113,2025-10-01,2025-11-01,12897.78,12897.78,Paid,2026-05-07 21:28:39,2026-05-07 21:28:39,,monthly,2025-10-06,0.00,27
1504,113,2025-11-01,2025-12-01,12638.69,12638.69,Paid,2026-05-07 21:28:39,2026-05-07 21:28:39,,monthly,2025-11-06,0.00,27
1505,113,2025-12-01,2026-01-01,12704.62,12704.62,Paid,2026-05-07 21:28:39,2026-05-07 21:28:39,,monthly,2025-12-06,0.00,27
1506,113,2026-01-01,2026-02-01,12895.10,12895.10,Paid,2026-05-07 21:28:39,2026-05-07 21:28:39,,monthly,2026-01-06,0.00,27
1507,113,2026-02-01,2026-03-01,13099.34,13099.34,Paid,2026-05-07 21:28:39,2026-05-07 21:28:39,,monthly,2026-02-06,0.00,27
1508,113,2026-03-01,2026-04-01,13129.76,13129.76,Paid,2026-05-07 21:28:39,2026-05-07 21:28:39,,monthly,2026-03-06,0.00,27
1509,113,2026-04-01,2026-05-01,12705.66,12705.66,Paid,2026-05-07 21:28:39,2026-05-07 21:28:39,,monthly,2026-04-06,0.00,27
1510,113,2026-05-01,2026-06-01,12799.12,12799.12,Paid,2026-05-07 21:28:39,2026-05-07 21:28:39,,monthly,2026-05-06,0.00,27
1511,178,2025-10-01,2025-11-01,12040.29,12040.29,Paid,2026-05-07 21:28:39,2026-05-07 21:28:39,,monthly,2025-10-06,0.00,29
1512,178,2025-11-01,2025-12-01,12206.89,12206.89,Paid,2026-05-07 21:28:39,2026-05-07 21:28:39,,monthly,2025-11-06,0.00,29
1513,178,2025-12-01,2026-01-01,12279.92,12279.92,Paid,2026-05-07 21:28:39,2026-05-07 21:28:39,,monthly,2025-12-06,0.00,29
1514,178,2025-12-01,2025-12-01,-10350.08,-10350.08,Paid,2026-05-07 21:28:39,2026-05-07 21:28:39,,move_out,2025-12-16,0.00,29
1515,302,2025-11-01,2025-12-01,13818.49,13818.49,Paid,2026-05-07 21:28:40,2026-05-07 21:28:40,,monthly,2025-11-06,0.00,7
1516,302,2025-12-01,2026-01-01,13575.79,13575.79,Paid,2026-05-07 21:28:40,2026-05-07 21:28:40,,monthly,2025-12-06,0.00,7
1517,302,2026-01-01,2026-02-01,13788.29,13788.29,Paid,2026-05-07 21:28:40,2026-05-07 21:28:40,,monthly,2026-01-06,0.00,7
1518,302,2026-02-01,2026-03-01,13753.12,13753.12,Paid,2026-05-07 21:28:40,2026-05-07 21:28:40,,monthly,2026-02-06,0.00,7
1519,302,2026-03-01,2026-04-01,14003.45,14003.45,Paid,2026-05-07 21:28:40,2026-05-07 21:28:40,,monthly,2026-03-06,0.00,7
1520,302,2026-04-01,2026-05-01,13755.70,13755.70,Paid,2026-05-07 21:28:40,2026-05-07 21:28:40,,monthly,2026-04-06,0.00,7
1521,302,2026-05-01,2026-06-01,13393.08,13393.08,Paid,2026-05-07 21:28:40,2026-05-07 21:28:40,,monthly,2026-05-06,0.00,7
1522,52,2025-11-01,2025-12-01,12446.87,12446.87,Paid,2026-05-07 21:28:40,2026-05-07 21:28:40,,monthly,2025-11-06,0.00,16
1523,52,2025-12-01,2026-01-01,12777.67,12777.67,Paid,2026-05-07 21:28:40,2026-05-07 21:28:40,,monthly,2025-12-06,0.00,16
1524,52,2026-01-01,2026-02-01,12501.92,12501.92,Paid,2026-05-07 21:28:40,2026-05-07 21:28:40,,monthly,2026-01-06,0.00,16
1525,52,2026-02-01,2026-03-01,12433.11,12433.11,Paid,2026-05-07 21:28:40,2026-05-07 21:28:40,,monthly,2026-02-06,0.00,16
1526,52,2026-03-01,2026-04-01,12608.26,12608.26,Paid,2026-05-07 21:28:40,2026-05-07 21:28:40,,monthly,2026-03-06,0.00,16
1527,52,2026-04-01,2026-05-01,13157.53,13157.53,Paid,2026-05-07 21:28:40,2026-05-07 21:28:40,,monthly,2026-04-06,0.00,16
1528,52,2026-05-01,2026-06-01,12496.42,12496.42,Paid,2026-05-07 21:28:40,2026-05-07 21:28:40,,monthly,2026-05-06,0.00,16
1529,96,2025-11-01,2025-12-01,14601.18,14601.18,Paid,2026-05-07 21:28:40,2026-05-07 21:28:40,,monthly,2025-11-06,0.00,25
1530,96,2025-12-01,2026-01-01,13943.66,13943.66,Paid,2026-05-07 21:28:40,2026-05-07 21:28:40,,monthly,2025-12-06,0.00,25
1531,96,2026-01-01,2026-02-01,14173.15,14173.15,Paid,2026-05-07 21:28:40,2026-05-07 21:28:40,,monthly,2026-01-06,0.00,25
1532,96,2026-02-01,2026-03-01,14554.27,14554.27,Paid,2026-05-07 21:28:40,2026-05-07 21:28:40,,monthly,2026-02-06,0.00,25
1533,96,2026-03-01,2026-04-01,14119.98,14119.98,Paid,2026-05-07 21:28:40,2026-05-07 21:28:40,,monthly,2026-03-06,0.00,25
1534,96,2026-04-01,2026-05-01,14218.49,14218.49,Paid,2026-05-07 21:28:40,2026-05-07 21:28:40,,monthly,2026-04-06,0.00,25
1535,96,2026-05-01,2026-06-01,14848.10,14848.10,Paid,2026-05-07 21:28:40,2026-05-07 21:28:40,,monthly,2026-05-06,0.00,25
1536,108,2025-11-01,2025-12-01,10437.31,10437.31,Paid,2026-05-07 21:28:40,2026-05-07 21:28:40,,monthly,2025-11-06,0.00,30
1537,108,2025-12-01,2026-01-01,10455.02,10455.02,Paid,2026-05-07 21:28:40,2026-05-07 21:28:40,,monthly,2025-12-06,0.00,30
1538,108,2026-01-01,2026-02-01,10312.92,10312.92,Paid,2026-05-07 21:28:40,2026-05-07 21:28:40,,monthly,2026-01-06,0.00,30
1539,108,2026-01-01,2026-01-01,-8859.08,-8859.08,Paid,2026-05-07 21:28:40,2026-05-07 21:28:40,,move_out,2026-01-16,0.00,30
1540,191,2025-11-01,2025-12-01,9180.94,9180.94,Paid,2026-05-07 21:28:40,2026-05-07 21:28:40,,monthly,2025-11-06,0.00,24
1541,191,2025-12-01,2026-01-01,8601.14,8601.14,Paid,2026-05-07 21:28:40,2026-05-07 21:28:40,,monthly,2025-12-06,0.00,24
1542,191,2026-01-01,2026-02-01,8427.25,8427.25,Paid,2026-05-07 21:28:40,2026-05-07 21:28:40,,monthly,2026-01-06,0.00,24
1543,191,2026-01-01,2026-01-01,-5508.75,-5508.75,Paid,2026-05-07 21:28:40,2026-05-07 21:28:40,,move_out,2026-01-16,0.00,24
1544,207,2025-11-01,2025-12-01,8463.02,8463.02,Paid,2026-05-07 21:28:40,2026-05-07 21:28:40,,monthly,2025-11-06,0.00,31
1545,207,2025-12-01,2026-01-01,8079.30,8079.30,Paid,2026-05-07 21:28:40,2026-05-07 21:28:40,,monthly,2025-12-06,0.00,31
1546,207,2026-01-01,2026-02-01,8100.36,8100.36,Paid,2026-05-07 21:28:40,2026-05-07 21:28:40,,monthly,2026-01-06,0.00,31
1547,207,2026-02-01,2026-03-01,8557.17,8557.17,Paid,2026-05-07 21:28:40,2026-05-07 21:28:40,,monthly,2026-02-06,0.00,31
1548,207,2026-03-01,2026-04-01,8138.61,8138.61,Paid,2026-05-07 21:28:40,2026-05-07 21:28:40,,monthly,2026-03-06,0.00,31
1549,207,2026-04-01,2026-05-01,8009.70,8009.70,Paid,2026-05-07 21:28:40,2026-05-07 21:28:40,,monthly,2026-04-06,0.00,31
1550,207,2026-05-01,2026-06-01,8467.48,8467.48,Paid,2026-05-07 21:28:40,2026-05-07 21:28:40,,monthly,2026-05-06,0.00,31
1551,256,2025-11-01,2025-12-01,13666.83,13666.83,Paid,2026-05-07 21:28:40,2026-05-07 21:28:40,,monthly,2025-11-06,0.00,41
1552,256,2025-12-01,2026-01-01,15025.63,15025.63,Paid,2026-05-07 21:28:41,2026-05-07 21:28:41,,monthly,2025-12-06,0.00,41
1553,256,2026-01-01,2026-02-01,15140.39,15140.39,Paid,2026-05-07 21:28:41,2026-05-07 21:28:41,,monthly,2026-01-06,0.00,41
1554,256,2026-02-01,2026-03-01,14545.17,14545.17,Paid,2026-05-07 21:28:41,2026-05-07 21:28:41,,monthly,2026-02-06,0.00,41
1555,256,2026-03-01,2026-04-01,14592.12,14592.12,Paid,2026-05-07 21:28:41,2026-05-07 21:28:41,,monthly,2026-03-06,0.00,41
1556,256,2026-04-01,2026-05-01,14504.38,14504.38,Paid,2026-05-07 21:28:41,2026-05-07 21:28:41,,monthly,2026-04-06,0.00,41
1557,256,2026-05-01,2026-06-01,14159.37,14159.37,Unpaid,2026-05-07 21:28:41,2026-05-07 21:28:41,,monthly,2026-05-06,0.00,41
1558,260,2025-11-01,2025-12-01,14986.02,14986.02,Paid,2026-05-07 21:28:41,2026-05-07 21:28:41,,monthly,2025-11-06,0.00,34
1559,260,2025-12-01,2026-01-01,16226.25,16226.25,Paid,2026-05-07 21:28:41,2026-05-07 21:28:41,,monthly,2025-12-06,0.00,34
1560,260,2026-01-01,2026-02-01,14771.15,14771.15,Paid,2026-05-07 21:28:41,2026-05-07 21:28:41,,monthly,2026-01-06,0.00,34
1561,260,2026-01-01,2026-01-01,-12066.85,-12066.85,Paid,2026-05-07 21:28:41,2026-05-07 21:28:41,,move_out,2026-01-16,0.00,34
1562,263,2025-11-01,2025-12-01,11706.89,11706.89,Paid,2026-05-07 21:28:41,2026-05-07 21:28:41,,monthly,2025-11-06,0.00,21
1563,263,2025-12-01,2026-01-01,11779.92,11779.92,Paid,2026-05-07 21:28:41,2026-05-07 21:28:41,,monthly,2025-12-06,0.00,21
1564,263,2026-01-01,2026-02-01,11542.70,11542.70,Paid,2026-05-07 21:28:41,2026-05-07 21:28:41,,monthly,2026-01-06,0.00,21
1565,263,2026-02-01,2026-03-01,11712.24,11712.24,Paid,2026-05-07 21:28:41,2026-05-07 21:28:41,,monthly,2026-02-06,0.00,21
1566,263,2026-03-01,2026-04-01,11542.75,11542.75,Paid,2026-05-07 21:28:41,2026-05-07 21:28:41,,monthly,2026-03-06,0.00,21
1567,263,2026-04-01,2026-05-01,11436.19,11436.19,Paid,2026-05-07 21:28:41,2026-05-07 21:28:41,,monthly,2026-04-06,0.00,21
1568,263,2026-04-01,2026-04-01,-10693.81,-10693.81,Paid,2026-05-07 21:28:41,2026-05-07 21:28:41,,move_out,2026-04-16,0.00,21
1569,69,2025-12-01,2026-01-01,12704.62,12704.62,Paid,2026-05-07 21:28:41,2026-05-07 21:28:41,,monthly,2025-12-06,0.00,33
1570,69,2026-01-01,2026-02-01,12895.10,12895.10,Paid,2026-05-07 21:28:41,2026-05-07 21:28:41,,monthly,2026-01-06,0.00,33
1571,69,2026-02-01,2026-03-01,13099.34,13099.34,Paid,2026-05-07 21:28:41,2026-05-07 21:28:41,,monthly,2026-02-06,0.00,33
1572,69,2026-03-01,2026-04-01,13129.76,13129.76,Paid,2026-05-07 21:28:41,2026-05-07 21:28:41,,monthly,2026-03-06,0.00,33
1573,69,2026-04-01,2026-05-01,12705.66,12705.66,Paid,2026-05-07 21:28:41,2026-05-07 21:28:41,,monthly,2026-04-06,0.00,33
1574,69,2026-05-01,2026-06-01,12799.12,12799.12,Paid,2026-05-07 21:28:41,2026-05-07 21:28:41,,monthly,2026-05-06,0.00,33
1575,69,2026-05-01,2026-05-01,-11792.88,-11792.88,Paid,2026-05-07 21:28:41,2026-05-07 21:28:41,,move_out,2026-05-16,0.00,33
1576,16,2025-12-01,2026-01-01,9465.32,9465.32,Paid,2026-05-07 21:28:41,2026-05-07 21:28:41,,monthly,2025-12-06,0.00,8
1577,16,2026-01-01,2026-02-01,8992.25,8992.25,Paid,2026-05-07 21:28:41,2026-05-07 21:28:41,,monthly,2026-01-06,0.00,8
1578,16,2026-02-01,2026-03-01,8613.68,8613.68,Paid,2026-05-07 21:28:41,2026-05-07 21:28:41,,monthly,2026-02-06,0.00,8
1579,16,2026-03-01,2026-04-01,8549.84,8549.84,Paid,2026-05-07 21:28:41,2026-05-07 21:28:41,,monthly,2026-03-06,0.00,8
1580,16,2026-04-01,2026-05-01,9940.76,9940.76,Paid,2026-05-07 21:28:41,2026-05-07 21:28:41,,monthly,2026-04-06,0.00,8
1581,16,2026-05-01,2026-06-01,9114.36,9114.36,Paid,2026-05-07 21:28:41,2026-05-07 21:28:41,,monthly,2026-05-06,0.00,8
1582,126,2025-12-01,2026-01-01,9522.44,9522.44,Paid,2026-05-07 21:28:41,2026-05-07 21:28:41,,monthly,2025-12-06,0.00,36
1583,126,2026-01-01,2026-02-01,9368.97,9368.97,Paid,2026-05-07 21:28:41,2026-05-07 21:28:41,,monthly,2026-01-06,0.00,36
1584,126,2026-02-01,2026-03-01,8360.75,8360.75,Paid,2026-05-07 21:28:41,2026-05-07 21:28:41,,monthly,2026-02-06,0.00,36
1585,126,2026-03-01,2026-04-01,9693.07,9693.07,Paid,2026-05-07 21:28:41,2026-05-07 21:28:41,,monthly,2026-03-06,0.00,36
1586,126,2026-04-01,2026-05-01,9605.87,9605.87,Paid,2026-05-07 21:28:41,2026-05-07 21:28:41,,monthly,2026-04-06,0.00,36
1587,126,2026-05-01,2026-06-01,8050.32,8050.32,Paid,2026-05-07 21:28:41,2026-05-07 21:28:41,,monthly,2026-05-06,0.00,36
1588,126,2026-05-01,2026-05-01,-6123.68,-6123.68,Paid,2026-05-07 21:28:41,2026-05-07 21:28:41,,move_out,2026-05-16,0.00,36
1589,83,2025-12-01,2026-01-01,13164.08,13164.08,Paid,2026-05-07 21:28:41,2026-05-07 21:28:41,,monthly,2025-12-06,0.00,28
1590,83,2025-12-01,2025-12-01,-10965.92,-10965.92,Paid,2026-05-07 21:28:41,2026-05-07 21:28:41,,move_out,2025-12-16,0.00,28
1591,138,2026-01-01,2026-02-01,8232.60,8232.60,Paid,2026-05-07 21:28:41,2026-05-07 21:28:41,,monthly,2026-01-06,0.00,32
1592,138,2026-02-01,2026-03-01,8259.10,8259.10,Paid,2026-05-07 21:28:41,2026-05-07 21:28:41,,monthly,2026-02-06,0.00,32
1593,138,2026-03-01,2026-04-01,7729.72,7729.72,Paid,2026-05-07 21:28:41,2026-05-07 21:28:41,,monthly,2026-03-06,0.00,32
1594,138,2026-03-01,2026-03-01,-6616.28,-6616.28,Paid,2026-05-07 21:28:41,2026-05-07 21:28:41,,move_out,2026-03-16,0.00,32
1595,239,2026-01-01,2026-02-01,13911.31,13911.31,Paid,2026-05-07 21:28:42,2026-05-07 21:28:42,,monthly,2026-01-06,0.00,26
1596,239,2026-01-01,2026-01-01,-12246.69,-12246.69,Paid,2026-05-07 21:28:42,2026-05-07 21:28:42,,move_out,2026-01-16,0.00,26
1597,217,2026-01-01,2026-02-01,10312.92,10312.92,Paid,2026-05-07 21:28:42,2026-05-07 21:28:42,,monthly,2026-01-06,0.00,40
1598,217,2026-01-01,2026-01-01,-8859.08,-8859.08,Paid,2026-05-07 21:28:42,2026-05-07 21:28:42,,move_out,2026-01-16,0.00,40
1599,84,2026-01-01,2026-02-01,14185.17,14185.17,Paid,2026-05-07 21:28:42,2026-05-07 21:28:42,,monthly,2026-01-06,0.00,28
1600,84,2026-02-01,2026-03-01,13623.97,13623.97,Paid,2026-05-07 21:28:42,2026-05-07 21:28:42,,monthly,2026-02-06,0.00,28
1601,84,2026-03-01,2026-04-01,13544.44,13544.44,Paid,2026-05-07 21:28:42,2026-05-07 21:28:42,,monthly,2026-03-06,0.00,28
1602,84,2026-03-01,2026-03-01,-10585.56,-10585.56,Paid,2026-05-07 21:28:42,2026-05-07 21:28:42,,move_out,2026-03-16,0.00,28
1603,102,2026-01-01,2026-02-01,8730.51,8730.51,Paid,2026-05-07 21:28:42,2026-05-07 21:28:42,,monthly,2026-01-06,0.00,15
1604,102,2026-02-01,2026-03-01,8228.67,8228.67,Paid,2026-05-07 21:28:42,2026-05-07 21:28:42,,monthly,2026-02-06,0.00,15
1605,102,2026-03-01,2026-04-01,8693.97,8693.97,Paid,2026-05-07 21:28:42,2026-05-07 21:28:42,,monthly,2026-03-06,0.00,15
1606,102,2026-04-01,2026-05-01,8614.89,8614.89,Paid,2026-05-07 21:28:42,2026-05-07 21:28:42,,monthly,2026-04-06,0.00,15
1607,102,2026-05-01,2026-06-01,8482.96,8482.96,Unpaid,2026-05-07 21:28:42,2026-05-07 21:28:42,,monthly,2026-05-06,0.00,15
1608,147,2026-01-01,2026-02-01,8600.36,8600.36,Paid,2026-05-07 21:28:42,2026-05-07 21:28:42,,monthly,2026-01-06,0.00,20
1609,147,2026-02-01,2026-03-01,9057.17,9057.17,Paid,2026-05-07 21:28:42,2026-05-07 21:28:42,,monthly,2026-02-06,0.00,20
1610,147,2026-03-01,2026-04-01,8638.61,8638.61,Paid,2026-05-07 21:28:42,2026-05-07 21:28:42,,monthly,2026-03-06,0.00,20
1611,147,2026-03-01,2026-03-01,-6571.39,-6571.39,Paid,2026-05-07 21:28:42,2026-05-07 21:28:42,,move_out,2026-03-16,0.00,20
1612,291,2026-01-01,2026-02-01,7732.60,7732.60,Paid,2026-05-07 21:28:42,2026-05-07 21:28:42,,monthly,2026-01-06,0.00,2
1613,291,2026-02-01,2026-03-01,7759.10,7759.10,Paid,2026-05-07 21:28:42,2026-05-07 21:28:42,,monthly,2026-02-06,0.00,2
1614,291,2026-03-01,2026-04-01,7229.72,7229.72,Paid,2026-05-07 21:28:42,2026-05-07 21:28:42,,monthly,2026-03-06,0.00,2
1615,291,2026-04-01,2026-05-01,9467.96,9467.96,Overdue,2026-05-07 21:28:42,2026-05-07 21:28:42,,monthly,2026-04-06,0.00,2
1616,291,2026-05-01,2026-06-01,7358.72,7358.72,Unpaid,2026-05-07 21:28:42,2026-05-07 21:28:42,,monthly,2026-05-06,9467.96,2
1617,179,2026-01-01,2026-02-01,11542.70,11542.70,Paid,2026-05-07 21:28:42,2026-05-07 21:28:42,,monthly,2026-01-06,0.00,29
1618,179,2026-02-01,2026-03-01,11712.24,11712.24,Paid,2026-05-07 21:28:42,2026-05-07 21:28:42,,monthly,2026-02-06,0.00,29
1619,179,2026-03-01,2026-04-01,11542.75,11542.75,Paid,2026-05-07 21:28:42,2026-05-07 21:28:42,,monthly,2026-03-06,0.00,29
1620,179,2026-04-01,2026-05-01,11436.19,11436.19,Paid,2026-05-07 21:28:42,2026-05-07 21:28:42,,monthly,2026-04-06,0.00,29
1621,179,2026-05-01,2026-06-01,11427.44,11427.44,Paid,2026-05-07 21:28:42,2026-05-07 21:28:42,,monthly,2026-05-06,0.00,29
1622,261,2026-02-01,2026-03-01,15664.71,15664.71,Paid,2026-05-07 21:28:43,2026-05-07 21:28:43,,monthly,2026-02-06,0.00,34
1623,261,2026-03-01,2026-04-01,15243.76,15243.76,Paid,2026-05-07 21:28:43,2026-05-07 21:28:43,,monthly,2026-03-06,0.00,34
1624,261,2026-04-01,2026-05-01,14727.14,14727.14,Paid,2026-05-07 21:28:43,2026-05-07 21:28:43,,monthly,2026-04-06,0.00,34
1625,261,2026-05-01,2026-06-01,14933.54,14933.54,Paid,2026-05-07 21:28:43,2026-05-07 21:28:43,,monthly,2026-05-06,0.00,34
1626,279,2026-02-01,2026-03-01,13823.04,13823.04,Paid,2026-05-07 21:28:43,2026-05-07 21:28:43,,monthly,2026-02-06,0.00,38
1627,279,2026-02-01,2026-02-01,-12334.96,-12334.96,Paid,2026-05-07 21:28:43,2026-05-07 21:28:43,,move_out,2026-02-16,0.00,38
1628,9,2026-02-01,2026-03-01,11712.24,11712.24,Paid,2026-05-07 21:28:43,2026-05-07 21:28:43,,monthly,2026-02-06,0.00,6
1629,9,2026-03-01,2026-04-01,11542.75,11542.75,Paid,2026-05-07 21:28:43,2026-05-07 21:28:43,,monthly,2026-03-06,0.00,6
1630,9,2026-04-01,2026-05-01,11436.19,11436.19,Paid,2026-05-07 21:28:43,2026-05-07 21:28:43,,monthly,2026-04-06,0.00,6
1631,9,2026-05-01,2026-06-01,11427.44,11427.44,Paid,2026-05-07 21:28:43,2026-05-07 21:28:43,,monthly,2026-05-06,0.00,6
1632,218,2026-02-01,2026-03-01,10638.48,10638.48,Paid,2026-05-07 21:28:43,2026-05-07 21:28:43,,monthly,2026-02-06,0.00,40
1633,218,2026-03-01,2026-04-01,10384.82,10384.82,Paid,2026-05-07 21:28:43,2026-05-07 21:28:43,,monthly,2026-03-06,0.00,40
1634,218,2026-04-01,2026-05-01,10086.03,10086.03,Paid,2026-05-07 21:28:43,2026-05-07 21:28:43,,monthly,2026-04-06,0.00,40
1635,218,2026-04-01,2026-04-01,-9085.97,-9085.97,Paid,2026-05-07 21:28:43,2026-05-07 21:28:43,,move_out,2026-04-16,0.00,40
1636,36,2026-02-01,2026-03-01,13751.26,13751.26,Paid,2026-05-07 21:28:43,2026-05-07 21:28:43,,monthly,2026-02-06,0.00,12
1637,36,2026-03-01,2026-04-01,13946.20,13946.20,Paid,2026-05-07 21:28:43,2026-05-07 21:28:43,,monthly,2026-03-06,0.00,12
1638,36,2026-04-01,2026-05-01,13307.66,13307.66,Paid,2026-05-07 21:28:43,2026-05-07 21:28:43,,monthly,2026-04-06,0.00,12
1639,36,2026-04-01,2026-04-01,-11200.34,-11200.34,Paid,2026-05-07 21:28:43,2026-05-07 21:28:43,,move_out,2026-04-16,0.00,12
1640,192,2026-02-01,2026-03-01,9140.98,9140.98,Paid,2026-05-07 21:28:43,2026-05-07 21:28:43,,monthly,2026-02-06,0.00,24
1641,192,2026-03-01,2026-04-01,9193.50,9193.50,Paid,2026-05-07 21:28:43,2026-05-07 21:28:43,,monthly,2026-03-06,0.00,24
1642,192,2026-04-01,2026-05-01,8728.16,8728.16,Paid,2026-05-07 21:28:43,2026-05-07 21:28:43,,monthly,2026-04-06,0.00,24
1643,192,2026-05-01,2026-06-01,8204.06,8204.06,Unpaid,2026-05-07 21:28:43,2026-05-07 21:28:43,,monthly,2026-05-06,0.00,24
1644,1,2026-01-01,2026-02-01,10690.00,10690.00,Paid,2026-05-07 21:28:43,2026-05-07 21:28:43,,move_in,2026-01-01,0.00,1
1645,1,2026-02-01,2026-03-01,6876.30,6876.30,Paid,2026-05-07 21:28:43,2026-05-07 21:28:43,,monthly,2026-02-06,0.00,1
1646,1,2026-02-01,2026-02-01,-4313.70,-4313.70,Paid,2026-05-07 21:28:43,2026-05-07 21:28:43,,move_out,2026-02-16,0.00,1
1647,81,2026-02-01,2026-03-01,13099.34,13099.34,Paid,2026-05-07 21:28:43,2026-05-07 21:28:43,,monthly,2026-02-06,0.00,35
1648,81,2026-03-01,2026-04-01,13129.76,13129.76,Paid,2026-05-07 21:28:43,2026-05-07 21:28:43,,monthly,2026-03-06,0.00,35
1649,81,2026-04-01,2026-05-01,12705.66,12705.66,Paid,2026-05-07 21:28:43,2026-05-07 21:28:43,,monthly,2026-04-06,0.00,35
1650,81,2026-05-01,2026-06-01,12799.12,12799.12,Unpaid,2026-05-07 21:28:43,2026-05-07 21:28:43,,monthly,2026-05-06,0.00,35
1651,109,2026-02-01,2026-03-01,10638.48,10638.48,Paid,2026-05-07 21:28:44,2026-05-07 21:28:44,,monthly,2026-02-06,0.00,30
1652,109,2026-03-01,2026-04-01,10384.82,10384.82,Paid,2026-05-07 21:28:44,2026-05-07 21:28:44,,monthly,2026-03-06,0.00,30
1653,109,2026-04-01,2026-05-01,12980.19,12980.19,Overdue,2026-05-07 21:28:44,2026-05-07 21:28:44,,monthly,2026-04-06,0.00,30
1654,109,2026-04-01,2026-04-01,-9085.97,-9085.97,Paid,2026-05-07 21:28:44,2026-05-07 21:28:44,,move_out,2026-04-16,0.00,30
1655,240,2026-02-01,2026-03-01,13823.04,13823.04,Paid,2026-05-07 21:28:44,2026-05-07 21:28:44,,monthly,2026-02-06,0.00,26
1656,240,2026-02-01,2026-02-01,-12334.96,-12334.96,Paid,2026-05-07 21:28:44,2026-05-07 21:28:44,,move_out,2026-02-16,0.00,26
1657,241,2026-03-01,2026-04-01,14106.40,14106.40,Paid,2026-05-07 21:28:44,2026-05-07 21:28:44,,monthly,2026-03-06,0.00,26
1658,241,2026-04-01,2026-05-01,14073.83,14073.83,Paid,2026-05-07 21:28:44,2026-05-07 21:28:44,,monthly,2026-04-06,0.00,26
1659,241,2026-05-01,2026-06-01,13835.19,13835.19,Paid,2026-05-07 21:28:44,2026-05-07 21:28:44,,monthly,2026-05-06,0.00,26
1660,280,2026-03-01,2026-04-01,14106.40,14106.40,Paid,2026-05-07 21:28:44,2026-05-07 21:28:44,,monthly,2026-03-06,0.00,38
1661,280,2026-04-01,2026-05-01,14073.83,14073.83,Paid,2026-05-07 21:28:44,2026-05-07 21:28:44,,monthly,2026-04-06,0.00,38
1662,280,2026-05-01,2026-06-01,13835.19,13835.19,Paid,2026-05-07 21:28:44,2026-05-07 21:28:44,,monthly,2026-05-06,0.00,38
1663,2,2026-03-01,2026-04-01,7929.68,7929.68,Paid,2026-05-07 21:28:44,2026-05-07 21:28:44,,monthly,2026-03-06,0.00,1
1664,2,2026-04-01,2026-05-01,8052.25,8052.25,Paid,2026-05-07 21:28:44,2026-05-07 21:28:44,,monthly,2026-04-06,0.00,1
1665,2,2026-05-01,2026-06-01,7590.29,7590.29,Paid,2026-05-07 21:28:44,2026-05-07 21:28:44,,monthly,2026-05-06,0.00,1
1666,166,2026-04-01,2026-05-01,7821.83,7821.83,Paid,2026-05-07 21:28:44,2026-05-07 21:28:44,,monthly,2026-04-06,0.00,17
1667,166,2026-04-01,2026-04-01,-6524.17,-6524.17,Paid,2026-05-07 21:28:44,2026-05-07 21:28:44,,move_out,2026-04-16,0.00,17
1668,234,2026-04-01,2026-05-01,10596.31,10596.31,Paid,2026-05-07 21:28:44,2026-05-07 21:28:44,,monthly,2026-04-06,0.00,22
1669,234,2026-04-01,2026-04-01,-8527.69,-8527.69,Paid,2026-05-07 21:28:44,2026-05-07 21:28:44,,move_out,2026-04-16,0.00,22
1670,221,2026-03-01,2026-04-01,26932.00,26932.00,Paid,2026-05-07 21:28:44,2026-05-07 21:28:44,,move_in,2026-03-01,0.00,13
1671,221,2026-04-01,2026-05-01,15300.07,15300.07,Paid,2026-05-07 21:28:44,2026-05-07 21:28:44,,monthly,2026-04-06,0.00,13
1672,221,2026-04-01,2026-04-01,-12131.93,-12131.93,Paid,2026-05-07 21:28:44,2026-05-07 21:28:44,,move_out,2026-04-16,0.00,13
1673,148,2026-04-01,2026-05-01,8509.70,8509.70,Paid,2026-05-07 21:28:45,2026-05-07 21:28:45,,monthly,2026-04-06,0.00,20
1674,148,2026-04-01,2026-04-01,-6700.30,-6700.30,Paid,2026-05-07 21:28:45,2026-05-07 21:28:45,,move_out,2026-04-16,0.00,20
1675,139,2026-04-01,2026-05-01,7821.83,7821.83,Paid,2026-05-07 21:28:45,2026-05-07 21:28:45,,monthly,2026-04-06,0.00,32
1676,139,2026-04-01,2026-04-01,-6524.17,-6524.17,Paid,2026-05-07 21:28:45,2026-05-07 21:28:45,,move_out,2026-04-16,0.00,32
1677,85,2026-04-01,2026-05-01,14403.79,14403.79,Paid,2026-05-07 21:28:45,2026-05-07 21:28:45,,monthly,2026-04-06,0.00,28
1678,85,2026-05-01,2026-06-01,13918.39,13918.39,Unpaid,2026-05-07 21:28:45,2026-05-07 21:28:45,,monthly,2026-05-06,0.00,28
1679,167,2026-05-01,2026-06-01,7858.72,7858.72,Unpaid,2026-05-07 21:28:45,2026-05-07 21:28:45,,monthly,2026-05-06,0.00,17
1680,167,2026-05-01,2026-05-01,-6487.28,-6487.28,Paid,2026-05-07 21:28:45,2026-05-07 21:28:45,,move_out,2026-05-16,0.00,17
1681,264,2026-05-01,2026-06-01,11927.44,11927.44,Paid,2026-05-07 21:28:45,2026-05-07 21:28:45,,monthly,2026-05-06,0.00,21
1682,264,2026-05-01,2026-05-01,-10702.56,-10702.56,Paid,2026-05-07 21:28:45,2026-05-07 21:28:45,,move_out,2026-05-16,0.00,21
1683,235,2026-05-01,2026-06-01,11117.27,11117.27,Unpaid,2026-05-07 21:28:45,2026-05-07 21:28:45,,monthly,2026-05-06,0.00,22
1684,37,2026-05-01,2026-06-01,13654.79,13654.79,Paid,2026-05-07 21:28:46,2026-05-07 21:28:46,,monthly,2026-05-06,0.00,12
1685,37,2026-05-01,2026-05-01,-10853.21,-10853.21,Paid,2026-05-07 21:28:46,2026-05-07 21:28:46,,move_out,2026-05-16,0.00,12
1686,91,2026-05-01,2026-06-01,15086.43,15086.43,Unpaid,2026-05-07 21:28:46,2026-05-07 21:28:46,,monthly,2026-05-06,0.00,23
1687,149,2026-05-01,2026-06-01,8967.48,8967.48,Paid,2026-05-07 21:28:46,2026-05-07 21:28:46,,monthly,2026-05-06,0.00,20
1688,22,2026-05-01,2026-06-01,12634.26,12634.26,Paid,2026-05-07 21:28:46,2026-05-07 21:28:46,,monthly,2026-05-06,0.00,10
1689,22,2026-05-01,2026-05-01,-9949.74,-9949.74,Paid,2026-05-07 21:28:46,2026-05-07 21:28:46,,move_out,2026-05-16,0.00,10
1690,219,2026-05-01,2026-06-01,10291.40,10291.40,Paid,2026-05-07 21:28:46,2026-05-07 21:28:46,,monthly,2026-05-06,0.00,40
1691,219,2026-05-01,2026-05-01,-8880.60,-8880.60,Paid,2026-05-07 21:28:46,2026-05-07 21:28:46,,move_out,2026-05-16,0.00,40
1692,110,2026-05-01,2026-06-01,10291.40,10291.40,Paid,2026-05-07 21:28:46,2026-05-07 21:28:46,,monthly,2026-05-06,0.00,30
1693,110,2026-05-01,2026-05-01,-8880.60,-8880.60,Paid,2026-05-07 21:28:47,2026-05-07 21:28:47,,move_out,2026-05-16,0.00,30
1694,222,2026-05-01,2026-06-01,14872.56,14872.56,Paid,2026-05-07 21:28:47,2026-05-07 21:28:47,,monthly,2026-05-06,0.00,13
1695,222,2026-05-01,2026-05-01,-12559.44,-12559.44,Paid,2026-05-07 21:28:47,2026-05-07 21:28:47,,move_out,2026-05-16,0.00,13
1696,140,2026-05-01,2026-06-01,7858.72,7858.72,Unpaid,2026-05-07 21:28:47,2026-05-07 21:28:47,,monthly,2026-05-06,0.00,32
