billing_item_id,billing_id,charge_category,charge_type,description,amount,created_at,updated_at,deleted_at
1,1,move_in,advance,1 Month Advance — First Month Rent,12422.00,,,
2,1,move_in,security_deposit,1 Month Security Deposit,12422.00,,,
3,2,recurring,rent,Monthly Rent,12422.00,,,
4,2,recurring,electricity_share,Electricity Share,1931.33,,,
5,2,recurring,water_share,Water Share,312.02,,,
6,2,conditional,short_term_premium,Short-Term Premium (contract under 6 months),500.00,,,
7,3,recurring,rent,Monthly Rent,12422.00,,,
8,3,recurring,electricity_share,Electricity Share,2056.55,,,
9,3,recurring,water_share,Water Share,446.93,,,
10,3,conditional,short_term_premium,Short-Term Premium (contract under 6 months),500.00,,,
11,4,recurring,rent,Monthly Rent,12422.00,,,
12,4,recurring,electricity_share,Electricity Share,1084.88,,,
13,4,recurring,water_share,Water Share,138.25,,,
14,4,conditional,short_term_premium,Short-Term Premium (contract under 6 months),500.00,,,
15,5,move_out,electricity_share,Final Electricity Share,1084.88,,,
16,5,move_out,water_share,Final Water Share,138.25,,,
17,5,move_out,deposit_refund,Security Deposit Refund,-12422.00,,,
18,6,move_in,advance,1 Month Advance — First Month Rent,12004.00,,,
19,6,move_in,security_deposit,1 Month Security Deposit,12004.00,,,
20,7,recurring,rent,Monthly Rent,12004.00,,,
21,7,recurring,electricity_share,Electricity Share,1195.42,,,
22,7,recurring,water_share,Water Share,131.21,,,
23,7,conditional,short_term_premium,Short-Term Premium (contract under 6 months),500.00,,,
24,8,move_out,electricity_share,Final Electricity Share,1195.42,,,
25,8,move_out,water_share,Final Water Share,131.21,,,
26,8,move_out,deposit_refund,Security Deposit Refund,-12004.00,,,
27,9,recurring,rent,Monthly Rent,12004.00,,,
28,9,recurring,electricity_share,Electricity Share,1142.96,,,
29,9,recurring,water_share,Water Share,159.75,,,
30,9,conditional,short_term_premium,Short-Term Premium (contract under 6 months),500.00,,,
31,10,move_out,electricity_share,Final Electricity Share,1142.96,,,
32,10,move_out,water_share,Final Water Share,159.75,,,
33,10,move_out,deposit_refund,Security Deposit Refund,-12004.00,,,
34,11,move_in,advance,1 Month Advance — First Month Rent,12813.00,,,
35,11,move_in,security_deposit,1 Month Security Deposit,12813.00,,,
36,12,recurring,rent,Monthly Rent,12813.00,,,
37,12,recurring,electricity_share,Electricity Share,1622.07,,,
38,12,recurring,water_share,Water Share,364.80,,,
39,13,recurring,rent,Monthly Rent,12813.00,,,
40,13,recurring,electricity_share,Electricity Share,2078.49,,,
41,13,recurring,water_share,Water Share,272.18,,,
42,14,recurring,rent,Monthly Rent,12813.00,,,
43,14,recurring,electricity_share,Electricity Share,1899.28,,,
44,14,recurring,water_share,Water Share,222.73,,,
45,15,recurring,rent,Monthly Rent,12813.00,,,
46,15,recurring,electricity_share,Electricity Share,2206.86,,,
47,16,recurring,rent,Monthly Rent,12813.00,,,
48,16,recurring,electricity_share,Electricity Share,1939.17,,,
49,17,recurring,rent,Monthly Rent,12813.00,,,
50,17,recurring,electricity_share,Electricity Share,2349.11,,,
51,17,recurring,water_share,Water Share,289.96,,,
52,18,recurring,rent,Monthly Rent,12813.00,,,
53,18,recurring,electricity_share,Electricity Share,2119.16,,,
54,19,recurring,rent,Monthly Rent,12813.00,,,
55,19,recurring,electricity_share,Electricity Share,1212.81,,,
56,20,recurring,rent,Monthly Rent,12813.00,,,
57,20,recurring,electricity_share,Electricity Share,1240.43,,,
58,20,recurring,water_share,Water Share,307.60,,,
59,21,recurring,rent,Monthly Rent,12813.00,,,
60,21,recurring,electricity_share,Electricity Share,1964.81,,,
61,22,recurring,rent,Monthly Rent,12813.00,,,
62,22,recurring,electricity_share,Electricity Share,2352.63,,,
63,22,recurring,water_share,Water Share,377.30,,,
64,23,recurring,rent,Monthly Rent,12813.00,,,
65,23,recurring,electricity_share,Electricity Share,1169.90,,,
66,23,recurring,water_share,Water Share,239.97,,,
67,24,move_out,electricity_share,Final Electricity Share,1169.90,,,
68,24,move_out,water_share,Final Water Share,239.97,,,
69,24,move_out,deposit_refund,Security Deposit Refund,-12813.00,,,
70,25,recurring,rent,Monthly Rent,12422.00,,,
71,25,recurring,electricity_share,Electricity Share,1301.19,,,
72,25,recurring,water_share,Water Share,229.51,,,
73,26,recurring,rent,Monthly Rent,12422.00,,,
74,26,recurring,electricity_share,Electricity Share,1412.11,,,
75,26,recurring,water_share,Water Share,321.00,,,
76,27,recurring,rent,Monthly Rent,12422.00,,,
77,27,recurring,electricity_share,Electricity Share,1695.33,,,
78,27,recurring,water_share,Water Share,471.45,,,
79,28,recurring,rent,Monthly Rent,12422.00,,,
80,28,recurring,electricity_share,Electricity Share,1537.60,,,
81,29,recurring,rent,Monthly Rent,12422.00,,,
82,29,recurring,electricity_share,Electricity Share,1207.75,,,
83,29,recurring,water_share,Water Share,304.44,,,
84,30,recurring,rent,Monthly Rent,12422.00,,,
85,30,recurring,electricity_share,Electricity Share,611.59,,,
86,31,move_out,electricity_share,Final Electricity Share,611.59,,,
87,31,move_out,deposit_refund,Security Deposit Refund,-12422.00,,,
88,32,recurring,rent,Monthly Rent,12004.00,,,
89,32,recurring,electricity_share,Electricity Share,1203.39,,,
90,32,conditional,short_term_premium,Short-Term Premium (contract under 6 months),500.00,,,
91,33,move_out,electricity_share,Final Electricity Share,1203.39,,,
92,33,move_out,deposit_refund,Security Deposit Refund,-12004.00,,,
93,34,recurring,rent,Monthly Rent,12004.00,,,
94,34,recurring,electricity_share,Electricity Share,1018.30,,,
95,34,conditional,short_term_premium,Short-Term Premium (contract under 6 months),500.00,,,
96,35,move_out,electricity_share,Final Electricity Share,1018.30,,,
97,35,move_out,deposit_refund,Security Deposit Refund,-12004.00,,,
98,36,recurring,rent,Monthly Rent,12004.00,,,
99,36,recurring,electricity_share,Electricity Share,1928.64,,,
100,37,recurring,rent,Monthly Rent,12004.00,,,
101,37,recurring,electricity_share,Electricity Share,1865.81,,,
102,37,recurring,water_share,Water Share,468.93,,,
103,38,recurring,rent,Monthly Rent,12004.00,,,
104,38,recurring,electricity_share,Electricity Share,1422.46,,,
105,38,recurring,water_share,Water Share,387.96,,,
106,39,recurring,rent,Monthly Rent,12004.00,,,
107,39,recurring,electricity_share,Electricity Share,1655.42,,,
108,39,recurring,water_share,Water Share,310.25,,,
109,40,recurring,rent,Monthly Rent,12004.00,,,
110,40,recurring,electricity_share,Electricity Share,1315.62,,,
111,40,recurring,water_share,Water Share,494.05,,,
112,41,recurring,rent,Monthly Rent,12004.00,,,
113,41,recurring,electricity_share,Electricity Share,1006.71,,,
114,42,move_out,electricity_share,Final Electricity Share,1006.71,,,
115,42,move_out,deposit_refund,Security Deposit Refund,-12004.00,,,
116,43,move_in,advance,1 Month Advance — First Month Rent,12829.00,,,
117,43,move_in,security_deposit,1 Month Security Deposit,12829.00,,,
118,44,recurring,rent,Monthly Rent,12829.00,,,
119,44,recurring,electricity_share,Electricity Share,1052.15,,,
120,44,recurring,water_share,Water Share,227.40,,,
121,44,conditional,short_term_premium,Short-Term Premium (contract under 6 months),500.00,,,
122,45,move_out,electricity_share,Final Electricity Share,1052.15,,,
123,45,move_out,water_share,Final Water Share,227.40,,,
124,45,move_out,deposit_refund,Security Deposit Refund,-12829.00,,,
125,46,move_in,advance,1 Month Advance — First Month Rent,7087.00,,,
126,46,move_in,security_deposit,1 Month Security Deposit,7087.00,,,
127,47,recurring,rent,Monthly Rent,7087.00,,,
128,47,recurring,electricity_share,Electricity Share,2247.93,,,
129,47,conditional,short_term_premium,Short-Term Premium (contract under 6 months),500.00,,,
130,48,recurring,rent,Monthly Rent,7087.00,,,
131,48,recurring,electricity_share,Electricity Share,2495.60,,,
132,48,recurring,water_share,Water Share,312.90,,,
133,48,conditional,short_term_premium,Short-Term Premium (contract under 6 months),500.00,,,
134,49,recurring,rent,Monthly Rent,7087.00,,,
135,49,recurring,electricity_share,Electricity Share,952.86,,,
136,49,recurring,water_share,Water Share,112.28,,,
137,49,conditional,short_term_premium,Short-Term Premium (contract under 6 months),500.00,,,
138,50,move_out,electricity_share,Final Electricity Share,952.86,,,
139,50,move_out,water_share,Final Water Share,112.28,,,
140,50,move_out,deposit_refund,Security Deposit Refund,-7087.00,,,
141,51,move_in,advance,1 Month Advance — First Month Rent,12296.00,,,
142,51,move_in,security_deposit,1 Month Security Deposit,12296.00,,,
143,52,recurring,rent,Monthly Rent,12296.00,,,
144,52,recurring,electricity_share,Electricity Share,1795.95,,,
145,52,recurring,water_share,Water Share,371.04,,,
146,52,conditional,short_term_premium,Short-Term Premium (contract under 6 months),500.00,,,
147,53,recurring,rent,Monthly Rent,12296.00,,,
148,53,recurring,electricity_share,Electricity Share,2061.05,,,
149,53,recurring,water_share,Water Share,364.42,,,
150,53,conditional,short_term_premium,Short-Term Premium (contract under 6 months),500.00,,,
151,54,recurring,rent,Monthly Rent,12296.00,,,
152,54,recurring,electricity_share,Electricity Share,858.67,,,
230,83,recurring,rent,Monthly Rent,7087.00,,,
153,54,conditional,short_term_premium,Short-Term Premium (contract under 6 months),500.00,,,
154,55,move_out,electricity_share,Final Electricity Share,858.67,,,
155,55,move_out,deposit_refund,Security Deposit Refund,-12296.00,,,
156,56,recurring,rent,Monthly Rent,12829.00,,,
157,56,recurring,electricity_share,Electricity Share,992.29,,,
158,56,recurring,water_share,Water Share,244.30,,,
159,56,conditional,short_term_premium,Short-Term Premium (contract under 6 months),500.00,,,
160,57,move_out,electricity_share,Final Electricity Share,992.29,,,
161,57,move_out,water_share,Final Water Share,244.30,,,
162,57,move_out,deposit_refund,Security Deposit Refund,-12829.00,,,
163,58,recurring,rent,Monthly Rent,12422.00,,,
164,58,recurring,electricity_share,Electricity Share,2323.03,,,
165,58,conditional,short_term_premium,Short-Term Premium (contract under 6 months),500.00,,,
166,59,recurring,rent,Monthly Rent,12422.00,,,
167,59,recurring,electricity_share,Electricity Share,1572.70,,,
168,59,conditional,short_term_premium,Short-Term Premium (contract under 6 months),500.00,,,
169,60,recurring,rent,Monthly Rent,12422.00,,,
170,60,recurring,electricity_share,Electricity Share,1233.98,,,
171,60,recurring,water_share,Water Share,127.89,,,
172,60,conditional,short_term_premium,Short-Term Premium (contract under 6 months),500.00,,,
173,61,move_out,electricity_share,Final Electricity Share,1233.98,,,
174,61,move_out,water_share,Final Water Share,127.89,,,
175,61,move_out,deposit_refund,Security Deposit Refund,-12422.00,,,
176,62,move_in,advance,1 Month Advance — First Month Rent,6923.00,,,
177,62,move_in,security_deposit,1 Month Security Deposit,6923.00,,,
178,63,recurring,rent,Monthly Rent,6923.00,,,
179,63,recurring,electricity_share,Electricity Share,1411.49,,,
180,63,recurring,water_share,Water Share,363.78,,,
181,64,recurring,rent,Monthly Rent,6923.00,,,
182,64,recurring,electricity_share,Electricity Share,1106.42,,,
183,64,recurring,water_share,Water Share,172.79,,,
184,65,recurring,rent,Monthly Rent,6923.00,,,
185,65,recurring,electricity_share,Electricity Share,965.67,,,
186,65,recurring,water_share,Water Share,218.36,,,
187,66,recurring,rent,Monthly Rent,6923.00,,,
188,66,recurring,electricity_share,Electricity Share,1069.35,,,
189,67,recurring,rent,Monthly Rent,6923.00,,,
190,67,recurring,electricity_share,Electricity Share,435.14,,,
191,67,recurring,water_share,Water Share,91.10,,,
192,68,recurring,rent,Monthly Rent,6923.00,,,
193,68,recurring,electricity_share,Electricity Share,863.94,,,
194,68,recurring,water_share,Water Share,147.58,,,
195,69,recurring,rent,Monthly Rent,6923.00,,,
196,69,recurring,electricity_share,Electricity Share,715.43,,,
197,69,recurring,water_share,Water Share,174.98,,,
198,70,recurring,rent,Monthly Rent,6923.00,,,
199,70,recurring,electricity_share,Electricity Share,685.99,,,
200,71,recurring,rent,Monthly Rent,6923.00,,,
201,71,recurring,electricity_share,Electricity Share,1029.21,,,
202,72,recurring,rent,Monthly Rent,6923.00,,,
203,72,recurring,electricity_share,Electricity Share,1168.71,,,
204,73,recurring,rent,Monthly Rent,6923.00,,,
205,73,recurring,electricity_share,Electricity Share,728.89,,,
206,73,recurring,water_share,Water Share,125.26,,,
207,74,recurring,rent,Monthly Rent,6923.00,,,
208,74,recurring,electricity_share,Electricity Share,704.36,,,
209,75,move_out,electricity_share,Final Electricity Share,704.36,,,
210,75,move_out,deposit_refund,Security Deposit Refund,-6923.00,,,
211,76,recurring,rent,Monthly Rent,12829.00,,,
212,76,recurring,electricity_share,Electricity Share,921.15,,,
213,76,recurring,water_share,Water Share,194.12,,,
214,76,conditional,short_term_premium,Short-Term Premium (contract under 6 months),500.00,,,
215,77,move_out,electricity_share,Final Electricity Share,921.15,,,
216,77,move_out,water_share,Final Water Share,194.12,,,
217,77,move_out,deposit_refund,Security Deposit Refund,-12829.00,,,
218,78,recurring,rent,Monthly Rent,7087.00,,,
219,78,recurring,electricity_share,Electricity Share,2056.01,,,
220,78,recurring,water_share,Water Share,304.12,,,
221,79,recurring,rent,Monthly Rent,7087.00,,,
222,79,recurring,electricity_share,Electricity Share,1361.06,,,
223,79,recurring,water_share,Water Share,339.17,,,
224,80,recurring,rent,Monthly Rent,7087.00,,,
225,80,recurring,electricity_share,Electricity Share,2430.11,,,
226,81,recurring,rent,Monthly Rent,7087.00,,,
227,81,recurring,electricity_share,Electricity Share,1457.05,,,
228,82,recurring,rent,Monthly Rent,7087.00,,,
229,82,recurring,electricity_share,Electricity Share,2109.33,,,
231,83,recurring,electricity_share,Electricity Share,1241.09,,,
232,83,recurring,water_share,Water Share,123.59,,,
233,84,move_out,electricity_share,Final Electricity Share,1241.09,,,
234,84,move_out,water_share,Final Water Share,123.59,,,
235,84,move_out,deposit_refund,Security Deposit Refund,-7087.00,,,
236,85,recurring,rent,Monthly Rent,12829.00,,,
237,85,recurring,electricity_share,Electricity Share,2308.68,,,
238,85,recurring,water_share,Water Share,378.86,,,
239,86,recurring,rent,Monthly Rent,12829.00,,,
240,86,recurring,electricity_share,Electricity Share,1995.56,,,
241,87,recurring,rent,Monthly Rent,12829.00,,,
242,87,recurring,electricity_share,Electricity Share,1527.06,,,
243,88,recurring,rent,Monthly Rent,12829.00,,,
244,88,recurring,electricity_share,Electricity Share,1961.39,,,
245,88,recurring,water_share,Water Share,490.72,,,
246,89,recurring,rent,Monthly Rent,12829.00,,,
247,89,recurring,electricity_share,Electricity Share,2048.98,,,
248,90,recurring,rent,Monthly Rent,12829.00,,,
249,90,recurring,electricity_share,Electricity Share,807.36,,,
250,90,recurring,water_share,Water Share,196.43,,,
251,91,move_out,electricity_share,Final Electricity Share,807.36,,,
252,91,move_out,water_share,Final Water Share,196.43,,,
253,91,move_out,deposit_refund,Security Deposit Refund,-12829.00,,,
254,92,move_in,advance,1 Month Advance — First Month Rent,6923.00,,,
255,92,move_in,security_deposit,1 Month Security Deposit,6923.00,,,
256,93,recurring,rent,Monthly Rent,6923.00,,,
257,93,recurring,electricity_share,Electricity Share,965.67,,,
258,93,recurring,water_share,Water Share,218.36,,,
259,93,conditional,short_term_premium,Short-Term Premium (contract under 6 months),500.00,,,
260,94,recurring,rent,Monthly Rent,6923.00,,,
261,94,recurring,electricity_share,Electricity Share,1069.35,,,
262,94,conditional,short_term_premium,Short-Term Premium (contract under 6 months),500.00,,,
263,95,recurring,rent,Monthly Rent,6923.00,,,
264,95,recurring,electricity_share,Electricity Share,435.14,,,
265,95,recurring,water_share,Water Share,91.10,,,
266,95,conditional,short_term_premium,Short-Term Premium (contract under 6 months),500.00,,,
267,96,move_out,electricity_share,Final Electricity Share,435.14,,,
268,96,move_out,water_share,Final Water Share,91.10,,,
269,96,move_out,deposit_refund,Security Deposit Refund,-6923.00,,,
270,97,recurring,rent,Monthly Rent,12296.00,,,
271,97,recurring,electricity_share,Electricity Share,830.81,,,
272,97,recurring,water_share,Water Share,156.87,,,
273,98,recurring,rent,Monthly Rent,12296.00,,,
274,98,recurring,electricity_share,Electricity Share,942.63,,,
275,99,recurring,rent,Monthly Rent,12296.00,,,
276,99,recurring,electricity_share,Electricity Share,1129.76,,,
277,99,recurring,water_share,Water Share,215.56,,,
278,100,recurring,rent,Monthly Rent,12296.00,,,
279,100,recurring,electricity_share,Electricity Share,620.35,,,
280,100,recurring,water_share,Water Share,121.46,,,
281,101,recurring,rent,Monthly Rent,12296.00,,,
282,101,recurring,electricity_share,Electricity Share,798.48,,,
283,102,recurring,rent,Monthly Rent,12296.00,,,
284,102,recurring,electricity_share,Electricity Share,1202.61,,,
285,102,recurring,water_share,Water Share,220.27,,,
286,103,recurring,rent,Monthly Rent,12296.00,,,
287,103,recurring,electricity_share,Electricity Share,837.41,,,
288,104,recurring,rent,Monthly Rent,12296.00,,,
289,104,recurring,electricity_share,Electricity Share,821.49,,,
290,104,recurring,water_share,Water Share,246.92,,,
291,105,recurring,rent,Monthly Rent,12296.00,,,
292,105,recurring,electricity_share,Electricity Share,1106.35,,,
293,105,recurring,water_share,Water Share,112.26,,,
294,106,recurring,rent,Monthly Rent,12296.00,,,
295,106,recurring,electricity_share,Electricity Share,850.48,,,
296,107,recurring,rent,Monthly Rent,12296.00,,,
297,107,recurring,electricity_share,Electricity Share,1044.11,,,
298,107,recurring,water_share,Water Share,173.28,,,
299,108,recurring,rent,Monthly Rent,12296.00,,,
300,108,recurring,electricity_share,Electricity Share,658.77,,,
301,108,recurring,water_share,Water Share,125.08,,,
302,109,move_out,electricity_share,Final Electricity Share,658.77,,,
303,109,move_out,water_share,Final Water Share,125.08,,,
304,109,move_out,deposit_refund,Security Deposit Refund,-12296.00,,,
305,110,move_in,advance,1 Month Advance — First Month Rent,5695.00,,,
306,110,move_in,security_deposit,1 Month Security Deposit,5695.00,,,
307,111,recurring,rent,Monthly Rent,5695.00,,,
308,111,recurring,electricity_share,Electricity Share,1214.55,,,
309,111,recurring,water_share,Water Share,290.52,,,
310,111,conditional,short_term_premium,Short-Term Premium (contract under 6 months),500.00,,,
311,112,recurring,rent,Monthly Rent,5695.00,,,
312,112,recurring,electricity_share,Electricity Share,2418.12,,,
313,112,recurring,water_share,Water Share,280.45,,,
314,112,conditional,short_term_premium,Short-Term Premium (contract under 6 months),500.00,,,
315,113,recurring,rent,Monthly Rent,5695.00,,,
316,113,recurring,electricity_share,Electricity Share,1235.02,,,
317,113,recurring,water_share,Water Share,190.07,,,
318,113,conditional,short_term_premium,Short-Term Premium (contract under 6 months),500.00,,,
319,114,move_out,electricity_share,Final Electricity Share,1235.02,,,
320,114,move_out,water_share,Final Water Share,190.07,,,
321,114,move_out,deposit_refund,Security Deposit Refund,-5695.00,,,
322,115,move_in,advance,1 Month Advance — First Month Rent,12296.00,,,
323,115,move_in,security_deposit,1 Month Security Deposit,12296.00,,,
324,116,recurring,rent,Monthly Rent,12296.00,,,
325,116,recurring,electricity_share,Electricity Share,942.63,,,
326,116,conditional,short_term_premium,Short-Term Premium (contract under 6 months),500.00,,,
327,117,recurring,rent,Monthly Rent,12296.00,,,
328,117,recurring,electricity_share,Electricity Share,1129.76,,,
329,117,recurring,water_share,Water Share,215.56,,,
330,117,conditional,short_term_premium,Short-Term Premium (contract under 6 months),500.00,,,
331,118,recurring,rent,Monthly Rent,12296.00,,,
332,118,recurring,electricity_share,Electricity Share,620.35,,,
333,118,recurring,water_share,Water Share,121.46,,,
334,118,conditional,short_term_premium,Short-Term Premium (contract under 6 months),500.00,,,
335,119,move_out,electricity_share,Final Electricity Share,620.35,,,
336,119,move_out,water_share,Final Water Share,121.46,,,
337,119,move_out,deposit_refund,Security Deposit Refund,-12296.00,,,
338,120,recurring,rent,Monthly Rent,12004.00,,,
339,120,recurring,electricity_share,Electricity Share,1766.66,,,
340,120,recurring,water_share,Water Share,384.17,,,
341,121,recurring,rent,Monthly Rent,12004.00,,,
342,121,recurring,electricity_share,Electricity Share,1357.73,,,
343,121,recurring,water_share,Water Share,239.80,,,
344,122,recurring,rent,Monthly Rent,12004.00,,,
345,122,recurring,electricity_share,Electricity Share,1322.14,,,
346,122,recurring,water_share,Water Share,480.64,,,
347,123,recurring,rent,Monthly Rent,12004.00,,,
348,123,recurring,electricity_share,Electricity Share,1568.33,,,
349,123,recurring,water_share,Water Share,471.73,,,
350,124,recurring,rent,Monthly Rent,12004.00,,,
351,124,recurring,electricity_share,Electricity Share,2153.92,,,
352,124,recurring,water_share,Water Share,341.67,,,
353,125,recurring,rent,Monthly Rent,12004.00,,,
354,125,recurring,electricity_share,Electricity Share,884.25,,,
355,126,move_out,electricity_share,Final Electricity Share,884.25,,,
356,126,move_out,deposit_refund,Security Deposit Refund,-12004.00,,,
357,127,recurring,rent,Monthly Rent,12422.00,,,
358,127,recurring,electricity_share,Electricity Share,781.86,,,
359,127,recurring,water_share,Water Share,185.00,,,
360,127,conditional,short_term_premium,Short-Term Premium (contract under 6 months),500.00,,,
361,128,move_out,electricity_share,Final Electricity Share,781.86,,,
362,128,move_out,water_share,Final Water Share,185.00,,,
363,128,move_out,deposit_refund,Security Deposit Refund,-12422.00,,,
364,129,move_in,advance,1 Month Advance — First Month Rent,10883.00,,,
365,129,move_in,security_deposit,1 Month Security Deposit,10883.00,,,
366,130,recurring,rent,Monthly Rent,10883.00,,,
367,130,recurring,electricity_share,Electricity Share,1804.84,,,
368,130,recurring,water_share,Water Share,232.34,,,
369,131,recurring,rent,Monthly Rent,10883.00,,,
370,131,recurring,electricity_share,Electricity Share,1839.33,,,
371,131,recurring,water_share,Water Share,309.89,,,
372,132,recurring,rent,Monthly Rent,10883.00,,,
373,132,recurring,electricity_share,Electricity Share,1846.47,,,
374,133,recurring,rent,Monthly Rent,10883.00,,,
375,133,recurring,electricity_share,Electricity Share,1593.80,,,
376,133,recurring,water_share,Water Share,341.55,,,
377,134,recurring,rent,Monthly Rent,10883.00,,,
378,134,recurring,electricity_share,Electricity Share,1856.65,,,
379,134,recurring,water_share,Water Share,289.04,,,
380,135,recurring,rent,Monthly Rent,10883.00,,,
381,135,recurring,electricity_share,Electricity Share,1789.74,,,
382,136,recurring,rent,Monthly Rent,10883.00,,,
383,136,recurring,electricity_share,Electricity Share,1881.65,,,
384,137,recurring,rent,Monthly Rent,10883.00,,,
385,137,recurring,electricity_share,Electricity Share,1553.88,,,
386,137,recurring,water_share,Water Share,212.86,,,
387,138,recurring,rent,Monthly Rent,10883.00,,,
388,138,recurring,electricity_share,Electricity Share,1866.50,,,
389,138,recurring,water_share,Water Share,388.77,,,
390,139,recurring,rent,Monthly Rent,10883.00,,,
391,139,recurring,electricity_share,Electricity Share,1975.21,,,
392,140,recurring,rent,Monthly Rent,10883.00,,,
393,140,recurring,electricity_share,Electricity Share,1982.27,,,
394,140,recurring,water_share,Water Share,271.41,,,
395,141,recurring,rent,Monthly Rent,10883.00,,,
396,141,recurring,electricity_share,Electricity Share,934.34,,,
397,141,recurring,water_share,Water Share,238.83,,,
398,142,move_out,electricity_share,Final Electricity Share,934.34,,,
399,142,move_out,water_share,Final Water Share,238.83,,,
400,142,move_out,deposit_refund,Security Deposit Refund,-10883.00,,,
401,143,recurring,rent,Monthly Rent,12422.00,,,
402,143,recurring,electricity_share,Electricity Share,2278.06,,,
403,143,recurring,water_share,Water Share,429.36,,,
404,143,conditional,short_term_premium,Short-Term Premium (contract under 6 months),500.00,,,
405,144,recurring,rent,Monthly Rent,12422.00,,,
406,144,recurring,electricity_share,Electricity Share,2434.67,,,
407,144,recurring,water_share,Water Share,323.79,,,
408,144,conditional,short_term_premium,Short-Term Premium (contract under 6 months),500.00,,,
409,145,recurring,rent,Monthly Rent,12422.00,,,
410,145,recurring,electricity_share,Electricity Share,937.38,,,
411,145,conditional,short_term_premium,Short-Term Premium (contract under 6 months),500.00,,,
412,146,move_out,electricity_share,Final Electricity Share,937.38,,,
413,146,move_out,deposit_refund,Security Deposit Refund,-12422.00,,,
414,147,move_in,advance,1 Month Advance — First Month Rent,6718.00,,,
415,147,move_in,security_deposit,1 Month Security Deposit,6718.00,,,
416,148,recurring,rent,Monthly Rent,6718.00,,,
417,148,recurring,electricity_share,Electricity Share,1514.20,,,
418,149,recurring,rent,Monthly Rent,6718.00,,,
419,149,recurring,electricity_share,Electricity Share,1304.70,,,
420,149,recurring,water_share,Water Share,401.54,,,
421,150,recurring,rent,Monthly Rent,6718.00,,,
422,150,recurring,electricity_share,Electricity Share,1610.33,,,
423,150,recurring,water_share,Water Share,435.47,,,
424,151,recurring,rent,Monthly Rent,6718.00,,,
425,151,recurring,electricity_share,Electricity Share,2190.11,,,
426,151,recurring,water_share,Water Share,239.45,,,
427,152,recurring,rent,Monthly Rent,6718.00,,,
428,152,recurring,electricity_share,Electricity Share,2076.05,,,
429,152,recurring,water_share,Water Share,329.91,,,
430,153,recurring,rent,Monthly Rent,6718.00,,,
431,153,recurring,electricity_share,Electricity Share,662.40,,,
432,154,move_out,electricity_share,Final Electricity Share,662.40,,,
433,154,move_out,deposit_refund,Security Deposit Refund,-6718.00,,,
434,155,recurring,rent,Monthly Rent,6923.00,,,
435,155,recurring,electricity_share,Electricity Share,863.94,,,
436,155,recurring,water_share,Water Share,147.58,,,
437,155,conditional,short_term_premium,Short-Term Premium (contract under 6 months),500.00,,,
438,156,recurring,rent,Monthly Rent,6923.00,,,
439,156,recurring,electricity_share,Electricity Share,715.43,,,
440,156,recurring,water_share,Water Share,174.98,,,
441,156,conditional,short_term_premium,Short-Term Premium (contract under 6 months),500.00,,,
442,157,recurring,rent,Monthly Rent,6923.00,,,
443,157,recurring,electricity_share,Electricity Share,685.99,,,
444,157,conditional,short_term_premium,Short-Term Premium (contract under 6 months),500.00,,,
445,158,move_out,electricity_share,Final Electricity Share,685.99,,,
446,158,move_out,deposit_refund,Security Deposit Refund,-6923.00,,,
447,159,recurring,rent,Monthly Rent,5695.00,,,
448,159,recurring,electricity_share,Electricity Share,2356.37,,,
449,160,recurring,rent,Monthly Rent,5695.00,,,
450,160,recurring,electricity_share,Electricity Share,1205.08,,,
451,160,recurring,water_share,Water Share,486.40,,,
452,161,recurring,rent,Monthly Rent,5695.00,,,
453,161,recurring,electricity_share,Electricity Share,2294.64,,,
454,161,recurring,water_share,Water Share,392.17,,,
455,162,recurring,rent,Monthly Rent,5695.00,,,
456,162,recurring,electricity_share,Electricity Share,2043.19,,,
457,163,recurring,rent,Monthly Rent,5695.00,,,
458,163,recurring,electricity_share,Electricity Share,1970.77,,,
459,164,recurring,rent,Monthly Rent,5695.00,,,
460,164,recurring,electricity_share,Electricity Share,901.32,,,
461,164,recurring,water_share,Water Share,128.01,,,
462,165,move_out,electricity_share,Final Electricity Share,901.32,,,
463,165,move_out,water_share,Final Water Share,128.01,,,
464,165,move_out,deposit_refund,Security Deposit Refund,-5695.00,,,
465,166,move_in,advance,1 Month Advance — First Month Rent,9336.00,,,
466,166,move_in,security_deposit,1 Month Security Deposit,9336.00,,,
467,167,recurring,rent,Monthly Rent,9336.00,,,
468,167,recurring,electricity_share,Electricity Share,1577.09,,,
469,167,recurring,water_share,Water Share,283.44,,,
470,167,conditional,short_term_premium,Short-Term Premium (contract under 6 months),500.00,,,
471,168,recurring,rent,Monthly Rent,9336.00,,,
472,168,recurring,electricity_share,Electricity Share,1373.77,,,
473,168,conditional,short_term_premium,Short-Term Premium (contract under 6 months),500.00,,,
474,169,recurring,rent,Monthly Rent,9336.00,,,
475,169,recurring,electricity_share,Electricity Share,1081.30,,,
476,169,recurring,water_share,Water Share,161.60,,,
477,169,conditional,short_term_premium,Short-Term Premium (contract under 6 months),500.00,,,
478,170,move_out,electricity_share,Final Electricity Share,1081.30,,,
479,170,move_out,water_share,Final Water Share,161.60,,,
480,170,move_out,deposit_refund,Security Deposit Refund,-9336.00,,,
481,171,recurring,rent,Monthly Rent,12813.00,,,
482,171,recurring,electricity_share,Electricity Share,1193.36,,,
483,171,conditional,short_term_premium,Short-Term Premium (contract under 6 months),500.00,,,
484,172,move_out,electricity_share,Final Electricity Share,1193.36,,,
485,172,move_out,deposit_refund,Security Deposit Refund,-12813.00,,,
486,173,recurring,rent,Monthly Rent,12296.00,,,
487,173,recurring,electricity_share,Electricity Share,798.48,,,
488,173,conditional,short_term_premium,Short-Term Premium (contract under 6 months),500.00,,,
489,174,move_out,electricity_share,Final Electricity Share,798.48,,,
490,174,move_out,deposit_refund,Security Deposit Refund,-12296.00,,,
491,175,move_in,advance,1 Month Advance — First Month Rent,7355.00,,,
492,175,move_in,security_deposit,1 Month Security Deposit,7355.00,,,
493,176,recurring,rent,Monthly Rent,7355.00,,,
494,176,recurring,electricity_share,Electricity Share,924.93,,,
495,176,recurring,water_share,Water Share,123.01,,,
496,176,conditional,short_term_premium,Short-Term Premium (contract under 6 months),500.00,,,
497,177,move_out,electricity_share,Final Electricity Share,924.93,,,
498,177,move_out,water_share,Final Water Share,123.01,,,
499,177,move_out,deposit_refund,Security Deposit Refund,-7355.00,,,
500,178,recurring,rent,Monthly Rent,7355.00,,,
501,178,recurring,electricity_share,Electricity Share,1354.77,,,
502,179,recurring,rent,Monthly Rent,7355.00,,,
503,179,recurring,electricity_share,Electricity Share,1671.68,,,
504,179,recurring,water_share,Water Share,358.86,,,
505,180,recurring,rent,Monthly Rent,7355.00,,,
506,180,recurring,electricity_share,Electricity Share,1581.77,,,
507,181,recurring,rent,Monthly Rent,7355.00,,,
508,181,recurring,electricity_share,Electricity Share,1781.31,,,
509,181,recurring,water_share,Water Share,268.77,,,
510,182,recurring,rent,Monthly Rent,7355.00,,,
511,182,recurring,electricity_share,Electricity Share,1714.97,,,
512,182,recurring,water_share,Water Share,435.07,,,
513,183,recurring,rent,Monthly Rent,7355.00,,,
514,183,recurring,electricity_share,Electricity Share,1647.98,,,
515,183,recurring,water_share,Water Share,457.70,,,
516,184,recurring,rent,Monthly Rent,7355.00,,,
517,184,recurring,electricity_share,Electricity Share,1221.52,,,
518,184,recurring,water_share,Water Share,388.31,,,
519,185,recurring,rent,Monthly Rent,7355.00,,,
520,185,recurring,electricity_share,Electricity Share,2234.77,,,
521,186,recurring,rent,Monthly Rent,7355.00,,,
522,186,recurring,electricity_share,Electricity Share,1551.50,,,
523,187,recurring,rent,Monthly Rent,7355.00,,,
524,187,recurring,electricity_share,Electricity Share,901.51,,,
525,188,recurring,rent,Monthly Rent,7355.00,,,
526,188,recurring,electricity_share,Electricity Share,1167.23,,,
527,188,recurring,water_share,Water Share,229.53,,,
528,189,recurring,rent,Monthly Rent,7355.00,,,
529,189,recurring,electricity_share,Electricity Share,545.04,,,
530,190,move_out,electricity_share,Final Electricity Share,545.04,,,
531,190,move_out,deposit_refund,Security Deposit Refund,-7355.00,,,
532,191,recurring,rent,Monthly Rent,12422.00,,,
533,191,recurring,electricity_share,Electricity Share,1686.83,,,
534,191,recurring,water_share,Water Share,376.04,,,
535,192,recurring,rent,Monthly Rent,12422.00,,,
536,192,recurring,electricity_share,Electricity Share,1990.77,,,
537,193,recurring,rent,Monthly Rent,12422.00,,,
538,193,recurring,electricity_share,Electricity Share,1260.45,,,
539,194,recurring,rent,Monthly Rent,12422.00,,,
540,194,recurring,electricity_share,Electricity Share,1879.33,,,
541,194,recurring,water_share,Water Share,347.34,,,
542,195,recurring,rent,Monthly Rent,12422.00,,,
543,195,recurring,electricity_share,Electricity Share,1474.93,,,
544,195,recurring,water_share,Water Share,367.98,,,
545,196,recurring,rent,Monthly Rent,12422.00,,,
546,196,recurring,electricity_share,Electricity Share,1675.69,,,
547,197,recurring,rent,Monthly Rent,12422.00,,,
548,197,recurring,electricity_share,Electricity Share,1921.00,,,
549,197,recurring,water_share,Water Share,465.77,,,
550,198,recurring,rent,Monthly Rent,12422.00,,,
551,198,recurring,electricity_share,Electricity Share,1542.54,,,
552,199,recurring,rent,Monthly Rent,12422.00,,,
553,199,recurring,electricity_share,Electricity Share,1644.01,,,
554,199,recurring,water_share,Water Share,324.24,,,
555,200,recurring,rent,Monthly Rent,12422.00,,,
556,200,recurring,electricity_share,Electricity Share,1227.95,,,
557,200,recurring,water_share,Water Share,311.75,,,
558,201,recurring,rent,Monthly Rent,12422.00,,,
559,201,recurring,electricity_share,Electricity Share,1760.57,,,
560,202,recurring,rent,Monthly Rent,12422.00,,,
561,202,recurring,electricity_share,Electricity Share,902.60,,,
562,202,recurring,water_share,Water Share,156.86,,,
563,203,move_out,electricity_share,Final Electricity Share,902.60,,,
564,203,move_out,water_share,Final Water Share,156.86,,,
565,203,move_out,deposit_refund,Security Deposit Refund,-12422.00,,,
566,204,recurring,rent,Monthly Rent,12829.00,,,
567,204,recurring,electricity_share,Electricity Share,1142.62,,,
568,204,recurring,water_share,Water Share,243.13,,,
569,204,conditional,short_term_premium,Short-Term Premium (contract under 6 months),500.00,,,
570,205,move_out,electricity_share,Final Electricity Share,1142.62,,,
571,205,move_out,water_share,Final Water Share,243.13,,,
572,205,move_out,deposit_refund,Security Deposit Refund,-12829.00,,,
573,206,recurring,rent,Monthly Rent,12813.00,,,
574,206,recurring,electricity_share,Electricity Share,2487.05,,,
575,206,conditional,short_term_premium,Short-Term Premium (contract under 6 months),500.00,,,
576,207,recurring,rent,Monthly Rent,12813.00,,,
577,207,recurring,electricity_share,Electricity Share,2011.17,,,
578,207,conditional,short_term_premium,Short-Term Premium (contract under 6 months),500.00,,,
579,208,recurring,rent,Monthly Rent,12813.00,,,
580,208,recurring,electricity_share,Electricity Share,614.10,,,
581,208,recurring,water_share,Water Share,109.44,,,
582,208,conditional,short_term_premium,Short-Term Premium (contract under 6 months),500.00,,,
583,209,move_out,electricity_share,Final Electricity Share,614.10,,,
584,209,move_out,water_share,Final Water Share,109.44,,,
585,209,move_out,deposit_refund,Security Deposit Refund,-12813.00,,,
586,210,move_in,advance,1 Month Advance — First Month Rent,10648.00,,,
587,210,move_in,security_deposit,1 Month Security Deposit,10648.00,,,
588,211,recurring,rent,Monthly Rent,10648.00,,,
589,211,recurring,electricity_share,Electricity Share,1556.21,,,
590,211,conditional,short_term_premium,Short-Term Premium (contract under 6 months),500.00,,,
591,212,recurring,rent,Monthly Rent,10648.00,,,
592,212,recurring,electricity_share,Electricity Share,1734.79,,,
593,212,conditional,short_term_premium,Short-Term Premium (contract under 6 months),500.00,,,
594,213,recurring,rent,Monthly Rent,10648.00,,,
595,213,recurring,electricity_share,Electricity Share,938.91,,,
596,213,conditional,short_term_premium,Short-Term Premium (contract under 6 months),500.00,,,
597,214,move_out,electricity_share,Final Electricity Share,938.91,,,
598,214,move_out,deposit_refund,Security Deposit Refund,-10648.00,,,
599,215,recurring,rent,Monthly Rent,12296.00,,,
600,215,recurring,electricity_share,Electricity Share,1202.61,,,
601,215,recurring,water_share,Water Share,220.27,,,
602,216,recurring,rent,Monthly Rent,12296.00,,,
603,216,recurring,electricity_share,Electricity Share,837.41,,,
604,217,recurring,rent,Monthly Rent,12296.00,,,
605,217,recurring,electricity_share,Electricity Share,821.49,,,
606,217,recurring,water_share,Water Share,246.92,,,
607,218,recurring,rent,Monthly Rent,12296.00,,,
608,218,recurring,electricity_share,Electricity Share,1106.35,,,
609,218,recurring,water_share,Water Share,112.26,,,
610,219,recurring,rent,Monthly Rent,12296.00,,,
611,219,recurring,electricity_share,Electricity Share,850.48,,,
612,220,recurring,rent,Monthly Rent,12296.00,,,
613,220,recurring,electricity_share,Electricity Share,1044.11,,,
614,220,recurring,water_share,Water Share,173.28,,,
615,221,recurring,rent,Monthly Rent,12296.00,,,
616,221,recurring,electricity_share,Electricity Share,658.77,,,
617,221,recurring,water_share,Water Share,125.08,,,
618,222,recurring,rent,Monthly Rent,12296.00,,,
619,222,recurring,electricity_share,Electricity Share,811.20,,,
620,223,recurring,rent,Monthly Rent,12296.00,,,
621,223,recurring,electricity_share,Electricity Share,1136.07,,,
622,223,recurring,water_share,Water Share,218.71,,,
623,224,recurring,rent,Monthly Rent,12296.00,,,
624,224,recurring,electricity_share,Electricity Share,828.50,,,
625,224,recurring,water_share,Water Share,185.96,,,
626,225,recurring,rent,Monthly Rent,12296.00,,,
627,225,recurring,electricity_share,Electricity Share,1032.29,,,
628,226,recurring,rent,Monthly Rent,12296.00,,,
629,226,recurring,electricity_share,Electricity Share,562.18,,,
630,226,recurring,water_share,Water Share,154.48,,,
631,227,move_out,electricity_share,Final Electricity Share,562.18,,,
632,227,move_out,water_share,Final Water Share,154.48,,,
633,227,move_out,deposit_refund,Security Deposit Refund,-12296.00,,,
634,228,recurring,rent,Monthly Rent,7087.00,,,
635,228,recurring,electricity_share,Electricity Share,830.62,,,
636,228,conditional,short_term_premium,Short-Term Premium (contract under 6 months),500.00,,,
637,229,move_out,electricity_share,Final Electricity Share,830.62,,,
638,229,move_out,deposit_refund,Security Deposit Refund,-7087.00,,,
639,230,recurring,rent,Monthly Rent,7087.00,,,
640,230,recurring,electricity_share,Electricity Share,2011.39,,,
641,230,conditional,short_term_premium,Short-Term Premium (contract under 6 months),500.00,,,
642,231,recurring,rent,Monthly Rent,7087.00,,,
643,231,recurring,electricity_share,Electricity Share,2380.57,,,
644,231,recurring,water_share,Water Share,220.40,,,
645,231,conditional,short_term_premium,Short-Term Premium (contract under 6 months),500.00,,,
646,232,recurring,rent,Monthly Rent,7087.00,,,
647,232,recurring,electricity_share,Electricity Share,1217.25,,,
648,232,recurring,water_share,Water Share,133.42,,,
649,232,conditional,short_term_premium,Short-Term Premium (contract under 6 months),500.00,,,
650,233,move_out,electricity_share,Final Electricity Share,1217.25,,,
651,233,move_out,water_share,Final Water Share,133.42,,,
652,233,move_out,deposit_refund,Security Deposit Refund,-7087.00,,,
653,234,recurring,rent,Monthly Rent,12829.00,,,
654,234,recurring,electricity_share,Electricity Share,1403.34,,,
655,234,recurring,water_share,Water Share,486.32,,,
656,235,recurring,rent,Monthly Rent,12829.00,,,
657,235,recurring,electricity_share,Electricity Share,2199.79,,,
658,235,recurring,water_share,Water Share,445.46,,,
659,236,recurring,rent,Monthly Rent,12829.00,,,
660,236,recurring,electricity_share,Electricity Share,2228.91,,,
661,236,recurring,water_share,Water Share,499.89,,,
662,237,recurring,rent,Monthly Rent,12829.00,,,
663,237,recurring,electricity_share,Electricity Share,1230.22,,,
664,237,recurring,water_share,Water Share,242.03,,,
665,238,recurring,rent,Monthly Rent,12829.00,,,
666,238,recurring,electricity_share,Electricity Share,2266.23,,,
667,238,recurring,water_share,Water Share,478.02,,,
668,239,recurring,rent,Monthly Rent,12829.00,,,
669,239,recurring,electricity_share,Electricity Share,2319.09,,,
670,239,recurring,water_share,Water Share,396.45,,,
671,240,recurring,rent,Monthly Rent,12829.00,,,
672,240,recurring,electricity_share,Electricity Share,2173.95,,,
673,240,recurring,water_share,Water Share,267.99,,,
674,241,recurring,rent,Monthly Rent,12829.00,,,
675,241,recurring,electricity_share,Electricity Share,1729.76,,,
676,241,recurring,water_share,Water Share,204.61,,,
677,242,recurring,rent,Monthly Rent,12829.00,,,
678,242,recurring,electricity_share,Electricity Share,2126.66,,,
679,242,recurring,water_share,Water Share,316.51,,,
680,243,recurring,rent,Monthly Rent,12829.00,,,
681,243,recurring,electricity_share,Electricity Share,2063.49,,,
682,244,recurring,rent,Monthly Rent,12829.00,,,
683,244,recurring,electricity_share,Electricity Share,1512.82,,,
684,245,recurring,rent,Monthly Rent,12829.00,,,
685,245,recurring,electricity_share,Electricity Share,834.55,,,
686,245,recurring,water_share,Water Share,126.83,,,
687,246,move_out,electricity_share,Final Electricity Share,834.55,,,
688,246,move_out,water_share,Final Water Share,126.83,,,
689,246,move_out,deposit_refund,Security Deposit Refund,-12829.00,,,
690,247,recurring,rent,Monthly Rent,6923.00,,,
691,247,recurring,electricity_share,Electricity Share,1029.21,,,
692,247,conditional,short_term_premium,Short-Term Premium (contract under 6 months),500.00,,,
693,248,recurring,rent,Monthly Rent,6923.00,,,
694,248,recurring,electricity_share,Electricity Share,1168.71,,,
695,248,conditional,short_term_premium,Short-Term Premium (contract under 6 months),500.00,,,
696,249,recurring,rent,Monthly Rent,6923.00,,,
697,249,recurring,electricity_share,Electricity Share,728.89,,,
698,249,recurring,water_share,Water Share,125.26,,,
699,249,conditional,short_term_premium,Short-Term Premium (contract under 6 months),500.00,,,
700,250,move_out,electricity_share,Final Electricity Share,728.89,,,
701,250,move_out,water_share,Final Water Share,125.26,,,
702,250,move_out,deposit_refund,Security Deposit Refund,-6923.00,,,
703,251,recurring,rent,Monthly Rent,12004.00,,,
704,251,recurring,electricity_share,Electricity Share,2099.61,,,
705,251,recurring,water_share,Water Share,381.42,,,
706,251,conditional,short_term_premium,Short-Term Premium (contract under 6 months),500.00,,,
707,252,recurring,rent,Monthly Rent,12004.00,,,
708,252,recurring,electricity_share,Electricity Share,2155.70,,,
709,252,conditional,short_term_premium,Short-Term Premium (contract under 6 months),500.00,,,
710,253,recurring,rent,Monthly Rent,12004.00,,,
711,253,recurring,electricity_share,Electricity Share,1177.99,,,
712,253,conditional,short_term_premium,Short-Term Premium (contract under 6 months),500.00,,,
713,254,move_out,electricity_share,Final Electricity Share,1177.99,,,
714,254,move_out,deposit_refund,Security Deposit Refund,-12004.00,,,
715,255,recurring,rent,Monthly Rent,9336.00,,,
716,255,recurring,electricity_share,Electricity Share,1366.60,,,
717,255,recurring,water_share,Water Share,415.47,,,
718,256,recurring,rent,Monthly Rent,9336.00,,,
719,256,recurring,electricity_share,Electricity Share,1878.20,,,
720,257,recurring,rent,Monthly Rent,9336.00,,,
721,257,recurring,electricity_share,Electricity Share,1868.04,,,
722,257,recurring,water_share,Water Share,294.17,,,
723,258,recurring,rent,Monthly Rent,9336.00,,,
724,258,recurring,electricity_share,Electricity Share,2294.48,,,
725,258,recurring,water_share,Water Share,207.22,,,
726,259,recurring,rent,Monthly Rent,9336.00,,,
727,259,recurring,electricity_share,Electricity Share,2445.69,,,
728,259,recurring,water_share,Water Share,477.73,,,
729,260,recurring,rent,Monthly Rent,9336.00,,,
730,260,recurring,electricity_share,Electricity Share,1056.77,,,
731,260,recurring,water_share,Water Share,132.47,,,
732,261,move_out,electricity_share,Final Electricity Share,1056.77,,,
733,261,move_out,water_share,Final Water Share,132.47,,,
734,261,move_out,deposit_refund,Security Deposit Refund,-9336.00,,,
735,262,recurring,rent,Monthly Rent,10648.00,,,
736,262,recurring,electricity_share,Electricity Share,1944.63,,,
737,262,recurring,water_share,Water Share,257.24,,,
738,262,conditional,short_term_premium,Short-Term Premium (contract under 6 months),500.00,,,
739,263,recurring,rent,Monthly Rent,10648.00,,,
740,263,recurring,electricity_share,Electricity Share,1843.95,,,
741,263,recurring,water_share,Water Share,262.38,,,
742,263,conditional,short_term_premium,Short-Term Premium (contract under 6 months),500.00,,,
743,264,recurring,rent,Monthly Rent,10648.00,,,
744,264,recurring,electricity_share,Electricity Share,1232.24,,,
745,264,recurring,water_share,Water Share,218.78,,,
746,264,conditional,short_term_premium,Short-Term Premium (contract under 6 months),500.00,,,
747,265,move_out,electricity_share,Final Electricity Share,1232.24,,,
748,265,move_out,water_share,Final Water Share,218.78,,,
749,265,move_out,deposit_refund,Security Deposit Refund,-10648.00,,,
750,266,recurring,rent,Monthly Rent,12813.00,,,
751,266,recurring,electricity_share,Electricity Share,2111.02,,,
752,266,recurring,water_share,Water Share,494.81,,,
753,267,recurring,rent,Monthly Rent,12813.00,,,
754,267,recurring,electricity_share,Electricity Share,1861.23,,,
755,267,recurring,water_share,Water Share,480.56,,,
756,268,recurring,rent,Monthly Rent,12813.00,,,
757,268,recurring,electricity_share,Electricity Share,1420.22,,,
758,269,recurring,rent,Monthly Rent,12813.00,,,
759,269,recurring,electricity_share,Electricity Share,1646.29,,,
760,270,recurring,rent,Monthly Rent,12813.00,,,
761,270,recurring,electricity_share,Electricity Share,2169.40,,,
762,270,recurring,water_share,Water Share,369.69,,,
763,271,recurring,rent,Monthly Rent,12813.00,,,
764,271,recurring,electricity_share,Electricity Share,1659.99,,,
765,271,recurring,water_share,Water Share,276.24,,,
766,272,recurring,rent,Monthly Rent,12813.00,,,
767,272,recurring,electricity_share,Electricity Share,1369.20,,,
768,272,recurring,water_share,Water Share,459.91,,,
769,273,recurring,rent,Monthly Rent,12813.00,,,
770,273,recurring,electricity_share,Electricity Share,1242.72,,,
771,274,recurring,rent,Monthly Rent,12813.00,,,
772,274,recurring,electricity_share,Electricity Share,1626.89,,,
773,274,recurring,water_share,Water Share,347.25,,,
774,275,recurring,rent,Monthly Rent,12813.00,,,
775,275,recurring,electricity_share,Electricity Share,2150.75,,,
776,276,recurring,rent,Monthly Rent,12813.00,,,
777,276,recurring,electricity_share,Electricity Share,2247.44,,,
778,277,recurring,rent,Monthly Rent,12813.00,,,
779,277,recurring,electricity_share,Electricity Share,1168.21,,,
780,277,recurring,water_share,Water Share,172.09,,,
781,278,move_out,electricity_share,Final Electricity Share,1168.21,,,
782,278,move_out,water_share,Final Water Share,172.09,,,
783,278,move_out,deposit_refund,Security Deposit Refund,-12813.00,,,
784,279,recurring,rent,Monthly Rent,7087.00,,,
785,279,recurring,electricity_share,Electricity Share,2063.05,,,
786,279,recurring,water_share,Water Share,246.95,,,
787,280,recurring,rent,Monthly Rent,7087.00,,,
788,280,recurring,electricity_share,Electricity Share,1906.07,,,
789,280,recurring,water_share,Water Share,284.85,,,
790,281,recurring,rent,Monthly Rent,7087.00,,,
791,281,recurring,electricity_share,Electricity Share,1435.33,,,
792,282,recurring,rent,Monthly Rent,7087.00,,,
793,282,recurring,electricity_share,Electricity Share,1820.64,,,
794,282,recurring,water_share,Water Share,228.67,,,
795,283,recurring,rent,Monthly Rent,7087.00,,,
796,283,recurring,electricity_share,Electricity Share,2453.06,,,
797,284,recurring,rent,Monthly Rent,7087.00,,,
798,284,recurring,electricity_share,Electricity Share,884.79,,,
799,284,recurring,water_share,Water Share,168.89,,,
800,285,move_out,electricity_share,Final Electricity Share,884.79,,,
801,285,move_out,water_share,Final Water Share,168.89,,,
802,285,move_out,deposit_refund,Security Deposit Refund,-7087.00,,,
803,286,recurring,rent,Monthly Rent,6718.00,,,
804,286,recurring,electricity_share,Electricity Share,2237.23,,,
805,286,recurring,water_share,Water Share,251.69,,,
806,287,recurring,rent,Monthly Rent,6718.00,,,
807,287,recurring,electricity_share,Electricity Share,1967.17,,,
808,287,recurring,water_share,Water Share,411.21,,,
809,288,recurring,rent,Monthly Rent,6718.00,,,
810,288,recurring,electricity_share,Electricity Share,2385.01,,,
811,288,recurring,water_share,Water Share,355.21,,,
812,289,recurring,rent,Monthly Rent,6718.00,,,
813,289,recurring,electricity_share,Electricity Share,1831.44,,,
814,289,recurring,water_share,Water Share,298.65,,,
815,290,recurring,rent,Monthly Rent,6718.00,,,
816,290,recurring,electricity_share,Electricity Share,2417.28,,,
817,290,recurring,water_share,Water Share,469.51,,,
818,291,recurring,rent,Monthly Rent,6718.00,,,
819,291,recurring,electricity_share,Electricity Share,788.87,,,
820,291,recurring,water_share,Water Share,167.48,,,
821,292,move_out,electricity_share,Final Electricity Share,788.87,,,
822,292,move_out,water_share,Final Water Share,167.48,,,
823,292,move_out,deposit_refund,Security Deposit Refund,-6718.00,,,
824,293,recurring,rent,Monthly Rent,6923.00,,,
825,293,recurring,electricity_share,Electricity Share,704.36,,,
826,294,recurring,rent,Monthly Rent,6923.00,,,
827,294,recurring,electricity_share,Electricity Share,655.40,,,
828,294,recurring,water_share,Water Share,113.19,,,
829,295,recurring,rent,Monthly Rent,6923.00,,,
830,295,recurring,electricity_share,Electricity Share,1243.46,,,
831,296,recurring,rent,Monthly Rent,6923.00,,,
832,296,recurring,electricity_share,Electricity Share,1006.26,,,
833,296,recurring,water_share,Water Share,191.25,,,
834,297,recurring,rent,Monthly Rent,6923.00,,,
835,297,recurring,electricity_share,Electricity Share,932.15,,,
836,298,recurring,rent,Monthly Rent,6923.00,,,
837,298,recurring,electricity_share,Electricity Share,401.68,,,
838,298,recurring,water_share,Water Share,137.90,,,
839,299,move_out,electricity_share,Final Electricity Share,401.68,,,
840,299,move_out,water_share,Final Water Share,137.90,,,
841,299,move_out,deposit_refund,Security Deposit Refund,-6923.00,,,
842,300,recurring,rent,Monthly Rent,5695.00,,,
843,300,recurring,electricity_share,Electricity Share,1278.15,,,
844,300,recurring,water_share,Water Share,492.02,,,
845,300,conditional,short_term_premium,Short-Term Premium (contract under 6 months),500.00,,,
846,301,recurring,rent,Monthly Rent,5695.00,,,
847,301,recurring,electricity_share,Electricity Share,1718.83,,,
848,301,recurring,water_share,Water Share,350.70,,,
849,301,conditional,short_term_premium,Short-Term Premium (contract under 6 months),500.00,,,
850,302,recurring,rent,Monthly Rent,5695.00,,,
851,302,recurring,electricity_share,Electricity Share,682.92,,,
852,302,conditional,short_term_premium,Short-Term Premium (contract under 6 months),500.00,,,
853,303,move_out,electricity_share,Final Electricity Share,682.92,,,
854,303,move_out,deposit_refund,Security Deposit Refund,-5695.00,,,
855,304,move_in,advance,1 Month Advance — First Month Rent,9312.00,,,
856,304,move_in,security_deposit,1 Month Security Deposit,9312.00,,,
857,305,recurring,rent,Monthly Rent,9312.00,,,
858,305,recurring,electricity_share,Electricity Share,1261.80,,,
859,305,recurring,water_share,Water Share,294.43,,,
860,305,conditional,short_term_premium,Short-Term Premium (contract under 6 months),500.00,,,
861,306,recurring,rent,Monthly Rent,9312.00,,,
862,306,recurring,electricity_share,Electricity Share,1310.71,,,
863,306,conditional,short_term_premium,Short-Term Premium (contract under 6 months),500.00,,,
864,307,recurring,rent,Monthly Rent,9312.00,,,
865,307,recurring,electricity_share,Electricity Share,800.97,,,
866,307,conditional,short_term_premium,Short-Term Premium (contract under 6 months),500.00,,,
867,308,move_out,electricity_share,Final Electricity Share,800.97,,,
868,308,move_out,deposit_refund,Security Deposit Refund,-9312.00,,,
869,309,recurring,rent,Monthly Rent,6923.00,,,
870,309,recurring,electricity_share,Electricity Share,655.40,,,
871,309,recurring,water_share,Water Share,113.19,,,
872,310,recurring,rent,Monthly Rent,6923.00,,,
873,310,recurring,electricity_share,Electricity Share,1243.46,,,
874,311,recurring,rent,Monthly Rent,6923.00,,,
875,311,recurring,electricity_share,Electricity Share,1006.26,,,
876,311,recurring,water_share,Water Share,191.25,,,
877,312,recurring,rent,Monthly Rent,6923.00,,,
878,312,recurring,electricity_share,Electricity Share,932.15,,,
879,313,recurring,rent,Monthly Rent,6923.00,,,
880,313,recurring,electricity_share,Electricity Share,401.68,,,
881,313,recurring,water_share,Water Share,137.90,,,
882,314,recurring,rent,Monthly Rent,6923.00,,,
883,314,recurring,electricity_share,Electricity Share,779.83,,,
884,315,recurring,rent,Monthly Rent,6923.00,,,
885,315,recurring,electricity_share,Electricity Share,1024.80,,,
886,316,recurring,rent,Monthly Rent,6923.00,,,
887,316,recurring,electricity_share,Electricity Share,817.77,,,
888,317,recurring,rent,Monthly Rent,6923.00,,,
889,317,recurring,electricity_share,Electricity Share,1233.45,,,
890,317,recurring,water_share,Water Share,168.53,,,
891,318,recurring,rent,Monthly Rent,6923.00,,,
892,318,recurring,electricity_share,Electricity Share,723.59,,,
893,319,recurring,rent,Monthly Rent,6923.00,,,
894,319,recurring,electricity_share,Electricity Share,635.61,,,
895,319,recurring,water_share,Water Share,146.86,,,
896,320,recurring,rent,Monthly Rent,6923.00,,,
897,320,recurring,electricity_share,Electricity Share,424.51,,,
898,320,recurring,water_share,Water Share,59.13,,,
899,321,move_out,electricity_share,Final Electricity Share,424.51,,,
900,321,move_out,water_share,Final Water Share,59.13,,,
901,321,move_out,deposit_refund,Security Deposit Refund,-6923.00,,,
902,322,recurring,rent,Monthly Rent,12004.00,,,
903,322,recurring,electricity_share,Electricity Share,1917.66,,,
904,322,recurring,water_share,Water Share,443.22,,,
905,323,recurring,rent,Monthly Rent,12004.00,,,
906,323,recurring,electricity_share,Electricity Share,1540.38,,,
907,323,recurring,water_share,Water Share,345.99,,,
908,324,recurring,rent,Monthly Rent,12004.00,,,
909,324,recurring,electricity_share,Electricity Share,1843.83,,,
910,324,recurring,water_share,Water Share,341.26,,,
911,325,recurring,rent,Monthly Rent,12004.00,,,
912,325,recurring,electricity_share,Electricity Share,2171.93,,,
913,326,recurring,rent,Monthly Rent,12004.00,,,
914,326,recurring,electricity_share,Electricity Share,2298.74,,,
915,327,recurring,rent,Monthly Rent,12004.00,,,
916,327,recurring,electricity_share,Electricity Share,1799.96,,,
917,327,recurring,water_share,Water Share,344.81,,,
918,328,recurring,rent,Monthly Rent,12004.00,,,
919,328,recurring,electricity_share,Electricity Share,2170.40,,,
920,329,recurring,rent,Monthly Rent,12004.00,,,
921,329,recurring,electricity_share,Electricity Share,1846.56,,,
922,329,recurring,water_share,Water Share,414.33,,,
923,330,recurring,rent,Monthly Rent,12004.00,,,
924,330,recurring,electricity_share,Electricity Share,2451.21,,,
925,331,recurring,rent,Monthly Rent,12004.00,,,
926,331,recurring,electricity_share,Electricity Share,1496.82,,,
927,332,recurring,rent,Monthly Rent,12004.00,,,
928,332,recurring,electricity_share,Electricity Share,1793.33,,,
929,333,recurring,rent,Monthly Rent,12004.00,,,
930,333,recurring,electricity_share,Electricity Share,930.07,,,
931,334,move_out,electricity_share,Final Electricity Share,930.07,,,
932,334,move_out,deposit_refund,Security Deposit Refund,-12004.00,,,
933,335,recurring,rent,Monthly Rent,10648.00,,,
934,335,recurring,electricity_share,Electricity Share,2413.14,,,
935,336,recurring,rent,Monthly Rent,10648.00,,,
936,336,recurring,electricity_share,Electricity Share,2183.43,,,
937,336,recurring,water_share,Water Share,323.07,,,
938,337,recurring,rent,Monthly Rent,10648.00,,,
939,337,recurring,electricity_share,Electricity Share,1638.14,,,
940,338,recurring,rent,Monthly Rent,10648.00,,,
941,338,recurring,electricity_share,Electricity Share,2499.44,,,
942,338,recurring,water_share,Water Share,468.54,,,
943,339,recurring,rent,Monthly Rent,10648.00,,,
944,339,recurring,electricity_share,Electricity Share,1973.44,,,
945,339,recurring,water_share,Water Share,351.60,,,
946,340,recurring,rent,Monthly Rent,10648.00,,,
947,340,recurring,electricity_share,Electricity Share,1114.52,,,
948,340,recurring,water_share,Water Share,225.91,,,
949,341,move_out,electricity_share,Final Electricity Share,1114.52,,,
950,341,move_out,water_share,Final Water Share,225.91,,,
951,341,move_out,deposit_refund,Security Deposit Refund,-10648.00,,,
952,342,recurring,rent,Monthly Rent,12296.00,,,
953,342,recurring,electricity_share,Electricity Share,811.20,,,
954,342,conditional,short_term_premium,Short-Term Premium (contract under 6 months),500.00,,,
955,343,move_out,electricity_share,Final Electricity Share,811.20,,,
956,343,move_out,deposit_refund,Security Deposit Refund,-12296.00,,,
957,344,recurring,rent,Monthly Rent,12296.00,,,
958,344,recurring,electricity_share,Electricity Share,1136.07,,,
959,344,recurring,water_share,Water Share,218.71,,,
960,345,recurring,rent,Monthly Rent,12296.00,,,
961,345,recurring,electricity_share,Electricity Share,828.50,,,
962,345,recurring,water_share,Water Share,185.96,,,
963,346,recurring,rent,Monthly Rent,12296.00,,,
964,346,recurring,electricity_share,Electricity Share,1032.29,,,
965,347,recurring,rent,Monthly Rent,12296.00,,,
966,347,recurring,electricity_share,Electricity Share,562.18,,,
967,347,recurring,water_share,Water Share,154.48,,,
968,348,recurring,rent,Monthly Rent,12296.00,,,
969,348,recurring,electricity_share,Electricity Share,801.75,,,
970,348,recurring,water_share,Water Share,118.82,,,
971,349,recurring,rent,Monthly Rent,12296.00,,,
972,349,recurring,electricity_share,Electricity Share,492.45,,,
973,350,recurring,rent,Monthly Rent,12296.00,,,
974,350,recurring,electricity_share,Electricity Share,873.12,,,
975,350,recurring,water_share,Water Share,138.28,,,
976,351,recurring,rent,Monthly Rent,12296.00,,,
977,351,recurring,electricity_share,Electricity Share,1179.10,,,
978,351,recurring,water_share,Water Share,197.84,,,
979,352,recurring,rent,Monthly Rent,12296.00,,,
980,352,recurring,electricity_share,Electricity Share,814.68,,,
981,352,recurring,water_share,Water Share,170.99,,,
982,353,recurring,rent,Monthly Rent,12296.00,,,
983,353,recurring,electricity_share,Electricity Share,1006.54,,,
984,354,recurring,rent,Monthly Rent,12296.00,,,
985,354,recurring,electricity_share,Electricity Share,929.59,,,
986,355,recurring,rent,Monthly Rent,12296.00,,,
987,355,recurring,electricity_share,Electricity Share,576.73,,,
988,356,move_out,electricity_share,Final Electricity Share,576.73,,,
989,356,move_out,deposit_refund,Security Deposit Refund,-12296.00,,,
990,357,recurring,rent,Monthly Rent,5695.00,,,
991,357,recurring,electricity_share,Electricity Share,1688.52,,,
992,358,recurring,rent,Monthly Rent,5695.00,,,
993,358,recurring,electricity_share,Electricity Share,1565.45,,,
994,359,recurring,rent,Monthly Rent,5695.00,,,
995,359,recurring,electricity_share,Electricity Share,2239.53,,,
996,360,recurring,rent,Monthly Rent,5695.00,,,
997,360,recurring,electricity_share,Electricity Share,1969.77,,,
998,360,recurring,water_share,Water Share,310.85,,,
999,361,recurring,rent,Monthly Rent,5695.00,,,
1000,361,recurring,electricity_share,Electricity Share,1397.89,,,
1001,361,recurring,water_share,Water Share,353.22,,,
1002,362,recurring,rent,Monthly Rent,5695.00,,,
1003,362,recurring,electricity_share,Electricity Share,715.24,,,
1004,362,recurring,water_share,Water Share,147.64,,,
1005,363,move_out,electricity_share,Final Electricity Share,715.24,,,
1006,363,move_out,water_share,Final Water Share,147.64,,,
1007,363,move_out,deposit_refund,Security Deposit Refund,-5695.00,,,
1008,364,recurring,rent,Monthly Rent,9336.00,,,
1009,364,recurring,electricity_share,Electricity Share,1346.76,,,
1010,364,recurring,water_share,Water Share,474.79,,,
1011,365,recurring,rent,Monthly Rent,9336.00,,,
1012,365,recurring,electricity_share,Electricity Share,1234.17,,,
1013,365,recurring,water_share,Water Share,304.27,,,
1014,366,recurring,rent,Monthly Rent,9336.00,,,
1015,366,recurring,electricity_share,Electricity Share,1994.21,,,
1016,366,recurring,water_share,Water Share,365.88,,,
1017,367,recurring,rent,Monthly Rent,9336.00,,,
1018,367,recurring,electricity_share,Electricity Share,1664.80,,,
1019,368,recurring,rent,Monthly Rent,9336.00,,,
1020,368,recurring,electricity_share,Electricity Share,2458.05,,,
1021,368,recurring,water_share,Water Share,375.26,,,
1022,369,recurring,rent,Monthly Rent,9336.00,,,
1023,369,recurring,electricity_share,Electricity Share,712.09,,,
1024,370,recurring,rent,Monthly Rent,9336.00,,,
1025,370,recurring,electricity_share,Electricity Share,947.87,,,
1026,371,recurring,rent,Monthly Rent,9336.00,,,
1027,371,recurring,electricity_share,Electricity Share,794.70,,,
1028,372,recurring,rent,Monthly Rent,9336.00,,,
1029,372,recurring,electricity_share,Electricity Share,813.08,,,
1030,373,recurring,rent,Monthly Rent,9336.00,,,
1031,373,recurring,electricity_share,Electricity Share,1147.58,,,
1032,373,recurring,water_share,Water Share,150.44,,,
1033,374,recurring,rent,Monthly Rent,9336.00,,,
1034,374,recurring,electricity_share,Electricity Share,939.95,,,
1035,375,recurring,rent,Monthly Rent,9336.00,,,
1036,375,recurring,electricity_share,Electricity Share,349.24,,,
1037,375,recurring,water_share,Water Share,51.99,,,
1038,376,move_out,electricity_share,Final Electricity Share,349.24,,,
1039,376,move_out,water_share,Final Water Share,51.99,,,
1040,376,move_out,deposit_refund,Security Deposit Refund,-9336.00,,,
1041,377,recurring,rent,Monthly Rent,9312.00,,,
1042,377,recurring,electricity_share,Electricity Share,975.35,,,
1043,377,recurring,water_share,Water Share,246.42,,,
1044,377,conditional,short_term_premium,Short-Term Premium (contract under 6 months),500.00,,,
1045,378,move_out,electricity_share,Final Electricity Share,975.35,,,
1046,378,move_out,water_share,Final Water Share,246.42,,,
1047,378,move_out,deposit_refund,Security Deposit Refund,-9312.00,,,
1048,379,move_in,advance,1 Month Advance — First Month Rent,13743.00,,,
1049,379,move_in,security_deposit,1 Month Security Deposit,13743.00,,,
1050,380,recurring,rent,Monthly Rent,13743.00,,,
1051,380,recurring,electricity_share,Electricity Share,1677.66,,,
1052,380,recurring,water_share,Water Share,461.99,,,
1053,380,conditional,short_term_premium,Short-Term Premium (contract under 6 months),500.00,,,
1054,381,recurring,rent,Monthly Rent,13743.00,,,
1055,381,recurring,electricity_share,Electricity Share,2258.18,,,
1056,381,recurring,water_share,Water Share,366.78,,,
1057,381,conditional,short_term_premium,Short-Term Premium (contract under 6 months),500.00,,,
1058,382,recurring,rent,Monthly Rent,13743.00,,,
1059,382,recurring,electricity_share,Electricity Share,785.05,,,
1060,382,recurring,water_share,Water Share,151.80,,,
1061,382,conditional,short_term_premium,Short-Term Premium (contract under 6 months),500.00,,,
1062,383,move_out,electricity_share,Final Electricity Share,785.05,,,
1063,383,move_out,water_share,Final Water Share,151.80,,,
1064,383,move_out,deposit_refund,Security Deposit Refund,-13743.00,,,
1065,384,recurring,rent,Monthly Rent,10883.00,,,
1066,384,recurring,electricity_share,Electricity Share,2144.22,,,
1067,384,recurring,water_share,Water Share,388.96,,,
1068,384,conditional,short_term_premium,Short-Term Premium (contract under 6 months),500.00,,,
1069,385,recurring,rent,Monthly Rent,10883.00,,,
1070,385,recurring,electricity_share,Electricity Share,1492.26,,,
1071,385,recurring,water_share,Water Share,440.44,,,
1072,385,conditional,short_term_premium,Short-Term Premium (contract under 6 months),500.00,,,
1073,386,recurring,rent,Monthly Rent,10883.00,,,
1074,386,recurring,electricity_share,Electricity Share,738.23,,,
1075,386,conditional,short_term_premium,Short-Term Premium (contract under 6 months),500.00,,,
1076,387,move_out,electricity_share,Final Electricity Share,738.23,,,
1077,387,move_out,deposit_refund,Security Deposit Refund,-10883.00,,,
1078,388,recurring,rent,Monthly Rent,9312.00,,,
1079,388,recurring,electricity_share,Electricity Share,749.94,,,
1080,388,recurring,water_share,Water Share,204.58,,,
1081,388,conditional,short_term_premium,Short-Term Premium (contract under 6 months),500.00,,,
1082,389,move_out,electricity_share,Final Electricity Share,749.94,,,
1083,389,move_out,water_share,Final Water Share,204.58,,,
1084,389,move_out,deposit_refund,Security Deposit Refund,-9312.00,,,
1085,390,recurring,rent,Monthly Rent,6718.00,,,
1165,420,recurring,rent,Monthly Rent,7355.00,,,
1086,390,recurring,electricity_share,Electricity Share,1070.49,,,
1087,390,conditional,short_term_premium,Short-Term Premium (contract under 6 months),500.00,,,
1088,391,move_out,electricity_share,Final Electricity Share,1070.49,,,
1089,391,move_out,deposit_refund,Security Deposit Refund,-6718.00,,,
1090,392,move_in,advance,1 Month Advance — First Month Rent,11042.00,,,
1091,392,move_in,security_deposit,1 Month Security Deposit,11042.00,,,
1092,393,recurring,rent,Monthly Rent,11042.00,,,
1093,393,recurring,electricity_share,Electricity Share,1758.70,,,
1094,393,recurring,water_share,Water Share,347.27,,,
1095,394,recurring,rent,Monthly Rent,11042.00,,,
1096,394,recurring,electricity_share,Electricity Share,1804.37,,,
1097,395,recurring,rent,Monthly Rent,11042.00,,,
1098,395,recurring,electricity_share,Electricity Share,2370.38,,,
1099,395,recurring,water_share,Water Share,260.77,,,
1100,396,recurring,rent,Monthly Rent,11042.00,,,
1101,396,recurring,electricity_share,Electricity Share,2168.40,,,
1102,397,recurring,rent,Monthly Rent,11042.00,,,
1103,397,recurring,electricity_share,Electricity Share,1479.42,,,
1104,398,recurring,rent,Monthly Rent,11042.00,,,
1105,398,recurring,electricity_share,Electricity Share,2150.74,,,
1106,398,recurring,water_share,Water Share,395.23,,,
1107,399,recurring,rent,Monthly Rent,11042.00,,,
1108,399,recurring,electricity_share,Electricity Share,1703.96,,,
1109,399,recurring,water_share,Water Share,396.96,,,
1110,400,recurring,rent,Monthly Rent,11042.00,,,
1111,400,recurring,electricity_share,Electricity Share,1373.65,,,
1112,400,recurring,water_share,Water Share,275.34,,,
1113,401,recurring,rent,Monthly Rent,11042.00,,,
1114,401,recurring,electricity_share,Electricity Share,2248.14,,,
1115,401,recurring,water_share,Water Share,262.02,,,
1116,402,recurring,rent,Monthly Rent,11042.00,,,
1117,402,recurring,electricity_share,Electricity Share,1552.04,,,
1118,402,recurring,water_share,Water Share,426.63,,,
1119,403,recurring,rent,Monthly Rent,11042.00,,,
1120,403,recurring,electricity_share,Electricity Share,1424.45,,,
1121,403,recurring,water_share,Water Share,389.78,,,
1122,404,recurring,rent,Monthly Rent,11042.00,,,
1123,404,recurring,electricity_share,Electricity Share,1117.62,,,
1124,404,recurring,water_share,Water Share,173.10,,,
1125,405,move_out,electricity_share,Final Electricity Share,1117.62,,,
1126,405,move_out,water_share,Final Water Share,173.10,,,
1127,405,move_out,deposit_refund,Security Deposit Refund,-11042.00,,,
1128,406,move_in,advance,1 Month Advance — First Month Rent,10175.00,,,
1129,406,move_in,security_deposit,1 Month Security Deposit,10175.00,,,
1130,407,recurring,rent,Monthly Rent,10175.00,,,
1131,407,recurring,electricity_share,Electricity Share,2350.13,,,
1132,408,recurring,rent,Monthly Rent,10175.00,,,
1133,408,recurring,electricity_share,Electricity Share,2011.86,,,
1134,408,recurring,water_share,Water Share,465.76,,,
1135,409,recurring,rent,Monthly Rent,10175.00,,,
1136,409,recurring,electricity_share,Electricity Share,2320.26,,,
1137,409,recurring,water_share,Water Share,421.25,,,
1138,410,recurring,rent,Monthly Rent,10175.00,,,
1139,410,recurring,electricity_share,Electricity Share,1346.70,,,
1140,410,recurring,water_share,Water Share,494.05,,,
1141,411,recurring,rent,Monthly Rent,10175.00,,,
1142,411,recurring,electricity_share,Electricity Share,1553.35,,,
1143,411,recurring,water_share,Water Share,363.05,,,
1144,412,recurring,rent,Monthly Rent,10175.00,,,
1145,412,recurring,electricity_share,Electricity Share,647.23,,,
1146,412,recurring,water_share,Water Share,235.22,,,
1147,413,move_out,electricity_share,Final Electricity Share,647.23,,,
1148,413,move_out,water_share,Final Water Share,235.22,,,
1149,413,move_out,deposit_refund,Security Deposit Refund,-10175.00,,,
1150,414,move_in,advance,1 Month Advance — First Month Rent,7355.00,,,
1151,414,move_in,security_deposit,1 Month Security Deposit,7355.00,,,
1152,415,recurring,rent,Monthly Rent,7355.00,,,
1153,415,recurring,electricity_share,Electricity Share,1167.23,,,
1154,415,recurring,water_share,Water Share,229.53,,,
1155,416,recurring,rent,Monthly Rent,7355.00,,,
1156,416,recurring,electricity_share,Electricity Share,545.04,,,
1157,417,recurring,rent,Monthly Rent,7355.00,,,
1158,417,recurring,electricity_share,Electricity Share,643.05,,,
1159,417,recurring,water_share,Water Share,106.57,,,
1160,418,recurring,rent,Monthly Rent,7355.00,,,
1161,418,recurring,electricity_share,Electricity Share,635.88,,,
1162,418,recurring,water_share,Water Share,160.21,,,
1163,419,recurring,rent,Monthly Rent,7355.00,,,
1164,419,recurring,electricity_share,Electricity Share,703.25,,,
1166,420,recurring,electricity_share,Electricity Share,1151.49,,,
1167,420,recurring,water_share,Water Share,173.91,,,
1168,421,recurring,rent,Monthly Rent,7355.00,,,
1169,421,recurring,electricity_share,Electricity Share,1042.09,,,
1170,422,recurring,rent,Monthly Rent,7355.00,,,
1171,422,recurring,electricity_share,Electricity Share,1216.63,,,
1172,423,recurring,rent,Monthly Rent,7355.00,,,
1173,423,recurring,electricity_share,Electricity Share,609.44,,,
1174,424,recurring,rent,Monthly Rent,7355.00,,,
1175,424,recurring,electricity_share,Electricity Share,1150.07,,,
1176,425,recurring,rent,Monthly Rent,7355.00,,,
1177,425,recurring,electricity_share,Electricity Share,788.51,,,
1178,425,recurring,water_share,Water Share,105.26,,,
1179,426,recurring,rent,Monthly Rent,7355.00,,,
1180,426,recurring,electricity_share,Electricity Share,545.46,,,
1181,426,recurring,water_share,Water Share,73.96,,,
1182,427,move_out,electricity_share,Final Electricity Share,545.46,,,
1183,427,move_out,water_share,Final Water Share,73.96,,,
1184,427,move_out,deposit_refund,Security Deposit Refund,-7355.00,,,
1185,428,recurring,rent,Monthly Rent,7087.00,,,
1186,428,recurring,electricity_share,Electricity Share,2499.70,,,
1187,428,recurring,water_share,Water Share,327.42,,,
1188,428,conditional,short_term_premium,Short-Term Premium (contract under 6 months),500.00,,,
1189,429,recurring,rent,Monthly Rent,7087.00,,,
1190,429,recurring,electricity_share,Electricity Share,2258.14,,,
1191,429,recurring,water_share,Water Share,305.05,,,
1192,429,conditional,short_term_premium,Short-Term Premium (contract under 6 months),500.00,,,
1193,430,recurring,rent,Monthly Rent,7087.00,,,
1194,430,recurring,electricity_share,Electricity Share,1097.95,,,
1195,430,recurring,water_share,Water Share,107.96,,,
1196,430,conditional,short_term_premium,Short-Term Premium (contract under 6 months),500.00,,,
1197,431,move_out,electricity_share,Final Electricity Share,1097.95,,,
1198,431,move_out,water_share,Final Water Share,107.96,,,
1199,431,move_out,deposit_refund,Security Deposit Refund,-7087.00,,,
1200,432,recurring,rent,Monthly Rent,6923.00,,,
1201,432,recurring,electricity_share,Electricity Share,779.83,,,
1202,432,conditional,short_term_premium,Short-Term Premium (contract under 6 months),500.00,,,
1203,433,move_out,electricity_share,Final Electricity Share,779.83,,,
1204,433,move_out,deposit_refund,Security Deposit Refund,-6923.00,,,
1205,434,recurring,rent,Monthly Rent,9312.00,,,
1206,434,recurring,electricity_share,Electricity Share,1326.69,,,
1207,434,conditional,short_term_premium,Short-Term Premium (contract under 6 months),500.00,,,
1208,435,recurring,rent,Monthly Rent,9312.00,,,
1209,435,recurring,electricity_share,Electricity Share,1488.50,,,
1210,435,conditional,short_term_premium,Short-Term Premium (contract under 6 months),500.00,,,
1211,436,recurring,rent,Monthly Rent,9312.00,,,
1212,436,recurring,electricity_share,Electricity Share,1175.86,,,
1213,436,recurring,water_share,Water Share,149.97,,,
1214,436,conditional,short_term_premium,Short-Term Premium (contract under 6 months),500.00,,,
1215,437,move_out,electricity_share,Final Electricity Share,1175.86,,,
1216,437,move_out,water_share,Final Water Share,149.97,,,
1217,437,move_out,deposit_refund,Security Deposit Refund,-9312.00,,,
1218,438,recurring,rent,Monthly Rent,13743.00,,,
1219,438,recurring,electricity_share,Electricity Share,1645.39,,,
1220,438,recurring,water_share,Water Share,466.91,,,
1221,439,recurring,rent,Monthly Rent,13743.00,,,
1222,439,recurring,electricity_share,Electricity Share,2159.52,,,
1223,439,recurring,water_share,Water Share,219.55,,,
1224,440,recurring,rent,Monthly Rent,13743.00,,,
1225,440,recurring,electricity_share,Electricity Share,686.48,,,
1226,440,recurring,water_share,Water Share,238.17,,,
1227,441,recurring,rent,Monthly Rent,13743.00,,,
1228,441,recurring,electricity_share,Electricity Share,1000.33,,,
1229,441,recurring,water_share,Water Share,133.67,,,
1230,442,recurring,rent,Monthly Rent,13743.00,,,
1231,442,recurring,electricity_share,Electricity Share,849.32,,,
1232,443,recurring,rent,Monthly Rent,13743.00,,,
1233,443,recurring,electricity_share,Electricity Share,1073.91,,,
1234,444,recurring,rent,Monthly Rent,13743.00,,,
1235,444,recurring,electricity_share,Electricity Share,958.60,,,
1236,444,recurring,water_share,Water Share,203.83,,,
1237,445,recurring,rent,Monthly Rent,13743.00,,,
1238,445,recurring,electricity_share,Electricity Share,1176.06,,,
1239,446,recurring,rent,Monthly Rent,13743.00,,,
1240,446,recurring,electricity_share,Electricity Share,656.58,,,
1241,446,recurring,water_share,Water Share,170.88,,,
1242,447,recurring,rent,Monthly Rent,13743.00,,,
1243,447,recurring,electricity_share,Electricity Share,624.80,,,
1244,447,recurring,water_share,Water Share,115.56,,,
1245,448,recurring,rent,Monthly Rent,13743.00,,,
1246,448,recurring,electricity_share,Electricity Share,680.86,,,
1247,448,recurring,water_share,Water Share,209.61,,,
1248,449,recurring,rent,Monthly Rent,13743.00,,,
1249,449,recurring,electricity_share,Electricity Share,513.30,,,
1250,449,recurring,water_share,Water Share,120.75,,,
1251,450,move_out,electricity_share,Final Electricity Share,513.30,,,
1252,450,move_out,water_share,Final Water Share,120.75,,,
1253,450,move_out,deposit_refund,Security Deposit Refund,-13743.00,,,
1254,451,recurring,rent,Monthly Rent,6923.00,,,
1255,451,recurring,electricity_share,Electricity Share,1024.80,,,
1256,452,recurring,rent,Monthly Rent,6923.00,,,
1257,452,recurring,electricity_share,Electricity Share,817.77,,,
1258,453,recurring,rent,Monthly Rent,6923.00,,,
1259,453,recurring,electricity_share,Electricity Share,1233.45,,,
1260,453,recurring,water_share,Water Share,168.53,,,
1261,454,recurring,rent,Monthly Rent,6923.00,,,
1262,454,recurring,electricity_share,Electricity Share,723.59,,,
1263,455,recurring,rent,Monthly Rent,6923.00,,,
1264,455,recurring,electricity_share,Electricity Share,635.61,,,
1265,455,recurring,water_share,Water Share,146.86,,,
1266,456,recurring,rent,Monthly Rent,6923.00,,,
1267,456,recurring,electricity_share,Electricity Share,424.51,,,
1268,456,recurring,water_share,Water Share,59.13,,,
1269,457,move_out,electricity_share,Final Electricity Share,424.51,,,
1270,457,move_out,water_share,Final Water Share,59.13,,,
1271,457,move_out,deposit_refund,Security Deposit Refund,-6923.00,,,
1272,458,recurring,rent,Monthly Rent,6718.00,,,
1273,458,recurring,electricity_share,Electricity Share,1391.95,,,
1274,458,recurring,water_share,Water Share,290.88,,,
1275,459,recurring,rent,Monthly Rent,6718.00,,,
1276,459,recurring,electricity_share,Electricity Share,1638.40,,,
1277,459,recurring,water_share,Water Share,443.99,,,
1278,460,recurring,rent,Monthly Rent,6718.00,,,
1279,460,recurring,electricity_share,Electricity Share,1881.92,,,
1280,460,recurring,water_share,Water Share,466.42,,,
1281,461,recurring,rent,Monthly Rent,6718.00,,,
1282,461,recurring,electricity_share,Electricity Share,2269.86,,,
1283,461,recurring,water_share,Water Share,309.54,,,
1284,462,recurring,rent,Monthly Rent,6718.00,,,
1285,462,recurring,electricity_share,Electricity Share,2215.02,,,
1286,463,recurring,rent,Monthly Rent,6718.00,,,
1287,463,recurring,electricity_share,Electricity Share,2402.72,,,
1288,463,recurring,water_share,Water Share,354.24,,,
1289,464,recurring,rent,Monthly Rent,6718.00,,,
1290,464,recurring,electricity_share,Electricity Share,1827.28,,,
1291,464,recurring,water_share,Water Share,360.56,,,
1292,465,recurring,rent,Monthly Rent,6718.00,,,
1293,465,recurring,electricity_share,Electricity Share,1487.46,,,
1294,465,recurring,water_share,Water Share,298.12,,,
1295,466,recurring,rent,Monthly Rent,6718.00,,,
1296,466,recurring,electricity_share,Electricity Share,1727.81,,,
1297,467,recurring,rent,Monthly Rent,6718.00,,,
1298,467,recurring,electricity_share,Electricity Share,1334.65,,,
1299,467,recurring,water_share,Water Share,368.17,,,
1300,468,recurring,rent,Monthly Rent,6718.00,,,
1301,468,recurring,electricity_share,Electricity Share,1677.58,,,
1302,469,recurring,rent,Monthly Rent,6718.00,,,
1303,469,recurring,electricity_share,Electricity Share,654.00,,,
1304,469,recurring,water_share,Water Share,215.91,,,
1305,470,move_out,electricity_share,Final Electricity Share,654.00,,,
1306,470,move_out,water_share,Final Water Share,215.91,,,
1307,470,move_out,deposit_refund,Security Deposit Refund,-6718.00,,,
1308,471,recurring,rent,Monthly Rent,12422.00,,,
1309,471,recurring,electricity_share,Electricity Share,721.91,,,
1310,471,recurring,water_share,Water Share,169.29,,,
1311,471,conditional,short_term_premium,Short-Term Premium (contract under 6 months),500.00,,,
1312,472,move_out,electricity_share,Final Electricity Share,721.91,,,
1313,472,move_out,water_share,Final Water Share,169.29,,,
1314,472,move_out,deposit_refund,Security Deposit Refund,-12422.00,,,
1315,473,recurring,rent,Monthly Rent,10883.00,,,
1316,473,recurring,electricity_share,Electricity Share,800.04,,,
1317,473,conditional,short_term_premium,Short-Term Premium (contract under 6 months),500.00,,,
1318,474,move_out,electricity_share,Final Electricity Share,800.04,,,
1319,474,move_out,deposit_refund,Security Deposit Refund,-10883.00,,,
1320,475,recurring,rent,Monthly Rent,12296.00,,,
1321,475,recurring,electricity_share,Electricity Share,801.75,,,
1322,475,recurring,water_share,Water Share,118.82,,,
1323,475,conditional,short_term_premium,Short-Term Premium (contract under 6 months),500.00,,,
1324,476,move_out,electricity_share,Final Electricity Share,801.75,,,
1325,476,move_out,water_share,Final Water Share,118.82,,,
1326,476,move_out,deposit_refund,Security Deposit Refund,-12296.00,,,
1327,477,move_in,advance,1 Month Advance — First Month Rent,6328.00,,,
1328,477,move_in,security_deposit,1 Month Security Deposit,6328.00,,,
1329,478,recurring,rent,Monthly Rent,6328.00,,,
1330,478,recurring,electricity_share,Electricity Share,1719.50,,,
1331,479,recurring,rent,Monthly Rent,6328.00,,,
1332,479,recurring,electricity_share,Electricity Share,2492.87,,,
1333,480,recurring,rent,Monthly Rent,6328.00,,,
1334,480,recurring,electricity_share,Electricity Share,1436.95,,,
1335,480,recurring,water_share,Water Share,396.67,,,
1336,481,recurring,rent,Monthly Rent,6328.00,,,
1337,481,recurring,electricity_share,Electricity Share,1473.74,,,
1338,482,recurring,rent,Monthly Rent,6328.00,,,
1339,482,recurring,electricity_share,Electricity Share,1821.35,,,
1340,482,recurring,water_share,Water Share,244.17,,,
1341,483,recurring,rent,Monthly Rent,6328.00,,,
1342,483,recurring,electricity_share,Electricity Share,616.97,,,
1343,484,move_out,electricity_share,Final Electricity Share,616.97,,,
1344,484,move_out,deposit_refund,Security Deposit Refund,-6328.00,,,
1345,485,recurring,rent,Monthly Rent,7355.00,,,
1346,485,recurring,electricity_share,Electricity Share,643.05,,,
1347,485,recurring,water_share,Water Share,106.57,,,
1348,485,conditional,short_term_premium,Short-Term Premium (contract under 6 months),500.00,,,
1349,486,move_out,electricity_share,Final Electricity Share,643.05,,,
1350,486,move_out,water_share,Final Water Share,106.57,,,
1351,486,move_out,deposit_refund,Security Deposit Refund,-7355.00,,,
1352,487,recurring,rent,Monthly Rent,10648.00,,,
1353,487,recurring,electricity_share,Electricity Share,1933.36,,,
1354,487,recurring,water_share,Water Share,283.57,,,
1355,488,recurring,rent,Monthly Rent,10648.00,,,
1356,488,recurring,electricity_share,Electricity Share,1893.11,,,
1357,489,recurring,rent,Monthly Rent,10648.00,,,
1358,489,recurring,electricity_share,Electricity Share,1409.57,,,
1359,490,recurring,rent,Monthly Rent,10648.00,,,
1360,490,recurring,electricity_share,Electricity Share,2481.86,,,
1361,490,recurring,water_share,Water Share,341.73,,,
1362,491,recurring,rent,Monthly Rent,10648.00,,,
1363,491,recurring,electricity_share,Electricity Share,2052.27,,,
1364,492,recurring,rent,Monthly Rent,10648.00,,,
1365,492,recurring,electricity_share,Electricity Share,796.48,,,
1366,493,move_out,electricity_share,Final Electricity Share,796.48,,,
1367,493,move_out,deposit_refund,Security Deposit Refund,-10648.00,,,
1368,494,recurring,rent,Monthly Rent,7087.00,,,
1369,494,recurring,electricity_share,Electricity Share,2407.83,,,
1370,494,recurring,water_share,Water Share,250.95,,,
1371,495,recurring,rent,Monthly Rent,7087.00,,,
1372,495,recurring,electricity_share,Electricity Share,2302.36,,,
1373,496,recurring,rent,Monthly Rent,7087.00,,,
1374,496,recurring,electricity_share,Electricity Share,2364.28,,,
1375,496,recurring,water_share,Water Share,291.45,,,
1376,497,recurring,rent,Monthly Rent,7087.00,,,
1377,497,recurring,electricity_share,Electricity Share,1697.99,,,
1378,497,recurring,water_share,Water Share,211.51,,,
1379,498,recurring,rent,Monthly Rent,7087.00,,,
1380,498,recurring,electricity_share,Electricity Share,1824.23,,,
1381,499,recurring,rent,Monthly Rent,7087.00,,,
1382,499,recurring,electricity_share,Electricity Share,1049.45,,,
1383,500,move_out,electricity_share,Final Electricity Share,1049.45,,,
1384,500,move_out,deposit_refund,Security Deposit Refund,-7087.00,,,
1385,501,recurring,rent,Monthly Rent,12829.00,,,
1386,501,recurring,electricity_share,Electricity Share,2146.69,,,
1387,501,conditional,short_term_premium,Short-Term Premium (contract under 6 months),500.00,,,
1388,502,recurring,rent,Monthly Rent,12829.00,,,
1389,502,recurring,electricity_share,Electricity Share,1791.14,,,
1390,502,recurring,water_share,Water Share,287.08,,,
1391,502,conditional,short_term_premium,Short-Term Premium (contract under 6 months),500.00,,,
1392,503,recurring,rent,Monthly Rent,12829.00,,,
1393,503,recurring,electricity_share,Electricity Share,938.56,,,
1394,503,recurring,water_share,Water Share,234.10,,,
1395,503,conditional,short_term_premium,Short-Term Premium (contract under 6 months),500.00,,,
1396,504,move_out,electricity_share,Final Electricity Share,938.56,,,
1397,504,move_out,water_share,Final Water Share,234.10,,,
1398,504,move_out,deposit_refund,Security Deposit Refund,-12829.00,,,
1399,505,recurring,rent,Monthly Rent,10883.00,,,
1400,505,recurring,electricity_share,Electricity Share,1930.95,,,
1401,505,recurring,water_share,Water Share,498.53,,,
1402,505,conditional,short_term_premium,Short-Term Premium (contract under 6 months),500.00,,,
1403,506,recurring,rent,Monthly Rent,10883.00,,,
1404,506,recurring,electricity_share,Electricity Share,2058.52,,,
1405,506,recurring,water_share,Water Share,433.70,,,
1406,506,conditional,short_term_premium,Short-Term Premium (contract under 6 months),500.00,,,
1407,507,recurring,rent,Monthly Rent,10883.00,,,
1408,507,recurring,electricity_share,Electricity Share,1229.82,,,
1409,507,recurring,water_share,Water Share,156.64,,,
1410,507,conditional,short_term_premium,Short-Term Premium (contract under 6 months),500.00,,,
1411,508,move_out,electricity_share,Final Electricity Share,1229.82,,,
1412,508,move_out,water_share,Final Water Share,156.64,,,
1413,508,move_out,deposit_refund,Security Deposit Refund,-10883.00,,,
1414,509,recurring,rent,Monthly Rent,12296.00,,,
1415,509,recurring,electricity_share,Electricity Share,492.45,,,
1416,509,conditional,short_term_premium,Short-Term Premium (contract under 6 months),500.00,,,
1417,510,move_out,electricity_share,Final Electricity Share,492.45,,,
1418,510,move_out,deposit_refund,Security Deposit Refund,-12296.00,,,
1419,511,recurring,rent,Monthly Rent,9312.00,,,
1420,511,recurring,electricity_share,Electricity Share,1424.21,,,
1421,511,recurring,water_share,Water Share,402.12,,,
1422,512,recurring,rent,Monthly Rent,9312.00,,,
1423,512,recurring,electricity_share,Electricity Share,2270.31,,,
1424,513,recurring,rent,Monthly Rent,9312.00,,,
1425,513,recurring,electricity_share,Electricity Share,1359.96,,,
1426,514,recurring,rent,Monthly Rent,9312.00,,,
1427,514,recurring,electricity_share,Electricity Share,2292.84,,,
1428,515,recurring,rent,Monthly Rent,9312.00,,,
1429,515,recurring,electricity_share,Electricity Share,1301.70,,,
1430,516,recurring,rent,Monthly Rent,9312.00,,,
1431,516,recurring,electricity_share,Electricity Share,1800.42,,,
1432,516,recurring,water_share,Water Share,465.82,,,
1433,517,recurring,rent,Monthly Rent,9312.00,,,
1434,517,recurring,electricity_share,Electricity Share,1409.88,,,
1435,517,recurring,water_share,Water Share,469.42,,,
1436,518,recurring,rent,Monthly Rent,9312.00,,,
1437,518,recurring,electricity_share,Electricity Share,2162.01,,,
1438,518,recurring,water_share,Water Share,257.45,,,
1439,519,recurring,rent,Monthly Rent,9312.00,,,
1440,519,recurring,electricity_share,Electricity Share,2199.14,,,
1441,519,recurring,water_share,Water Share,305.90,,,
1442,520,recurring,rent,Monthly Rent,9312.00,,,
1443,520,recurring,electricity_share,Electricity Share,1642.30,,,
1444,520,recurring,water_share,Water Share,360.36,,,
1445,521,recurring,rent,Monthly Rent,9312.00,,,
1446,521,recurring,electricity_share,Electricity Share,2463.91,,,
1447,522,recurring,rent,Monthly Rent,9312.00,,,
1448,522,recurring,electricity_share,Electricity Share,1186.35,,,
1449,523,move_out,electricity_share,Final Electricity Share,1186.35,,,
1450,523,move_out,deposit_refund,Security Deposit Refund,-9312.00,,,
1451,524,recurring,rent,Monthly Rent,12422.00,,,
1452,524,recurring,electricity_share,Electricity Share,2434.61,,,
1453,525,recurring,rent,Monthly Rent,12422.00,,,
1454,525,recurring,electricity_share,Electricity Share,1683.59,,,
1455,525,recurring,water_share,Water Share,372.89,,,
1456,526,recurring,rent,Monthly Rent,12422.00,,,
1457,526,recurring,electricity_share,Electricity Share,2307.14,,,
1458,526,recurring,water_share,Water Share,436.28,,,
1459,527,recurring,rent,Monthly Rent,12422.00,,,
1460,527,recurring,electricity_share,Electricity Share,1585.05,,,
1461,527,recurring,water_share,Water Share,487.83,,,
1462,528,recurring,rent,Monthly Rent,12422.00,,,
1463,528,recurring,electricity_share,Electricity Share,1861.84,,,
1464,529,recurring,rent,Monthly Rent,12422.00,,,
1465,529,recurring,electricity_share,Electricity Share,1176.03,,,
1466,529,recurring,water_share,Water Share,245.70,,,
1467,530,move_out,electricity_share,Final Electricity Share,1176.03,,,
1468,530,move_out,water_share,Final Water Share,245.70,,,
1469,530,move_out,deposit_refund,Security Deposit Refund,-12422.00,,,
1470,531,recurring,rent,Monthly Rent,7355.00,,,
1471,531,recurring,electricity_share,Electricity Share,635.88,,,
1472,531,recurring,water_share,Water Share,160.21,,,
1473,532,recurring,rent,Monthly Rent,7355.00,,,
1474,532,recurring,electricity_share,Electricity Share,703.25,,,
1475,533,recurring,rent,Monthly Rent,7355.00,,,
1476,533,recurring,electricity_share,Electricity Share,1151.49,,,
1477,533,recurring,water_share,Water Share,173.91,,,
1478,534,recurring,rent,Monthly Rent,7355.00,,,
1479,534,recurring,electricity_share,Electricity Share,1042.09,,,
1480,535,recurring,rent,Monthly Rent,7355.00,,,
1481,535,recurring,electricity_share,Electricity Share,1216.63,,,
1482,536,recurring,rent,Monthly Rent,7355.00,,,
1483,536,recurring,electricity_share,Electricity Share,609.44,,,
1484,537,move_out,electricity_share,Final Electricity Share,609.44,,,
1485,537,move_out,deposit_refund,Security Deposit Refund,-7355.00,,,
1486,538,recurring,rent,Monthly Rent,5695.00,,,
1487,538,recurring,electricity_share,Electricity Share,2204.21,,,
1488,539,recurring,rent,Monthly Rent,5695.00,,,
1489,539,recurring,electricity_share,Electricity Share,2160.08,,,
1490,539,recurring,water_share,Water Share,420.33,,,
1491,540,recurring,rent,Monthly Rent,5695.00,,,
1492,540,recurring,electricity_share,Electricity Share,1865.52,,,
1493,541,recurring,rent,Monthly Rent,5695.00,,,
1494,541,recurring,electricity_share,Electricity Share,1209.43,,,
1495,541,recurring,water_share,Water Share,344.13,,,
1496,542,recurring,rent,Monthly Rent,5695.00,,,
1497,542,recurring,electricity_share,Electricity Share,2006.61,,,
1498,542,recurring,water_share,Water Share,484.43,,,
1499,543,recurring,rent,Monthly Rent,5695.00,,,
1500,543,recurring,electricity_share,Electricity Share,1256.45,,,
1501,543,recurring,water_share,Water Share,480.47,,,
1502,544,recurring,rent,Monthly Rent,5695.00,,,
1503,544,recurring,electricity_share,Electricity Share,1867.32,,,
1504,544,recurring,water_share,Water Share,258.01,,,
1505,545,recurring,rent,Monthly Rent,5695.00,,,
1506,545,recurring,electricity_share,Electricity Share,1589.81,,,
1507,546,recurring,rent,Monthly Rent,5695.00,,,
1508,546,recurring,electricity_share,Electricity Share,1258.14,,,
1509,546,recurring,water_share,Water Share,351.64,,,
1510,547,recurring,rent,Monthly Rent,5695.00,,,
1511,547,recurring,electricity_share,Electricity Share,1963.48,,,
1512,547,recurring,water_share,Water Share,317.60,,,
1513,548,recurring,rent,Monthly Rent,5695.00,,,
1514,548,recurring,electricity_share,Electricity Share,1595.06,,,
1515,548,recurring,water_share,Water Share,368.54,,,
1516,549,recurring,rent,Monthly Rent,5695.00,,,
1517,549,recurring,electricity_share,Electricity Share,1106.82,,,
1518,549,recurring,water_share,Water Share,202.23,,,
1519,550,move_out,electricity_share,Final Electricity Share,1106.82,,,
1520,550,move_out,water_share,Final Water Share,202.23,,,
1521,550,move_out,deposit_refund,Security Deposit Refund,-5695.00,,,
1522,551,move_in,advance,1 Month Advance — First Month Rent,9336.00,,,
1523,551,move_in,security_deposit,1 Month Security Deposit,9336.00,,,
1524,552,recurring,rent,Monthly Rent,9336.00,,,
1525,552,recurring,electricity_share,Electricity Share,947.87,,,
1526,552,conditional,short_term_premium,Short-Term Premium (contract under 6 months),500.00,,,
1527,553,recurring,rent,Monthly Rent,9336.00,,,
1528,553,recurring,electricity_share,Electricity Share,794.70,,,
1529,553,conditional,short_term_premium,Short-Term Premium (contract under 6 months),500.00,,,
1530,554,recurring,rent,Monthly Rent,9336.00,,,
1531,554,recurring,electricity_share,Electricity Share,813.08,,,
1532,554,conditional,short_term_premium,Short-Term Premium (contract under 6 months),500.00,,,
1533,555,move_out,electricity_share,Final Electricity Share,813.08,,,
1534,555,move_out,deposit_refund,Security Deposit Refund,-9336.00,,,
1535,556,recurring,rent,Monthly Rent,12296.00,,,
1536,556,recurring,electricity_share,Electricity Share,873.12,,,
1537,556,recurring,water_share,Water Share,138.28,,,
1538,557,recurring,rent,Monthly Rent,12296.00,,,
1539,557,recurring,electricity_share,Electricity Share,1179.10,,,
1540,557,recurring,water_share,Water Share,197.84,,,
1541,558,recurring,rent,Monthly Rent,12296.00,,,
1542,558,recurring,electricity_share,Electricity Share,814.68,,,
1543,558,recurring,water_share,Water Share,170.99,,,
1544,559,recurring,rent,Monthly Rent,12296.00,,,
1545,559,recurring,electricity_share,Electricity Share,1006.54,,,
1546,560,recurring,rent,Monthly Rent,12296.00,,,
1547,560,recurring,electricity_share,Electricity Share,929.59,,,
1548,561,recurring,rent,Monthly Rent,12296.00,,,
1549,561,recurring,electricity_share,Electricity Share,576.73,,,
1550,562,move_out,electricity_share,Final Electricity Share,576.73,,,
1551,562,move_out,deposit_refund,Security Deposit Refund,-12296.00,,,
1552,563,move_in,advance,1 Month Advance — First Month Rent,13743.00,,,
1553,563,move_in,security_deposit,1 Month Security Deposit,13743.00,,,
1554,564,recurring,rent,Monthly Rent,13743.00,,,
1555,564,recurring,electricity_share,Electricity Share,1000.33,,,
1556,564,recurring,water_share,Water Share,133.67,,,
1557,565,recurring,rent,Monthly Rent,13743.00,,,
1558,565,recurring,electricity_share,Electricity Share,849.32,,,
1559,566,recurring,rent,Monthly Rent,13743.00,,,
1560,566,recurring,electricity_share,Electricity Share,1073.91,,,
1561,567,recurring,rent,Monthly Rent,13743.00,,,
1562,567,recurring,electricity_share,Electricity Share,958.60,,,
1563,567,recurring,water_share,Water Share,203.83,,,
1564,568,recurring,rent,Monthly Rent,13743.00,,,
1565,568,recurring,electricity_share,Electricity Share,1176.06,,,
1566,569,recurring,rent,Monthly Rent,13743.00,,,
1567,569,recurring,electricity_share,Electricity Share,656.58,,,
1568,569,recurring,water_share,Water Share,170.88,,,
1569,570,recurring,rent,Monthly Rent,13743.00,,,
1570,570,recurring,electricity_share,Electricity Share,624.80,,,
1571,570,recurring,water_share,Water Share,115.56,,,
1572,571,recurring,rent,Monthly Rent,13743.00,,,
1573,571,recurring,electricity_share,Electricity Share,680.86,,,
1574,571,recurring,water_share,Water Share,209.61,,,
1575,572,recurring,rent,Monthly Rent,13743.00,,,
1576,572,recurring,electricity_share,Electricity Share,513.30,,,
1577,572,recurring,water_share,Water Share,120.75,,,
1578,573,recurring,rent,Monthly Rent,13743.00,,,
1579,573,recurring,electricity_share,Electricity Share,701.92,,,
1580,573,recurring,water_share,Water Share,113.10,,,
1581,574,recurring,rent,Monthly Rent,13743.00,,,
1582,574,recurring,electricity_share,Electricity Share,675.22,,,
1583,574,recurring,water_share,Water Share,239.84,,,
1584,575,recurring,rent,Monthly Rent,13743.00,,,
1585,575,recurring,electricity_share,Electricity Share,552.78,,,
1586,576,move_out,electricity_share,Final Electricity Share,552.78,,,
1587,576,move_out,deposit_refund,Security Deposit Refund,-13743.00,,,
1588,577,recurring,rent,Monthly Rent,12813.00,,,
1589,577,recurring,electricity_share,Electricity Share,664.04,,,
1590,577,recurring,water_share,Water Share,187.02,,,
1591,577,conditional,short_term_premium,Short-Term Premium (contract under 6 months),500.00,,,
1592,578,move_out,electricity_share,Final Electricity Share,664.04,,,
1593,578,move_out,water_share,Final Water Share,187.02,,,
1594,578,move_out,deposit_refund,Security Deposit Refund,-12813.00,,,
1595,579,recurring,rent,Monthly Rent,12813.00,,,
1596,579,recurring,electricity_share,Electricity Share,1284.28,,,
1597,579,conditional,short_term_premium,Short-Term Premium (contract under 6 months),500.00,,,
1598,580,recurring,rent,Monthly Rent,12813.00,,,
1599,580,recurring,electricity_share,Electricity Share,2258.60,,,
1600,580,recurring,water_share,Water Share,272.48,,,
1601,580,conditional,short_term_premium,Short-Term Premium (contract under 6 months),500.00,,,
1602,581,recurring,rent,Monthly Rent,12813.00,,,
1603,581,recurring,electricity_share,Electricity Share,786.50,,,
1604,581,recurring,water_share,Water Share,190.45,,,
1605,581,conditional,short_term_premium,Short-Term Premium (contract under 6 months),500.00,,,
1606,582,move_out,electricity_share,Final Electricity Share,786.50,,,
1607,582,move_out,water_share,Final Water Share,190.45,,,
1608,582,move_out,deposit_refund,Security Deposit Refund,-12813.00,,,
1609,583,recurring,rent,Monthly Rent,10175.00,,,
1610,583,recurring,electricity_share,Electricity Share,828.04,,,
1611,583,recurring,water_share,Water Share,177.78,,,
1612,583,conditional,short_term_premium,Short-Term Premium (contract under 6 months),500.00,,,
1613,584,move_out,electricity_share,Final Electricity Share,828.04,,,
1614,584,move_out,water_share,Final Water Share,177.78,,,
1615,584,move_out,deposit_refund,Security Deposit Refund,-10175.00,,,
1616,585,move_in,advance,1 Month Advance — First Month Rent,12151.00,,,
1617,585,move_in,security_deposit,1 Month Security Deposit,12151.00,,,
1618,586,recurring,rent,Monthly Rent,12151.00,,,
1619,586,recurring,electricity_share,Electricity Share,799.87,,,
1620,586,recurring,water_share,Water Share,128.71,,,
1621,586,conditional,short_term_premium,Short-Term Premium (contract under 6 months),500.00,,,
1622,587,move_out,electricity_share,Final Electricity Share,799.87,,,
1623,587,move_out,water_share,Final Water Share,128.71,,,
1624,587,move_out,deposit_refund,Security Deposit Refund,-12151.00,,,
1625,588,recurring,rent,Monthly Rent,10883.00,,,
1626,588,recurring,electricity_share,Electricity Share,1598.62,,,
1627,588,conditional,short_term_premium,Short-Term Premium (contract under 6 months),500.00,,,
1628,589,recurring,rent,Monthly Rent,10883.00,,,
1629,589,recurring,electricity_share,Electricity Share,1811.49,,,
1630,589,conditional,short_term_premium,Short-Term Premium (contract under 6 months),500.00,,,
1631,590,recurring,rent,Monthly Rent,10883.00,,,
1632,590,recurring,electricity_share,Electricity Share,604.34,,,
1633,590,recurring,water_share,Water Share,181.28,,,
1634,590,conditional,short_term_premium,Short-Term Premium (contract under 6 months),500.00,,,
1635,591,move_out,electricity_share,Final Electricity Share,604.34,,,
1636,591,move_out,water_share,Final Water Share,181.28,,,
1637,591,move_out,deposit_refund,Security Deposit Refund,-10883.00,,,
1638,592,recurring,rent,Monthly Rent,12829.00,,,
1639,592,recurring,electricity_share,Electricity Share,2242.91,,,
1640,592,recurring,water_share,Water Share,259.48,,,
1641,593,recurring,rent,Monthly Rent,12829.00,,,
1642,593,recurring,electricity_share,Electricity Share,1314.72,,,
1643,594,recurring,rent,Monthly Rent,12829.00,,,
1644,594,recurring,electricity_share,Electricity Share,1336.97,,,
1645,594,recurring,water_share,Water Share,284.60,,,
1646,595,recurring,rent,Monthly Rent,12829.00,,,
1647,595,recurring,electricity_share,Electricity Share,1332.63,,,
1648,595,recurring,water_share,Water Share,356.27,,,
1649,596,recurring,rent,Monthly Rent,12829.00,,,
1650,596,recurring,electricity_share,Electricity Share,2070.97,,,
1651,596,recurring,water_share,Water Share,348.56,,,
1652,597,recurring,rent,Monthly Rent,12829.00,,,
1653,597,recurring,electricity_share,Electricity Share,1436.82,,,
1654,597,recurring,water_share,Water Share,222.35,,,
1655,598,recurring,rent,Monthly Rent,12829.00,,,
1656,598,recurring,electricity_share,Electricity Share,1720.82,,,
1657,598,recurring,water_share,Water Share,370.21,,,
1658,599,recurring,rent,Monthly Rent,12829.00,,,
1659,599,recurring,electricity_share,Electricity Share,1043.90,,,
1660,600,recurring,rent,Monthly Rent,12829.00,,,
1661,600,recurring,electricity_share,Electricity Share,516.47,,,
1662,601,recurring,rent,Monthly Rent,12829.00,,,
1663,601,recurring,electricity_share,Electricity Share,1177.36,,,
1664,601,recurring,water_share,Water Share,212.03,,,
1665,602,recurring,rent,Monthly Rent,12829.00,,,
1666,602,recurring,electricity_share,Electricity Share,619.06,,,
1667,603,recurring,rent,Monthly Rent,12829.00,,,
1668,603,recurring,electricity_share,Electricity Share,433.03,,,
1669,604,move_out,electricity_share,Final Electricity Share,433.03,,,
1670,604,move_out,deposit_refund,Security Deposit Refund,-12829.00,,,
1671,605,recurring,rent,Monthly Rent,6923.00,,,
1672,605,recurring,electricity_share,Electricity Share,615.26,,,
1673,605,recurring,water_share,Water Share,95.82,,,
1674,605,conditional,short_term_premium,Short-Term Premium (contract under 6 months),500.00,,,
1675,606,move_out,electricity_share,Final Electricity Share,615.26,,,
1676,606,move_out,water_share,Final Water Share,95.82,,,
1677,606,move_out,deposit_refund,Security Deposit Refund,-6923.00,,,
1678,607,recurring,rent,Monthly Rent,6923.00,,,
1679,607,recurring,electricity_share,Electricity Share,615.26,,,
1680,607,recurring,water_share,Water Share,95.82,,,
1681,608,recurring,rent,Monthly Rent,6923.00,,,
1682,608,recurring,electricity_share,Electricity Share,754.56,,,
1683,609,recurring,rent,Monthly Rent,6923.00,,,
1684,609,recurring,electricity_share,Electricity Share,668.17,,,
1685,610,recurring,rent,Monthly Rent,6923.00,,,
1686,610,recurring,electricity_share,Electricity Share,798.88,,,
1687,611,recurring,rent,Monthly Rent,6923.00,,,
1688,611,recurring,electricity_share,Electricity Share,977.71,,,
1689,612,recurring,rent,Monthly Rent,6923.00,,,
1690,612,recurring,electricity_share,Electricity Share,1102.00,,,
1691,612,recurring,water_share,Water Share,114.14,,,
1692,613,recurring,rent,Monthly Rent,6923.00,,,
1693,613,recurring,electricity_share,Electricity Share,1093.01,,,
1694,614,recurring,rent,Monthly Rent,6923.00,,,
1695,614,recurring,electricity_share,Electricity Share,940.72,,,
1696,614,recurring,water_share,Water Share,203.48,,,
1697,615,recurring,rent,Monthly Rent,6923.00,,,
1698,615,recurring,electricity_share,Electricity Share,746.19,,,
1699,615,recurring,water_share,Water Share,226.50,,,
1700,616,recurring,rent,Monthly Rent,6923.00,,,
1701,616,recurring,electricity_share,Electricity Share,634.43,,,
1702,617,recurring,rent,Monthly Rent,6923.00,,,
1703,617,recurring,electricity_share,Electricity Share,707.91,,,
1704,617,recurring,water_share,Water Share,176.68,,,
1705,618,recurring,rent,Monthly Rent,6923.00,,,
1706,618,recurring,electricity_share,Electricity Share,708.65,,,
1707,619,move_out,electricity_share,Final Electricity Share,708.65,,,
1708,619,move_out,deposit_refund,Security Deposit Refund,-6923.00,,,
1709,620,recurring,rent,Monthly Rent,10175.00,,,
1710,620,recurring,electricity_share,Electricity Share,723.38,,,
1711,620,conditional,short_term_premium,Short-Term Premium (contract under 6 months),500.00,,,
1712,621,move_out,electricity_share,Final Electricity Share,723.38,,,
1713,621,move_out,deposit_refund,Security Deposit Refund,-10175.00,,,
1714,622,recurring,rent,Monthly Rent,12004.00,,,
1715,622,recurring,electricity_share,Electricity Share,2334.39,,,
1716,623,recurring,rent,Monthly Rent,12004.00,,,
1717,623,recurring,electricity_share,Electricity Share,2186.02,,,
1718,624,recurring,rent,Monthly Rent,12004.00,,,
1719,624,recurring,electricity_share,Electricity Share,1538.99,,,
1720,625,recurring,rent,Monthly Rent,12004.00,,,
1721,625,recurring,electricity_share,Electricity Share,2351.52,,,
1722,626,recurring,rent,Monthly Rent,12004.00,,,
1723,626,recurring,electricity_share,Electricity Share,1517.17,,,
1724,627,recurring,rent,Monthly Rent,12004.00,,,
1725,627,recurring,electricity_share,Electricity Share,1110.17,,,
1726,627,recurring,water_share,Water Share,189.22,,,
1727,628,move_out,electricity_share,Final Electricity Share,1110.17,,,
1728,628,move_out,water_share,Final Water Share,189.22,,,
1729,628,move_out,deposit_refund,Security Deposit Refund,-12004.00,,,
1730,629,recurring,rent,Monthly Rent,9336.00,,,
1731,629,recurring,electricity_share,Electricity Share,1147.58,,,
1732,629,recurring,water_share,Water Share,150.44,,,
1733,630,recurring,rent,Monthly Rent,9336.00,,,
1734,630,recurring,electricity_share,Electricity Share,939.95,,,
1735,631,recurring,rent,Monthly Rent,9336.00,,,
1736,631,recurring,electricity_share,Electricity Share,349.24,,,
1737,631,recurring,water_share,Water Share,51.99,,,
1738,632,recurring,rent,Monthly Rent,9336.00,,,
1739,632,recurring,electricity_share,Electricity Share,737.99,,,
1740,633,recurring,rent,Monthly Rent,9336.00,,,
1741,633,recurring,electricity_share,Electricity Share,745.48,,,
1742,634,recurring,rent,Monthly Rent,9336.00,,,
1743,634,recurring,electricity_share,Electricity Share,501.92,,,
1744,634,recurring,water_share,Water Share,110.80,,,
1745,635,recurring,rent,Monthly Rent,9336.00,,,
1746,635,recurring,electricity_share,Electricity Share,697.12,,,
1747,636,recurring,rent,Monthly Rent,9336.00,,,
1748,636,recurring,electricity_share,Electricity Share,567.80,,,
1749,637,recurring,rent,Monthly Rent,9336.00,,,
1750,637,recurring,electricity_share,Electricity Share,486.42,,,
1751,637,recurring,water_share,Water Share,49.18,,,
1752,638,recurring,rent,Monthly Rent,9336.00,,,
1753,638,recurring,electricity_share,Electricity Share,588.01,,,
1754,639,recurring,rent,Monthly Rent,9336.00,,,
1755,639,recurring,electricity_share,Electricity Share,555.32,,,
1756,639,recurring,water_share,Water Share,162.61,,,
1757,640,recurring,rent,Monthly Rent,9336.00,,,
1758,640,recurring,electricity_share,Electricity Share,209.32,,,
1759,640,recurring,water_share,Water Share,43.24,,,
1760,641,move_out,electricity_share,Final Electricity Share,209.32,,,
1761,641,move_out,water_share,Final Water Share,43.24,,,
1762,641,move_out,deposit_refund,Security Deposit Refund,-9336.00,,,
1763,642,recurring,rent,Monthly Rent,12151.00,,,
1764,642,recurring,electricity_share,Electricity Share,2325.70,,,
1765,642,recurring,water_share,Water Share,341.10,,,
1766,643,recurring,rent,Monthly Rent,12151.00,,,
1767,643,recurring,electricity_share,Electricity Share,2040.90,,,
1768,643,recurring,water_share,Water Share,350.22,,,
1769,644,recurring,rent,Monthly Rent,12151.00,,,
1770,644,recurring,electricity_share,Electricity Share,1777.25,,,
1771,645,recurring,rent,Monthly Rent,12151.00,,,
1772,645,recurring,electricity_share,Electricity Share,1271.06,,,
1773,645,recurring,water_share,Water Share,279.12,,,
1774,646,recurring,rent,Monthly Rent,12151.00,,,
1775,646,recurring,electricity_share,Electricity Share,1695.02,,,
1776,647,recurring,rent,Monthly Rent,12151.00,,,
1777,647,recurring,electricity_share,Electricity Share,1176.05,,,
1778,647,recurring,water_share,Water Share,186.75,,,
1779,648,move_out,electricity_share,Final Electricity Share,1176.05,,,
1780,648,move_out,water_share,Final Water Share,186.75,,,
1781,648,move_out,deposit_refund,Security Deposit Refund,-12151.00,,,
1782,649,recurring,rent,Monthly Rent,6328.00,,,
1783,649,recurring,electricity_share,Electricity Share,1281.26,,,
1784,649,recurring,water_share,Water Share,255.46,,,
1785,650,recurring,rent,Monthly Rent,6328.00,,,
1786,650,recurring,electricity_share,Electricity Share,2387.86,,,
1787,651,recurring,rent,Monthly Rent,6328.00,,,
1788,651,recurring,electricity_share,Electricity Share,1467.73,,,
1789,651,recurring,water_share,Water Share,432.25,,,
1790,652,recurring,rent,Monthly Rent,6328.00,,,
1791,652,recurring,electricity_share,Electricity Share,2310.06,,,
1792,652,recurring,water_share,Water Share,485.09,,,
1793,653,recurring,rent,Monthly Rent,6328.00,,,
1794,653,recurring,electricity_share,Electricity Share,2012.86,,,
1795,653,recurring,water_share,Water Share,281.03,,,
1796,654,recurring,rent,Monthly Rent,6328.00,,,
1797,654,recurring,electricity_share,Electricity Share,1094.19,,,
1798,654,recurring,water_share,Water Share,170.69,,,
1799,655,move_out,electricity_share,Final Electricity Share,1094.19,,,
1800,655,move_out,water_share,Final Water Share,170.69,,,
1801,655,move_out,deposit_refund,Security Deposit Refund,-6328.00,,,
1802,656,recurring,rent,Monthly Rent,10648.00,,,
1803,656,recurring,electricity_share,Electricity Share,1255.49,,,
1804,656,recurring,water_share,Water Share,312.28,,,
1805,656,conditional,short_term_premium,Short-Term Premium (contract under 6 months),500.00,,,
1806,657,recurring,rent,Monthly Rent,10648.00,,,
1807,657,recurring,electricity_share,Electricity Share,1535.24,,,
1808,657,recurring,water_share,Water Share,264.00,,,
1809,657,conditional,short_term_premium,Short-Term Premium (contract under 6 months),500.00,,,
1810,658,recurring,rent,Monthly Rent,10648.00,,,
1811,658,recurring,electricity_share,Electricity Share,831.53,,,
1812,658,recurring,water_share,Water Share,210.72,,,
1813,658,conditional,short_term_premium,Short-Term Premium (contract under 6 months),500.00,,,
1814,659,move_out,electricity_share,Final Electricity Share,831.53,,,
1815,659,move_out,water_share,Final Water Share,210.72,,,
1816,659,move_out,deposit_refund,Security Deposit Refund,-10648.00,,,
1817,660,recurring,rent,Monthly Rent,6923.00,,,
1818,660,recurring,electricity_share,Electricity Share,754.56,,,
1819,661,recurring,rent,Monthly Rent,6923.00,,,
1820,661,recurring,electricity_share,Electricity Share,668.17,,,
1821,662,recurring,rent,Monthly Rent,6923.00,,,
1822,662,recurring,electricity_share,Electricity Share,798.88,,,
1823,663,recurring,rent,Monthly Rent,6923.00,,,
1824,663,recurring,electricity_share,Electricity Share,977.71,,,
1825,664,recurring,rent,Monthly Rent,6923.00,,,
1826,664,recurring,electricity_share,Electricity Share,1102.00,,,
1827,664,recurring,water_share,Water Share,114.14,,,
1828,665,recurring,rent,Monthly Rent,6923.00,,,
1829,665,recurring,electricity_share,Electricity Share,1093.01,,,
1830,666,recurring,rent,Monthly Rent,6923.00,,,
1831,666,recurring,electricity_share,Electricity Share,940.72,,,
1832,666,recurring,water_share,Water Share,203.48,,,
1833,667,recurring,rent,Monthly Rent,6923.00,,,
1834,667,recurring,electricity_share,Electricity Share,746.19,,,
1835,667,recurring,water_share,Water Share,226.50,,,
1836,668,recurring,rent,Monthly Rent,6923.00,,,
1837,668,recurring,electricity_share,Electricity Share,634.43,,,
1838,669,recurring,rent,Monthly Rent,6923.00,,,
1839,669,recurring,electricity_share,Electricity Share,707.91,,,
1840,669,recurring,water_share,Water Share,176.68,,,
1841,670,recurring,rent,Monthly Rent,6923.00,,,
1842,670,recurring,electricity_share,Electricity Share,708.65,,,
1843,671,recurring,rent,Monthly Rent,6923.00,,,
1844,671,recurring,electricity_share,Electricity Share,373.08,,,
1845,671,recurring,water_share,Water Share,67.39,,,
1846,672,move_out,electricity_share,Final Electricity Share,373.08,,,
1847,672,move_out,water_share,Final Water Share,67.39,,,
1848,672,move_out,deposit_refund,Security Deposit Refund,-6923.00,,,
1849,673,recurring,rent,Monthly Rent,10175.00,,,
1850,673,recurring,electricity_share,Electricity Share,1432.72,,,
1851,673,recurring,water_share,Water Share,210.26,,,
1852,673,conditional,short_term_premium,Short-Term Premium (contract under 6 months),500.00,,,
1853,674,recurring,rent,Monthly Rent,10175.00,,,
1854,674,recurring,electricity_share,Electricity Share,2496.21,,,
1855,674,recurring,water_share,Water Share,484.49,,,
1856,674,conditional,short_term_premium,Short-Term Premium (contract under 6 months),500.00,,,
1857,675,recurring,rent,Monthly Rent,10175.00,,,
1858,675,recurring,electricity_share,Electricity Share,885.79,,,
1859,675,conditional,short_term_premium,Short-Term Premium (contract under 6 months),500.00,,,
1860,676,move_out,electricity_share,Final Electricity Share,885.79,,,
1861,676,move_out,deposit_refund,Security Deposit Refund,-10175.00,,,
1862,677,recurring,rent,Monthly Rent,12813.00,,,
1863,677,recurring,electricity_share,Electricity Share,1258.22,,,
1864,677,recurring,water_share,Water Share,488.86,,,
1865,677,conditional,short_term_premium,Short-Term Premium (contract under 6 months),500.00,,,
1866,678,recurring,rent,Monthly Rent,12813.00,,,
1867,678,recurring,electricity_share,Electricity Share,2297.31,,,
1868,678,conditional,short_term_premium,Short-Term Premium (contract under 6 months),500.00,,,
1869,679,recurring,rent,Monthly Rent,12813.00,,,
1870,679,recurring,electricity_share,Electricity Share,1210.88,,,
1871,679,recurring,water_share,Water Share,170.73,,,
1872,679,conditional,short_term_premium,Short-Term Premium (contract under 6 months),500.00,,,
1873,680,move_out,electricity_share,Final Electricity Share,1210.88,,,
1874,680,move_out,water_share,Final Water Share,170.73,,,
1875,680,move_out,deposit_refund,Security Deposit Refund,-12813.00,,,
1876,681,recurring,rent,Monthly Rent,7087.00,,,
1877,681,recurring,electricity_share,Electricity Share,1834.45,,,
1878,682,recurring,rent,Monthly Rent,7087.00,,,
1879,682,recurring,electricity_share,Electricity Share,1767.29,,,
1880,682,recurring,water_share,Water Share,468.29,,,
1881,683,recurring,rent,Monthly Rent,7087.00,,,
1882,683,recurring,electricity_share,Electricity Share,2192.85,,,
1883,684,recurring,rent,Monthly Rent,7087.00,,,
1884,684,recurring,electricity_share,Electricity Share,2497.62,,,
1885,685,recurring,rent,Monthly Rent,7087.00,,,
1886,685,recurring,electricity_share,Electricity Share,2266.86,,,
1887,686,recurring,rent,Monthly Rent,7087.00,,,
1888,686,recurring,electricity_share,Electricity Share,1110.36,,,
1889,686,recurring,water_share,Water Share,109.69,,,
1890,687,move_out,electricity_share,Final Electricity Share,1110.36,,,
1891,687,move_out,water_share,Final Water Share,109.69,,,
1892,687,move_out,deposit_refund,Security Deposit Refund,-7087.00,,,
1893,688,recurring,rent,Monthly Rent,10883.00,,,
1894,688,recurring,electricity_share,Electricity Share,1533.58,,,
1895,689,recurring,rent,Monthly Rent,10883.00,,,
1896,689,recurring,electricity_share,Electricity Share,1608.10,,,
1897,689,recurring,water_share,Water Share,206.61,,,
1898,690,recurring,rent,Monthly Rent,10883.00,,,
1899,690,recurring,electricity_share,Electricity Share,1333.26,,,
1900,690,recurring,water_share,Water Share,243.77,,,
1901,691,recurring,rent,Monthly Rent,10883.00,,,
1902,691,recurring,electricity_share,Electricity Share,1809.48,,,
1903,691,recurring,water_share,Water Share,494.45,,,
1904,692,recurring,rent,Monthly Rent,10883.00,,,
1905,692,recurring,electricity_share,Electricity Share,1904.33,,,
1906,692,recurring,water_share,Water Share,340.00,,,
1907,693,recurring,rent,Monthly Rent,10883.00,,,
1908,693,recurring,electricity_share,Electricity Share,1058.25,,,
1909,693,recurring,water_share,Water Share,172.76,,,
1910,694,move_out,electricity_share,Final Electricity Share,1058.25,,,
1911,694,move_out,water_share,Final Water Share,172.76,,,
1912,694,move_out,deposit_refund,Security Deposit Refund,-10883.00,,,
1913,695,recurring,rent,Monthly Rent,7355.00,,,
1914,695,recurring,electricity_share,Electricity Share,1150.07,,,
1915,696,recurring,rent,Monthly Rent,7355.00,,,
1916,696,recurring,electricity_share,Electricity Share,788.51,,,
1917,696,recurring,water_share,Water Share,105.26,,,
1918,697,recurring,rent,Monthly Rent,7355.00,,,
1919,697,recurring,electricity_share,Electricity Share,545.46,,,
1920,697,recurring,water_share,Water Share,73.96,,,
1921,698,recurring,rent,Monthly Rent,7355.00,,,
1922,698,recurring,electricity_share,Electricity Share,610.77,,,
1923,698,recurring,water_share,Water Share,220.67,,,
1924,699,recurring,rent,Monthly Rent,7355.00,,,
1925,699,recurring,electricity_share,Electricity Share,1069.28,,,
1926,699,recurring,water_share,Water Share,174.78,,,
1927,700,recurring,rent,Monthly Rent,7355.00,,,
1928,700,recurring,electricity_share,Electricity Share,639.16,,,
1929,700,recurring,water_share,Water Share,76.44,,,
1930,701,recurring,rent,Monthly Rent,7355.00,,,
1931,701,recurring,electricity_share,Electricity Share,408.69,,,
1932,701,recurring,water_share,Water Share,119.67,,,
1933,702,recurring,rent,Monthly Rent,7355.00,,,
1934,702,recurring,electricity_share,Electricity Share,954.60,,,
1935,702,recurring,water_share,Water Share,221.58,,,
1936,703,recurring,rent,Monthly Rent,7355.00,,,
1937,703,recurring,electricity_share,Electricity Share,724.08,,,
1938,703,recurring,water_share,Water Share,228.63,,,
1939,704,recurring,rent,Monthly Rent,7355.00,,,
1940,704,recurring,electricity_share,Electricity Share,830.60,,,
1941,704,recurring,water_share,Water Share,87.41,,,
1942,705,recurring,rent,Monthly Rent,7355.00,,,
1943,705,recurring,electricity_share,Electricity Share,820.73,,,
1944,705,recurring,water_share,Water Share,232.04,,,
1945,706,recurring,rent,Monthly Rent,7355.00,,,
1946,706,recurring,electricity_share,Electricity Share,469.86,,,
1947,706,recurring,water_share,Water Share,121.01,,,
1948,707,move_out,electricity_share,Final Electricity Share,469.86,,,
1949,707,move_out,water_share,Final Water Share,121.01,,,
1950,707,move_out,deposit_refund,Security Deposit Refund,-7355.00,,,
1951,708,recurring,rent,Monthly Rent,12422.00,,,
1952,708,recurring,electricity_share,Electricity Share,1604.69,,,
1953,708,recurring,water_share,Water Share,200.32,,,
1954,709,recurring,rent,Monthly Rent,12422.00,,,
1955,709,recurring,electricity_share,Electricity Share,1202.37,,,
1956,709,recurring,water_share,Water Share,375.86,,,
1957,710,recurring,rent,Monthly Rent,12422.00,,,
1958,710,recurring,electricity_share,Electricity Share,2365.43,,,
1959,711,recurring,rent,Monthly Rent,12422.00,,,
1960,711,recurring,electricity_share,Electricity Share,1972.96,,,
1961,711,recurring,water_share,Water Share,264.25,,,
1962,712,recurring,rent,Monthly Rent,12422.00,,,
1963,712,recurring,electricity_share,Electricity Share,2344.37,,,
1964,712,recurring,water_share,Water Share,253.58,,,
1965,713,recurring,rent,Monthly Rent,12422.00,,,
1966,713,recurring,electricity_share,Electricity Share,1249.58,,,
1967,713,recurring,water_share,Water Share,166.21,,,
1968,714,move_out,electricity_share,Final Electricity Share,1249.58,,,
1969,714,move_out,water_share,Final Water Share,166.21,,,
1970,714,move_out,deposit_refund,Security Deposit Refund,-12422.00,,,
1971,715,recurring,rent,Monthly Rent,9336.00,,,
1972,715,recurring,electricity_share,Electricity Share,737.99,,,
1973,715,conditional,short_term_premium,Short-Term Premium (contract under 6 months),500.00,,,
1974,716,recurring,rent,Monthly Rent,9336.00,,,
1975,716,recurring,electricity_share,Electricity Share,745.48,,,
1976,716,conditional,short_term_premium,Short-Term Premium (contract under 6 months),500.00,,,
1977,717,recurring,rent,Monthly Rent,9336.00,,,
1978,717,recurring,electricity_share,Electricity Share,501.92,,,
1979,717,recurring,water_share,Water Share,110.80,,,
1980,717,conditional,short_term_premium,Short-Term Premium (contract under 6 months),500.00,,,
1981,718,move_out,electricity_share,Final Electricity Share,501.92,,,
1982,718,move_out,water_share,Final Water Share,110.80,,,
1983,718,move_out,deposit_refund,Security Deposit Refund,-9336.00,,,
1984,719,move_in,advance,1 Month Advance — First Month Rent,9336.00,,,
1985,719,move_in,security_deposit,1 Month Security Deposit,9336.00,,,
1986,720,recurring,rent,Monthly Rent,9336.00,,,
1987,720,recurring,electricity_share,Electricity Share,737.99,,,
1988,721,recurring,rent,Monthly Rent,9336.00,,,
1989,721,recurring,electricity_share,Electricity Share,745.48,,,
1990,722,recurring,rent,Monthly Rent,9336.00,,,
1991,722,recurring,electricity_share,Electricity Share,501.92,,,
1992,722,recurring,water_share,Water Share,110.80,,,
1993,723,recurring,rent,Monthly Rent,9336.00,,,
1994,723,recurring,electricity_share,Electricity Share,697.12,,,
1995,724,recurring,rent,Monthly Rent,9336.00,,,
1996,724,recurring,electricity_share,Electricity Share,567.80,,,
1997,725,recurring,rent,Monthly Rent,9336.00,,,
1998,725,recurring,electricity_share,Electricity Share,486.42,,,
1999,725,recurring,water_share,Water Share,49.18,,,
2000,726,move_out,electricity_share,Final Electricity Share,486.42,,,
2001,726,move_out,water_share,Final Water Share,49.18,,,
2002,726,move_out,deposit_refund,Security Deposit Refund,-9336.00,,,
2003,727,recurring,rent,Monthly Rent,12296.00,,,
2004,727,recurring,electricity_share,Electricity Share,869.81,,,
2005,727,recurring,water_share,Water Share,221.29,,,
2006,728,recurring,rent,Monthly Rent,12296.00,,,
2007,728,recurring,electricity_share,Electricity Share,926.45,,,
2008,728,recurring,water_share,Water Share,195.89,,,
2009,729,recurring,rent,Monthly Rent,12296.00,,,
2010,729,recurring,electricity_share,Electricity Share,821.50,,,
2011,730,recurring,rent,Monthly Rent,12296.00,,,
2012,730,recurring,electricity_share,Electricity Share,685.50,,,
2013,730,recurring,water_share,Water Share,71.16,,,
2014,731,recurring,rent,Monthly Rent,12296.00,,,
2015,731,recurring,electricity_share,Electricity Share,1146.81,,,
2016,732,recurring,rent,Monthly Rent,12296.00,,,
2017,732,recurring,electricity_share,Electricity Share,1231.38,,,
2018,732,recurring,water_share,Water Share,185.48,,,
2019,733,recurring,rent,Monthly Rent,12296.00,,,
2020,733,recurring,electricity_share,Electricity Share,856.75,,,
2021,733,recurring,water_share,Water Share,222.86,,,
2022,734,recurring,rent,Monthly Rent,12296.00,,,
2023,734,recurring,electricity_share,Electricity Share,1122.65,,,
2024,734,recurring,water_share,Water Share,138.87,,,
2025,735,recurring,rent,Monthly Rent,12296.00,,,
2026,735,recurring,electricity_share,Electricity Share,670.75,,,
2027,736,recurring,rent,Monthly Rent,12296.00,,,
2028,736,recurring,electricity_share,Electricity Share,408.57,,,
2029,737,recurring,rent,Monthly Rent,12296.00,,,
2030,737,recurring,electricity_share,Electricity Share,1038.63,,,
2031,737,recurring,water_share,Water Share,187.41,,,
2032,738,recurring,rent,Monthly Rent,12296.00,,,
2033,738,recurring,electricity_share,Electricity Share,411.87,,,
2034,738,recurring,water_share,Water Share,150.22,,,
2035,739,move_out,electricity_share,Final Electricity Share,411.87,,,
2036,739,move_out,water_share,Final Water Share,150.22,,,
2037,739,move_out,deposit_refund,Security Deposit Refund,-12296.00,,,
2038,740,move_in,advance,1 Month Advance — First Month Rent,7241.00,,,
2039,740,move_in,security_deposit,1 Month Security Deposit,7241.00,,,
2040,741,recurring,rent,Monthly Rent,7241.00,,,
2041,741,recurring,electricity_share,Electricity Share,628.11,,,
2042,741,conditional,short_term_premium,Short-Term Premium (contract under 6 months),500.00,,,
2043,742,move_out,electricity_share,Final Electricity Share,628.11,,,
2044,742,move_out,deposit_refund,Security Deposit Refund,-7241.00,,,
2045,743,recurring,rent,Monthly Rent,12296.00,,,
2046,743,recurring,electricity_share,Electricity Share,869.81,,,
2047,743,recurring,water_share,Water Share,221.29,,,
2048,743,conditional,short_term_premium,Short-Term Premium (contract under 6 months),500.00,,,
2049,744,recurring,rent,Monthly Rent,12296.00,,,
2050,744,recurring,electricity_share,Electricity Share,926.45,,,
2051,744,recurring,water_share,Water Share,195.89,,,
2052,744,conditional,short_term_premium,Short-Term Premium (contract under 6 months),500.00,,,
2053,745,recurring,rent,Monthly Rent,12296.00,,,
2054,745,recurring,electricity_share,Electricity Share,821.50,,,
2055,745,conditional,short_term_premium,Short-Term Premium (contract under 6 months),500.00,,,
2056,746,move_out,electricity_share,Final Electricity Share,821.50,,,
2057,746,move_out,deposit_refund,Security Deposit Refund,-12296.00,,,
2058,747,recurring,rent,Monthly Rent,10175.00,,,
2059,747,recurring,electricity_share,Electricity Share,1377.90,,,
2060,747,recurring,water_share,Water Share,277.03,,,
2061,748,recurring,rent,Monthly Rent,10175.00,,,
2062,748,recurring,electricity_share,Electricity Share,2449.28,,,
2063,748,recurring,water_share,Water Share,487.63,,,
2064,749,recurring,rent,Monthly Rent,10175.00,,,
2065,749,recurring,electricity_share,Electricity Share,1474.88,,,
2066,749,recurring,water_share,Water Share,378.37,,,
2067,750,recurring,rent,Monthly Rent,10175.00,,,
2068,750,recurring,electricity_share,Electricity Share,1585.91,,,
2069,750,recurring,water_share,Water Share,461.65,,,
2070,751,recurring,rent,Monthly Rent,10175.00,,,
2071,751,recurring,electricity_share,Electricity Share,1515.45,,,
2072,751,recurring,water_share,Water Share,224.20,,,
2073,752,recurring,rent,Monthly Rent,10175.00,,,
2074,752,recurring,electricity_share,Electricity Share,640.01,,,
2075,752,recurring,water_share,Water Share,104.13,,,
2076,753,move_out,electricity_share,Final Electricity Share,640.01,,,
2077,753,move_out,water_share,Final Water Share,104.13,,,
2078,753,move_out,deposit_refund,Security Deposit Refund,-10175.00,,,
2079,754,recurring,rent,Monthly Rent,7241.00,,,
2080,754,recurring,electricity_share,Electricity Share,2459.57,,,
2081,754,recurring,water_share,Water Share,372.73,,,
2082,754,conditional,short_term_premium,Short-Term Premium (contract under 6 months),500.00,,,
2083,755,recurring,rent,Monthly Rent,7241.00,,,
2084,755,recurring,electricity_share,Electricity Share,2180.49,,,
2085,755,conditional,short_term_premium,Short-Term Premium (contract under 6 months),500.00,,,
2086,756,recurring,rent,Monthly Rent,7241.00,,,
2087,756,recurring,electricity_share,Electricity Share,838.09,,,
2088,756,recurring,water_share,Water Share,155.05,,,
2089,756,conditional,short_term_premium,Short-Term Premium (contract under 6 months),500.00,,,
2090,757,move_out,electricity_share,Final Electricity Share,838.09,,,
2091,757,move_out,water_share,Final Water Share,155.05,,,
2092,757,move_out,deposit_refund,Security Deposit Refund,-7241.00,,,
2093,758,recurring,rent,Monthly Rent,10648.00,,,
2094,758,recurring,electricity_share,Electricity Share,2385.95,,,
2095,758,conditional,short_term_premium,Short-Term Premium (contract under 6 months),500.00,,,
2096,759,recurring,rent,Monthly Rent,10648.00,,,
2097,759,recurring,electricity_share,Electricity Share,1561.26,,,
2098,759,recurring,water_share,Water Share,408.45,,,
2099,759,conditional,short_term_premium,Short-Term Premium (contract under 6 months),500.00,,,
2100,760,recurring,rent,Monthly Rent,10648.00,,,
2101,760,recurring,electricity_share,Electricity Share,1225.18,,,
2102,760,conditional,short_term_premium,Short-Term Premium (contract under 6 months),500.00,,,
2103,761,move_out,electricity_share,Final Electricity Share,1225.18,,,
2104,761,move_out,deposit_refund,Security Deposit Refund,-10648.00,,,
2105,762,recurring,rent,Monthly Rent,7355.00,,,
2106,762,recurring,electricity_share,Electricity Share,610.77,,,
2107,762,recurring,water_share,Water Share,220.67,,,
2108,762,conditional,short_term_premium,Short-Term Premium (contract under 6 months),500.00,,,
2109,763,recurring,rent,Monthly Rent,7355.00,,,
2110,763,recurring,electricity_share,Electricity Share,1069.28,,,
2111,763,recurring,water_share,Water Share,174.78,,,
2112,763,conditional,short_term_premium,Short-Term Premium (contract under 6 months),500.00,,,
2113,764,recurring,rent,Monthly Rent,7355.00,,,
2114,764,recurring,electricity_share,Electricity Share,639.16,,,
2115,764,recurring,water_share,Water Share,76.44,,,
2116,764,conditional,short_term_premium,Short-Term Premium (contract under 6 months),500.00,,,
2117,765,move_out,electricity_share,Final Electricity Share,639.16,,,
2118,765,move_out,water_share,Final Water Share,76.44,,,
2119,765,move_out,deposit_refund,Security Deposit Refund,-7355.00,,,
2120,766,move_in,advance,1 Month Advance — First Month Rent,11065.00,,,
2121,766,move_in,security_deposit,1 Month Security Deposit,11065.00,,,
2122,767,recurring,rent,Monthly Rent,11065.00,,,
2123,767,recurring,electricity_share,Electricity Share,493.63,,,
2124,767,recurring,water_share,Water Share,67.92,,,
2125,767,conditional,short_term_premium,Short-Term Premium (contract under 6 months),500.00,,,
2126,768,move_out,electricity_share,Final Electricity Share,493.63,,,
2127,768,move_out,water_share,Final Water Share,67.92,,,
2128,768,move_out,deposit_refund,Security Deposit Refund,-11065.00,,,
2129,769,recurring,rent,Monthly Rent,12813.00,,,
2130,769,recurring,electricity_share,Electricity Share,1513.55,,,
2131,770,recurring,rent,Monthly Rent,12813.00,,,
2132,770,recurring,electricity_share,Electricity Share,1787.09,,,
2133,771,recurring,rent,Monthly Rent,12813.00,,,
2134,771,recurring,electricity_share,Electricity Share,1528.45,,,
2135,771,recurring,water_share,Water Share,412.38,,,
2136,772,recurring,rent,Monthly Rent,12813.00,,,
2137,772,recurring,electricity_share,Electricity Share,2017.18,,,
2138,772,recurring,water_share,Water Share,400.51,,,
2139,773,recurring,rent,Monthly Rent,12813.00,,,
2140,773,recurring,electricity_share,Electricity Share,1282.50,,,
2141,773,recurring,water_share,Water Share,485.15,,,
2142,774,recurring,rent,Monthly Rent,12813.00,,,
2143,774,recurring,electricity_share,Electricity Share,733.17,,,
2144,774,recurring,water_share,Water Share,193.16,,,
2145,775,move_out,electricity_share,Final Electricity Share,733.17,,,
2146,775,move_out,water_share,Final Water Share,193.16,,,
2147,775,move_out,deposit_refund,Security Deposit Refund,-12813.00,,,
2148,776,recurring,rent,Monthly Rent,11042.00,,,
2149,776,recurring,electricity_share,Electricity Share,2109.08,,,
2150,776,recurring,water_share,Water Share,331.67,,,
2151,777,recurring,rent,Monthly Rent,11042.00,,,
2152,777,recurring,electricity_share,Electricity Share,1511.70,,,
2153,777,recurring,water_share,Water Share,324.48,,,
2154,778,recurring,rent,Monthly Rent,11042.00,,,
2155,778,recurring,electricity_share,Electricity Share,1696.38,,,
2156,779,recurring,rent,Monthly Rent,11042.00,,,
2157,779,recurring,electricity_share,Electricity Share,1451.30,,,
2158,779,recurring,water_share,Water Share,282.60,,,
2159,780,recurring,rent,Monthly Rent,11042.00,,,
2160,780,recurring,electricity_share,Electricity Share,1979.13,,,
2161,780,recurring,water_share,Water Share,373.11,,,
2162,781,recurring,rent,Monthly Rent,11042.00,,,
2163,781,recurring,electricity_share,Electricity Share,924.96,,,
2164,781,recurring,water_share,Water Share,131.05,,,
2165,782,move_out,electricity_share,Final Electricity Share,924.96,,,
2166,782,move_out,water_share,Final Water Share,131.05,,,
2167,782,move_out,deposit_refund,Security Deposit Refund,-11042.00,,,
2168,783,move_in,advance,1 Month Advance — First Month Rent,11065.00,,,
2169,783,move_in,security_deposit,1 Month Security Deposit,11065.00,,,
2170,784,recurring,rent,Monthly Rent,11065.00,,,
2171,784,recurring,electricity_share,Electricity Share,493.63,,,
2172,784,recurring,water_share,Water Share,67.92,,,
2173,784,conditional,short_term_premium,Short-Term Premium (contract under 6 months),500.00,,,
2174,785,move_out,electricity_share,Final Electricity Share,493.63,,,
2175,785,move_out,water_share,Final Water Share,67.92,,,
2176,785,move_out,deposit_refund,Security Deposit Refund,-11065.00,,,
2177,786,recurring,rent,Monthly Rent,12296.00,,,
2178,786,recurring,electricity_share,Electricity Share,685.50,,,
2179,786,recurring,water_share,Water Share,71.16,,,
2180,786,conditional,short_term_premium,Short-Term Premium (contract under 6 months),500.00,,,
2181,787,move_out,electricity_share,Final Electricity Share,685.50,,,
2182,787,move_out,water_share,Final Water Share,71.16,,,
2183,787,move_out,deposit_refund,Security Deposit Refund,-12296.00,,,
2184,788,recurring,rent,Monthly Rent,6718.00,,,
2185,788,recurring,electricity_share,Electricity Share,2323.92,,,
2186,788,conditional,short_term_premium,Short-Term Premium (contract under 6 months),500.00,,,
2187,789,recurring,rent,Monthly Rent,6718.00,,,
2188,789,recurring,electricity_share,Electricity Share,1364.61,,,
2189,789,conditional,short_term_premium,Short-Term Premium (contract under 6 months),500.00,,,
2190,790,recurring,rent,Monthly Rent,6718.00,,,
2191,790,recurring,electricity_share,Electricity Share,819.73,,,
2192,790,conditional,short_term_premium,Short-Term Premium (contract under 6 months),500.00,,,
2193,791,move_out,electricity_share,Final Electricity Share,819.73,,,
2194,791,move_out,deposit_refund,Security Deposit Refund,-6718.00,,,
2195,792,recurring,rent,Monthly Rent,12151.00,,,
2196,792,recurring,electricity_share,Electricity Share,1973.56,,,
2197,792,recurring,water_share,Water Share,237.61,,,
2198,793,recurring,rent,Monthly Rent,12151.00,,,
2199,793,recurring,electricity_share,Electricity Share,1924.52,,,
2200,793,recurring,water_share,Water Share,393.79,,,
2201,794,recurring,rent,Monthly Rent,12151.00,,,
2202,794,recurring,electricity_share,Electricity Share,2248.90,,,
2203,795,recurring,rent,Monthly Rent,12151.00,,,
2204,795,recurring,electricity_share,Electricity Share,2084.86,,,
2205,796,recurring,rent,Monthly Rent,12151.00,,,
2206,796,recurring,electricity_share,Electricity Share,1784.85,,,
2207,796,recurring,water_share,Water Share,495.66,,,
2208,797,recurring,rent,Monthly Rent,12151.00,,,
2209,797,recurring,electricity_share,Electricity Share,1015.59,,,
2210,797,recurring,water_share,Water Share,101.03,,,
2211,798,move_out,electricity_share,Final Electricity Share,1015.59,,,
2212,798,move_out,water_share,Final Water Share,101.03,,,
2213,798,move_out,deposit_refund,Security Deposit Refund,-12151.00,,,
2214,799,recurring,rent,Monthly Rent,11065.00,,,
2215,799,recurring,electricity_share,Electricity Share,647.65,,,
2216,800,recurring,rent,Monthly Rent,11065.00,,,
2217,800,recurring,electricity_share,Electricity Share,899.05,,,
2218,801,recurring,rent,Monthly Rent,11065.00,,,
2219,801,recurring,electricity_share,Electricity Share,619.50,,,
2220,801,recurring,water_share,Water Share,102.12,,,
2221,802,recurring,rent,Monthly Rent,11065.00,,,
2222,802,recurring,electricity_share,Electricity Share,1204.02,,,
2223,802,recurring,water_share,Water Share,236.97,,,
2224,803,recurring,rent,Monthly Rent,11065.00,,,
2225,803,recurring,electricity_share,Electricity Share,1181.48,,,
2226,803,recurring,water_share,Water Share,240.88,,,
2227,804,recurring,rent,Monthly Rent,11065.00,,,
2228,804,recurring,electricity_share,Electricity Share,623.98,,,
2229,804,recurring,water_share,Water Share,119.01,,,
2230,805,move_out,electricity_share,Final Electricity Share,623.98,,,
2231,805,move_out,water_share,Final Water Share,119.01,,,
2232,805,move_out,deposit_refund,Security Deposit Refund,-11065.00,,,
2233,806,recurring,rent,Monthly Rent,11065.00,,,
2234,806,recurring,electricity_share,Electricity Share,647.65,,,
2235,806,conditional,short_term_premium,Short-Term Premium (contract under 6 months),500.00,,,
2236,807,move_out,electricity_share,Final Electricity Share,647.65,,,
2237,807,move_out,deposit_refund,Security Deposit Refund,-11065.00,,,
2238,808,recurring,rent,Monthly Rent,13743.00,,,
2239,808,recurring,electricity_share,Electricity Share,701.92,,,
2240,808,recurring,water_share,Water Share,113.10,,,
2241,809,recurring,rent,Monthly Rent,13743.00,,,
2242,809,recurring,electricity_share,Electricity Share,675.22,,,
2243,809,recurring,water_share,Water Share,239.84,,,
2244,810,recurring,rent,Monthly Rent,13743.00,,,
2245,810,recurring,electricity_share,Electricity Share,552.78,,,
2246,811,recurring,rent,Monthly Rent,13743.00,,,
2247,811,recurring,electricity_share,Electricity Share,826.06,,,
2248,811,recurring,water_share,Water Share,104.26,,,
2249,812,recurring,rent,Monthly Rent,13743.00,,,
2250,812,recurring,electricity_share,Electricity Share,933.06,,,
2251,813,recurring,rent,Monthly Rent,13743.00,,,
2252,813,recurring,electricity_share,Electricity Share,554.15,,,
2253,814,move_out,electricity_share,Final Electricity Share,554.15,,,
2254,814,move_out,deposit_refund,Security Deposit Refund,-13743.00,,,
2255,815,recurring,rent,Monthly Rent,9336.00,,,
2256,815,recurring,electricity_share,Electricity Share,697.12,,,
2257,815,conditional,short_term_premium,Short-Term Premium (contract under 6 months),500.00,,,
2258,816,recurring,rent,Monthly Rent,9336.00,,,
2259,816,recurring,electricity_share,Electricity Share,567.80,,,
2260,816,conditional,short_term_premium,Short-Term Premium (contract under 6 months),500.00,,,
2261,817,recurring,rent,Monthly Rent,9336.00,,,
2262,817,recurring,electricity_share,Electricity Share,486.42,,,
2263,817,recurring,water_share,Water Share,49.18,,,
2264,817,conditional,short_term_premium,Short-Term Premium (contract under 6 months),500.00,,,
2265,818,move_out,electricity_share,Final Electricity Share,486.42,,,
2266,818,move_out,water_share,Final Water Share,49.18,,,
2267,818,move_out,deposit_refund,Security Deposit Refund,-9336.00,,,
2268,819,recurring,rent,Monthly Rent,12004.00,,,
2269,819,recurring,electricity_share,Electricity Share,1292.01,,,
2270,819,recurring,water_share,Water Share,376.29,,,
2271,819,conditional,short_term_premium,Short-Term Premium (contract under 6 months),500.00,,,
2272,820,recurring,rent,Monthly Rent,12004.00,,,
2273,820,recurring,electricity_share,Electricity Share,1621.66,,,
2274,820,conditional,short_term_premium,Short-Term Premium (contract under 6 months),500.00,,,
2275,821,recurring,rent,Monthly Rent,12004.00,,,
2276,821,recurring,electricity_share,Electricity Share,784.28,,,
2277,821,conditional,short_term_premium,Short-Term Premium (contract under 6 months),500.00,,,
2278,822,move_out,electricity_share,Final Electricity Share,784.28,,,
2279,822,move_out,deposit_refund,Security Deposit Refund,-12004.00,,,
2280,823,recurring,rent,Monthly Rent,6328.00,,,
2281,823,recurring,electricity_share,Electricity Share,649.14,,,
2282,823,recurring,water_share,Water Share,218.98,,,
2283,823,conditional,short_term_premium,Short-Term Premium (contract under 6 months),500.00,,,
2284,824,move_out,electricity_share,Final Electricity Share,649.14,,,
2285,824,move_out,water_share,Final Water Share,218.98,,,
2286,824,move_out,deposit_refund,Security Deposit Refund,-6328.00,,,
2287,825,recurring,rent,Monthly Rent,7241.00,,,
2288,825,recurring,electricity_share,Electricity Share,1230.08,,,
2289,825,recurring,water_share,Water Share,360.29,,,
2290,826,recurring,rent,Monthly Rent,7241.00,,,
2291,826,recurring,electricity_share,Electricity Share,2332.71,,,
2292,827,recurring,rent,Monthly Rent,7241.00,,,
2293,827,recurring,electricity_share,Electricity Share,2375.61,,,
2294,827,recurring,water_share,Water Share,283.25,,,
2295,828,recurring,rent,Monthly Rent,7241.00,,,
2296,828,recurring,electricity_share,Electricity Share,1538.00,,,
2297,829,recurring,rent,Monthly Rent,7241.00,,,
2298,829,recurring,electricity_share,Electricity Share,1992.33,,,
2299,829,recurring,water_share,Water Share,359.20,,,
2300,830,recurring,rent,Monthly Rent,7241.00,,,
2301,830,recurring,electricity_share,Electricity Share,684.37,,,
2302,831,move_out,electricity_share,Final Electricity Share,684.37,,,
2303,831,move_out,deposit_refund,Security Deposit Refund,-7241.00,,,
2304,832,recurring,rent,Monthly Rent,11065.00,,,
2305,832,recurring,electricity_share,Electricity Share,899.05,,,
2306,833,recurring,rent,Monthly Rent,11065.00,,,
2307,833,recurring,electricity_share,Electricity Share,619.50,,,
2308,833,recurring,water_share,Water Share,102.12,,,
2309,834,recurring,rent,Monthly Rent,11065.00,,,
2310,834,recurring,electricity_share,Electricity Share,1204.02,,,
2311,834,recurring,water_share,Water Share,236.97,,,
2312,835,recurring,rent,Monthly Rent,11065.00,,,
2313,835,recurring,electricity_share,Electricity Share,1181.48,,,
2314,835,recurring,water_share,Water Share,240.88,,,
2315,836,recurring,rent,Monthly Rent,11065.00,,,
2316,836,recurring,electricity_share,Electricity Share,623.98,,,
2317,836,recurring,water_share,Water Share,119.01,,,
2318,837,recurring,rent,Monthly Rent,11065.00,,,
2319,837,recurring,electricity_share,Electricity Share,737.90,,,
2320,837,recurring,water_share,Water Share,104.28,,,
2321,838,recurring,rent,Monthly Rent,11065.00,,,
2322,838,recurring,electricity_share,Electricity Share,1131.40,,,
2323,838,recurring,water_share,Water Share,214.68,,,
2324,839,recurring,rent,Monthly Rent,11065.00,,,
2325,839,recurring,electricity_share,Electricity Share,643.32,,,
2326,840,recurring,rent,Monthly Rent,11065.00,,,
2327,840,recurring,electricity_share,Electricity Share,750.99,,,
2328,840,recurring,water_share,Water Share,99.62,,,
2329,841,recurring,rent,Monthly Rent,11065.00,,,
2330,841,recurring,electricity_share,Electricity Share,967.50,,,
2331,841,recurring,water_share,Water Share,116.47,,,
2332,842,recurring,rent,Monthly Rent,11065.00,,,
2333,842,recurring,electricity_share,Electricity Share,690.35,,,
2334,842,recurring,water_share,Water Share,161.01,,,
2335,843,recurring,rent,Monthly Rent,11065.00,,,
2336,843,recurring,electricity_share,Electricity Share,498.45,,,
2337,843,recurring,water_share,Water Share,95.01,,,
2338,844,move_out,electricity_share,Final Electricity Share,498.45,,,
2339,844,move_out,water_share,Final Water Share,95.01,,,
2340,844,move_out,deposit_refund,Security Deposit Refund,-11065.00,,,
2341,845,recurring,rent,Monthly Rent,10648.00,,,
2342,845,recurring,electricity_share,Electricity Share,1804.05,,,
2343,845,recurring,water_share,Water Share,488.71,,,
2344,846,recurring,rent,Monthly Rent,10648.00,,,
2345,846,recurring,electricity_share,Electricity Share,2482.09,,,
2346,846,recurring,water_share,Water Share,412.32,,,
2347,847,recurring,rent,Monthly Rent,10648.00,,,
2348,847,recurring,electricity_share,Electricity Share,1732.57,,,
2349,847,recurring,water_share,Water Share,457.39,,,
2350,848,recurring,rent,Monthly Rent,10648.00,,,
2351,848,recurring,electricity_share,Electricity Share,1890.74,,,
2352,848,recurring,water_share,Water Share,343.08,,,
2353,849,recurring,rent,Monthly Rent,10648.00,,,
2354,849,recurring,electricity_share,Electricity Share,2286.12,,,
2355,850,recurring,rent,Monthly Rent,10648.00,,,
2356,850,recurring,electricity_share,Electricity Share,1594.35,,,
2357,850,recurring,water_share,Water Share,254.19,,,
2358,851,recurring,rent,Monthly Rent,10648.00,,,
2359,851,recurring,electricity_share,Electricity Share,2043.70,,,
2360,851,recurring,water_share,Water Share,270.78,,,
2361,852,recurring,rent,Monthly Rent,10648.00,,,
2362,852,recurring,electricity_share,Electricity Share,1985.86,,,
2363,853,recurring,rent,Monthly Rent,10648.00,,,
2364,853,recurring,electricity_share,Electricity Share,1352.72,,,
2365,853,recurring,water_share,Water Share,484.70,,,
2366,854,recurring,rent,Monthly Rent,10648.00,,,
2367,854,recurring,electricity_share,Electricity Share,1702.41,,,
2368,854,recurring,water_share,Water Share,480.47,,,
2369,855,recurring,rent,Monthly Rent,10648.00,,,
2370,855,recurring,electricity_share,Electricity Share,2201.42,,,
2371,856,recurring,rent,Monthly Rent,10648.00,,,
2372,856,recurring,electricity_share,Electricity Share,807.52,,,
2373,856,recurring,water_share,Water Share,136.74,,,
2374,857,move_out,electricity_share,Final Electricity Share,807.52,,,
2375,857,move_out,water_share,Final Water Share,136.74,,,
2376,857,move_out,deposit_refund,Security Deposit Refund,-10648.00,,,
2377,858,recurring,rent,Monthly Rent,12296.00,,,
2378,858,recurring,electricity_share,Electricity Share,1146.81,,,
2379,859,recurring,rent,Monthly Rent,12296.00,,,
2380,859,recurring,electricity_share,Electricity Share,1231.38,,,
2381,859,recurring,water_share,Water Share,185.48,,,
2382,860,recurring,rent,Monthly Rent,12296.00,,,
2383,860,recurring,electricity_share,Electricity Share,856.75,,,
2384,860,recurring,water_share,Water Share,222.86,,,
2385,861,recurring,rent,Monthly Rent,12296.00,,,
2386,861,recurring,electricity_share,Electricity Share,1122.65,,,
2387,861,recurring,water_share,Water Share,138.87,,,
2388,862,recurring,rent,Monthly Rent,12296.00,,,
2389,862,recurring,electricity_share,Electricity Share,670.75,,,
2390,863,recurring,rent,Monthly Rent,12296.00,,,
2391,863,recurring,electricity_share,Electricity Share,408.57,,,
2392,864,move_out,electricity_share,Final Electricity Share,408.57,,,
2393,864,move_out,deposit_refund,Security Deposit Refund,-12296.00,,,
2394,865,move_in,advance,1 Month Advance — First Month Rent,12829.00,,,
2395,865,move_in,security_deposit,1 Month Security Deposit,12829.00,,,
2396,866,recurring,rent,Monthly Rent,12829.00,,,
2397,866,recurring,electricity_share,Electricity Share,516.47,,,
2398,866,conditional,short_term_premium,Short-Term Premium (contract under 6 months),500.00,,,
2399,867,move_out,electricity_share,Final Electricity Share,516.47,,,
2400,867,move_out,deposit_refund,Security Deposit Refund,-12829.00,,,
2401,868,recurring,rent,Monthly Rent,12422.00,,,
2402,868,recurring,electricity_share,Electricity Share,2319.74,,,
2403,868,recurring,water_share,Water Share,217.02,,,
2404,868,conditional,short_term_premium,Short-Term Premium (contract under 6 months),500.00,,,
2405,869,recurring,rent,Monthly Rent,12422.00,,,
2406,869,recurring,electricity_share,Electricity Share,1943.17,,,
2407,869,recurring,water_share,Water Share,275.87,,,
2408,869,conditional,short_term_premium,Short-Term Premium (contract under 6 months),500.00,,,
2409,870,recurring,rent,Monthly Rent,12422.00,,,
2410,870,recurring,electricity_share,Electricity Share,634.81,,,
2411,870,recurring,water_share,Water Share,110.66,,,
2412,870,conditional,short_term_premium,Short-Term Premium (contract under 6 months),500.00,,,
2413,871,move_out,electricity_share,Final Electricity Share,634.81,,,
2414,871,move_out,water_share,Final Water Share,110.66,,,
2415,871,move_out,deposit_refund,Security Deposit Refund,-12422.00,,,
2416,872,recurring,rent,Monthly Rent,7087.00,,,
2417,872,recurring,electricity_share,Electricity Share,930.88,,,
2418,872,conditional,short_term_premium,Short-Term Premium (contract under 6 months),500.00,,,
2419,873,move_out,electricity_share,Final Electricity Share,930.88,,,
2420,873,move_out,deposit_refund,Security Deposit Refund,-7087.00,,,
2421,874,recurring,rent,Monthly Rent,10883.00,,,
2422,874,recurring,electricity_share,Electricity Share,622.09,,,
2423,874,recurring,water_share,Water Share,171.83,,,
2424,874,conditional,short_term_premium,Short-Term Premium (contract under 6 months),500.00,,,
2425,875,move_out,electricity_share,Final Electricity Share,622.09,,,
2426,875,move_out,water_share,Final Water Share,171.83,,,
2427,875,move_out,deposit_refund,Security Deposit Refund,-10883.00,,,
2428,876,recurring,rent,Monthly Rent,6328.00,,,
2429,876,recurring,electricity_share,Electricity Share,2108.79,,,
2430,876,recurring,water_share,Water Share,444.06,,,
2431,877,recurring,rent,Monthly Rent,6328.00,,,
2432,877,recurring,electricity_share,Electricity Share,1767.88,,,
2433,878,recurring,rent,Monthly Rent,6328.00,,,
2434,878,recurring,electricity_share,Electricity Share,1904.96,,,
2435,879,recurring,rent,Monthly Rent,6328.00,,,
2436,879,recurring,electricity_share,Electricity Share,2498.20,,,
2437,880,recurring,rent,Monthly Rent,6328.00,,,
2438,880,recurring,electricity_share,Electricity Share,1485.76,,,
2439,880,recurring,water_share,Water Share,239.22,,,
2440,881,recurring,rent,Monthly Rent,6328.00,,,
2441,881,recurring,electricity_share,Electricity Share,1333.77,,,
2442,881,recurring,water_share,Water Share,466.59,,,
2443,882,recurring,rent,Monthly Rent,6328.00,,,
2444,882,recurring,electricity_share,Electricity Share,1483.39,,,
2445,882,recurring,water_share,Water Share,367.52,,,
2446,883,recurring,rent,Monthly Rent,6328.00,,,
2447,883,recurring,electricity_share,Electricity Share,1837.61,,,
2448,884,recurring,rent,Monthly Rent,6328.00,,,
2449,884,recurring,electricity_share,Electricity Share,2267.20,,,
2450,885,recurring,rent,Monthly Rent,6328.00,,,
2451,885,recurring,electricity_share,Electricity Share,2139.49,,,
2452,886,recurring,rent,Monthly Rent,6328.00,,,
2453,886,recurring,electricity_share,Electricity Share,2176.05,,,
2454,887,recurring,rent,Monthly Rent,6328.00,,,
2455,887,recurring,electricity_share,Electricity Share,942.12,,,
2456,887,recurring,water_share,Water Share,174.94,,,
2457,888,move_out,electricity_share,Final Electricity Share,942.12,,,
2458,888,move_out,water_share,Final Water Share,174.94,,,
2459,888,move_out,deposit_refund,Security Deposit Refund,-6328.00,,,
2460,889,recurring,rent,Monthly Rent,12829.00,,,
2461,889,recurring,electricity_share,Electricity Share,1177.36,,,
2462,889,recurring,water_share,Water Share,212.03,,,
2463,890,recurring,rent,Monthly Rent,12829.00,,,
2464,890,recurring,electricity_share,Electricity Share,619.06,,,
2465,891,recurring,rent,Monthly Rent,12829.00,,,
2466,891,recurring,electricity_share,Electricity Share,433.03,,,
2467,892,recurring,rent,Monthly Rent,12829.00,,,
2468,892,recurring,electricity_share,Electricity Share,980.33,,,
2469,892,recurring,water_share,Water Share,138.77,,,
2470,893,recurring,rent,Monthly Rent,12829.00,,,
2471,893,recurring,electricity_share,Electricity Share,891.78,,,
2472,893,recurring,water_share,Water Share,111.54,,,
2473,894,recurring,rent,Monthly Rent,12829.00,,,
2474,894,recurring,electricity_share,Electricity Share,720.95,,,
2475,894,recurring,water_share,Water Share,134.52,,,
2476,895,recurring,rent,Monthly Rent,12829.00,,,
2477,895,recurring,electricity_share,Electricity Share,690.91,,,
2478,895,recurring,water_share,Water Share,88.54,,,
2479,896,recurring,rent,Monthly Rent,12829.00,,,
2480,896,recurring,electricity_share,Electricity Share,1208.84,,,
2481,897,recurring,rent,Monthly Rent,12829.00,,,
2482,897,recurring,electricity_share,Electricity Share,1130.42,,,
2483,897,recurring,water_share,Water Share,180.30,,,
2484,898,recurring,rent,Monthly Rent,12829.00,,,
2485,898,recurring,electricity_share,Electricity Share,530.81,,,
2486,899,recurring,rent,Monthly Rent,12829.00,,,
2487,899,recurring,electricity_share,Electricity Share,878.64,,,
2488,900,recurring,rent,Monthly Rent,12829.00,,,
2489,900,recurring,electricity_share,Electricity Share,640.46,,,
2490,900,recurring,water_share,Water Share,127.98,,,
2491,901,move_out,electricity_share,Final Electricity Share,640.46,,,
2492,901,move_out,water_share,Final Water Share,127.98,,,
2493,901,move_out,deposit_refund,Security Deposit Refund,-12829.00,,,
2494,902,recurring,rent,Monthly Rent,7355.00,,,
2495,902,recurring,electricity_share,Electricity Share,408.69,,,
2496,902,recurring,water_share,Water Share,119.67,,,
2497,902,conditional,short_term_premium,Short-Term Premium (contract under 6 months),500.00,,,
2498,903,move_out,electricity_share,Final Electricity Share,408.69,,,
2499,903,move_out,water_share,Final Water Share,119.67,,,
2500,903,move_out,deposit_refund,Security Deposit Refund,-7355.00,,,
2501,904,recurring,rent,Monthly Rent,9312.00,,,
2502,904,recurring,electricity_share,Electricity Share,1702.99,,,
2503,904,recurring,water_share,Water Share,203.56,,,
2504,904,conditional,short_term_premium,Short-Term Premium (contract under 6 months),500.00,,,
2505,905,recurring,rent,Monthly Rent,9312.00,,,
2506,905,recurring,electricity_share,Electricity Share,2001.98,,,
2507,905,conditional,short_term_premium,Short-Term Premium (contract under 6 months),500.00,,,
2508,906,recurring,rent,Monthly Rent,9312.00,,,
2509,906,recurring,electricity_share,Electricity Share,979.44,,,
2510,906,recurring,water_share,Water Share,150.00,,,
2511,906,conditional,short_term_premium,Short-Term Premium (contract under 6 months),500.00,,,
2512,907,move_out,electricity_share,Final Electricity Share,979.44,,,
2513,907,move_out,water_share,Final Water Share,150.00,,,
2514,907,move_out,deposit_refund,Security Deposit Refund,-9312.00,,,
2515,908,recurring,rent,Monthly Rent,6718.00,,,
2516,908,recurring,electricity_share,Electricity Share,1247.94,,,
2517,908,recurring,water_share,Water Share,321.67,,,
2518,909,recurring,rent,Monthly Rent,6718.00,,,
2519,909,recurring,electricity_share,Electricity Share,1868.10,,,
2520,910,recurring,rent,Monthly Rent,6718.00,,,
2521,910,recurring,electricity_share,Electricity Share,1605.50,,,
2522,911,recurring,rent,Monthly Rent,6718.00,,,
2523,911,recurring,electricity_share,Electricity Share,1462.49,,,
2524,911,recurring,water_share,Water Share,358.59,,,
2525,912,recurring,rent,Monthly Rent,6718.00,,,
2526,912,recurring,electricity_share,Electricity Share,2418.67,,,
2527,912,recurring,water_share,Water Share,257.79,,,
2528,913,recurring,rent,Monthly Rent,6718.00,,,
2529,913,recurring,electricity_share,Electricity Share,1155.41,,,
2530,913,recurring,water_share,Water Share,183.15,,,
2531,914,move_out,electricity_share,Final Electricity Share,1155.41,,,
2532,914,move_out,water_share,Final Water Share,183.15,,,
2533,914,move_out,deposit_refund,Security Deposit Refund,-6718.00,,,
2534,915,recurring,rent,Monthly Rent,13743.00,,,
2535,915,recurring,electricity_share,Electricity Share,826.06,,,
2536,915,recurring,water_share,Water Share,104.26,,,
2537,916,recurring,rent,Monthly Rent,13743.00,,,
2538,916,recurring,electricity_share,Electricity Share,933.06,,,
2539,917,recurring,rent,Monthly Rent,13743.00,,,
2540,917,recurring,electricity_share,Electricity Share,554.15,,,
2541,918,recurring,rent,Monthly Rent,13743.00,,,
2542,918,recurring,electricity_share,Electricity Share,638.12,,,
2543,918,recurring,water_share,Water Share,179.16,,,
2544,919,recurring,rent,Monthly Rent,13743.00,,,
2545,919,recurring,electricity_share,Electricity Share,956.80,,,
2546,919,recurring,water_share,Water Share,143.63,,,
2547,920,recurring,rent,Monthly Rent,13743.00,,,
2548,920,recurring,electricity_share,Electricity Share,1060.96,,,
2549,921,recurring,rent,Monthly Rent,13743.00,,,
2550,921,recurring,electricity_share,Electricity Share,889.58,,,
2551,921,recurring,water_share,Water Share,188.77,,,
2552,922,recurring,rent,Monthly Rent,13743.00,,,
2553,922,recurring,electricity_share,Electricity Share,802.99,,,
2554,922,recurring,water_share,Water Share,187.88,,,
2555,923,recurring,rent,Monthly Rent,13743.00,,,
2556,923,recurring,electricity_share,Electricity Share,635.08,,,
2557,923,recurring,water_share,Water Share,70.66,,,
2558,924,recurring,rent,Monthly Rent,13743.00,,,
2559,924,recurring,electricity_share,Electricity Share,825.11,,,
2560,924,recurring,water_share,Water Share,245.17,,,
2561,925,recurring,rent,Monthly Rent,13743.00,,,
2562,925,recurring,electricity_share,Electricity Share,770.24,,,
2563,926,recurring,rent,Monthly Rent,13743.00,,,
2564,926,recurring,electricity_share,Electricity Share,752.24,,,
2565,926,recurring,water_share,Water Share,120.86,,,
2566,927,move_out,electricity_share,Final Electricity Share,752.24,,,
2567,927,move_out,water_share,Final Water Share,120.86,,,
2568,927,move_out,deposit_refund,Security Deposit Refund,-13743.00,,,
2569,928,recurring,rent,Monthly Rent,9336.00,,,
2570,928,recurring,electricity_share,Electricity Share,588.01,,,
2571,928,conditional,short_term_premium,Short-Term Premium (contract under 6 months),500.00,,,
2572,929,recurring,rent,Monthly Rent,9336.00,,,
2573,929,recurring,electricity_share,Electricity Share,555.32,,,
2574,929,recurring,water_share,Water Share,162.61,,,
2575,929,conditional,short_term_premium,Short-Term Premium (contract under 6 months),500.00,,,
2576,930,recurring,rent,Monthly Rent,9336.00,,,
2577,930,recurring,electricity_share,Electricity Share,209.32,,,
2578,930,recurring,water_share,Water Share,43.24,,,
2579,930,conditional,short_term_premium,Short-Term Premium (contract under 6 months),500.00,,,
2580,931,move_out,electricity_share,Final Electricity Share,209.32,,,
2581,931,move_out,water_share,Final Water Share,43.24,,,
2582,931,move_out,deposit_refund,Security Deposit Refund,-9336.00,,,
2583,932,recurring,rent,Monthly Rent,9336.00,,,
2584,932,recurring,electricity_share,Electricity Share,588.01,,,
2585,932,conditional,short_term_premium,Short-Term Premium (contract under 6 months),500.00,,,
2586,933,recurring,rent,Monthly Rent,9336.00,,,
2587,933,recurring,electricity_share,Electricity Share,555.32,,,
2588,933,recurring,water_share,Water Share,162.61,,,
2589,933,conditional,short_term_premium,Short-Term Premium (contract under 6 months),500.00,,,
2590,934,recurring,rent,Monthly Rent,9336.00,,,
2591,934,recurring,electricity_share,Electricity Share,209.32,,,
2592,934,recurring,water_share,Water Share,43.24,,,
2593,934,conditional,short_term_premium,Short-Term Premium (contract under 6 months),500.00,,,
2594,935,move_out,electricity_share,Final Electricity Share,209.32,,,
2595,935,move_out,water_share,Final Water Share,43.24,,,
2596,935,move_out,deposit_refund,Security Deposit Refund,-9336.00,,,
2597,936,recurring,rent,Monthly Rent,12004.00,,,
2598,936,recurring,electricity_share,Electricity Share,1914.03,,,
2599,936,recurring,water_share,Water Share,459.47,,,
2600,937,recurring,rent,Monthly Rent,12004.00,,,
2601,937,recurring,electricity_share,Electricity Share,1677.99,,,
2602,937,recurring,water_share,Water Share,427.55,,,
2603,938,recurring,rent,Monthly Rent,12004.00,,,
2604,938,recurring,electricity_share,Electricity Share,1706.43,,,
2605,938,recurring,water_share,Water Share,210.08,,,
2606,939,recurring,rent,Monthly Rent,12004.00,,,
2607,939,recurring,electricity_share,Electricity Share,1561.20,,,
2608,939,recurring,water_share,Water Share,450.67,,,
2609,940,recurring,rent,Monthly Rent,12004.00,,,
2610,940,recurring,electricity_share,Electricity Share,1895.86,,,
2611,940,recurring,water_share,Water Share,200.32,,,
2612,941,recurring,rent,Monthly Rent,12004.00,,,
2613,941,recurring,electricity_share,Electricity Share,751.97,,,
2614,941,recurring,water_share,Water Share,233.67,,,
2615,942,move_out,electricity_share,Final Electricity Share,751.97,,,
2616,942,move_out,water_share,Final Water Share,233.67,,,
2617,942,move_out,deposit_refund,Security Deposit Refund,-12004.00,,,
2618,943,recurring,rent,Monthly Rent,7355.00,,,
2619,943,recurring,electricity_share,Electricity Share,954.60,,,
2620,943,recurring,water_share,Water Share,221.58,,,
2621,943,conditional,short_term_premium,Short-Term Premium (contract under 6 months),500.00,,,
2622,944,recurring,rent,Monthly Rent,7355.00,,,
2623,944,recurring,electricity_share,Electricity Share,724.08,,,
2624,944,recurring,water_share,Water Share,228.63,,,
2625,944,conditional,short_term_premium,Short-Term Premium (contract under 6 months),500.00,,,
2626,945,recurring,rent,Monthly Rent,7355.00,,,
2627,945,recurring,electricity_share,Electricity Share,830.60,,,
2628,945,recurring,water_share,Water Share,87.41,,,
2629,945,conditional,short_term_premium,Short-Term Premium (contract under 6 months),500.00,,,
2630,946,move_out,electricity_share,Final Electricity Share,830.60,,,
2631,946,move_out,water_share,Final Water Share,87.41,,,
2632,946,move_out,deposit_refund,Security Deposit Refund,-7355.00,,,
2633,947,recurring,rent,Monthly Rent,5695.00,,,
2634,947,recurring,electricity_share,Electricity Share,1419.96,,,
2635,947,recurring,water_share,Water Share,305.56,,,
2636,948,recurring,rent,Monthly Rent,5695.00,,,
2637,948,recurring,electricity_share,Electricity Share,2272.25,,,
2638,948,recurring,water_share,Water Share,451.69,,,
2639,949,recurring,rent,Monthly Rent,5695.00,,,
2640,949,recurring,electricity_share,Electricity Share,2138.86,,,
2641,949,recurring,water_share,Water Share,320.53,,,
2642,950,recurring,rent,Monthly Rent,5695.00,,,
2643,950,recurring,electricity_share,Electricity Share,2003.96,,,
2644,950,recurring,water_share,Water Share,319.45,,,
2645,951,recurring,rent,Monthly Rent,5695.00,,,
2646,951,recurring,electricity_share,Electricity Share,2166.69,,,
2647,951,recurring,water_share,Water Share,279.26,,,
2648,952,recurring,rent,Monthly Rent,5695.00,,,
2649,952,recurring,electricity_share,Electricity Share,1953.38,,,
2650,952,recurring,water_share,Water Share,366.01,,,
2651,953,recurring,rent,Monthly Rent,5695.00,,,
2652,953,recurring,electricity_share,Electricity Share,1656.53,,,
2653,953,recurring,water_share,Water Share,471.92,,,
2654,954,recurring,rent,Monthly Rent,5695.00,,,
2655,954,recurring,electricity_share,Electricity Share,1448.52,,,
2656,955,recurring,rent,Monthly Rent,5695.00,,,
2657,955,recurring,electricity_share,Electricity Share,2420.21,,,
2658,956,recurring,rent,Monthly Rent,5695.00,,,
2659,956,recurring,electricity_share,Electricity Share,1993.31,,,
2660,956,recurring,water_share,Water Share,485.88,,,
2661,957,recurring,rent,Monthly Rent,5695.00,,,
2662,957,recurring,electricity_share,Electricity Share,2277.90,,,
2663,957,recurring,water_share,Water Share,356.92,,,
2664,958,recurring,rent,Monthly Rent,5695.00,,,
2665,958,recurring,electricity_share,Electricity Share,724.32,,,
2666,958,recurring,water_share,Water Share,175.47,,,
2667,959,move_out,electricity_share,Final Electricity Share,724.32,,,
2668,959,move_out,water_share,Final Water Share,175.47,,,
2669,959,move_out,deposit_refund,Security Deposit Refund,-5695.00,,,
2670,960,recurring,rent,Monthly Rent,7087.00,,,
2671,960,recurring,electricity_share,Electricity Share,763.74,,,
2672,960,recurring,water_share,Water Share,223.73,,,
2673,960,conditional,short_term_premium,Short-Term Premium (contract under 6 months),500.00,,,
2674,961,move_out,electricity_share,Final Electricity Share,763.74,,,
2675,961,move_out,water_share,Final Water Share,223.73,,,
2676,961,move_out,deposit_refund,Security Deposit Refund,-7087.00,,,
2677,962,recurring,rent,Monthly Rent,10883.00,,,
2678,962,recurring,electricity_share,Electricity Share,2367.66,,,
2679,962,recurring,water_share,Water Share,408.79,,,
2680,963,recurring,rent,Monthly Rent,10883.00,,,
2681,963,recurring,electricity_share,Electricity Share,1679.61,,,
2682,963,recurring,water_share,Water Share,357.40,,,
2683,964,recurring,rent,Monthly Rent,10883.00,,,
2684,964,recurring,electricity_share,Electricity Share,1740.70,,,
2685,964,recurring,water_share,Water Share,226.00,,,
2686,965,recurring,rent,Monthly Rent,10883.00,,,
2687,965,recurring,electricity_share,Electricity Share,1632.33,,,
2688,965,recurring,water_share,Water Share,353.97,,,
2689,966,recurring,rent,Monthly Rent,10883.00,,,
2690,966,recurring,electricity_share,Electricity Share,2399.82,,,
2691,966,recurring,water_share,Water Share,392.79,,,
2692,967,recurring,rent,Monthly Rent,10883.00,,,
2693,967,recurring,electricity_share,Electricity Share,1593.36,,,
2694,968,recurring,rent,Monthly Rent,10883.00,,,
2695,968,recurring,electricity_share,Electricity Share,2121.39,,,
2696,968,recurring,water_share,Water Share,280.88,,,
2697,969,recurring,rent,Monthly Rent,10883.00,,,
2698,969,recurring,electricity_share,Electricity Share,2344.05,,,
2699,969,recurring,water_share,Water Share,474.75,,,
2700,970,recurring,rent,Monthly Rent,10883.00,,,
2701,970,recurring,electricity_share,Electricity Share,1480.77,,,
2702,970,recurring,water_share,Water Share,481.42,,,
2703,971,recurring,rent,Monthly Rent,10883.00,,,
2704,971,recurring,electricity_share,Electricity Share,1687.78,,,
2705,971,recurring,water_share,Water Share,224.38,,,
2706,972,recurring,rent,Monthly Rent,10883.00,,,
2707,972,recurring,electricity_share,Electricity Share,1263.41,,,
2708,972,recurring,water_share,Water Share,337.15,,,
2709,973,recurring,rent,Monthly Rent,10883.00,,,
2710,973,recurring,electricity_share,Electricity Share,830.05,,,
2711,973,recurring,water_share,Water Share,172.46,,,
2712,974,move_out,electricity_share,Final Electricity Share,830.05,,,
2713,974,move_out,water_share,Final Water Share,172.46,,,
2714,974,move_out,deposit_refund,Security Deposit Refund,-10883.00,,,
2715,975,recurring,rent,Monthly Rent,10175.00,,,
2716,975,recurring,electricity_share,Electricity Share,1257.48,,,
2717,975,recurring,water_share,Water Share,420.68,,,
2718,976,recurring,rent,Monthly Rent,10175.00,,,
2719,976,recurring,electricity_share,Electricity Share,1687.08,,,
2720,976,recurring,water_share,Water Share,469.16,,,
2721,977,recurring,rent,Monthly Rent,10175.00,,,
2722,977,recurring,electricity_share,Electricity Share,2323.06,,,
2723,978,recurring,rent,Monthly Rent,10175.00,,,
2724,978,recurring,electricity_share,Electricity Share,1683.40,,,
2725,978,recurring,water_share,Water Share,391.18,,,
2726,979,recurring,rent,Monthly Rent,10175.00,,,
2727,979,recurring,electricity_share,Electricity Share,1241.79,,,
2728,980,recurring,rent,Monthly Rent,10175.00,,,
2729,980,recurring,electricity_share,Electricity Share,711.16,,,
2730,981,move_out,electricity_share,Final Electricity Share,711.16,,,
2731,981,move_out,deposit_refund,Security Deposit Refund,-10175.00,,,
2732,982,recurring,rent,Monthly Rent,7087.00,,,
2733,982,recurring,electricity_share,Electricity Share,1913.10,,,
2734,982,recurring,water_share,Water Share,281.19,,,
2735,982,conditional,short_term_premium,Short-Term Premium (contract under 6 months),500.00,,,
2736,983,recurring,rent,Monthly Rent,7087.00,,,
2737,983,recurring,electricity_share,Electricity Share,1302.25,,,
2738,983,recurring,water_share,Water Share,388.14,,,
2739,983,conditional,short_term_premium,Short-Term Premium (contract under 6 months),500.00,,,
2740,984,recurring,rent,Monthly Rent,7087.00,,,
2741,984,recurring,electricity_share,Electricity Share,1217.56,,,
2742,984,recurring,water_share,Water Share,229.15,,,
2743,984,conditional,short_term_premium,Short-Term Premium (contract under 6 months),500.00,,,
2744,985,move_out,electricity_share,Final Electricity Share,1217.56,,,
2745,985,move_out,water_share,Final Water Share,229.15,,,
2746,985,move_out,deposit_refund,Security Deposit Refund,-7087.00,,,
2747,986,recurring,rent,Monthly Rent,12829.00,,,
2748,986,recurring,electricity_share,Electricity Share,980.33,,,
2749,986,recurring,water_share,Water Share,138.77,,,
2750,986,conditional,short_term_premium,Short-Term Premium (contract under 6 months),500.00,,,
2751,987,recurring,rent,Monthly Rent,12829.00,,,
2752,987,recurring,electricity_share,Electricity Share,891.78,,,
2753,987,recurring,water_share,Water Share,111.54,,,
2754,987,conditional,short_term_premium,Short-Term Premium (contract under 6 months),500.00,,,
2755,988,recurring,rent,Monthly Rent,12829.00,,,
2756,988,recurring,electricity_share,Electricity Share,720.95,,,
2757,988,recurring,water_share,Water Share,134.52,,,
2758,988,conditional,short_term_premium,Short-Term Premium (contract under 6 months),500.00,,,
2759,989,move_out,electricity_share,Final Electricity Share,720.95,,,
2760,989,move_out,water_share,Final Water Share,134.52,,,
2761,989,move_out,deposit_refund,Security Deposit Refund,-12829.00,,,
2762,990,recurring,rent,Monthly Rent,11042.00,,,
2763,990,recurring,electricity_share,Electricity Share,1054.40,,,
2764,990,conditional,short_term_premium,Short-Term Premium (contract under 6 months),500.00,,,
2765,991,move_out,electricity_share,Final Electricity Share,1054.40,,,
2766,991,move_out,deposit_refund,Security Deposit Refund,-11042.00,,,
2767,992,recurring,rent,Monthly Rent,12422.00,,,
2768,992,recurring,electricity_share,Electricity Share,1701.36,,,
2769,992,recurring,water_share,Water Share,367.86,,,
2770,993,recurring,rent,Monthly Rent,12422.00,,,
2771,993,recurring,electricity_share,Electricity Share,1718.59,,,
2772,993,recurring,water_share,Water Share,422.02,,,
2773,994,recurring,rent,Monthly Rent,12422.00,,,
2774,994,recurring,electricity_share,Electricity Share,2251.33,,,
2775,995,recurring,rent,Monthly Rent,12422.00,,,
2776,995,recurring,electricity_share,Electricity Share,1616.58,,,
2777,995,recurring,water_share,Water Share,402.32,,,
2778,996,recurring,rent,Monthly Rent,12422.00,,,
2779,996,recurring,electricity_share,Electricity Share,2477.31,,,
2780,996,recurring,water_share,Water Share,207.90,,,
2781,997,recurring,rent,Monthly Rent,12422.00,,,
2782,997,recurring,electricity_share,Electricity Share,654.92,,,
2783,998,move_out,electricity_share,Final Electricity Share,654.92,,,
2784,998,move_out,deposit_refund,Security Deposit Refund,-12422.00,,,
2785,999,recurring,rent,Monthly Rent,9312.00,,,
2786,999,recurring,electricity_share,Electricity Share,2103.39,,,
2787,999,recurring,water_share,Water Share,487.88,,,
2788,999,conditional,short_term_premium,Short-Term Premium (contract under 6 months),500.00,,,
2789,1000,recurring,rent,Monthly Rent,9312.00,,,
2790,1000,recurring,electricity_share,Electricity Share,2272.19,,,
2791,1000,recurring,water_share,Water Share,243.73,,,
2792,1000,conditional,short_term_premium,Short-Term Premium (contract under 6 months),500.00,,,
2793,1001,recurring,rent,Monthly Rent,9312.00,,,
2794,1001,recurring,electricity_share,Electricity Share,823.29,,,
2795,1001,recurring,water_share,Water Share,225.45,,,
2796,1001,conditional,short_term_premium,Short-Term Premium (contract under 6 months),500.00,,,
2797,1002,move_out,electricity_share,Final Electricity Share,823.29,,,
2798,1002,move_out,water_share,Final Water Share,225.45,,,
2799,1002,move_out,deposit_refund,Security Deposit Refund,-9312.00,,,
2800,1003,recurring,rent,Monthly Rent,12813.00,,,
2801,1003,recurring,electricity_share,Electricity Share,983.14,,,
2802,1003,conditional,short_term_premium,Short-Term Premium (contract under 6 months),500.00,,,
2803,1004,move_out,electricity_share,Final Electricity Share,983.14,,,
2804,1004,move_out,deposit_refund,Security Deposit Refund,-12813.00,,,
2805,1005,recurring,rent,Monthly Rent,12151.00,,,
2806,1005,recurring,electricity_share,Electricity Share,2267.47,,,
2807,1005,recurring,water_share,Water Share,380.01,,,
2808,1006,recurring,rent,Monthly Rent,12151.00,,,
2809,1006,recurring,electricity_share,Electricity Share,2366.52,,,
2810,1006,recurring,water_share,Water Share,254.73,,,
2811,1007,recurring,rent,Monthly Rent,12151.00,,,
2812,1007,recurring,electricity_share,Electricity Share,2343.93,,,
2813,1007,recurring,water_share,Water Share,341.25,,,
2814,1008,recurring,rent,Monthly Rent,12151.00,,,
2815,1008,recurring,electricity_share,Electricity Share,2083.95,,,
2816,1009,recurring,rent,Monthly Rent,12151.00,,,
2817,1009,recurring,electricity_share,Electricity Share,2460.07,,,
2818,1010,recurring,rent,Monthly Rent,12151.00,,,
2819,1010,recurring,electricity_share,Electricity Share,1876.90,,,
2820,1010,recurring,water_share,Water Share,450.13,,,
2821,1011,recurring,rent,Monthly Rent,12151.00,,,
2822,1011,recurring,electricity_share,Electricity Share,2255.25,,,
2823,1011,recurring,water_share,Water Share,461.21,,,
2824,1012,recurring,rent,Monthly Rent,12151.00,,,
2825,1012,recurring,electricity_share,Electricity Share,1457.79,,,
2826,1013,recurring,rent,Monthly Rent,12151.00,,,
2827,1013,recurring,electricity_share,Electricity Share,1343.46,,,
2828,1013,recurring,water_share,Water Share,439.76,,,
2829,1014,recurring,rent,Monthly Rent,12151.00,,,
2830,1014,recurring,electricity_share,Electricity Share,2423.33,,,
2831,1015,recurring,rent,Monthly Rent,12151.00,,,
2832,1015,recurring,electricity_share,Electricity Share,1669.06,,,
2833,1016,recurring,rent,Monthly Rent,12151.00,,,
2834,1016,recurring,electricity_share,Electricity Share,835.77,,,
2835,1016,recurring,water_share,Water Share,130.46,,,
2836,1017,move_out,electricity_share,Final Electricity Share,835.77,,,
2837,1017,move_out,water_share,Final Water Share,130.46,,,
2838,1017,move_out,deposit_refund,Security Deposit Refund,-12151.00,,,
2839,1018,recurring,rent,Monthly Rent,9336.00,,,
2840,1018,recurring,electricity_share,Electricity Share,293.09,,,
2841,1018,recurring,water_share,Water Share,61.59,,,
2842,1018,conditional,short_term_premium,Short-Term Premium (contract under 6 months),500.00,,,
2843,1019,move_out,electricity_share,Final Electricity Share,293.09,,,
2844,1019,move_out,water_share,Final Water Share,61.59,,,
2845,1019,move_out,deposit_refund,Security Deposit Refund,-9336.00,,,
2846,1020,recurring,rent,Monthly Rent,9336.00,,,
2847,1020,recurring,electricity_share,Electricity Share,293.09,,,
2848,1020,recurring,water_share,Water Share,61.59,,,
2849,1020,conditional,short_term_premium,Short-Term Premium (contract under 6 months),500.00,,,
2850,1021,recurring,rent,Monthly Rent,9336.00,,,
2851,1021,recurring,electricity_share,Electricity Share,624.64,,,
2852,1021,recurring,water_share,Water Share,98.25,,,
2853,1021,conditional,short_term_premium,Short-Term Premium (contract under 6 months),500.00,,,
2854,1022,recurring,rent,Monthly Rent,9336.00,,,
2855,1022,recurring,electricity_share,Electricity Share,386.63,,,
2856,1022,recurring,water_share,Water Share,90.65,,,
2857,1022,conditional,short_term_premium,Short-Term Premium (contract under 6 months),500.00,,,
2858,1023,move_out,electricity_share,Final Electricity Share,386.63,,,
2859,1023,move_out,water_share,Final Water Share,90.65,,,
2860,1023,move_out,deposit_refund,Security Deposit Refund,-9336.00,,,
2861,1024,recurring,rent,Monthly Rent,11065.00,,,
2862,1024,recurring,electricity_share,Electricity Share,737.90,,,
2863,1024,recurring,water_share,Water Share,104.28,,,
2864,1024,conditional,short_term_premium,Short-Term Premium (contract under 6 months),500.00,,,
2865,1025,move_out,electricity_share,Final Electricity Share,737.90,,,
2866,1025,move_out,water_share,Final Water Share,104.28,,,
2867,1025,move_out,deposit_refund,Security Deposit Refund,-11065.00,,,
2868,1026,recurring,rent,Monthly Rent,12813.00,,,
2869,1026,recurring,electricity_share,Electricity Share,1893.76,,,
2870,1027,recurring,rent,Monthly Rent,12813.00,,,
2871,1027,recurring,electricity_share,Electricity Share,1600.62,,,
2872,1028,recurring,rent,Monthly Rent,12813.00,,,
2873,1028,recurring,electricity_share,Electricity Share,1698.36,,,
2874,1028,recurring,water_share,Water Share,300.16,,,
2875,1029,recurring,rent,Monthly Rent,12813.00,,,
2876,1029,recurring,electricity_share,Electricity Share,705.79,,,
2877,1029,recurring,water_share,Water Share,103.56,,,
2878,1030,recurring,rent,Monthly Rent,12813.00,,,
2879,1030,recurring,electricity_share,Electricity Share,955.45,,,
2880,1030,recurring,water_share,Water Share,110.99,,,
2881,1031,recurring,rent,Monthly Rent,12813.00,,,
2882,1031,recurring,electricity_share,Electricity Share,812.48,,,
2883,1031,recurring,water_share,Water Share,238.85,,,
2884,1032,recurring,rent,Monthly Rent,12813.00,,,
2885,1032,recurring,electricity_share,Electricity Share,647.20,,,
2886,1033,recurring,rent,Monthly Rent,12813.00,,,
2887,1033,recurring,electricity_share,Electricity Share,834.93,,,
2888,1034,recurring,rent,Monthly Rent,12813.00,,,
2889,1034,recurring,electricity_share,Electricity Share,852.74,,,
2890,1034,recurring,water_share,Water Share,111.38,,,
2891,1035,recurring,rent,Monthly Rent,12813.00,,,
2892,1035,recurring,electricity_share,Electricity Share,874.98,,,
2893,1035,recurring,water_share,Water Share,142.07,,,
2894,1036,recurring,rent,Monthly Rent,12813.00,,,
2895,1036,recurring,electricity_share,Electricity Share,758.22,,,
2896,1036,recurring,water_share,Water Share,190.24,,,
2897,1037,recurring,rent,Monthly Rent,12813.00,,,
2898,1037,recurring,electricity_share,Electricity Share,639.67,,,
2899,1037,recurring,water_share,Water Share,120.16,,,
2900,1038,move_out,electricity_share,Final Electricity Share,639.67,,,
2901,1038,move_out,water_share,Final Water Share,120.16,,,
2902,1038,move_out,deposit_refund,Security Deposit Refund,-12813.00,,,
2903,1039,recurring,rent,Monthly Rent,13743.00,,,
2904,1039,recurring,electricity_share,Electricity Share,638.12,,,
2905,1039,recurring,water_share,Water Share,179.16,,,
2906,1040,recurring,rent,Monthly Rent,13743.00,,,
2907,1040,recurring,electricity_share,Electricity Share,956.80,,,
2908,1040,recurring,water_share,Water Share,143.63,,,
2909,1041,recurring,rent,Monthly Rent,13743.00,,,
2910,1041,recurring,electricity_share,Electricity Share,1060.96,,,
2911,1042,recurring,rent,Monthly Rent,13743.00,,,
2912,1042,recurring,electricity_share,Electricity Share,889.58,,,
2913,1042,recurring,water_share,Water Share,188.77,,,
2914,1043,recurring,rent,Monthly Rent,13743.00,,,
2915,1043,recurring,electricity_share,Electricity Share,802.99,,,
2916,1043,recurring,water_share,Water Share,187.88,,,
2917,1044,recurring,rent,Monthly Rent,13743.00,,,
2918,1044,recurring,electricity_share,Electricity Share,635.08,,,
2919,1044,recurring,water_share,Water Share,70.66,,,
2920,1045,move_out,electricity_share,Final Electricity Share,635.08,,,
2921,1045,move_out,water_share,Final Water Share,70.66,,,
2922,1045,move_out,deposit_refund,Security Deposit Refund,-13743.00,,,
2923,1046,recurring,rent,Monthly Rent,7355.00,,,
2924,1046,recurring,electricity_share,Electricity Share,820.73,,,
2925,1046,recurring,water_share,Water Share,232.04,,,
2926,1047,recurring,rent,Monthly Rent,7355.00,,,
2927,1047,recurring,electricity_share,Electricity Share,469.86,,,
2928,1047,recurring,water_share,Water Share,121.01,,,
2929,1048,recurring,rent,Monthly Rent,7355.00,,,
2930,1048,recurring,electricity_share,Electricity Share,765.70,,,
2931,1049,recurring,rent,Monthly Rent,7355.00,,,
2932,1049,recurring,electricity_share,Electricity Share,1013.73,,,
2933,1049,recurring,water_share,Water Share,147.71,,,
2934,1050,recurring,rent,Monthly Rent,7355.00,,,
2935,1050,recurring,electricity_share,Electricity Share,752.22,,,
2936,1051,recurring,rent,Monthly Rent,7355.00,,,
2937,1051,recurring,electricity_share,Electricity Share,1185.30,,,
2938,1052,recurring,rent,Monthly Rent,7355.00,,,
2939,1052,recurring,electricity_share,Electricity Share,995.53,,,
2940,1052,recurring,water_share,Water Share,231.29,,,
2941,1053,recurring,rent,Monthly Rent,7355.00,,,
2942,1053,recurring,electricity_share,Electricity Share,707.06,,,
2943,1053,recurring,water_share,Water Share,231.76,,,
2944,1054,recurring,rent,Monthly Rent,7355.00,,,
2945,1054,recurring,electricity_share,Electricity Share,810.10,,,
2946,1055,recurring,rent,Monthly Rent,7355.00,,,
2947,1055,recurring,electricity_share,Electricity Share,1084.72,,,
2948,1056,recurring,rent,Monthly Rent,7355.00,,,
2949,1056,recurring,electricity_share,Electricity Share,830.36,,,
2950,1057,recurring,rent,Monthly Rent,7355.00,,,
2951,1057,recurring,electricity_share,Electricity Share,589.11,,,
2952,1058,move_out,electricity_share,Final Electricity Share,589.11,,,
2953,1058,move_out,deposit_refund,Security Deposit Refund,-7355.00,,,
2954,1059,recurring,rent,Monthly Rent,6923.00,,,
2955,1059,recurring,electricity_share,Electricity Share,373.08,,,
2956,1059,recurring,water_share,Water Share,67.39,,,
2957,1059,conditional,short_term_premium,Short-Term Premium (contract under 6 months),500.00,,,
2958,1060,move_out,electricity_share,Final Electricity Share,373.08,,,
2959,1060,move_out,water_share,Final Water Share,67.39,,,
2960,1060,move_out,deposit_refund,Security Deposit Refund,-6923.00,,,
2961,1061,recurring,rent,Monthly Rent,11042.00,,,
2962,1061,recurring,electricity_share,Electricity Share,1233.53,,,
2963,1061,recurring,water_share,Water Share,431.47,,,
2964,1062,recurring,rent,Monthly Rent,11042.00,,,
2965,1062,recurring,electricity_share,Electricity Share,2388.61,,,
2966,1063,recurring,rent,Monthly Rent,11042.00,,,
2967,1063,recurring,electricity_share,Electricity Share,1433.90,,,
2968,1064,recurring,rent,Monthly Rent,11042.00,,,
2969,1064,recurring,electricity_share,Electricity Share,1286.67,,,
2970,1064,recurring,water_share,Water Share,417.33,,,
2971,1065,recurring,rent,Monthly Rent,11042.00,,,
2972,1065,recurring,electricity_share,Electricity Share,1328.25,,,
2973,1065,recurring,water_share,Water Share,289.59,,,
2974,1066,recurring,rent,Monthly Rent,11042.00,,,
2975,1066,recurring,electricity_share,Electricity Share,658.57,,,
2976,1066,recurring,water_share,Water Share,187.70,,,
2977,1067,move_out,electricity_share,Final Electricity Share,658.57,,,
2978,1067,move_out,water_share,Final Water Share,187.70,,,
2979,1067,move_out,deposit_refund,Security Deposit Refund,-11042.00,,,
2980,1068,recurring,rent,Monthly Rent,9336.00,,,
2981,1068,recurring,electricity_share,Electricity Share,293.09,,,
2982,1068,recurring,water_share,Water Share,61.59,,,
2983,1068,conditional,short_term_premium,Short-Term Premium (contract under 6 months),500.00,,,
2984,1069,move_out,electricity_share,Final Electricity Share,293.09,,,
2985,1069,move_out,water_share,Final Water Share,61.59,,,
2986,1069,move_out,deposit_refund,Security Deposit Refund,-9336.00,,,
2987,1070,recurring,rent,Monthly Rent,6923.00,,,
2988,1070,recurring,electricity_share,Electricity Share,433.80,,,
2989,1070,recurring,water_share,Water Share,63.19,,,
2990,1070,conditional,short_term_premium,Short-Term Premium (contract under 6 months),500.00,,,
2991,1071,move_out,electricity_share,Final Electricity Share,433.80,,,
2992,1071,move_out,water_share,Final Water Share,63.19,,,
2993,1071,move_out,deposit_refund,Security Deposit Refund,-6923.00,,,
2994,1072,recurring,rent,Monthly Rent,9336.00,,,
2995,1072,recurring,electricity_share,Electricity Share,624.64,,,
2996,1072,recurring,water_share,Water Share,98.25,,,
2997,1072,conditional,short_term_premium,Short-Term Premium (contract under 6 months),500.00,,,
2998,1073,move_out,electricity_share,Final Electricity Share,624.64,,,
2999,1073,move_out,water_share,Final Water Share,98.25,,,
3000,1073,move_out,deposit_refund,Security Deposit Refund,-9336.00,,,
3001,1074,recurring,rent,Monthly Rent,12296.00,,,
3002,1074,recurring,electricity_share,Electricity Share,1038.63,,,
3003,1074,recurring,water_share,Water Share,187.41,,,
3004,1074,conditional,short_term_premium,Short-Term Premium (contract under 6 months),500.00,,,
3005,1075,recurring,rent,Monthly Rent,12296.00,,,
3006,1075,recurring,electricity_share,Electricity Share,411.87,,,
3007,1075,recurring,water_share,Water Share,150.22,,,
3008,1075,conditional,short_term_premium,Short-Term Premium (contract under 6 months),500.00,,,
3009,1076,recurring,rent,Monthly Rent,12296.00,,,
3010,1076,recurring,electricity_share,Electricity Share,797.22,,,
3011,1076,recurring,water_share,Water Share,143.66,,,
3012,1076,conditional,short_term_premium,Short-Term Premium (contract under 6 months),500.00,,,
3013,1077,move_out,electricity_share,Final Electricity Share,797.22,,,
3014,1077,move_out,water_share,Final Water Share,143.66,,,
3015,1077,move_out,deposit_refund,Security Deposit Refund,-12296.00,,,
3016,1078,recurring,rent,Monthly Rent,9336.00,,,
3017,1078,recurring,electricity_share,Electricity Share,624.64,,,
3018,1078,recurring,water_share,Water Share,98.25,,,
3019,1079,recurring,rent,Monthly Rent,9336.00,,,
3020,1079,recurring,electricity_share,Electricity Share,386.63,,,
3021,1079,recurring,water_share,Water Share,90.65,,,
3022,1080,recurring,rent,Monthly Rent,9336.00,,,
3023,1080,recurring,electricity_share,Electricity Share,727.16,,,
3024,1080,recurring,water_share,Water Share,69.31,,,
3025,1081,recurring,rent,Monthly Rent,9336.00,,,
3026,1081,recurring,electricity_share,Electricity Share,642.37,,,
3027,1082,recurring,rent,Monthly Rent,9336.00,,,
3028,1082,recurring,electricity_share,Electricity Share,467.74,,,
3029,1082,recurring,water_share,Water Share,115.06,,,
3030,1083,recurring,rent,Monthly Rent,9336.00,,,
3031,1083,recurring,electricity_share,Electricity Share,514.03,,,
3032,1083,recurring,water_share,Water Share,91.79,,,
3033,1084,move_out,electricity_share,Final Electricity Share,514.03,,,
3034,1084,move_out,water_share,Final Water Share,91.79,,,
3035,1084,move_out,deposit_refund,Security Deposit Refund,-9336.00,,,
3036,1085,recurring,rent,Monthly Rent,11065.00,,,
3037,1085,recurring,electricity_share,Electricity Share,1131.40,,,
3038,1085,recurring,water_share,Water Share,214.68,,,
3039,1085,conditional,short_term_premium,Short-Term Premium (contract under 6 months),500.00,,,
3040,1086,recurring,rent,Monthly Rent,11065.00,,,
3041,1086,recurring,electricity_share,Electricity Share,643.32,,,
3042,1086,conditional,short_term_premium,Short-Term Premium (contract under 6 months),500.00,,,
3043,1087,recurring,rent,Monthly Rent,11065.00,,,
3044,1087,recurring,electricity_share,Electricity Share,750.99,,,
3045,1087,recurring,water_share,Water Share,99.62,,,
3046,1087,conditional,short_term_premium,Short-Term Premium (contract under 6 months),500.00,,,
3047,1088,move_out,electricity_share,Final Electricity Share,750.99,,,
3048,1088,move_out,water_share,Final Water Share,99.62,,,
3049,1088,move_out,deposit_refund,Security Deposit Refund,-11065.00,,,
3050,1089,recurring,rent,Monthly Rent,7241.00,,,
3051,1089,recurring,electricity_share,Electricity Share,2114.43,,,
3052,1089,conditional,short_term_premium,Short-Term Premium (contract under 6 months),500.00,,,
3053,1090,recurring,rent,Monthly Rent,7241.00,,,
3054,1090,recurring,electricity_share,Electricity Share,1869.46,,,
3055,1090,recurring,water_share,Water Share,488.84,,,
3056,1090,conditional,short_term_premium,Short-Term Premium (contract under 6 months),500.00,,,
3057,1091,recurring,rent,Monthly Rent,7241.00,,,
3058,1091,recurring,electricity_share,Electricity Share,1053.66,,,
3059,1091,conditional,short_term_premium,Short-Term Premium (contract under 6 months),500.00,,,
3060,1092,move_out,electricity_share,Final Electricity Share,1053.66,,,
3061,1092,move_out,deposit_refund,Security Deposit Refund,-7241.00,,,
3062,1093,recurring,rent,Monthly Rent,7087.00,,,
3063,1093,recurring,electricity_share,Electricity Share,2266.57,,,
3064,1093,recurring,water_share,Water Share,438.44,,,
3065,1094,recurring,rent,Monthly Rent,7087.00,,,
3066,1094,recurring,electricity_share,Electricity Share,1858.60,,,
3067,1094,recurring,water_share,Water Share,272.97,,,
3068,1095,recurring,rent,Monthly Rent,7087.00,,,
3069,1095,recurring,electricity_share,Electricity Share,1550.09,,,
3070,1095,recurring,water_share,Water Share,338.04,,,
3071,1096,recurring,rent,Monthly Rent,7087.00,,,
3072,1096,recurring,electricity_share,Electricity Share,2248.25,,,
3073,1096,recurring,water_share,Water Share,274.74,,,
3074,1097,recurring,rent,Monthly Rent,7087.00,,,
3075,1097,recurring,electricity_share,Electricity Share,2345.31,,,
3076,1097,recurring,water_share,Water Share,242.38,,,
3077,1098,recurring,rent,Monthly Rent,7087.00,,,
3078,1098,recurring,electricity_share,Electricity Share,1497.87,,,
3079,1099,recurring,rent,Monthly Rent,7087.00,,,
3080,1099,recurring,electricity_share,Electricity Share,1729.84,,,
3081,1100,recurring,rent,Monthly Rent,7087.00,,,
3082,1100,recurring,electricity_share,Electricity Share,2363.67,,,
3083,1100,recurring,water_share,Water Share,240.22,,,
3084,1101,recurring,rent,Monthly Rent,7087.00,,,
3085,1101,recurring,electricity_share,Electricity Share,1487.02,,,
3086,1102,recurring,rent,Monthly Rent,7087.00,,,
3087,1102,recurring,electricity_share,Electricity Share,1610.67,,,
3088,1102,recurring,water_share,Water Share,338.60,,,
3089,1103,recurring,rent,Monthly Rent,7087.00,,,
3090,1103,recurring,electricity_share,Electricity Share,1648.92,,,
3091,1103,recurring,water_share,Water Share,219.85,,,
3092,1104,recurring,rent,Monthly Rent,7087.00,,,
3093,1104,recurring,electricity_share,Electricity Share,690.60,,,
3094,1104,recurring,water_share,Water Share,170.49,,,
3095,1105,move_out,electricity_share,Final Electricity Share,690.60,,,
3096,1105,move_out,water_share,Final Water Share,170.49,,,
3097,1105,move_out,deposit_refund,Security Deposit Refund,-7087.00,,,
3098,1106,move_in,advance,1 Month Advance — First Month Rent,11815.00,,,
3099,1106,move_in,security_deposit,1 Month Security Deposit,11815.00,,,
3100,1107,recurring,rent,Monthly Rent,11815.00,,,
3101,1107,recurring,electricity_share,Electricity Share,2063.54,,,
3102,1108,recurring,rent,Monthly Rent,11815.00,,,
3103,1108,recurring,electricity_share,Electricity Share,2029.46,,,
3104,1108,recurring,water_share,Water Share,284.97,,,
3105,1109,recurring,rent,Monthly Rent,11815.00,,,
3106,1109,recurring,electricity_share,Electricity Share,1585.36,,,
3107,1109,recurring,water_share,Water Share,448.74,,,
3108,1110,recurring,rent,Monthly Rent,11815.00,,,
3109,1110,recurring,electricity_share,Electricity Share,1456.86,,,
3110,1111,recurring,rent,Monthly Rent,11815.00,,,
3111,1111,recurring,electricity_share,Electricity Share,2017.75,,,
3112,1111,recurring,water_share,Water Share,272.36,,,
3113,1112,recurring,rent,Monthly Rent,11815.00,,,
3114,1112,recurring,electricity_share,Electricity Share,2295.23,,,
3115,1113,recurring,rent,Monthly Rent,11815.00,,,
3116,1113,recurring,electricity_share,Electricity Share,1653.30,,,
3117,1113,recurring,water_share,Water Share,362.57,,,
3118,1114,recurring,rent,Monthly Rent,11815.00,,,
3119,1114,recurring,electricity_share,Electricity Share,2383.74,,,
3120,1114,recurring,water_share,Water Share,459.97,,,
3121,1115,recurring,rent,Monthly Rent,11815.00,,,
3122,1115,recurring,electricity_share,Electricity Share,1973.78,,,
3123,1116,recurring,rent,Monthly Rent,11815.00,,,
3124,1116,recurring,electricity_share,Electricity Share,2110.67,,,
3125,1116,recurring,water_share,Water Share,223.47,,,
3126,1117,recurring,rent,Monthly Rent,11815.00,,,
3127,1117,recurring,electricity_share,Electricity Share,1811.00,,,
3128,1118,recurring,rent,Monthly Rent,11815.00,,,
3129,1118,recurring,electricity_share,Electricity Share,943.22,,,
3130,1119,move_out,electricity_share,Final Electricity Share,943.22,,,
3131,1119,move_out,deposit_refund,Security Deposit Refund,-11815.00,,,
3132,1120,recurring,rent,Monthly Rent,6923.00,,,
3133,1120,recurring,electricity_share,Electricity Share,433.80,,,
3134,1120,recurring,water_share,Water Share,63.19,,,
3135,1120,conditional,short_term_premium,Short-Term Premium (contract under 6 months),500.00,,,
3136,1121,move_out,electricity_share,Final Electricity Share,433.80,,,
3137,1121,move_out,water_share,Final Water Share,63.19,,,
3138,1121,move_out,deposit_refund,Security Deposit Refund,-6923.00,,,
3139,1122,recurring,rent,Monthly Rent,12829.00,,,
3140,1122,recurring,electricity_share,Electricity Share,690.91,,,
3141,1122,recurring,water_share,Water Share,88.54,,,
3142,1122,conditional,short_term_premium,Short-Term Premium (contract under 6 months),500.00,,,
3143,1123,move_out,electricity_share,Final Electricity Share,690.91,,,
3144,1123,move_out,water_share,Final Water Share,88.54,,,
3145,1123,move_out,deposit_refund,Security Deposit Refund,-12829.00,,,
3146,1124,recurring,rent,Monthly Rent,7355.00,,,
3147,1124,recurring,electricity_share,Electricity Share,765.70,,,
3148,1125,recurring,rent,Monthly Rent,7355.00,,,
3149,1125,recurring,electricity_share,Electricity Share,1013.73,,,
3150,1125,recurring,water_share,Water Share,147.71,,,
3151,1126,recurring,rent,Monthly Rent,7355.00,,,
3152,1126,recurring,electricity_share,Electricity Share,752.22,,,
3153,1127,recurring,rent,Monthly Rent,7355.00,,,
3154,1127,recurring,electricity_share,Electricity Share,1185.30,,,
3155,1128,recurring,rent,Monthly Rent,7355.00,,,
3156,1128,recurring,electricity_share,Electricity Share,995.53,,,
3157,1128,recurring,water_share,Water Share,231.29,,,
3158,1129,recurring,rent,Monthly Rent,7355.00,,,
3159,1129,recurring,electricity_share,Electricity Share,707.06,,,
3160,1129,recurring,water_share,Water Share,231.76,,,
3161,1130,recurring,rent,Monthly Rent,7355.00,,,
3162,1130,recurring,electricity_share,Electricity Share,810.10,,,
3163,1131,recurring,rent,Monthly Rent,7355.00,,,
3164,1131,recurring,electricity_share,Electricity Share,1084.72,,,
3165,1132,recurring,rent,Monthly Rent,7355.00,,,
3166,1132,recurring,electricity_share,Electricity Share,830.36,,,
3167,1133,recurring,rent,Monthly Rent,7355.00,,,
3168,1133,recurring,electricity_share,Electricity Share,589.11,,,
3169,1134,recurring,rent,Monthly Rent,7355.00,,,
3170,1134,recurring,electricity_share,Electricity Share,1108.02,,,
3171,1135,recurring,rent,Monthly Rent,7355.00,,,
3172,1135,recurring,electricity_share,Electricity Share,620.96,,,
3173,1135,recurring,water_share,Water Share,103.34,,,
3174,1136,move_out,electricity_share,Final Electricity Share,620.96,,,
3175,1136,move_out,water_share,Final Water Share,103.34,,,
3176,1136,move_out,deposit_refund,Security Deposit Refund,-7355.00,,,
3177,1137,move_in,advance,1 Month Advance — First Month Rent,6923.00,,,
3178,1137,move_in,security_deposit,1 Month Security Deposit,6923.00,,,
3179,1138,recurring,rent,Monthly Rent,6923.00,,,
3180,1138,recurring,electricity_share,Electricity Share,753.35,,,
3181,1138,recurring,water_share,Water Share,146.68,,,
3182,1139,recurring,rent,Monthly Rent,6923.00,,,
3183,1139,recurring,electricity_share,Electricity Share,724.04,,,
3184,1139,recurring,water_share,Water Share,73.52,,,
3185,1140,recurring,rent,Monthly Rent,6923.00,,,
3186,1140,recurring,electricity_share,Electricity Share,458.31,,,
3187,1140,recurring,water_share,Water Share,73.07,,,
3188,1141,recurring,rent,Monthly Rent,6923.00,,,
3189,1141,recurring,electricity_share,Electricity Share,557.90,,,
3190,1141,recurring,water_share,Water Share,147.37,,,
3191,1142,recurring,rent,Monthly Rent,6923.00,,,
3192,1142,recurring,electricity_share,Electricity Share,674.57,,,
3193,1142,recurring,water_share,Water Share,87.56,,,
3194,1143,recurring,rent,Monthly Rent,6923.00,,,
3195,1143,recurring,electricity_share,Electricity Share,396.99,,,
3196,1143,recurring,water_share,Water Share,123.75,,,
3197,1144,move_out,electricity_share,Final Electricity Share,396.99,,,
3198,1144,move_out,water_share,Final Water Share,123.75,,,
3199,1144,move_out,deposit_refund,Security Deposit Refund,-6923.00,,,
3200,1145,recurring,rent,Monthly Rent,6923.00,,,
3201,1145,recurring,electricity_share,Electricity Share,753.35,,,
3202,1145,recurring,water_share,Water Share,146.68,,,
3203,1145,conditional,short_term_premium,Short-Term Premium (contract under 6 months),500.00,,,
3204,1146,recurring,rent,Monthly Rent,6923.00,,,
3205,1146,recurring,electricity_share,Electricity Share,724.04,,,
3206,1146,recurring,water_share,Water Share,73.52,,,
3207,1146,conditional,short_term_premium,Short-Term Premium (contract under 6 months),500.00,,,
3208,1147,recurring,rent,Monthly Rent,6923.00,,,
3209,1147,recurring,electricity_share,Electricity Share,458.31,,,
3210,1147,recurring,water_share,Water Share,73.07,,,
3211,1147,conditional,short_term_premium,Short-Term Premium (contract under 6 months),500.00,,,
3212,1148,move_out,electricity_share,Final Electricity Share,458.31,,,
3213,1148,move_out,water_share,Final Water Share,73.07,,,
3214,1148,move_out,deposit_refund,Security Deposit Refund,-6923.00,,,
3215,1149,recurring,rent,Monthly Rent,6923.00,,,
3216,1149,recurring,electricity_share,Electricity Share,753.35,,,
3217,1149,recurring,water_share,Water Share,146.68,,,
3218,1150,recurring,rent,Monthly Rent,6923.00,,,
3219,1150,recurring,electricity_share,Electricity Share,724.04,,,
3220,1150,recurring,water_share,Water Share,73.52,,,
3221,1151,recurring,rent,Monthly Rent,6923.00,,,
3222,1151,recurring,electricity_share,Electricity Share,458.31,,,
3223,1151,recurring,water_share,Water Share,73.07,,,
3224,1152,recurring,rent,Monthly Rent,6923.00,,,
3225,1152,recurring,electricity_share,Electricity Share,557.90,,,
3226,1152,recurring,water_share,Water Share,147.37,,,
3227,1153,recurring,rent,Monthly Rent,6923.00,,,
3228,1153,recurring,electricity_share,Electricity Share,674.57,,,
3229,1153,recurring,water_share,Water Share,87.56,,,
3230,1154,recurring,rent,Monthly Rent,6923.00,,,
3231,1154,recurring,electricity_share,Electricity Share,396.99,,,
3232,1154,recurring,water_share,Water Share,123.75,,,
3233,1155,recurring,rent,Monthly Rent,6923.00,,,
3234,1155,recurring,electricity_share,Electricity Share,636.42,,,
3235,1155,recurring,water_share,Water Share,114.40,,,
3236,1156,recurring,rent,Monthly Rent,6923.00,,,
3237,1156,recurring,electricity_share,Electricity Share,570.97,,,
3238,1156,recurring,water_share,Water Share,166.09,,,
3239,1157,recurring,rent,Monthly Rent,6923.00,,,
3240,1157,recurring,electricity_share,Electricity Share,808.26,,,
3241,1158,recurring,rent,Monthly Rent,6923.00,,,
3242,1158,recurring,electricity_share,Electricity Share,497.60,,,
3243,1159,recurring,rent,Monthly Rent,6923.00,,,
3244,1159,recurring,electricity_share,Electricity Share,558.38,,,
3245,1160,recurring,rent,Monthly Rent,6923.00,,,
3246,1160,recurring,electricity_share,Electricity Share,468.81,,,
3247,1160,recurring,water_share,Water Share,95.39,,,
3248,1161,move_out,electricity_share,Final Electricity Share,468.81,,,
3249,1161,move_out,water_share,Final Water Share,95.39,,,
3250,1161,move_out,deposit_refund,Security Deposit Refund,-6923.00,,,
3251,1162,recurring,rent,Monthly Rent,9336.00,,,
3252,1162,recurring,electricity_share,Electricity Share,386.63,,,
3253,1162,recurring,water_share,Water Share,90.65,,,
3254,1163,recurring,rent,Monthly Rent,9336.00,,,
3255,1163,recurring,electricity_share,Electricity Share,727.16,,,
3256,1163,recurring,water_share,Water Share,69.31,,,
3257,1164,recurring,rent,Monthly Rent,9336.00,,,
3258,1164,recurring,electricity_share,Electricity Share,642.37,,,
3259,1165,recurring,rent,Monthly Rent,9336.00,,,
3260,1165,recurring,electricity_share,Electricity Share,467.74,,,
3261,1165,recurring,water_share,Water Share,115.06,,,
3262,1166,recurring,rent,Monthly Rent,9336.00,,,
3263,1166,recurring,electricity_share,Electricity Share,514.03,,,
3264,1166,recurring,water_share,Water Share,91.79,,,
3265,1167,recurring,rent,Monthly Rent,9336.00,,,
3266,1167,recurring,electricity_share,Electricity Share,426.08,,,
3267,1167,recurring,water_share,Water Share,119.24,,,
3268,1168,recurring,rent,Monthly Rent,9336.00,,,
3269,1168,recurring,electricity_share,Electricity Share,560.56,,,
3270,1168,recurring,water_share,Water Share,84.14,,,
3271,1169,recurring,rent,Monthly Rent,9336.00,,,
3272,1169,recurring,electricity_share,Electricity Share,795.06,,,
3273,1169,recurring,water_share,Water Share,77.30,,,
3274,1170,recurring,rent,Monthly Rent,9336.00,,,
3275,1170,recurring,electricity_share,Electricity Share,765.85,,,
3276,1170,recurring,water_share,Water Share,106.55,,,
3277,1171,recurring,rent,Monthly Rent,9336.00,,,
3278,1171,recurring,electricity_share,Electricity Share,613.06,,,
3279,1171,recurring,water_share,Water Share,63.49,,,
3280,1172,recurring,rent,Monthly Rent,9336.00,,,
3281,1172,recurring,electricity_share,Electricity Share,489.85,,,
3282,1172,recurring,water_share,Water Share,111.46,,,
3283,1173,recurring,rent,Monthly Rent,9336.00,,,
3284,1173,recurring,electricity_share,Electricity Share,619.02,,,
3285,1174,move_out,electricity_share,Final Electricity Share,619.02,,,
3286,1174,move_out,deposit_refund,Security Deposit Refund,-9336.00,,,
3287,1175,move_in,advance,1 Month Advance — First Month Rent,13169.00,,,
3288,1175,move_in,security_deposit,1 Month Security Deposit,13169.00,,,
3289,1176,recurring,rent,Monthly Rent,13169.00,,,
3290,1176,recurring,electricity_share,Electricity Share,2406.38,,,
3291,1176,recurring,water_share,Water Share,401.10,,,
3292,1176,conditional,short_term_premium,Short-Term Premium (contract under 6 months),500.00,,,
3293,1177,recurring,rent,Monthly Rent,13169.00,,,
3294,1177,recurring,electricity_share,Electricity Share,2203.45,,,
3295,1177,recurring,water_share,Water Share,390.08,,,
3296,1177,conditional,short_term_premium,Short-Term Premium (contract under 6 months),500.00,,,
3297,1178,recurring,rent,Monthly Rent,13169.00,,,
3298,1178,recurring,electricity_share,Electricity Share,986.31,,,
3299,1178,recurring,water_share,Water Share,207.63,,,
3300,1178,conditional,short_term_premium,Short-Term Premium (contract under 6 months),500.00,,,
3301,1179,move_out,electricity_share,Final Electricity Share,986.31,,,
3302,1179,move_out,water_share,Final Water Share,207.63,,,
3303,1179,move_out,deposit_refund,Security Deposit Refund,-13169.00,,,
3304,1180,recurring,rent,Monthly Rent,9312.00,,,
3305,1180,recurring,electricity_share,Electricity Share,1899.62,,,
3306,1180,recurring,water_share,Water Share,274.85,,,
3307,1180,conditional,short_term_premium,Short-Term Premium (contract under 6 months),500.00,,,
3308,1181,recurring,rent,Monthly Rent,9312.00,,,
3309,1181,recurring,electricity_share,Electricity Share,1756.31,,,
3310,1181,recurring,water_share,Water Share,495.85,,,
3311,1181,conditional,short_term_premium,Short-Term Premium (contract under 6 months),500.00,,,
3312,1182,recurring,rent,Monthly Rent,9312.00,,,
3313,1182,recurring,electricity_share,Electricity Share,912.03,,,
3314,1182,recurring,water_share,Water Share,239.58,,,
3315,1182,conditional,short_term_premium,Short-Term Premium (contract under 6 months),500.00,,,
3316,1183,move_out,electricity_share,Final Electricity Share,912.03,,,
3317,1183,move_out,water_share,Final Water Share,239.58,,,
3318,1183,move_out,deposit_refund,Security Deposit Refund,-9312.00,,,
3319,1184,recurring,rent,Monthly Rent,6718.00,,,
3320,1184,recurring,electricity_share,Electricity Share,2377.66,,,
3321,1184,recurring,water_share,Water Share,312.72,,,
3322,1184,conditional,short_term_premium,Short-Term Premium (contract under 6 months),500.00,,,
3323,1185,recurring,rent,Monthly Rent,6718.00,,,
3324,1185,recurring,electricity_share,Electricity Share,1809.07,,,
3325,1185,recurring,water_share,Water Share,259.35,,,
3326,1185,conditional,short_term_premium,Short-Term Premium (contract under 6 months),500.00,,,
3327,1186,recurring,rent,Monthly Rent,6718.00,,,
3328,1186,recurring,electricity_share,Electricity Share,720.90,,,
3329,1186,conditional,short_term_premium,Short-Term Premium (contract under 6 months),500.00,,,
3330,1187,move_out,electricity_share,Final Electricity Share,720.90,,,
3331,1187,move_out,deposit_refund,Security Deposit Refund,-6718.00,,,
3332,1188,recurring,rent,Monthly Rent,9336.00,,,
3333,1188,recurring,electricity_share,Electricity Share,727.16,,,
3334,1188,recurring,water_share,Water Share,69.31,,,
3335,1188,conditional,short_term_premium,Short-Term Premium (contract under 6 months),500.00,,,
3336,1189,recurring,rent,Monthly Rent,9336.00,,,
3337,1189,recurring,electricity_share,Electricity Share,642.37,,,
3338,1189,conditional,short_term_premium,Short-Term Premium (contract under 6 months),500.00,,,
3339,1190,recurring,rent,Monthly Rent,9336.00,,,
3340,1190,recurring,electricity_share,Electricity Share,467.74,,,
3341,1190,recurring,water_share,Water Share,115.06,,,
3342,1190,conditional,short_term_premium,Short-Term Premium (contract under 6 months),500.00,,,
3343,1191,move_out,electricity_share,Final Electricity Share,467.74,,,
3344,1191,move_out,water_share,Final Water Share,115.06,,,
3345,1191,move_out,deposit_refund,Security Deposit Refund,-9336.00,,,
3346,1192,move_in,advance,1 Month Advance — First Month Rent,11347.00,,,
3347,1192,move_in,security_deposit,1 Month Security Deposit,11347.00,,,
3348,1193,recurring,rent,Monthly Rent,11347.00,,,
3425,1219,move_out,water_share,Final Water Share,71.20,,,
3349,1193,recurring,electricity_share,Electricity Share,897.88,,,
3350,1193,recurring,water_share,Water Share,167.95,,,
3351,1193,conditional,short_term_premium,Short-Term Premium (contract under 6 months),500.00,,,
3352,1194,move_out,electricity_share,Final Electricity Share,897.88,,,
3353,1194,move_out,water_share,Final Water Share,167.95,,,
3354,1194,move_out,deposit_refund,Security Deposit Refund,-11347.00,,,
3355,1195,recurring,rent,Monthly Rent,12829.00,,,
3356,1195,recurring,electricity_share,Electricity Share,1208.84,,,
3357,1195,conditional,short_term_premium,Short-Term Premium (contract under 6 months),500.00,,,
3358,1196,recurring,rent,Monthly Rent,12829.00,,,
3359,1196,recurring,electricity_share,Electricity Share,1130.42,,,
3360,1196,recurring,water_share,Water Share,180.30,,,
3361,1196,conditional,short_term_premium,Short-Term Premium (contract under 6 months),500.00,,,
3362,1197,recurring,rent,Monthly Rent,12829.00,,,
3363,1197,recurring,electricity_share,Electricity Share,530.81,,,
3364,1197,conditional,short_term_premium,Short-Term Premium (contract under 6 months),500.00,,,
3365,1198,move_out,electricity_share,Final Electricity Share,530.81,,,
3366,1198,move_out,deposit_refund,Security Deposit Refund,-12829.00,,,
3367,1199,recurring,rent,Monthly Rent,12004.00,,,
3368,1199,recurring,electricity_share,Electricity Share,2313.50,,,
3369,1200,recurring,rent,Monthly Rent,12004.00,,,
3370,1200,recurring,electricity_share,Electricity Share,1774.30,,,
3371,1201,recurring,rent,Monthly Rent,12004.00,,,
3372,1201,recurring,electricity_share,Electricity Share,1411.28,,,
3373,1202,recurring,rent,Monthly Rent,12004.00,,,
3374,1202,recurring,electricity_share,Electricity Share,1844.26,,,
3375,1202,recurring,water_share,Water Share,225.45,,,
3376,1203,recurring,rent,Monthly Rent,12004.00,,,
3377,1203,recurring,electricity_share,Electricity Share,1331.83,,,
3378,1204,recurring,rent,Monthly Rent,12004.00,,,
3379,1204,recurring,electricity_share,Electricity Share,1619.22,,,
3380,1205,recurring,rent,Monthly Rent,12004.00,,,
3381,1205,recurring,electricity_share,Electricity Share,1930.08,,,
3382,1205,recurring,water_share,Water Share,257.95,,,
3383,1206,recurring,rent,Monthly Rent,12004.00,,,
3384,1206,recurring,electricity_share,Electricity Share,1844.37,,,
3385,1207,recurring,rent,Monthly Rent,12004.00,,,
3386,1207,recurring,electricity_share,Electricity Share,1301.18,,,
3387,1207,recurring,water_share,Water Share,374.97,,,
3388,1208,recurring,rent,Monthly Rent,12004.00,,,
3389,1208,recurring,electricity_share,Electricity Share,2304.57,,,
3390,1208,recurring,water_share,Water Share,228.39,,,
3391,1209,recurring,rent,Monthly Rent,12004.00,,,
3392,1209,recurring,electricity_share,Electricity Share,1726.34,,,
3393,1210,recurring,rent,Monthly Rent,12004.00,,,
3394,1210,recurring,electricity_share,Electricity Share,733.72,,,
3395,1210,recurring,water_share,Water Share,227.82,,,
3396,1211,move_out,electricity_share,Final Electricity Share,733.72,,,
3397,1211,move_out,water_share,Final Water Share,227.82,,,
3398,1211,move_out,deposit_refund,Security Deposit Refund,-12004.00,,,
3399,1212,recurring,rent,Monthly Rent,12296.00,,,
3400,1212,recurring,electricity_share,Electricity Share,797.22,,,
3401,1212,recurring,water_share,Water Share,143.66,,,
3402,1212,conditional,short_term_premium,Short-Term Premium (contract under 6 months),500.00,,,
3403,1213,recurring,rent,Monthly Rent,12296.00,,,
3404,1213,recurring,electricity_share,Electricity Share,629.67,,,
3405,1213,conditional,short_term_premium,Short-Term Premium (contract under 6 months),500.00,,,
3406,1214,recurring,rent,Monthly Rent,12296.00,,,
3407,1214,recurring,electricity_share,Electricity Share,369.60,,,
3408,1214,recurring,water_share,Water Share,77.83,,,
3409,1214,conditional,short_term_premium,Short-Term Premium (contract under 6 months),500.00,,,
3410,1215,move_out,electricity_share,Final Electricity Share,369.60,,,
3411,1215,move_out,water_share,Final Water Share,77.83,,,
3412,1215,move_out,deposit_refund,Security Deposit Refund,-12296.00,,,
3413,1216,recurring,rent,Monthly Rent,12296.00,,,
3414,1216,recurring,electricity_share,Electricity Share,629.67,,,
3415,1216,conditional,short_term_premium,Short-Term Premium (contract under 6 months),500.00,,,
3416,1217,recurring,rent,Monthly Rent,12296.00,,,
3417,1217,recurring,electricity_share,Electricity Share,369.60,,,
3418,1217,recurring,water_share,Water Share,77.83,,,
3419,1217,conditional,short_term_premium,Short-Term Premium (contract under 6 months),500.00,,,
3420,1218,recurring,rent,Monthly Rent,12296.00,,,
3421,1218,recurring,electricity_share,Electricity Share,306.47,,,
3422,1218,recurring,water_share,Water Share,71.20,,,
3423,1218,conditional,short_term_premium,Short-Term Premium (contract under 6 months),500.00,,,
3424,1219,move_out,electricity_share,Final Electricity Share,306.47,,,
3426,1219,move_out,deposit_refund,Security Deposit Refund,-12296.00,,,
3427,1220,recurring,rent,Monthly Rent,11065.00,,,
3428,1220,recurring,electricity_share,Electricity Share,967.50,,,
3429,1220,recurring,water_share,Water Share,116.47,,,
3430,1221,recurring,rent,Monthly Rent,11065.00,,,
3431,1221,recurring,electricity_share,Electricity Share,690.35,,,
3432,1221,recurring,water_share,Water Share,161.01,,,
3433,1222,recurring,rent,Monthly Rent,11065.00,,,
3434,1222,recurring,electricity_share,Electricity Share,498.45,,,
3435,1222,recurring,water_share,Water Share,95.01,,,
3436,1223,recurring,rent,Monthly Rent,11065.00,,,
3437,1223,recurring,electricity_share,Electricity Share,667.05,,,
3438,1224,recurring,rent,Monthly Rent,11065.00,,,
3439,1224,recurring,electricity_share,Electricity Share,463.72,,,
3440,1225,recurring,rent,Monthly Rent,11065.00,,,
3441,1225,recurring,electricity_share,Electricity Share,302.43,,,
3442,1226,move_out,electricity_share,Final Electricity Share,302.43,,,
3443,1226,move_out,deposit_refund,Security Deposit Refund,-11065.00,,,
3444,1227,recurring,rent,Monthly Rent,10175.00,,,
3445,1227,recurring,electricity_share,Electricity Share,1805.35,,,
3446,1227,recurring,water_share,Water Share,467.67,,,
3447,1227,conditional,short_term_premium,Short-Term Premium (contract under 6 months),500.00,,,
3448,1228,recurring,rent,Monthly Rent,10175.00,,,
3449,1228,recurring,electricity_share,Electricity Share,1350.75,,,
3450,1228,conditional,short_term_premium,Short-Term Premium (contract under 6 months),500.00,,,
3451,1229,recurring,rent,Monthly Rent,10175.00,,,
3452,1229,recurring,electricity_share,Electricity Share,1053.02,,,
3453,1229,conditional,short_term_premium,Short-Term Premium (contract under 6 months),500.00,,,
3454,1230,move_out,electricity_share,Final Electricity Share,1053.02,,,
3455,1230,move_out,deposit_refund,Security Deposit Refund,-10175.00,,,
3456,1231,recurring,rent,Monthly Rent,11347.00,,,
3457,1231,recurring,electricity_share,Electricity Share,2420.80,,,
3458,1231,conditional,short_term_premium,Short-Term Premium (contract under 6 months),500.00,,,
3459,1232,recurring,rent,Monthly Rent,11347.00,,,
3460,1232,recurring,electricity_share,Electricity Share,2203.34,,,
3461,1232,conditional,short_term_premium,Short-Term Premium (contract under 6 months),500.00,,,
3462,1233,recurring,rent,Monthly Rent,11347.00,,,
3463,1233,recurring,electricity_share,Electricity Share,711.29,,,
3464,1233,recurring,water_share,Water Share,217.83,,,
3465,1233,conditional,short_term_premium,Short-Term Premium (contract under 6 months),500.00,,,
3466,1234,move_out,electricity_share,Final Electricity Share,711.29,,,
3467,1234,move_out,water_share,Final Water Share,217.83,,,
3468,1234,move_out,deposit_refund,Security Deposit Refund,-11347.00,,,
3469,1235,move_in,advance,1 Month Advance — First Month Rent,12813.00,,,
3470,1235,move_in,security_deposit,1 Month Security Deposit,12813.00,,,
3471,1236,recurring,rent,Monthly Rent,12813.00,,,
3472,1236,recurring,electricity_share,Electricity Share,955.45,,,
3473,1236,recurring,water_share,Water Share,110.99,,,
3474,1236,conditional,short_term_premium,Short-Term Premium (contract under 6 months),500.00,,,
3475,1237,recurring,rent,Monthly Rent,12813.00,,,
3476,1237,recurring,electricity_share,Electricity Share,812.48,,,
3477,1237,recurring,water_share,Water Share,238.85,,,
3478,1237,conditional,short_term_premium,Short-Term Premium (contract under 6 months),500.00,,,
3479,1238,recurring,rent,Monthly Rent,12813.00,,,
3480,1238,recurring,electricity_share,Electricity Share,647.20,,,
3481,1238,conditional,short_term_premium,Short-Term Premium (contract under 6 months),500.00,,,
3482,1239,move_out,electricity_share,Final Electricity Share,647.20,,,
3483,1239,move_out,deposit_refund,Security Deposit Refund,-12813.00,,,
3484,1240,recurring,rent,Monthly Rent,7241.00,,,
3485,1240,recurring,electricity_share,Electricity Share,1805.18,,,
3486,1240,recurring,water_share,Water Share,223.97,,,
3487,1241,recurring,rent,Monthly Rent,7241.00,,,
3488,1241,recurring,electricity_share,Electricity Share,1416.09,,,
3489,1242,recurring,rent,Monthly Rent,7241.00,,,
3490,1242,recurring,electricity_share,Electricity Share,1440.23,,,
3491,1242,recurring,water_share,Water Share,277.90,,,
3492,1243,recurring,rent,Monthly Rent,7241.00,,,
3493,1243,recurring,electricity_share,Electricity Share,2237.87,,,
3494,1244,recurring,rent,Monthly Rent,7241.00,,,
3495,1244,recurring,electricity_share,Electricity Share,1679.19,,,
3496,1244,recurring,water_share,Water Share,234.08,,,
3497,1245,recurring,rent,Monthly Rent,7241.00,,,
3498,1245,recurring,electricity_share,Electricity Share,830.33,,,
3499,1245,recurring,water_share,Water Share,226.17,,,
3500,1246,move_out,electricity_share,Final Electricity Share,830.33,,,
3501,1246,move_out,water_share,Final Water Share,226.17,,,
3502,1246,move_out,deposit_refund,Security Deposit Refund,-7241.00,,,
3503,1247,recurring,rent,Monthly Rent,13169.00,,,
3504,1247,recurring,electricity_share,Electricity Share,2230.60,,,
3505,1248,recurring,rent,Monthly Rent,13169.00,,,
3506,1248,recurring,electricity_share,Electricity Share,1506.28,,,
3507,1248,recurring,water_share,Water Share,443.58,,,
3508,1249,recurring,rent,Monthly Rent,13169.00,,,
3509,1249,recurring,electricity_share,Electricity Share,1303.59,,,
3510,1249,recurring,water_share,Water Share,391.77,,,
3511,1250,recurring,rent,Monthly Rent,13169.00,,,
3512,1250,recurring,electricity_share,Electricity Share,2309.53,,,
3513,1251,recurring,rent,Monthly Rent,13169.00,,,
3514,1251,recurring,electricity_share,Electricity Share,1956.48,,,
3515,1251,recurring,water_share,Water Share,229.14,,,
3516,1252,recurring,rent,Monthly Rent,13169.00,,,
3517,1252,recurring,electricity_share,Electricity Share,628.18,,,
3518,1252,recurring,water_share,Water Share,226.43,,,
3519,1253,move_out,electricity_share,Final Electricity Share,628.18,,,
3520,1253,move_out,water_share,Final Water Share,226.43,,,
3521,1253,move_out,deposit_refund,Security Deposit Refund,-13169.00,,,
3522,1254,recurring,rent,Monthly Rent,12422.00,,,
3523,1254,recurring,electricity_share,Electricity Share,1192.76,,,
3524,1254,recurring,water_share,Water Share,174.63,,,
3525,1254,conditional,short_term_premium,Short-Term Premium (contract under 6 months),500.00,,,
3526,1255,move_out,electricity_share,Final Electricity Share,1192.76,,,
3527,1255,move_out,water_share,Final Water Share,174.63,,,
3528,1255,move_out,deposit_refund,Security Deposit Refund,-12422.00,,,
3529,1256,move_in,advance,1 Month Advance — First Month Rent,12296.00,,,
3530,1256,move_in,security_deposit,1 Month Security Deposit,12296.00,,,
3531,1257,recurring,rent,Monthly Rent,12296.00,,,
3532,1257,recurring,electricity_share,Electricity Share,369.60,,,
3533,1257,recurring,water_share,Water Share,77.83,,,
3534,1258,recurring,rent,Monthly Rent,12296.00,,,
3535,1258,recurring,electricity_share,Electricity Share,306.47,,,
3536,1258,recurring,water_share,Water Share,71.20,,,
3537,1259,recurring,rent,Monthly Rent,12296.00,,,
3538,1259,recurring,electricity_share,Electricity Share,762.56,,,
3539,1260,recurring,rent,Monthly Rent,12296.00,,,
3540,1260,recurring,electricity_share,Electricity Share,411.05,,,
3541,1261,recurring,rent,Monthly Rent,12296.00,,,
3542,1261,recurring,electricity_share,Electricity Share,549.40,,,
3543,1261,recurring,water_share,Water Share,126.68,,,
3544,1262,recurring,rent,Monthly Rent,12296.00,,,
3545,1262,recurring,electricity_share,Electricity Share,337.83,,,
3546,1263,move_out,electricity_share,Final Electricity Share,337.83,,,
3547,1263,move_out,deposit_refund,Security Deposit Refund,-12296.00,,,
3548,1264,recurring,rent,Monthly Rent,6923.00,,,
3549,1264,recurring,electricity_share,Electricity Share,557.90,,,
3550,1264,recurring,water_share,Water Share,147.37,,,
3551,1265,recurring,rent,Monthly Rent,6923.00,,,
3552,1265,recurring,electricity_share,Electricity Share,674.57,,,
3553,1265,recurring,water_share,Water Share,87.56,,,
3554,1266,recurring,rent,Monthly Rent,6923.00,,,
3555,1266,recurring,electricity_share,Electricity Share,396.99,,,
3556,1266,recurring,water_share,Water Share,123.75,,,
3557,1267,recurring,rent,Monthly Rent,6923.00,,,
3558,1267,recurring,electricity_share,Electricity Share,636.42,,,
3559,1267,recurring,water_share,Water Share,114.40,,,
3560,1268,recurring,rent,Monthly Rent,6923.00,,,
3561,1268,recurring,electricity_share,Electricity Share,570.97,,,
3562,1268,recurring,water_share,Water Share,166.09,,,
3563,1269,recurring,rent,Monthly Rent,6923.00,,,
3564,1269,recurring,electricity_share,Electricity Share,808.26,,,
3565,1270,recurring,rent,Monthly Rent,6923.00,,,
3566,1270,recurring,electricity_share,Electricity Share,497.60,,,
3567,1271,recurring,rent,Monthly Rent,6923.00,,,
3568,1271,recurring,electricity_share,Electricity Share,558.38,,,
3569,1272,recurring,rent,Monthly Rent,6923.00,,,
3570,1272,recurring,electricity_share,Electricity Share,468.81,,,
3571,1272,recurring,water_share,Water Share,95.39,,,
3572,1273,recurring,rent,Monthly Rent,6923.00,,,
3573,1273,recurring,electricity_share,Electricity Share,809.60,,,
3574,1274,recurring,rent,Monthly Rent,6923.00,,,
3575,1274,recurring,electricity_share,Electricity Share,743.63,,,
3576,1274,recurring,water_share,Water Share,92.47,,,
3577,1275,recurring,rent,Monthly Rent,6923.00,,,
3578,1275,recurring,electricity_share,Electricity Share,248.02,,,
3579,1275,recurring,water_share,Water Share,58.70,,,
3580,1276,move_out,electricity_share,Final Electricity Share,248.02,,,
3581,1276,move_out,water_share,Final Water Share,58.70,,,
3582,1276,move_out,deposit_refund,Security Deposit Refund,-6923.00,,,
3583,1277,recurring,rent,Monthly Rent,9312.00,,,
3584,1277,recurring,electricity_share,Electricity Share,2095.18,,,
3585,1278,recurring,rent,Monthly Rent,9312.00,,,
3586,1278,recurring,electricity_share,Electricity Share,1990.64,,,
3587,1279,recurring,rent,Monthly Rent,9312.00,,,
3588,1279,recurring,electricity_share,Electricity Share,1342.26,,,
3589,1280,recurring,rent,Monthly Rent,9312.00,,,
3590,1280,recurring,electricity_share,Electricity Share,1568.30,,,
3591,1280,recurring,water_share,Water Share,248.05,,,
3592,1281,recurring,rent,Monthly Rent,9312.00,,,
3593,1281,recurring,electricity_share,Electricity Share,1458.76,,,
3594,1281,recurring,water_share,Water Share,399.15,,,
3595,1282,recurring,rent,Monthly Rent,9312.00,,,
3596,1282,recurring,electricity_share,Electricity Share,857.46,,,
3597,1283,move_out,electricity_share,Final Electricity Share,857.46,,,
3598,1283,move_out,deposit_refund,Security Deposit Refund,-9312.00,,,
3599,1284,recurring,rent,Monthly Rent,6718.00,,,
3600,1284,recurring,electricity_share,Electricity Share,1719.87,,,
3601,1285,recurring,rent,Monthly Rent,6718.00,,,
3602,1285,recurring,electricity_share,Electricity Share,1600.63,,,
3603,1285,recurring,water_share,Water Share,406.43,,,
3604,1286,recurring,rent,Monthly Rent,6718.00,,,
3605,1286,recurring,electricity_share,Electricity Share,1863.01,,,
3606,1286,recurring,water_share,Water Share,304.06,,,
3607,1287,recurring,rent,Monthly Rent,6718.00,,,
3608,1287,recurring,electricity_share,Electricity Share,2467.27,,,
3609,1287,recurring,water_share,Water Share,214.78,,,
3610,1288,recurring,rent,Monthly Rent,6718.00,,,
3611,1288,recurring,electricity_share,Electricity Share,1791.98,,,
3612,1289,recurring,rent,Monthly Rent,6718.00,,,
3613,1289,recurring,electricity_share,Electricity Share,634.91,,,
3614,1289,recurring,water_share,Water Share,198.17,,,
3615,1290,move_out,electricity_share,Final Electricity Share,634.91,,,
3616,1290,move_out,water_share,Final Water Share,198.17,,,
3617,1290,move_out,deposit_refund,Security Deposit Refund,-6718.00,,,
3618,1291,recurring,rent,Monthly Rent,12829.00,,,
3619,1291,recurring,electricity_share,Electricity Share,878.64,,,
3620,1291,conditional,short_term_premium,Short-Term Premium (contract under 6 months),500.00,,,
3621,1292,recurring,rent,Monthly Rent,12829.00,,,
3622,1292,recurring,electricity_share,Electricity Share,640.46,,,
3623,1292,recurring,water_share,Water Share,127.98,,,
3624,1292,conditional,short_term_premium,Short-Term Premium (contract under 6 months),500.00,,,
3625,1293,recurring,rent,Monthly Rent,12829.00,,,
3626,1293,recurring,electricity_share,Electricity Share,779.86,,,
3627,1293,conditional,short_term_premium,Short-Term Premium (contract under 6 months),500.00,,,
3628,1294,move_out,electricity_share,Final Electricity Share,779.86,,,
3629,1294,move_out,deposit_refund,Security Deposit Refund,-12829.00,,,
3630,1295,recurring,rent,Monthly Rent,12296.00,,,
3631,1295,recurring,electricity_share,Electricity Share,306.47,,,
3632,1295,recurring,water_share,Water Share,71.20,,,
3633,1295,conditional,short_term_premium,Short-Term Premium (contract under 6 months),500.00,,,
3634,1296,recurring,rent,Monthly Rent,12296.00,,,
3635,1296,recurring,electricity_share,Electricity Share,762.56,,,
3636,1296,conditional,short_term_premium,Short-Term Premium (contract under 6 months),500.00,,,
3637,1297,recurring,rent,Monthly Rent,12296.00,,,
3638,1297,recurring,electricity_share,Electricity Share,411.05,,,
3639,1297,conditional,short_term_premium,Short-Term Premium (contract under 6 months),500.00,,,
3640,1298,move_out,electricity_share,Final Electricity Share,411.05,,,
3641,1298,move_out,deposit_refund,Security Deposit Refund,-12296.00,,,
3642,1299,recurring,rent,Monthly Rent,11042.00,,,
3643,1299,recurring,electricity_share,Electricity Share,2196.76,,,
3644,1299,recurring,water_share,Water Share,278.72,,,
3645,1300,recurring,rent,Monthly Rent,11042.00,,,
3646,1300,recurring,electricity_share,Electricity Share,1956.72,,,
3647,1300,recurring,water_share,Water Share,303.86,,,
3648,1301,recurring,rent,Monthly Rent,11042.00,,,
3649,1301,recurring,electricity_share,Electricity Share,1274.07,,,
3650,1301,recurring,water_share,Water Share,365.12,,,
3651,1302,recurring,rent,Monthly Rent,11042.00,,,
3652,1302,recurring,electricity_share,Electricity Share,1984.44,,,
3653,1302,recurring,water_share,Water Share,499.13,,,
3654,1303,recurring,rent,Monthly Rent,11042.00,,,
3655,1303,recurring,electricity_share,Electricity Share,2170.03,,,
3656,1303,recurring,water_share,Water Share,292.54,,,
3657,1304,recurring,rent,Monthly Rent,11042.00,,,
3658,1304,recurring,electricity_share,Electricity Share,1458.93,,,
3659,1304,recurring,water_share,Water Share,441.51,,,
3660,1305,recurring,rent,Monthly Rent,11042.00,,,
3661,1305,recurring,electricity_share,Electricity Share,2498.87,,,
3662,1305,recurring,water_share,Water Share,420.61,,,
3663,1306,recurring,rent,Monthly Rent,11042.00,,,
3664,1306,recurring,electricity_share,Electricity Share,1515.45,,,
3665,1306,recurring,water_share,Water Share,282.14,,,
3666,1307,recurring,rent,Monthly Rent,11042.00,,,
3667,1307,recurring,electricity_share,Electricity Share,1710.43,,,
3668,1307,recurring,water_share,Water Share,298.91,,,
3669,1308,recurring,rent,Monthly Rent,11042.00,,,
3670,1308,recurring,electricity_share,Electricity Share,1793.30,,,
3671,1309,recurring,rent,Monthly Rent,11042.00,,,
3672,1309,recurring,electricity_share,Electricity Share,2113.71,,,
3673,1310,recurring,rent,Monthly Rent,11042.00,,,
3674,1310,recurring,electricity_share,Electricity Share,601.31,,,
3675,1310,recurring,water_share,Water Share,157.71,,,
3676,1311,move_out,electricity_share,Final Electricity Share,601.31,,,
3677,1311,move_out,water_share,Final Water Share,157.71,,,
3678,1311,move_out,deposit_refund,Security Deposit Refund,-11042.00,,,
3679,1312,recurring,rent,Monthly Rent,12422.00,,,
3680,1312,recurring,electricity_share,Electricity Share,1645.92,,,
3681,1312,recurring,water_share,Water Share,438.88,,,
3682,1312,conditional,short_term_premium,Short-Term Premium (contract under 6 months),500.00,,,
3683,1313,recurring,rent,Monthly Rent,12422.00,,,
3684,1313,recurring,electricity_share,Electricity Share,1270.09,,,
3685,1313,recurring,water_share,Water Share,300.26,,,
3686,1313,conditional,short_term_premium,Short-Term Premium (contract under 6 months),500.00,,,
3687,1314,recurring,rent,Monthly Rent,12422.00,,,
3688,1314,recurring,electricity_share,Electricity Share,1049.69,,,
3689,1314,recurring,water_share,Water Share,219.15,,,
3690,1314,conditional,short_term_premium,Short-Term Premium (contract under 6 months),500.00,,,
3691,1315,move_out,electricity_share,Final Electricity Share,1049.69,,,
3692,1315,move_out,water_share,Final Water Share,219.15,,,
3693,1315,move_out,deposit_refund,Security Deposit Refund,-12422.00,,,
3694,1316,recurring,rent,Monthly Rent,9336.00,,,
3695,1316,recurring,electricity_share,Electricity Share,514.03,,,
3696,1316,recurring,water_share,Water Share,91.79,,,
3697,1317,recurring,rent,Monthly Rent,9336.00,,,
3698,1317,recurring,electricity_share,Electricity Share,426.08,,,
3699,1317,recurring,water_share,Water Share,119.24,,,
3700,1318,recurring,rent,Monthly Rent,9336.00,,,
3701,1318,recurring,electricity_share,Electricity Share,560.56,,,
3702,1318,recurring,water_share,Water Share,84.14,,,
3703,1319,recurring,rent,Monthly Rent,9336.00,,,
3704,1319,recurring,electricity_share,Electricity Share,795.06,,,
3705,1319,recurring,water_share,Water Share,77.30,,,
3706,1320,recurring,rent,Monthly Rent,9336.00,,,
3707,1320,recurring,electricity_share,Electricity Share,765.85,,,
3708,1320,recurring,water_share,Water Share,106.55,,,
3709,1321,recurring,rent,Monthly Rent,9336.00,,,
3710,1321,recurring,electricity_share,Electricity Share,613.06,,,
3711,1321,recurring,water_share,Water Share,63.49,,,
3712,1322,move_out,electricity_share,Final Electricity Share,613.06,,,
3713,1322,move_out,water_share,Final Water Share,63.49,,,
3714,1322,move_out,deposit_refund,Security Deposit Refund,-9336.00,,,
3715,1323,recurring,rent,Monthly Rent,13743.00,,,
3716,1323,recurring,electricity_share,Electricity Share,825.11,,,
3717,1323,recurring,water_share,Water Share,245.17,,,
3718,1324,recurring,rent,Monthly Rent,13743.00,,,
3719,1324,recurring,electricity_share,Electricity Share,770.24,,,
3720,1325,recurring,rent,Monthly Rent,13743.00,,,
3721,1325,recurring,electricity_share,Electricity Share,752.24,,,
3722,1325,recurring,water_share,Water Share,120.86,,,
3723,1326,recurring,rent,Monthly Rent,13743.00,,,
3724,1326,recurring,electricity_share,Electricity Share,686.18,,,
3725,1326,recurring,water_share,Water Share,209.58,,,
3726,1327,recurring,rent,Monthly Rent,13743.00,,,
3727,1327,recurring,electricity_share,Electricity Share,766.06,,,
3728,1328,recurring,rent,Monthly Rent,13743.00,,,
3729,1328,recurring,electricity_share,Electricity Share,669.85,,,
3730,1329,recurring,rent,Monthly Rent,13743.00,,,
3731,1329,recurring,electricity_share,Electricity Share,917.24,,,
3732,1329,recurring,water_share,Water Share,128.63,,,
3733,1330,recurring,rent,Monthly Rent,13743.00,,,
3734,1330,recurring,electricity_share,Electricity Share,887.98,,,
3735,1330,recurring,water_share,Water Share,190.98,,,
3736,1331,recurring,rent,Monthly Rent,13743.00,,,
3737,1331,recurring,electricity_share,Electricity Share,816.14,,,
3738,1332,recurring,rent,Monthly Rent,13743.00,,,
3739,1332,recurring,electricity_share,Electricity Share,888.32,,,
3740,1332,recurring,water_share,Water Share,128.82,,,
3741,1333,recurring,rent,Monthly Rent,13743.00,,,
3742,1333,recurring,electricity_share,Electricity Share,938.71,,,
3743,1334,recurring,rent,Monthly Rent,13743.00,,,
3744,1334,recurring,electricity_share,Electricity Share,821.31,,,
3745,1335,move_out,electricity_share,Final Electricity Share,821.31,,,
3746,1335,move_out,deposit_refund,Security Deposit Refund,-13743.00,,,
3747,1336,recurring,rent,Monthly Rent,10175.00,,,
3748,1336,recurring,electricity_share,Electricity Share,2207.54,,,
3749,1336,recurring,water_share,Water Share,421.14,,,
3750,1337,recurring,rent,Monthly Rent,10175.00,,,
3751,1337,recurring,electricity_share,Electricity Share,1215.69,,,
3752,1338,recurring,rent,Monthly Rent,10175.00,,,
3753,1338,recurring,electricity_share,Electricity Share,1918.70,,,
3754,1339,recurring,rent,Monthly Rent,10175.00,,,
3755,1339,recurring,electricity_share,Electricity Share,2186.03,,,
3756,1339,recurring,water_share,Water Share,232.25,,,
3757,1340,recurring,rent,Monthly Rent,10175.00,,,
3758,1340,recurring,electricity_share,Electricity Share,2399.40,,,
3759,1340,recurring,water_share,Water Share,265.24,,,
3760,1341,recurring,rent,Monthly Rent,10175.00,,,
3761,1341,recurring,electricity_share,Electricity Share,1827.84,,,
3762,1342,recurring,rent,Monthly Rent,10175.00,,,
3763,1342,recurring,electricity_share,Electricity Share,1335.77,,,
3764,1343,recurring,rent,Monthly Rent,10175.00,,,
3765,1343,recurring,electricity_share,Electricity Share,1778.57,,,
3766,1343,recurring,water_share,Water Share,489.06,,,
3767,1344,recurring,rent,Monthly Rent,10175.00,,,
3768,1344,recurring,electricity_share,Electricity Share,2264.95,,,
3769,1344,recurring,water_share,Water Share,284.33,,,
3770,1345,recurring,rent,Monthly Rent,10175.00,,,
3771,1345,recurring,electricity_share,Electricity Share,1717.96,,,
3772,1345,recurring,water_share,Water Share,271.56,,,
3773,1346,recurring,rent,Monthly Rent,10175.00,,,
3774,1346,recurring,electricity_share,Electricity Share,2167.30,,,
3775,1347,recurring,rent,Monthly Rent,10175.00,,,
3776,1347,recurring,electricity_share,Electricity Share,812.46,,,
3777,1348,move_out,electricity_share,Final Electricity Share,812.46,,,
3778,1348,move_out,deposit_refund,Security Deposit Refund,-10175.00,,,
3779,1349,recurring,rent,Monthly Rent,12296.00,,,
3780,1349,recurring,electricity_share,Electricity Share,762.56,,,
3781,1350,recurring,rent,Monthly Rent,12296.00,,,
3782,1350,recurring,electricity_share,Electricity Share,411.05,,,
3783,1351,recurring,rent,Monthly Rent,12296.00,,,
3784,1351,recurring,electricity_share,Electricity Share,549.40,,,
3785,1351,recurring,water_share,Water Share,126.68,,,
3786,1352,recurring,rent,Monthly Rent,12296.00,,,
3787,1352,recurring,electricity_share,Electricity Share,337.83,,,
3788,1353,recurring,rent,Monthly Rent,12296.00,,,
3789,1353,recurring,electricity_share,Electricity Share,601.78,,,
3790,1354,recurring,rent,Monthly Rent,12296.00,,,
3791,1354,recurring,electricity_share,Electricity Share,342.69,,,
3792,1355,move_out,electricity_share,Final Electricity Share,342.69,,,
3793,1355,move_out,deposit_refund,Security Deposit Refund,-12296.00,,,
3794,1356,recurring,rent,Monthly Rent,12813.00,,,
3795,1356,recurring,electricity_share,Electricity Share,834.93,,,
3796,1357,recurring,rent,Monthly Rent,12813.00,,,
3797,1357,recurring,electricity_share,Electricity Share,852.74,,,
3798,1357,recurring,water_share,Water Share,111.38,,,
3799,1358,recurring,rent,Monthly Rent,12813.00,,,
3800,1358,recurring,electricity_share,Electricity Share,874.98,,,
3801,1358,recurring,water_share,Water Share,142.07,,,
3802,1359,recurring,rent,Monthly Rent,12813.00,,,
3803,1359,recurring,electricity_share,Electricity Share,758.22,,,
3804,1359,recurring,water_share,Water Share,190.24,,,
3805,1360,recurring,rent,Monthly Rent,12813.00,,,
3806,1360,recurring,electricity_share,Electricity Share,639.67,,,
3807,1360,recurring,water_share,Water Share,120.16,,,
3808,1361,recurring,rent,Monthly Rent,12813.00,,,
3809,1361,recurring,electricity_share,Electricity Share,1005.49,,,
3810,1362,recurring,rent,Monthly Rent,12813.00,,,
3811,1362,recurring,electricity_share,Electricity Share,648.13,,,
3812,1362,recurring,water_share,Water Share,114.66,,,
3813,1363,recurring,rent,Monthly Rent,12813.00,,,
3814,1363,recurring,electricity_share,Electricity Share,811.91,,,
3815,1363,recurring,water_share,Water Share,163.38,,,
3816,1364,recurring,rent,Monthly Rent,12813.00,,,
3817,1364,recurring,electricity_share,Electricity Share,719.32,,,
3818,1364,recurring,water_share,Water Share,220.80,,,
3819,1365,recurring,rent,Monthly Rent,12813.00,,,
3820,1365,recurring,electricity_share,Electricity Share,1190.45,,,
3821,1366,recurring,rent,Monthly Rent,12813.00,,,
3822,1366,recurring,electricity_share,Electricity Share,796.93,,,
3823,1366,recurring,water_share,Water Share,145.77,,,
3824,1367,recurring,rent,Monthly Rent,12813.00,,,
3825,1367,recurring,electricity_share,Electricity Share,449.75,,,
3826,1367,recurring,water_share,Water Share,130.33,,,
3827,1368,move_out,electricity_share,Final Electricity Share,449.75,,,
3828,1368,move_out,water_share,Final Water Share,130.33,,,
3829,1368,move_out,deposit_refund,Security Deposit Refund,-12813.00,,,
3830,1369,recurring,rent,Monthly Rent,11065.00,,,
3831,1369,recurring,electricity_share,Electricity Share,667.05,,,
3832,1369,conditional,short_term_premium,Short-Term Premium (contract under 6 months),500.00,,,
3833,1370,move_out,electricity_share,Final Electricity Share,667.05,,,
3834,1370,move_out,deposit_refund,Security Deposit Refund,-11065.00,,,
3835,1371,recurring,rent,Monthly Rent,10648.00,,,
3836,1371,recurring,electricity_share,Electricity Share,2285.47,,,
3837,1372,recurring,rent,Monthly Rent,10648.00,,,
3838,1372,recurring,electricity_share,Electricity Share,1809.28,,,
3839,1373,recurring,rent,Monthly Rent,10648.00,,,
3840,1373,recurring,electricity_share,Electricity Share,1938.55,,,
3841,1373,recurring,water_share,Water Share,480.43,,,
3842,1374,recurring,rent,Monthly Rent,10648.00,,,
3843,1374,recurring,electricity_share,Electricity Share,1801.64,,,
3844,1375,recurring,rent,Monthly Rent,10648.00,,,
3845,1375,recurring,electricity_share,Electricity Share,2269.86,,,
3846,1376,recurring,rent,Monthly Rent,10648.00,,,
3847,1376,recurring,electricity_share,Electricity Share,2447.83,,,
3848,1377,recurring,rent,Monthly Rent,10648.00,,,
3849,1377,recurring,electricity_share,Electricity Share,2462.68,,,
3850,1378,recurring,rent,Monthly Rent,10648.00,,,
3851,1378,recurring,electricity_share,Electricity Share,2458.37,,,
3852,1378,recurring,water_share,Water Share,412.88,,,
3853,1379,recurring,rent,Monthly Rent,10648.00,,,
3854,1379,recurring,electricity_share,Electricity Share,2006.71,,,
3855,1380,recurring,rent,Monthly Rent,10648.00,,,
3856,1380,recurring,electricity_share,Electricity Share,1809.94,,,
3857,1381,recurring,rent,Monthly Rent,10648.00,,,
3858,1381,recurring,electricity_share,Electricity Share,1373.15,,,
3859,1382,recurring,rent,Monthly Rent,10648.00,,,
3860,1382,recurring,electricity_share,Electricity Share,1138.37,,,
3861,1383,move_out,electricity_share,Final Electricity Share,1138.37,,,
3862,1383,move_out,deposit_refund,Security Deposit Refund,-10648.00,,,
3863,1384,recurring,rent,Monthly Rent,9336.00,,,
3864,1384,recurring,electricity_share,Electricity Share,426.08,,,
3865,1384,recurring,water_share,Water Share,119.24,,,
3866,1384,conditional,short_term_premium,Short-Term Premium (contract under 6 months),500.00,,,
3867,1385,move_out,electricity_share,Final Electricity Share,426.08,,,
3868,1385,move_out,water_share,Final Water Share,119.24,,,
3869,1385,move_out,deposit_refund,Security Deposit Refund,-9336.00,,,
3870,1386,recurring,rent,Monthly Rent,11347.00,,,
3871,1386,recurring,electricity_share,Electricity Share,2296.13,,,
3872,1386,conditional,short_term_premium,Short-Term Premium (contract under 6 months),500.00,,,
3873,1387,recurring,rent,Monthly Rent,11347.00,,,
3874,1387,recurring,electricity_share,Electricity Share,2329.58,,,
3875,1387,recurring,water_share,Water Share,263.12,,,
3876,1387,conditional,short_term_premium,Short-Term Premium (contract under 6 months),500.00,,,
3877,1388,recurring,rent,Monthly Rent,11347.00,,,
3878,1388,recurring,electricity_share,Electricity Share,746.68,,,
3879,1388,conditional,short_term_premium,Short-Term Premium (contract under 6 months),500.00,,,
3880,1389,move_out,electricity_share,Final Electricity Share,746.68,,,
3881,1389,move_out,deposit_refund,Security Deposit Refund,-11347.00,,,
3882,1390,recurring,rent,Monthly Rent,6923.00,,,
3883,1390,recurring,electricity_share,Electricity Share,636.42,,,
3884,1390,recurring,water_share,Water Share,114.40,,,
3885,1391,recurring,rent,Monthly Rent,6923.00,,,
3886,1391,recurring,electricity_share,Electricity Share,570.97,,,
3887,1391,recurring,water_share,Water Share,166.09,,,
3888,1392,recurring,rent,Monthly Rent,6923.00,,,
3889,1392,recurring,electricity_share,Electricity Share,808.26,,,
3890,1393,recurring,rent,Monthly Rent,6923.00,,,
3891,1393,recurring,electricity_share,Electricity Share,497.60,,,
3892,1394,recurring,rent,Monthly Rent,6923.00,,,
3893,1394,recurring,electricity_share,Electricity Share,558.38,,,
3894,1395,recurring,rent,Monthly Rent,6923.00,,,
3895,1395,recurring,electricity_share,Electricity Share,468.81,,,
3896,1395,recurring,water_share,Water Share,95.39,,,
3897,1396,move_out,electricity_share,Final Electricity Share,468.81,,,
3898,1396,move_out,water_share,Final Water Share,95.39,,,
3899,1396,move_out,deposit_refund,Security Deposit Refund,-6923.00,,,
3900,1397,recurring,rent,Monthly Rent,11065.00,,,
3901,1397,recurring,electricity_share,Electricity Share,463.72,,,
3902,1397,conditional,short_term_premium,Short-Term Premium (contract under 6 months),500.00,,,
3903,1398,move_out,electricity_share,Final Electricity Share,463.72,,,
3904,1398,move_out,deposit_refund,Security Deposit Refund,-11065.00,,,
3905,1399,recurring,rent,Monthly Rent,6328.00,,,
3906,1399,recurring,electricity_share,Electricity Share,1973.66,,,
3907,1399,recurring,water_share,Water Share,487.66,,,
3908,1400,recurring,rent,Monthly Rent,6328.00,,,
3909,1400,recurring,electricity_share,Electricity Share,2040.88,,,
3910,1400,recurring,water_share,Water Share,438.96,,,
3911,1401,recurring,rent,Monthly Rent,6328.00,,,
3912,1401,recurring,electricity_share,Electricity Share,1597.21,,,
3913,1401,recurring,water_share,Water Share,413.52,,,
3914,1402,recurring,rent,Monthly Rent,6328.00,,,
3915,1402,recurring,electricity_share,Electricity Share,2134.14,,,
3916,1403,recurring,rent,Monthly Rent,6328.00,,,
3917,1403,recurring,electricity_share,Electricity Share,1707.96,,,
3918,1404,recurring,rent,Monthly Rent,6328.00,,,
3919,1404,recurring,electricity_share,Electricity Share,1091.96,,,
3920,1405,move_out,electricity_share,Final Electricity Share,1091.96,,,
3921,1405,move_out,deposit_refund,Security Deposit Refund,-6328.00,,,
3922,1406,recurring,rent,Monthly Rent,12829.00,,,
3923,1406,recurring,electricity_share,Electricity Share,779.86,,,
3924,1407,recurring,rent,Monthly Rent,12829.00,,,
3925,1407,recurring,electricity_share,Electricity Share,841.67,,,
3926,1407,recurring,water_share,Water Share,144.30,,,
3927,1408,recurring,rent,Monthly Rent,12829.00,,,
3928,1408,recurring,electricity_share,Electricity Share,737.22,,,
3929,1408,recurring,water_share,Water Share,142.47,,,
3930,1409,recurring,rent,Monthly Rent,12829.00,,,
3931,1409,recurring,electricity_share,Electricity Share,718.43,,,
3932,1410,recurring,rent,Monthly Rent,12829.00,,,
3933,1410,recurring,electricity_share,Electricity Share,1101.81,,,
3934,1411,recurring,rent,Monthly Rent,12829.00,,,
3935,1411,recurring,electricity_share,Electricity Share,805.50,,,
3936,1411,recurring,water_share,Water Share,81.42,,,
3937,1412,move_out,electricity_share,Final Electricity Share,805.50,,,
3938,1412,move_out,water_share,Final Water Share,81.42,,,
3939,1412,move_out,deposit_refund,Security Deposit Refund,-12829.00,,,
3940,1413,recurring,rent,Monthly Rent,9336.00,,,
3941,1413,recurring,electricity_share,Electricity Share,560.56,,,
3942,1413,recurring,water_share,Water Share,84.14,,,
3943,1414,recurring,rent,Monthly Rent,9336.00,,,
3944,1414,recurring,electricity_share,Electricity Share,795.06,,,
3945,1414,recurring,water_share,Water Share,77.30,,,
3946,1415,recurring,rent,Monthly Rent,9336.00,,,
3947,1415,recurring,electricity_share,Electricity Share,765.85,,,
3948,1415,recurring,water_share,Water Share,106.55,,,
3949,1416,recurring,rent,Monthly Rent,9336.00,,,
3950,1416,recurring,electricity_share,Electricity Share,613.06,,,
3951,1416,recurring,water_share,Water Share,63.49,,,
3952,1417,recurring,rent,Monthly Rent,9336.00,,,
3953,1417,recurring,electricity_share,Electricity Share,489.85,,,
3954,1417,recurring,water_share,Water Share,111.46,,,
3955,1418,recurring,rent,Monthly Rent,9336.00,,,
3956,1418,recurring,electricity_share,Electricity Share,619.02,,,
3957,1419,recurring,rent,Monthly Rent,9336.00,,,
3958,1419,recurring,electricity_share,Electricity Share,421.21,,,
3959,1419,recurring,water_share,Water Share,55.71,,,
3960,1420,recurring,rent,Monthly Rent,9336.00,,,
3961,1420,recurring,electricity_share,Electricity Share,728.34,,,
3962,1420,recurring,water_share,Water Share,74.14,,,
3963,1421,recurring,rent,Monthly Rent,9336.00,,,
3964,1421,recurring,electricity_share,Electricity Share,464.41,,,
3965,1421,recurring,water_share,Water Share,84.41,,,
3966,1422,recurring,rent,Monthly Rent,9336.00,,,
3967,1422,recurring,electricity_share,Electricity Share,250.03,,,
3968,1423,recurring,rent,Monthly Rent,9336.00,,,
3969,1423,recurring,electricity_share,Electricity Share,412.72,,,
3970,1423,recurring,water_share,Water Share,42.68,,,
3971,1424,recurring,rent,Monthly Rent,11065.00,,,
3972,1424,recurring,electricity_share,Electricity Share,302.43,,,
3973,1425,recurring,rent,Monthly Rent,11065.00,,,
3974,1425,recurring,electricity_share,Electricity Share,328.28,,,
3975,1425,recurring,water_share,Water Share,122.09,,,
3976,1426,recurring,rent,Monthly Rent,11065.00,,,
3977,1426,recurring,electricity_share,Electricity Share,475.29,,,
3978,1427,recurring,rent,Monthly Rent,11065.00,,,
3979,1427,recurring,electricity_share,Electricity Share,557.46,,,
3980,1427,recurring,water_share,Water Share,84.43,,,
3981,1428,recurring,rent,Monthly Rent,11065.00,,,
3982,1428,recurring,electricity_share,Electricity Share,609.84,,,
3983,1428,recurring,water_share,Water Share,105.08,,,
3984,1429,recurring,rent,Monthly Rent,11065.00,,,
3985,1429,recurring,electricity_share,Electricity Share,477.70,,,
3986,1430,move_out,electricity_share,Final Electricity Share,477.70,,,
3987,1430,move_out,deposit_refund,Security Deposit Refund,-11065.00,,,
3988,1431,recurring,rent,Monthly Rent,12422.00,,,
3989,1431,recurring,electricity_share,Electricity Share,1722.73,,,
3990,1431,recurring,water_share,Water Share,369.87,,,
3991,1431,conditional,short_term_premium,Short-Term Premium (contract under 6 months),500.00,,,
3992,1432,recurring,rent,Monthly Rent,12422.00,,,
3993,1432,recurring,electricity_share,Electricity Share,2125.85,,,
3994,1432,conditional,short_term_premium,Short-Term Premium (contract under 6 months),500.00,,,
3995,1433,recurring,rent,Monthly Rent,12422.00,,,
3996,1433,recurring,electricity_share,Electricity Share,1060.22,,,
3997,1433,recurring,water_share,Water Share,169.28,,,
3998,1433,conditional,short_term_premium,Short-Term Premium (contract under 6 months),500.00,,,
3999,1434,move_out,electricity_share,Final Electricity Share,1060.22,,,
4000,1434,move_out,water_share,Final Water Share,169.28,,,
4001,1434,move_out,deposit_refund,Security Deposit Refund,-12422.00,,,
4002,1435,recurring,rent,Monthly Rent,5695.00,,,
4003,1435,recurring,electricity_share,Electricity Share,931.08,,,
4004,1435,conditional,short_term_premium,Short-Term Premium (contract under 6 months),500.00,,,
4005,1436,move_out,electricity_share,Final Electricity Share,931.08,,,
4006,1436,move_out,deposit_refund,Security Deposit Refund,-5695.00,,,
4007,1437,recurring,rent,Monthly Rent,12296.00,,,
4008,1437,recurring,electricity_share,Electricity Share,549.40,,,
4009,1437,recurring,water_share,Water Share,126.68,,,
4010,1438,recurring,rent,Monthly Rent,12296.00,,,
4011,1438,recurring,electricity_share,Electricity Share,337.83,,,
4012,1439,recurring,rent,Monthly Rent,12296.00,,,
4013,1439,recurring,electricity_share,Electricity Share,601.78,,,
4014,1440,recurring,rent,Monthly Rent,12296.00,,,
4015,1440,recurring,electricity_share,Electricity Share,342.69,,,
4016,1441,recurring,rent,Monthly Rent,12296.00,,,
4017,1441,recurring,electricity_share,Electricity Share,408.62,,,
4018,1442,recurring,rent,Monthly Rent,12296.00,,,
4019,1442,recurring,electricity_share,Electricity Share,599.10,,,
4020,1443,move_out,electricity_share,Final Electricity Share,599.10,,,
4021,1443,move_out,deposit_refund,Security Deposit Refund,-12296.00,,,
4022,1444,recurring,rent,Monthly Rent,10883.00,,,
4023,1444,recurring,electricity_share,Electricity Share,2182.57,,,
4024,1444,conditional,short_term_premium,Short-Term Premium (contract under 6 months),500.00,,,
4025,1445,recurring,rent,Monthly Rent,10883.00,,,
4026,1445,recurring,electricity_share,Electricity Share,1436.63,,,
4027,1445,conditional,short_term_premium,Short-Term Premium (contract under 6 months),500.00,,,
4028,1446,recurring,rent,Monthly Rent,10883.00,,,
4029,1446,recurring,electricity_share,Electricity Share,922.33,,,
4030,1446,recurring,water_share,Water Share,100.35,,,
4031,1446,conditional,short_term_premium,Short-Term Premium (contract under 6 months),500.00,,,
4032,1447,move_out,electricity_share,Final Electricity Share,922.33,,,
4033,1447,move_out,water_share,Final Water Share,100.35,,,
4034,1447,move_out,deposit_refund,Security Deposit Refund,-10883.00,,,
4035,1448,recurring,rent,Monthly Rent,12829.00,,,
4036,1448,recurring,electricity_share,Electricity Share,841.67,,,
4037,1448,recurring,water_share,Water Share,144.30,,,
4038,1449,recurring,rent,Monthly Rent,12829.00,,,
4039,1449,recurring,electricity_share,Electricity Share,737.22,,,
4040,1449,recurring,water_share,Water Share,142.47,,,
4041,1450,recurring,rent,Monthly Rent,12829.00,,,
4042,1450,recurring,electricity_share,Electricity Share,718.43,,,
4043,1451,recurring,rent,Monthly Rent,12829.00,,,
4044,1451,recurring,electricity_share,Electricity Share,1101.81,,,
4045,1452,recurring,rent,Monthly Rent,12829.00,,,
4046,1452,recurring,electricity_share,Electricity Share,805.50,,,
4047,1452,recurring,water_share,Water Share,81.42,,,
4048,1453,recurring,rent,Monthly Rent,12829.00,,,
4049,1453,recurring,electricity_share,Electricity Share,482.85,,,
4050,1453,recurring,water_share,Water Share,99.46,,,
4051,1454,move_out,electricity_share,Final Electricity Share,482.85,,,
4052,1454,move_out,water_share,Final Water Share,99.46,,,
4053,1454,move_out,deposit_refund,Security Deposit Refund,-12829.00,,,
4054,1455,move_in,advance,1 Month Advance — First Month Rent,11065.00,,,
4055,1455,move_in,security_deposit,1 Month Security Deposit,11065.00,,,
4056,1456,recurring,rent,Monthly Rent,11065.00,,,
4057,1456,recurring,electricity_share,Electricity Share,302.43,,,
4058,1456,conditional,short_term_premium,Short-Term Premium (contract under 6 months),500.00,,,
4059,1457,recurring,rent,Monthly Rent,11065.00,,,
4060,1457,recurring,electricity_share,Electricity Share,328.28,,,
4061,1457,recurring,water_share,Water Share,122.09,,,
4062,1457,conditional,short_term_premium,Short-Term Premium (contract under 6 months),500.00,,,
4063,1458,recurring,rent,Monthly Rent,11065.00,,,
4064,1458,recurring,electricity_share,Electricity Share,475.29,,,
4065,1458,conditional,short_term_premium,Short-Term Premium (contract under 6 months),500.00,,,
4066,1459,move_out,electricity_share,Final Electricity Share,475.29,,,
4067,1459,move_out,deposit_refund,Security Deposit Refund,-11065.00,,,
4068,1460,recurring,rent,Monthly Rent,13743.00,,,
4069,1460,recurring,electricity_share,Electricity Share,686.18,,,
4070,1460,recurring,water_share,Water Share,209.58,,,
4071,1461,recurring,rent,Monthly Rent,13743.00,,,
4072,1461,recurring,electricity_share,Electricity Share,766.06,,,
4073,1462,recurring,rent,Monthly Rent,13743.00,,,
4074,1462,recurring,electricity_share,Electricity Share,669.85,,,
4075,1463,recurring,rent,Monthly Rent,13743.00,,,
4076,1463,recurring,electricity_share,Electricity Share,917.24,,,
4077,1463,recurring,water_share,Water Share,128.63,,,
4078,1464,recurring,rent,Monthly Rent,13743.00,,,
4079,1464,recurring,electricity_share,Electricity Share,887.98,,,
4080,1464,recurring,water_share,Water Share,190.98,,,
4081,1465,recurring,rent,Monthly Rent,13743.00,,,
4082,1465,recurring,electricity_share,Electricity Share,816.14,,,
4083,1466,recurring,rent,Monthly Rent,13743.00,,,
4084,1466,recurring,electricity_share,Electricity Share,888.32,,,
4085,1466,recurring,water_share,Water Share,128.82,,,
4086,1467,recurring,rent,Monthly Rent,13743.00,,,
4087,1467,recurring,electricity_share,Electricity Share,938.71,,,
4088,1468,recurring,rent,Monthly Rent,13743.00,,,
4089,1468,recurring,electricity_share,Electricity Share,821.31,,,
4090,1469,recurring,rent,Monthly Rent,13743.00,,,
4091,1469,recurring,electricity_share,Electricity Share,683.61,,,
4092,1469,recurring,water_share,Water Share,159.82,,,
4093,1470,recurring,rent,Monthly Rent,11347.00,,,
4094,1470,recurring,electricity_share,Electricity Share,1455.91,,,
4095,1470,recurring,water_share,Water Share,456.77,,,
4096,1471,recurring,rent,Monthly Rent,11347.00,,,
4097,1471,recurring,electricity_share,Electricity Share,1422.31,,,
4098,1472,recurring,rent,Monthly Rent,11347.00,,,
4099,1472,recurring,electricity_share,Electricity Share,1440.97,,,
4100,1472,recurring,water_share,Water Share,476.11,,,
4101,1473,recurring,rent,Monthly Rent,11347.00,,,
4102,1473,recurring,electricity_share,Electricity Share,1852.38,,,
4103,1474,recurring,rent,Monthly Rent,11347.00,,,
4104,1474,recurring,electricity_share,Electricity Share,1884.61,,,
4105,1474,recurring,water_share,Water Share,475.28,,,
4106,1475,recurring,rent,Monthly Rent,11347.00,,,
4107,1475,recurring,electricity_share,Electricity Share,1349.50,,,
4108,1475,recurring,water_share,Water Share,418.48,,,
4109,1476,recurring,rent,Monthly Rent,11347.00,,,
4110,1476,recurring,electricity_share,Electricity Share,1504.77,,,
4111,1477,recurring,rent,Monthly Rent,11347.00,,,
4112,1477,recurring,electricity_share,Electricity Share,2446.47,,,
4113,1477,recurring,water_share,Water Share,361.75,,,
4114,1478,recurring,rent,Monthly Rent,11347.00,,,
4115,1478,recurring,electricity_share,Electricity Share,1416.30,,,
4116,1479,recurring,rent,Monthly Rent,7241.00,,,
4117,1479,recurring,electricity_share,Electricity Share,1200.65,,,
4118,1479,conditional,short_term_premium,Short-Term Premium (contract under 6 months),500.00,,,
4119,1480,recurring,rent,Monthly Rent,7241.00,,,
4120,1480,recurring,electricity_share,Electricity Share,1936.61,,,
4121,1480,conditional,short_term_premium,Short-Term Premium (contract under 6 months),500.00,,,
4122,1481,recurring,rent,Monthly Rent,7241.00,,,
4123,1481,recurring,electricity_share,Electricity Share,826.79,,,
4124,1481,conditional,short_term_premium,Short-Term Premium (contract under 6 months),500.00,,,
4125,1482,move_out,electricity_share,Final Electricity Share,826.79,,,
4126,1482,move_out,deposit_refund,Security Deposit Refund,-7241.00,,,
4127,1483,recurring,rent,Monthly Rent,5695.00,,,
4128,1483,recurring,electricity_share,Electricity Share,1553.29,,,
4129,1483,recurring,water_share,Water Share,475.16,,,
4130,1484,recurring,rent,Monthly Rent,5695.00,,,
4131,1484,recurring,electricity_share,Electricity Share,1810.78,,,
4132,1485,recurring,rent,Monthly Rent,5695.00,,,
4133,1485,recurring,electricity_share,Electricity Share,2314.82,,,
4134,1486,recurring,rent,Monthly Rent,5695.00,,,
4135,1486,recurring,electricity_share,Electricity Share,1395.01,,,
4136,1486,recurring,water_share,Water Share,481.74,,,
4137,1487,recurring,rent,Monthly Rent,5695.00,,,
4138,1487,recurring,electricity_share,Electricity Share,2343.44,,,
4139,1488,recurring,rent,Monthly Rent,5695.00,,,
4140,1488,recurring,electricity_share,Electricity Share,1961.75,,,
4141,1488,recurring,water_share,Water Share,439.66,,,
4142,1489,recurring,rent,Monthly Rent,5695.00,,,
4143,1489,recurring,electricity_share,Electricity Share,1966.47,,,
4144,1489,recurring,water_share,Water Share,223.84,,,
4145,1490,recurring,rent,Monthly Rent,5695.00,,,
4146,1490,recurring,electricity_share,Electricity Share,2326.26,,,
4147,1490,recurring,water_share,Water Share,390.35,,,
4148,1491,recurring,rent,Monthly Rent,5695.00,,,
4149,1491,recurring,electricity_share,Electricity Share,1537.92,,,
4150,1492,recurring,rent,Monthly Rent,11065.00,,,
4151,1492,recurring,electricity_share,Electricity Share,328.28,,,
4152,1492,recurring,water_share,Water Share,122.09,,,
4153,1492,conditional,short_term_premium,Short-Term Premium (contract under 6 months),500.00,,,
4154,1493,move_out,electricity_share,Final Electricity Share,328.28,,,
4155,1493,move_out,water_share,Final Water Share,122.09,,,
4156,1493,move_out,deposit_refund,Security Deposit Refund,-11065.00,,,
4157,1494,recurring,rent,Monthly Rent,13169.00,,,
4158,1494,recurring,electricity_share,Electricity Share,1140.39,,,
4159,1494,conditional,short_term_premium,Short-Term Premium (contract under 6 months),500.00,,,
4160,1495,move_out,electricity_share,Final Electricity Share,1140.39,,,
4161,1495,move_out,deposit_refund,Security Deposit Refund,-13169.00,,,
4162,1496,recurring,rent,Monthly Rent,9312.00,,,
4163,1496,recurring,electricity_share,Electricity Share,2025.01,,,
4164,1497,recurring,rent,Monthly Rent,9312.00,,,
4165,1497,recurring,electricity_share,Electricity Share,1296.15,,,
4166,1497,recurring,water_share,Water Share,210.99,,,
4167,1498,recurring,rent,Monthly Rent,9312.00,,,
4168,1498,recurring,electricity_share,Electricity Share,1805.38,,,
4169,1498,recurring,water_share,Water Share,257.89,,,
4170,1499,recurring,rent,Monthly Rent,9312.00,,,
4171,1499,recurring,electricity_share,Electricity Share,1261.42,,,
4172,1500,recurring,rent,Monthly Rent,9312.00,,,
4173,1500,recurring,electricity_share,Electricity Share,2492.56,,,
4174,1500,recurring,water_share,Water Share,346.77,,,
4175,1501,recurring,rent,Monthly Rent,9312.00,,,
4176,1501,recurring,electricity_share,Electricity Share,1098.06,,,
4177,1501,recurring,water_share,Water Share,133.05,,,
4178,1502,move_out,electricity_share,Final Electricity Share,1098.06,,,
4179,1502,move_out,water_share,Final Water Share,133.05,,,
4180,1502,move_out,deposit_refund,Security Deposit Refund,-9312.00,,,
4181,1503,recurring,rent,Monthly Rent,12296.00,,,
4182,1503,recurring,electricity_share,Electricity Share,601.78,,,
4183,1504,recurring,rent,Monthly Rent,12296.00,,,
4184,1504,recurring,electricity_share,Electricity Share,342.69,,,
4185,1505,recurring,rent,Monthly Rent,12296.00,,,
4186,1505,recurring,electricity_share,Electricity Share,408.62,,,
4187,1506,recurring,rent,Monthly Rent,12296.00,,,
4188,1506,recurring,electricity_share,Electricity Share,599.10,,,
4189,1507,recurring,rent,Monthly Rent,12296.00,,,
4190,1507,recurring,electricity_share,Electricity Share,803.34,,,
4191,1508,recurring,rent,Monthly Rent,12296.00,,,
4192,1508,recurring,electricity_share,Electricity Share,707.69,,,
4193,1508,recurring,water_share,Water Share,126.07,,,
4194,1509,recurring,rent,Monthly Rent,12296.00,,,
4195,1509,recurring,electricity_share,Electricity Share,409.66,,,
4196,1510,recurring,rent,Monthly Rent,12296.00,,,
4197,1510,recurring,electricity_share,Electricity Share,399.52,,,
4198,1510,recurring,water_share,Water Share,103.60,,,
4199,1511,recurring,rent,Monthly Rent,11065.00,,,
4200,1511,recurring,electricity_share,Electricity Share,475.29,,,
4201,1511,conditional,short_term_premium,Short-Term Premium (contract under 6 months),500.00,,,
4202,1512,recurring,rent,Monthly Rent,11065.00,,,
4203,1512,recurring,electricity_share,Electricity Share,557.46,,,
4204,1512,recurring,water_share,Water Share,84.43,,,
4205,1512,conditional,short_term_premium,Short-Term Premium (contract under 6 months),500.00,,,
4206,1513,recurring,rent,Monthly Rent,11065.00,,,
4207,1513,recurring,electricity_share,Electricity Share,609.84,,,
4208,1513,recurring,water_share,Water Share,105.08,,,
4209,1513,conditional,short_term_premium,Short-Term Premium (contract under 6 months),500.00,,,
4210,1514,move_out,electricity_share,Final Electricity Share,609.84,,,
4211,1514,move_out,water_share,Final Water Share,105.08,,,
4212,1514,move_out,deposit_refund,Security Deposit Refund,-11065.00,,,
4213,1515,recurring,rent,Monthly Rent,12813.00,,,
4214,1515,recurring,electricity_share,Electricity Share,1005.49,,,
4215,1516,recurring,rent,Monthly Rent,12813.00,,,
4216,1516,recurring,electricity_share,Electricity Share,648.13,,,
4217,1516,recurring,water_share,Water Share,114.66,,,
4218,1517,recurring,rent,Monthly Rent,12813.00,,,
4219,1517,recurring,electricity_share,Electricity Share,811.91,,,
4220,1517,recurring,water_share,Water Share,163.38,,,
4221,1518,recurring,rent,Monthly Rent,12813.00,,,
4222,1518,recurring,electricity_share,Electricity Share,719.32,,,
4223,1518,recurring,water_share,Water Share,220.80,,,
4224,1519,recurring,rent,Monthly Rent,12813.00,,,
4225,1519,recurring,electricity_share,Electricity Share,1190.45,,,
4226,1520,recurring,rent,Monthly Rent,12813.00,,,
4227,1520,recurring,electricity_share,Electricity Share,796.93,,,
4228,1520,recurring,water_share,Water Share,145.77,,,
4229,1521,recurring,rent,Monthly Rent,12813.00,,,
4230,1521,recurring,electricity_share,Electricity Share,449.75,,,
4231,1521,recurring,water_share,Water Share,130.33,,,
4232,1522,recurring,rent,Monthly Rent,10883.00,,,
4233,1522,recurring,electricity_share,Electricity Share,1563.87,,,
4234,1523,recurring,rent,Monthly Rent,10883.00,,,
4235,1523,recurring,electricity_share,Electricity Share,1894.67,,,
4236,1524,recurring,rent,Monthly Rent,10883.00,,,
4237,1524,recurring,electricity_share,Electricity Share,1618.92,,,
4238,1525,recurring,rent,Monthly Rent,10883.00,,,
4239,1525,recurring,electricity_share,Electricity Share,1550.11,,,
4240,1526,recurring,rent,Monthly Rent,10883.00,,,
4241,1526,recurring,electricity_share,Electricity Share,1381.98,,,
4242,1526,recurring,water_share,Water Share,343.28,,,
4243,1527,recurring,rent,Monthly Rent,10883.00,,,
4244,1527,recurring,electricity_share,Electricity Share,2274.53,,,
4245,1528,recurring,rent,Monthly Rent,10883.00,,,
4246,1528,recurring,electricity_share,Electricity Share,1613.42,,,
4247,1529,recurring,rent,Monthly Rent,12151.00,,,
4248,1529,recurring,electricity_share,Electricity Share,2247.01,,,
4249,1529,recurring,water_share,Water Share,203.17,,,
4250,1530,recurring,rent,Monthly Rent,12151.00,,,
4251,1530,recurring,electricity_share,Electricity Share,1346.78,,,
4252,1530,recurring,water_share,Water Share,445.88,,,
4253,1531,recurring,rent,Monthly Rent,12151.00,,,
4254,1531,recurring,electricity_share,Electricity Share,1714.43,,,
4255,1531,recurring,water_share,Water Share,307.72,,,
4256,1532,recurring,rent,Monthly Rent,12151.00,,,
4257,1532,recurring,electricity_share,Electricity Share,2093.79,,,
4258,1532,recurring,water_share,Water Share,309.48,,,
4259,1533,recurring,rent,Monthly Rent,12151.00,,,
4260,1533,recurring,electricity_share,Electricity Share,1554.10,,,
4261,1533,recurring,water_share,Water Share,414.88,,,
4262,1534,recurring,rent,Monthly Rent,12151.00,,,
4263,1534,recurring,electricity_share,Electricity Share,2067.49,,,
4264,1535,recurring,rent,Monthly Rent,12151.00,,,
4265,1535,recurring,electricity_share,Electricity Share,2421.15,,,
4266,1535,recurring,water_share,Water Share,275.95,,,
4267,1536,recurring,rent,Monthly Rent,9336.00,,,
4268,1536,recurring,electricity_share,Electricity Share,489.85,,,
4269,1536,recurring,water_share,Water Share,111.46,,,
4270,1536,conditional,short_term_premium,Short-Term Premium (contract under 6 months),500.00,,,
4271,1537,recurring,rent,Monthly Rent,9336.00,,,
4272,1537,recurring,electricity_share,Electricity Share,619.02,,,
4273,1537,conditional,short_term_premium,Short-Term Premium (contract under 6 months),500.00,,,
4274,1538,recurring,rent,Monthly Rent,9336.00,,,
4275,1538,recurring,electricity_share,Electricity Share,421.21,,,
4276,1538,recurring,water_share,Water Share,55.71,,,
4277,1538,conditional,short_term_premium,Short-Term Premium (contract under 6 months),500.00,,,
4278,1539,move_out,electricity_share,Final Electricity Share,421.21,,,
4279,1539,move_out,water_share,Final Water Share,55.71,,,
4280,1539,move_out,deposit_refund,Security Deposit Refund,-9336.00,,,
4281,1540,recurring,rent,Monthly Rent,6718.00,,,
4282,1540,recurring,electricity_share,Electricity Share,1580.27,,,
4283,1540,recurring,water_share,Water Share,382.67,,,
4284,1540,conditional,short_term_premium,Short-Term Premium (contract under 6 months),500.00,,,
4285,1541,recurring,rent,Monthly Rent,6718.00,,,
4286,1541,recurring,electricity_share,Electricity Share,1383.14,,,
4287,1541,conditional,short_term_premium,Short-Term Premium (contract under 6 months),500.00,,,
4288,1542,recurring,rent,Monthly Rent,6718.00,,,
4289,1542,recurring,electricity_share,Electricity Share,997.62,,,
4290,1542,recurring,water_share,Water Share,211.63,,,
4291,1542,conditional,short_term_premium,Short-Term Premium (contract under 6 months),500.00,,,
4292,1543,move_out,electricity_share,Final Electricity Share,997.62,,,
4293,1543,move_out,water_share,Final Water Share,211.63,,,
4294,1543,move_out,deposit_refund,Security Deposit Refund,-6718.00,,,
4295,1544,recurring,rent,Monthly Rent,7355.00,,,
4296,1544,recurring,electricity_share,Electricity Share,1108.02,,,
4297,1545,recurring,rent,Monthly Rent,7355.00,,,
4298,1545,recurring,electricity_share,Electricity Share,620.96,,,
4299,1545,recurring,water_share,Water Share,103.34,,,
4300,1546,recurring,rent,Monthly Rent,7355.00,,,
4301,1546,recurring,electricity_share,Electricity Share,745.36,,,
4302,1547,recurring,rent,Monthly Rent,7355.00,,,
4303,1547,recurring,electricity_share,Electricity Share,995.15,,,
4304,1547,recurring,water_share,Water Share,207.02,,,
4305,1548,recurring,rent,Monthly Rent,7355.00,,,
4306,1548,recurring,electricity_share,Electricity Share,783.61,,,
4307,1549,recurring,rent,Monthly Rent,7355.00,,,
4308,1549,recurring,electricity_share,Electricity Share,512.10,,,
4309,1549,recurring,water_share,Water Share,142.60,,,
4310,1550,recurring,rent,Monthly Rent,7355.00,,,
4311,1550,recurring,electricity_share,Electricity Share,1112.48,,,
4312,1551,recurring,rent,Monthly Rent,12422.00,,,
4313,1551,recurring,electricity_share,Electricity Share,1244.83,,,
4314,1552,recurring,rent,Monthly Rent,12422.00,,,
4315,1552,recurring,electricity_share,Electricity Share,2388.59,,,
4316,1552,recurring,water_share,Water Share,215.04,,,
4317,1553,recurring,rent,Monthly Rent,12422.00,,,
4318,1553,recurring,electricity_share,Electricity Share,2445.21,,,
4319,1553,recurring,water_share,Water Share,273.18,,,
4320,1554,recurring,rent,Monthly Rent,12422.00,,,
4321,1554,recurring,electricity_share,Electricity Share,1765.20,,,
4322,1554,recurring,water_share,Water Share,357.97,,,
4323,1555,recurring,rent,Monthly Rent,12422.00,,,
4324,1555,recurring,electricity_share,Electricity Share,1872.53,,,
4325,1555,recurring,water_share,Water Share,297.59,,,
4326,1556,recurring,rent,Monthly Rent,12422.00,,,
4327,1556,recurring,electricity_share,Electricity Share,1818.53,,,
4328,1556,recurring,water_share,Water Share,263.85,,,
4329,1557,recurring,rent,Monthly Rent,12422.00,,,
4330,1557,recurring,electricity_share,Electricity Share,1425.94,,,
4331,1557,recurring,water_share,Water Share,311.43,,,
4332,1558,recurring,rent,Monthly Rent,13169.00,,,
4333,1558,recurring,electricity_share,Electricity Share,1317.02,,,
4334,1558,conditional,short_term_premium,Short-Term Premium (contract under 6 months),500.00,,,
4335,1559,recurring,rent,Monthly Rent,13169.00,,,
4336,1559,recurring,electricity_share,Electricity Share,2176.95,,,
4337,1559,recurring,water_share,Water Share,380.30,,,
4338,1559,conditional,short_term_premium,Short-Term Premium (contract under 6 months),500.00,,,
4339,1560,recurring,rent,Monthly Rent,13169.00,,,
4340,1560,recurring,electricity_share,Electricity Share,861.82,,,
4341,1560,recurring,water_share,Water Share,240.33,,,
4342,1560,conditional,short_term_premium,Short-Term Premium (contract under 6 months),500.00,,,
4343,1561,move_out,electricity_share,Final Electricity Share,861.82,,,
4344,1561,move_out,water_share,Final Water Share,240.33,,,
4345,1561,move_out,deposit_refund,Security Deposit Refund,-13169.00,,,
4346,1562,recurring,rent,Monthly Rent,11065.00,,,
4347,1562,recurring,electricity_share,Electricity Share,557.46,,,
4348,1562,recurring,water_share,Water Share,84.43,,,
4349,1563,recurring,rent,Monthly Rent,11065.00,,,
4350,1563,recurring,electricity_share,Electricity Share,609.84,,,
4351,1563,recurring,water_share,Water Share,105.08,,,
4352,1564,recurring,rent,Monthly Rent,11065.00,,,
4353,1564,recurring,electricity_share,Electricity Share,477.70,,,
4354,1565,recurring,rent,Monthly Rent,11065.00,,,
4355,1565,recurring,electricity_share,Electricity Share,499.83,,,
4356,1565,recurring,water_share,Water Share,147.41,,,
4357,1566,recurring,rent,Monthly Rent,11065.00,,,
4358,1566,recurring,electricity_share,Electricity Share,477.75,,,
4359,1567,recurring,rent,Monthly Rent,11065.00,,,
4360,1567,recurring,electricity_share,Electricity Share,371.19,,,
4361,1568,move_out,electricity_share,Final Electricity Share,371.19,,,
4362,1568,move_out,deposit_refund,Security Deposit Refund,-11065.00,,,
4363,1569,recurring,rent,Monthly Rent,12296.00,,,
4364,1569,recurring,electricity_share,Electricity Share,408.62,,,
4365,1570,recurring,rent,Monthly Rent,12296.00,,,
4366,1570,recurring,electricity_share,Electricity Share,599.10,,,
4367,1571,recurring,rent,Monthly Rent,12296.00,,,
4368,1571,recurring,electricity_share,Electricity Share,803.34,,,
4369,1572,recurring,rent,Monthly Rent,12296.00,,,
4370,1572,recurring,electricity_share,Electricity Share,707.69,,,
4371,1572,recurring,water_share,Water Share,126.07,,,
4372,1573,recurring,rent,Monthly Rent,12296.00,,,
4373,1573,recurring,electricity_share,Electricity Share,409.66,,,
4374,1574,recurring,rent,Monthly Rent,12296.00,,,
4375,1574,recurring,electricity_share,Electricity Share,399.52,,,
4376,1574,recurring,water_share,Water Share,103.60,,,
4377,1575,move_out,electricity_share,Final Electricity Share,399.52,,,
4378,1575,move_out,water_share,Final Water Share,103.60,,,
4379,1575,move_out,deposit_refund,Security Deposit Refund,-12296.00,,,
4380,1576,recurring,rent,Monthly Rent,7241.00,,,
4381,1576,recurring,electricity_share,Electricity Share,2224.32,,,
4382,1577,recurring,rent,Monthly Rent,7241.00,,,
4383,1577,recurring,electricity_share,Electricity Share,1300.65,,,
4384,1577,recurring,water_share,Water Share,450.60,,,
4385,1578,recurring,rent,Monthly Rent,7241.00,,,
4386,1578,recurring,electricity_share,Electricity Share,1372.68,,,
4387,1579,recurring,rent,Monthly Rent,7241.00,,,
4388,1579,recurring,electricity_share,Electricity Share,1308.84,,,
4389,1580,recurring,rent,Monthly Rent,7241.00,,,
4390,1580,recurring,electricity_share,Electricity Share,2235.46,,,
4391,1580,recurring,water_share,Water Share,464.30,,,
4392,1581,recurring,rent,Monthly Rent,7241.00,,,
4393,1581,recurring,electricity_share,Electricity Share,1382.18,,,
4394,1581,recurring,water_share,Water Share,491.18,,,
4395,1582,recurring,rent,Monthly Rent,7087.00,,,
4396,1582,recurring,electricity_share,Electricity Share,2031.87,,,
4397,1582,recurring,water_share,Water Share,403.57,,,
4398,1583,recurring,rent,Monthly Rent,7087.00,,,
4399,1583,recurring,electricity_share,Electricity Share,2006.00,,,
4400,1583,recurring,water_share,Water Share,275.97,,,
4401,1584,recurring,rent,Monthly Rent,7087.00,,,
4402,1584,recurring,electricity_share,Electricity Share,1273.75,,,
4403,1585,recurring,rent,Monthly Rent,7087.00,,,
4404,1585,recurring,electricity_share,Electricity Share,2376.01,,,
4405,1585,recurring,water_share,Water Share,230.06,,,
4406,1586,recurring,rent,Monthly Rent,7087.00,,,
4407,1586,recurring,electricity_share,Electricity Share,2206.19,,,
4408,1586,recurring,water_share,Water Share,312.68,,,
4409,1587,recurring,rent,Monthly Rent,7087.00,,,
4410,1587,recurring,electricity_share,Electricity Share,837.57,,,
4411,1587,recurring,water_share,Water Share,125.75,,,
4412,1588,move_out,electricity_share,Final Electricity Share,837.57,,,
4413,1588,move_out,water_share,Final Water Share,125.75,,,
4414,1588,move_out,deposit_refund,Security Deposit Refund,-7087.00,,,
4415,1589,recurring,rent,Monthly Rent,11815.00,,,
4416,1589,recurring,electricity_share,Electricity Share,602.19,,,
4417,1589,recurring,water_share,Water Share,246.89,,,
4418,1589,conditional,short_term_premium,Short-Term Premium (contract under 6 months),500.00,,,
4419,1590,move_out,electricity_share,Final Electricity Share,602.19,,,
4420,1590,move_out,water_share,Final Water Share,246.89,,,
4421,1590,move_out,deposit_refund,Security Deposit Refund,-11815.00,,,
4422,1591,recurring,rent,Monthly Rent,6923.00,,,
4423,1591,recurring,electricity_share,Electricity Share,809.60,,,
4424,1591,conditional,short_term_premium,Short-Term Premium (contract under 6 months),500.00,,,
4425,1592,recurring,rent,Monthly Rent,6923.00,,,
4426,1592,recurring,electricity_share,Electricity Share,743.63,,,
4427,1592,recurring,water_share,Water Share,92.47,,,
4428,1592,conditional,short_term_premium,Short-Term Premium (contract under 6 months),500.00,,,
4429,1593,recurring,rent,Monthly Rent,6923.00,,,
4430,1593,recurring,electricity_share,Electricity Share,248.02,,,
4431,1593,recurring,water_share,Water Share,58.70,,,
4432,1593,conditional,short_term_premium,Short-Term Premium (contract under 6 months),500.00,,,
4433,1594,move_out,electricity_share,Final Electricity Share,248.02,,,
4434,1594,move_out,water_share,Final Water Share,58.70,,,
4435,1594,move_out,deposit_refund,Security Deposit Refund,-6923.00,,,
4436,1595,recurring,rent,Monthly Rent,12829.00,,,
4437,1595,recurring,electricity_share,Electricity Share,482.85,,,
4438,1595,recurring,water_share,Water Share,99.46,,,
4439,1595,conditional,short_term_premium,Short-Term Premium (contract under 6 months),500.00,,,
4440,1596,move_out,electricity_share,Final Electricity Share,482.85,,,
4441,1596,move_out,water_share,Final Water Share,99.46,,,
4442,1596,move_out,deposit_refund,Security Deposit Refund,-12829.00,,,
4443,1597,recurring,rent,Monthly Rent,9336.00,,,
4444,1597,recurring,electricity_share,Electricity Share,421.21,,,
4445,1597,recurring,water_share,Water Share,55.71,,,
4446,1597,conditional,short_term_premium,Short-Term Premium (contract under 6 months),500.00,,,
4447,1598,move_out,electricity_share,Final Electricity Share,421.21,,,
4448,1598,move_out,water_share,Final Water Share,55.71,,,
4449,1598,move_out,deposit_refund,Security Deposit Refund,-9336.00,,,
4450,1599,recurring,rent,Monthly Rent,11815.00,,,
4451,1599,recurring,electricity_share,Electricity Share,1381.24,,,
4452,1599,recurring,water_share,Water Share,488.93,,,
4453,1599,conditional,short_term_premium,Short-Term Premium (contract under 6 months),500.00,,,
4454,1600,recurring,rent,Monthly Rent,11815.00,,,
4455,1600,recurring,electricity_share,Electricity Share,1308.97,,,
4456,1600,conditional,short_term_premium,Short-Term Premium (contract under 6 months),500.00,,,
4457,1601,recurring,rent,Monthly Rent,11815.00,,,
4458,1601,recurring,electricity_share,Electricity Share,1229.44,,,
4459,1601,conditional,short_term_premium,Short-Term Premium (contract under 6 months),500.00,,,
4460,1602,move_out,electricity_share,Final Electricity Share,1229.44,,,
4461,1602,move_out,deposit_refund,Security Deposit Refund,-11815.00,,,
4462,1603,recurring,rent,Monthly Rent,6328.00,,,
4463,1603,recurring,electricity_share,Electricity Share,2007.39,,,
4464,1603,recurring,water_share,Water Share,395.12,,,
4465,1604,recurring,rent,Monthly Rent,6328.00,,,
4466,1604,recurring,electricity_share,Electricity Share,1900.67,,,
4467,1605,recurring,rent,Monthly Rent,6328.00,,,
4468,1605,recurring,electricity_share,Electricity Share,2365.97,,,
4469,1606,recurring,rent,Monthly Rent,6328.00,,,
4470,1606,recurring,electricity_share,Electricity Share,2286.89,,,
4471,1607,recurring,rent,Monthly Rent,6328.00,,,
4472,1607,recurring,electricity_share,Electricity Share,2154.96,,,
4473,1608,recurring,rent,Monthly Rent,7355.00,,,
4474,1608,recurring,electricity_share,Electricity Share,745.36,,,
4475,1608,conditional,short_term_premium,Short-Term Premium (contract under 6 months),500.00,,,
4476,1609,recurring,rent,Monthly Rent,7355.00,,,
4477,1609,recurring,electricity_share,Electricity Share,995.15,,,
4478,1609,recurring,water_share,Water Share,207.02,,,
4479,1609,conditional,short_term_premium,Short-Term Premium (contract under 6 months),500.00,,,
4480,1610,recurring,rent,Monthly Rent,7355.00,,,
4481,1610,recurring,electricity_share,Electricity Share,783.61,,,
4482,1610,conditional,short_term_premium,Short-Term Premium (contract under 6 months),500.00,,,
4483,1611,move_out,electricity_share,Final Electricity Share,783.61,,,
4484,1611,move_out,deposit_refund,Security Deposit Refund,-7355.00,,,
4485,1612,recurring,rent,Monthly Rent,6923.00,,,
4486,1612,recurring,electricity_share,Electricity Share,809.60,,,
4487,1613,recurring,rent,Monthly Rent,6923.00,,,
4488,1613,recurring,electricity_share,Electricity Share,743.63,,,
4489,1613,recurring,water_share,Water Share,92.47,,,
4490,1614,recurring,rent,Monthly Rent,6923.00,,,
4491,1614,recurring,electricity_share,Electricity Share,248.02,,,
4492,1614,recurring,water_share,Water Share,58.70,,,
4493,1615,recurring,rent,Monthly Rent,6923.00,,,
4494,1615,recurring,electricity_share,Electricity Share,332.47,,,
4495,1615,recurring,water_share,Water Share,66.36,,,
4496,1615,conditional,late_fee,"Late Fee (31 days, 1%/day)",2146.13,,,
4497,1616,recurring,rent,Monthly Rent,6923.00,,,
4498,1616,recurring,electricity_share,Electricity Share,435.72,,,
4499,1617,recurring,rent,Monthly Rent,11065.00,,,
4500,1617,recurring,electricity_share,Electricity Share,477.70,,,
4501,1618,recurring,rent,Monthly Rent,11065.00,,,
4502,1618,recurring,electricity_share,Electricity Share,499.83,,,
4503,1618,recurring,water_share,Water Share,147.41,,,
4504,1619,recurring,rent,Monthly Rent,11065.00,,,
4505,1619,recurring,electricity_share,Electricity Share,477.75,,,
4506,1620,recurring,rent,Monthly Rent,11065.00,,,
4507,1620,recurring,electricity_share,Electricity Share,371.19,,,
4508,1621,recurring,rent,Monthly Rent,11065.00,,,
4509,1621,recurring,electricity_share,Electricity Share,362.44,,,
4510,1622,recurring,rent,Monthly Rent,13169.00,,,
4511,1622,recurring,electricity_share,Electricity Share,2128.86,,,
4512,1622,recurring,water_share,Water Share,366.85,,,
4513,1623,recurring,rent,Monthly Rent,13169.00,,,
4514,1623,recurring,electricity_share,Electricity Share,1760.83,,,
4515,1623,recurring,water_share,Water Share,313.93,,,
4516,1624,recurring,rent,Monthly Rent,13169.00,,,
4517,1624,recurring,electricity_share,Electricity Share,1289.08,,,
4518,1624,recurring,water_share,Water Share,269.06,,,
4519,1625,recurring,rent,Monthly Rent,13169.00,,,
4520,1625,recurring,electricity_share,Electricity Share,1764.54,,,
4521,1626,recurring,rent,Monthly Rent,12829.00,,,
4522,1626,recurring,electricity_share,Electricity Share,494.04,,,
4523,1626,conditional,short_term_premium,Short-Term Premium (contract under 6 months),500.00,,,
4524,1627,move_out,electricity_share,Final Electricity Share,494.04,,,
4525,1627,move_out,deposit_refund,Security Deposit Refund,-12829.00,,,
4526,1628,recurring,rent,Monthly Rent,11065.00,,,
4527,1628,recurring,electricity_share,Electricity Share,499.83,,,
4528,1628,recurring,water_share,Water Share,147.41,,,
4529,1629,recurring,rent,Monthly Rent,11065.00,,,
4530,1629,recurring,electricity_share,Electricity Share,477.75,,,
4531,1630,recurring,rent,Monthly Rent,11065.00,,,
4532,1630,recurring,electricity_share,Electricity Share,371.19,,,
4533,1631,recurring,rent,Monthly Rent,11065.00,,,
4534,1631,recurring,electricity_share,Electricity Share,362.44,,,
4535,1632,recurring,rent,Monthly Rent,9336.00,,,
4536,1632,recurring,electricity_share,Electricity Share,728.34,,,
4537,1632,recurring,water_share,Water Share,74.14,,,
4538,1632,conditional,short_term_premium,Short-Term Premium (contract under 6 months),500.00,,,
4539,1633,recurring,rent,Monthly Rent,9336.00,,,
4540,1633,recurring,electricity_share,Electricity Share,464.41,,,
4541,1633,recurring,water_share,Water Share,84.41,,,
4542,1633,conditional,short_term_premium,Short-Term Premium (contract under 6 months),500.00,,,
4543,1634,recurring,rent,Monthly Rent,9336.00,,,
4544,1634,recurring,electricity_share,Electricity Share,250.03,,,
4545,1634,conditional,short_term_premium,Short-Term Premium (contract under 6 months),500.00,,,
4546,1635,move_out,electricity_share,Final Electricity Share,250.03,,,
4547,1635,move_out,deposit_refund,Security Deposit Refund,-9336.00,,,
4548,1636,recurring,rent,Monthly Rent,12004.00,,,
4549,1636,recurring,electricity_share,Electricity Share,1247.26,,,
4550,1636,conditional,short_term_premium,Short-Term Premium (contract under 6 months),500.00,,,
4551,1637,recurring,rent,Monthly Rent,12004.00,,,
4552,1637,recurring,electricity_share,Electricity Share,1442.20,,,
4553,1637,conditional,short_term_premium,Short-Term Premium (contract under 6 months),500.00,,,
4554,1638,recurring,rent,Monthly Rent,12004.00,,,
4555,1638,recurring,electricity_share,Electricity Share,616.12,,,
4556,1638,recurring,water_share,Water Share,187.54,,,
4557,1638,conditional,short_term_premium,Short-Term Premium (contract under 6 months),500.00,,,
4558,1639,move_out,electricity_share,Final Electricity Share,616.12,,,
4559,1639,move_out,water_share,Final Water Share,187.54,,,
4560,1639,move_out,deposit_refund,Security Deposit Refund,-12004.00,,,
4561,1640,recurring,rent,Monthly Rent,6718.00,,,
4562,1640,recurring,electricity_share,Electricity Share,2422.98,,,
4563,1641,recurring,rent,Monthly Rent,6718.00,,,
4564,1641,recurring,electricity_share,Electricity Share,2027.87,,,
4565,1641,recurring,water_share,Water Share,447.63,,,
4566,1642,recurring,rent,Monthly Rent,6718.00,,,
4567,1642,recurring,electricity_share,Electricity Share,1616.19,,,
4568,1642,recurring,water_share,Water Share,393.97,,,
4569,1643,recurring,rent,Monthly Rent,6718.00,,,
4570,1643,recurring,electricity_share,Electricity Share,1486.06,,,
4571,1644,move_in,advance,1 Month Advance — First Month Rent,5345.00,,,
4572,1644,move_in,security_deposit,1 Month Security Deposit,5345.00,,,
4573,1645,recurring,rent,Monthly Rent,5345.00,,,
4574,1645,recurring,electricity_share,Electricity Share,783.13,,,
4575,1645,recurring,water_share,Water Share,248.17,,,
4576,1645,conditional,short_term_premium,Short-Term Premium (contract under 6 months),500.00,,,
4577,1646,move_out,electricity_share,Final Electricity Share,783.13,,,
4578,1646,move_out,water_share,Final Water Share,248.17,,,
4579,1646,move_out,deposit_refund,Security Deposit Refund,-5345.00,,,
4580,1647,recurring,rent,Monthly Rent,12296.00,,,
4581,1647,recurring,electricity_share,Electricity Share,803.34,,,
4582,1648,recurring,rent,Monthly Rent,12296.00,,,
4583,1648,recurring,electricity_share,Electricity Share,707.69,,,
4584,1648,recurring,water_share,Water Share,126.07,,,
4585,1649,recurring,rent,Monthly Rent,12296.00,,,
4586,1649,recurring,electricity_share,Electricity Share,409.66,,,
4587,1650,recurring,rent,Monthly Rent,12296.00,,,
4588,1650,recurring,electricity_share,Electricity Share,399.52,,,
4589,1650,recurring,water_share,Water Share,103.60,,,
4590,1651,recurring,rent,Monthly Rent,9336.00,,,
4591,1651,recurring,electricity_share,Electricity Share,728.34,,,
4592,1651,recurring,water_share,Water Share,74.14,,,
4593,1651,conditional,short_term_premium,Short-Term Premium (contract under 6 months),500.00,,,
4594,1652,recurring,rent,Monthly Rent,9336.00,,,
4595,1652,recurring,electricity_share,Electricity Share,464.41,,,
4596,1652,recurring,water_share,Water Share,84.41,,,
4597,1652,conditional,short_term_premium,Short-Term Premium (contract under 6 months),500.00,,,
4598,1653,recurring,rent,Monthly Rent,9336.00,,,
4599,1653,recurring,electricity_share,Electricity Share,250.03,,,
4600,1653,conditional,short_term_premium,Short-Term Premium (contract under 6 months),500.00,,,
4601,1653,conditional,late_fee,"Late Fee (31 days, 1%/day)",2894.16,,,
4602,1654,move_out,electricity_share,Final Electricity Share,250.03,,,
4603,1654,move_out,deposit_refund,Security Deposit Refund,-9336.00,,,
4604,1655,recurring,rent,Monthly Rent,12829.00,,,
4605,1655,recurring,electricity_share,Electricity Share,494.04,,,
4606,1655,conditional,short_term_premium,Short-Term Premium (contract under 6 months),500.00,,,
4607,1656,move_out,electricity_share,Final Electricity Share,494.04,,,
4608,1656,move_out,deposit_refund,Security Deposit Refund,-12829.00,,,
4609,1657,recurring,rent,Monthly Rent,12829.00,,,
4610,1657,recurring,electricity_share,Electricity Share,1074.77,,,
4611,1657,recurring,water_share,Water Share,202.63,,,
4612,1658,recurring,rent,Monthly Rent,12829.00,,,
4613,1658,recurring,electricity_share,Electricity Share,1128.88,,,
4614,1658,recurring,water_share,Water Share,115.95,,,
4615,1659,recurring,rent,Monthly Rent,12829.00,,,
4616,1659,recurring,electricity_share,Electricity Share,869.05,,,
4617,1659,recurring,water_share,Water Share,137.14,,,
4618,1660,recurring,rent,Monthly Rent,12829.00,,,
4619,1660,recurring,electricity_share,Electricity Share,1074.77,,,
4620,1660,recurring,water_share,Water Share,202.63,,,
4621,1661,recurring,rent,Monthly Rent,12829.00,,,
4622,1661,recurring,electricity_share,Electricity Share,1128.88,,,
4623,1661,recurring,water_share,Water Share,115.95,,,
4624,1662,recurring,rent,Monthly Rent,12829.00,,,
4625,1662,recurring,electricity_share,Electricity Share,869.05,,,
4626,1662,recurring,water_share,Water Share,137.14,,,
4627,1663,recurring,rent,Monthly Rent,5345.00,,,
4628,1663,recurring,electricity_share,Electricity Share,2237.44,,,
4629,1663,recurring,water_share,Water Share,347.24,,,
4630,1664,recurring,rent,Monthly Rent,5345.00,,,
4631,1664,recurring,electricity_share,Electricity Share,2370.19,,,
4632,1664,recurring,water_share,Water Share,337.06,,,
4633,1665,recurring,rent,Monthly Rent,5345.00,,,
4634,1665,recurring,electricity_share,Electricity Share,2245.29,,,
4635,1666,recurring,rent,Monthly Rent,6923.00,,,
4636,1666,recurring,electricity_share,Electricity Share,332.47,,,
4637,1666,recurring,water_share,Water Share,66.36,,,
4638,1666,conditional,short_term_premium,Short-Term Premium (contract under 6 months),500.00,,,
4639,1667,move_out,electricity_share,Final Electricity Share,332.47,,,
4640,1667,move_out,water_share,Final Water Share,66.36,,,
4641,1667,move_out,deposit_refund,Security Deposit Refund,-6923.00,,,
4642,1668,recurring,rent,Monthly Rent,9312.00,,,
4643,1668,recurring,electricity_share,Electricity Share,784.31,,,
4644,1668,conditional,short_term_premium,Short-Term Premium (contract under 6 months),500.00,,,
4645,1669,move_out,electricity_share,Final Electricity Share,784.31,,,
4646,1669,move_out,deposit_refund,Security Deposit Refund,-9312.00,,,
4647,1670,move_in,advance,1 Month Advance — First Month Rent,13466.00,,,
4648,1670,move_in,security_deposit,1 Month Security Deposit,13466.00,,,
4649,1671,recurring,rent,Monthly Rent,13466.00,,,
4650,1671,recurring,electricity_share,Electricity Share,1091.61,,,
4651,1671,recurring,water_share,Water Share,242.46,,,
4652,1671,conditional,short_term_premium,Short-Term Premium (contract under 6 months),500.00,,,
4653,1672,move_out,electricity_share,Final Electricity Share,1091.61,,,
4654,1672,move_out,water_share,Final Water Share,242.46,,,
4655,1672,move_out,deposit_refund,Security Deposit Refund,-13466.00,,,
4656,1673,recurring,rent,Monthly Rent,7355.00,,,
4657,1673,recurring,electricity_share,Electricity Share,512.10,,,
4658,1673,recurring,water_share,Water Share,142.60,,,
4659,1673,conditional,short_term_premium,Short-Term Premium (contract under 6 months),500.00,,,
4660,1674,move_out,electricity_share,Final Electricity Share,512.10,,,
4661,1674,move_out,water_share,Final Water Share,142.60,,,
4662,1674,move_out,deposit_refund,Security Deposit Refund,-7355.00,,,
4663,1675,recurring,rent,Monthly Rent,6923.00,,,
4664,1675,recurring,electricity_share,Electricity Share,332.47,,,
4665,1675,recurring,water_share,Water Share,66.36,,,
4666,1675,conditional,short_term_premium,Short-Term Premium (contract under 6 months),500.00,,,
4667,1676,move_out,electricity_share,Final Electricity Share,332.47,,,
4668,1676,move_out,water_share,Final Water Share,66.36,,,
4669,1676,move_out,deposit_refund,Security Deposit Refund,-6923.00,,,
4670,1677,recurring,rent,Monthly Rent,11815.00,,,
4671,1677,recurring,electricity_share,Electricity Share,1829.83,,,
4672,1677,recurring,water_share,Water Share,258.96,,,
4673,1677,conditional,short_term_premium,Short-Term Premium (contract under 6 months),500.00,,,
4674,1678,recurring,rent,Monthly Rent,11815.00,,,
4675,1678,recurring,electricity_share,Electricity Share,1234.71,,,
4676,1678,recurring,water_share,Water Share,368.68,,,
4677,1678,conditional,short_term_premium,Short-Term Premium (contract under 6 months),500.00,,,
4678,1679,recurring,rent,Monthly Rent,6923.00,,,
4679,1679,recurring,electricity_share,Electricity Share,435.72,,,
4680,1679,conditional,short_term_premium,Short-Term Premium (contract under 6 months),500.00,,,
4681,1680,move_out,electricity_share,Final Electricity Share,435.72,,,
4682,1680,move_out,deposit_refund,Security Deposit Refund,-6923.00,,,
4683,1681,recurring,rent,Monthly Rent,11065.00,,,
4684,1681,recurring,electricity_share,Electricity Share,362.44,,,
4685,1681,conditional,short_term_premium,Short-Term Premium (contract under 6 months),500.00,,,
4686,1682,move_out,electricity_share,Final Electricity Share,362.44,,,
4687,1682,move_out,deposit_refund,Security Deposit Refund,-11065.00,,,
4688,1683,recurring,rent,Monthly Rent,9312.00,,,
4689,1683,recurring,electricity_share,Electricity Share,1305.27,,,
4690,1683,conditional,short_term_premium,Short-Term Premium (contract under 6 months),500.00,,,
4691,1684,recurring,rent,Monthly Rent,12004.00,,,
4692,1684,recurring,electricity_share,Electricity Share,1036.24,,,
4693,1684,recurring,water_share,Water Share,114.55,,,
4694,1684,conditional,short_term_premium,Short-Term Premium (contract under 6 months),500.00,,,
4695,1685,move_out,electricity_share,Final Electricity Share,1036.24,,,
4696,1685,move_out,water_share,Final Water Share,114.55,,,
4697,1685,move_out,deposit_refund,Security Deposit Refund,-12004.00,,,
4698,1686,recurring,rent,Monthly Rent,13743.00,,,
4699,1686,recurring,electricity_share,Electricity Share,683.61,,,
4700,1686,recurring,water_share,Water Share,159.82,,,
4701,1686,conditional,short_term_premium,Short-Term Premium (contract under 6 months),500.00,,,
4702,1687,recurring,rent,Monthly Rent,7355.00,,,
4703,1687,recurring,electricity_share,Electricity Share,1112.48,,,
4704,1687,conditional,short_term_premium,Short-Term Premium (contract under 6 months),500.00,,,
4705,1688,recurring,rent,Monthly Rent,11042.00,,,
4706,1688,recurring,electricity_share,Electricity Share,1092.26,,,
4707,1688,conditional,short_term_premium,Short-Term Premium (contract under 6 months),500.00,,,
4708,1689,move_out,electricity_share,Final Electricity Share,1092.26,,,
4709,1689,move_out,deposit_refund,Security Deposit Refund,-11042.00,,,
4710,1690,recurring,rent,Monthly Rent,9336.00,,,
4711,1690,recurring,electricity_share,Electricity Share,412.72,,,
4712,1690,recurring,water_share,Water Share,42.68,,,
4713,1690,conditional,short_term_premium,Short-Term Premium (contract under 6 months),500.00,,,
4714,1691,move_out,electricity_share,Final Electricity Share,412.72,,,
4715,1691,move_out,water_share,Final Water Share,42.68,,,
4716,1691,move_out,deposit_refund,Security Deposit Refund,-9336.00,,,
4717,1692,recurring,rent,Monthly Rent,9336.00,,,
4718,1692,recurring,electricity_share,Electricity Share,412.72,,,
4719,1692,recurring,water_share,Water Share,42.68,,,
4720,1692,conditional,short_term_premium,Short-Term Premium (contract under 6 months),500.00,,,
4721,1693,move_out,electricity_share,Final Electricity Share,412.72,,,
4722,1693,move_out,water_share,Final Water Share,42.68,,,
4723,1693,move_out,deposit_refund,Security Deposit Refund,-9336.00,,,
4724,1694,recurring,rent,Monthly Rent,13466.00,,,
4725,1694,recurring,electricity_share,Electricity Share,906.56,,,
4726,1694,conditional,short_term_premium,Short-Term Premium (contract under 6 months),500.00,,,
4727,1695,move_out,electricity_share,Final Electricity Share,906.56,,,
4728,1695,move_out,deposit_refund,Security Deposit Refund,-13466.00,,,
4729,1696,recurring,rent,Monthly Rent,6923.00,,,
4730,1696,recurring,electricity_share,Electricity Share,435.72,,,
4731,1696,conditional,short_term_premium,Short-Term Premium (contract under 6 months),500.00,,,
