id,psgc_code,name,province_id,created_at,updated_at
1,012801000,Adams,1,2026-05-07 21:07:21,2026-05-07 21:07:21
2,012802000,Bacarra,1,2026-05-07 21:07:21,2026-05-07 21:07:21
3,012803000,Badoc,1,2026-05-07 21:07:21,2026-05-07 21:07:21
4,012804000,Bangui,1,2026-05-07 21:07:21,2026-05-07 21:07:21
5,012805000,City of Batac,1,2026-05-07 21:07:21,2026-05-07 21:07:21
6,012806000,Burgos,1,2026-05-07 21:07:21,2026-05-07 21:07:21
7,012807000,Carasi,1,2026-05-07 21:07:21,2026-05-07 21:07:21
8,012808000,Currimao,1,2026-05-07 21:07:21,2026-05-07 21:07:21
9,012809000,Dingras,1,2026-05-07 21:07:21,2026-05-07 21:07:21
10,012810000,Dumalneg,1,2026-05-07 21:07:21,2026-05-07 21:07:21
11,012811000,Banna,1,2026-05-07 21:07:21,2026-05-07 21:07:21
12,012812000,City of Laoag,1,2026-05-07 21:07:21,2026-05-07 21:07:21
13,012813000,Marcos,1,2026-05-07 21:07:21,2026-05-07 21:07:21
14,012814000,Nueva Era,1,2026-05-07 21:07:21,2026-05-07 21:07:21
15,012815000,Pagudpud,1,2026-05-07 21:07:21,2026-05-07 21:07:21
16,012816000,Paoay,1,2026-05-07 21:07:21,2026-05-07 21:07:21
17,012817000,Pasuquin,1,2026-05-07 21:07:21,2026-05-07 21:07:21
18,012818000,Piddig,1,2026-05-07 21:07:21,2026-05-07 21:07:21
19,012819000,Pinili,1,2026-05-07 21:07:21,2026-05-07 21:07:21
20,012820000,San Nicolas,1,2026-05-07 21:07:21,2026-05-07 21:07:21
21,012821000,Sarrat,1,2026-05-07 21:07:21,2026-05-07 21:07:21
22,012822000,Solsona,1,2026-05-07 21:07:21,2026-05-07 21:07:21
23,012823000,Vintar,1,2026-05-07 21:07:21,2026-05-07 21:07:21
24,012901000,Alilem,2,2026-05-07 21:07:21,2026-05-07 21:07:21
25,012902000,Banayoyo,2,2026-05-07 21:07:21,2026-05-07 21:07:21
26,012903000,Bantay,2,2026-05-07 21:07:21,2026-05-07 21:07:21
27,012904000,Burgos,2,2026-05-07 21:07:21,2026-05-07 21:07:21
28,012905000,Cabugao,2,2026-05-07 21:07:21,2026-05-07 21:07:21
29,012906000,City of Candon,2,2026-05-07 21:07:21,2026-05-07 21:07:21
30,012907000,Caoayan,2,2026-05-07 21:07:21,2026-05-07 21:07:21
31,012908000,Cervantes,2,2026-05-07 21:07:21,2026-05-07 21:07:21
32,012909000,Galimuyod,2,2026-05-07 21:07:21,2026-05-07 21:07:21
33,012910000,Gregorio Del Pilar,2,2026-05-07 21:07:21,2026-05-07 21:07:21
34,012911000,Lidlidda,2,2026-05-07 21:07:21,2026-05-07 21:07:21
35,012912000,Magsingal,2,2026-05-07 21:07:21,2026-05-07 21:07:21
36,012913000,Nagbukel,2,2026-05-07 21:07:21,2026-05-07 21:07:21
37,012914000,Narvacan,2,2026-05-07 21:07:21,2026-05-07 21:07:21
38,012915000,Quirino,2,2026-05-07 21:07:21,2026-05-07 21:07:21
39,012916000,Salcedo,2,2026-05-07 21:07:21,2026-05-07 21:07:21
40,012917000,San Emilio,2,2026-05-07 21:07:21,2026-05-07 21:07:21
41,012918000,San Esteban,2,2026-05-07 21:07:21,2026-05-07 21:07:21
42,012919000,San Ildefonso,2,2026-05-07 21:07:21,2026-05-07 21:07:21
43,012920000,San Juan,2,2026-05-07 21:07:21,2026-05-07 21:07:21
44,012921000,San Vicente,2,2026-05-07 21:07:21,2026-05-07 21:07:21
45,012922000,Santa,2,2026-05-07 21:07:21,2026-05-07 21:07:21
46,012923000,Santa Catalina,2,2026-05-07 21:07:21,2026-05-07 21:07:21
47,012924000,Santa Cruz,2,2026-05-07 21:07:21,2026-05-07 21:07:21
48,012925000,Santa Lucia,2,2026-05-07 21:07:21,2026-05-07 21:07:21
49,012926000,Santa Maria,2,2026-05-07 21:07:21,2026-05-07 21:07:21
50,012927000,Santiago,2,2026-05-07 21:07:21,2026-05-07 21:07:21
51,012928000,Santo Domingo,2,2026-05-07 21:07:21,2026-05-07 21:07:21
52,012929000,Sigay,2,2026-05-07 21:07:21,2026-05-07 21:07:21
53,012930000,Sinait,2,2026-05-07 21:07:21,2026-05-07 21:07:21
54,012931000,Sugpon,2,2026-05-07 21:07:21,2026-05-07 21:07:21
55,012932000,Suyo,2,2026-05-07 21:07:21,2026-05-07 21:07:21
56,012933000,Tagudin,2,2026-05-07 21:07:21,2026-05-07 21:07:21
57,012934000,City of Vigan,2,2026-05-07 21:07:21,2026-05-07 21:07:21
58,013301000,Agoo,3,2026-05-07 21:07:21,2026-05-07 21:07:21
59,013302000,Aringay,3,2026-05-07 21:07:21,2026-05-07 21:07:21
60,013303000,Bacnotan,3,2026-05-07 21:07:21,2026-05-07 21:07:21
61,013304000,Bagulin,3,2026-05-07 21:07:21,2026-05-07 21:07:21
62,013305000,Balaoan,3,2026-05-07 21:07:21,2026-05-07 21:07:21
63,013306000,Bangar,3,2026-05-07 21:07:21,2026-05-07 21:07:21
64,013307000,Bauang,3,2026-05-07 21:07:21,2026-05-07 21:07:21
65,013308000,Burgos,3,2026-05-07 21:07:21,2026-05-07 21:07:21
66,013309000,Caba,3,2026-05-07 21:07:21,2026-05-07 21:07:21
67,013310000,Luna,3,2026-05-07 21:07:21,2026-05-07 21:07:21
68,013311000,Naguilian,3,2026-05-07 21:07:21,2026-05-07 21:07:21
69,013312000,Pugo,3,2026-05-07 21:07:21,2026-05-07 21:07:21
70,013313000,Rosario,3,2026-05-07 21:07:21,2026-05-07 21:07:21
71,013314000,City of San Fernando,3,2026-05-07 21:07:21,2026-05-07 21:07:21
72,013315000,San Gabriel,3,2026-05-07 21:07:21,2026-05-07 21:07:21
73,013316000,San Juan,3,2026-05-07 21:07:21,2026-05-07 21:07:21
74,013317000,Santo Tomas,3,2026-05-07 21:07:21,2026-05-07 21:07:21
75,013318000,Santol,3,2026-05-07 21:07:21,2026-05-07 21:07:21
76,013319000,Sudipen,3,2026-05-07 21:07:21,2026-05-07 21:07:21
77,013320000,Tubao,3,2026-05-07 21:07:21,2026-05-07 21:07:21
78,015501000,Agno,4,2026-05-07 21:07:21,2026-05-07 21:07:21
79,015502000,Aguilar,4,2026-05-07 21:07:21,2026-05-07 21:07:21
80,015503000,City of Alaminos,4,2026-05-07 21:07:21,2026-05-07 21:07:21
81,015504000,Alcala,4,2026-05-07 21:07:21,2026-05-07 21:07:21
82,015505000,Anda,4,2026-05-07 21:07:21,2026-05-07 21:07:21
83,015506000,Asingan,4,2026-05-07 21:07:21,2026-05-07 21:07:21
84,015507000,Balungao,4,2026-05-07 21:07:21,2026-05-07 21:07:21
85,015508000,Bani,4,2026-05-07 21:07:21,2026-05-07 21:07:21
86,015509000,Basista,4,2026-05-07 21:07:21,2026-05-07 21:07:21
87,015510000,Bautista,4,2026-05-07 21:07:21,2026-05-07 21:07:21
88,015511000,Bayambang,4,2026-05-07 21:07:21,2026-05-07 21:07:21
89,015512000,Binalonan,4,2026-05-07 21:07:21,2026-05-07 21:07:21
90,015513000,Binmaley,4,2026-05-07 21:07:21,2026-05-07 21:07:21
91,015514000,Bolinao,4,2026-05-07 21:07:21,2026-05-07 21:07:21
92,015515000,Bugallon,4,2026-05-07 21:07:21,2026-05-07 21:07:21
93,015516000,Burgos,4,2026-05-07 21:07:21,2026-05-07 21:07:21
94,015517000,Calasiao,4,2026-05-07 21:07:21,2026-05-07 21:07:21
95,015518000,City of Dagupan,4,2026-05-07 21:07:21,2026-05-07 21:07:21
96,015519000,Dasol,4,2026-05-07 21:07:21,2026-05-07 21:07:21
97,015520000,Infanta,4,2026-05-07 21:07:21,2026-05-07 21:07:21
98,015521000,Labrador,4,2026-05-07 21:07:21,2026-05-07 21:07:21
99,015522000,Lingayen,4,2026-05-07 21:07:21,2026-05-07 21:07:21
100,015523000,Mabini,4,2026-05-07 21:07:21,2026-05-07 21:07:21
101,015524000,Malasiqui,4,2026-05-07 21:07:21,2026-05-07 21:07:21
102,015525000,Manaoag,4,2026-05-07 21:07:21,2026-05-07 21:07:21
103,015526000,Mangaldan,4,2026-05-07 21:07:21,2026-05-07 21:07:21
104,015527000,Mangatarem,4,2026-05-07 21:07:21,2026-05-07 21:07:21
105,015528000,Mapandan,4,2026-05-07 21:07:21,2026-05-07 21:07:21
106,015529000,Natividad,4,2026-05-07 21:07:21,2026-05-07 21:07:21
107,015530000,Pozorrubio,4,2026-05-07 21:07:21,2026-05-07 21:07:21
108,015531000,Rosales,4,2026-05-07 21:07:21,2026-05-07 21:07:21
109,015532000,City of San Carlos,4,2026-05-07 21:07:21,2026-05-07 21:07:21
110,015533000,San Fabian,4,2026-05-07 21:07:21,2026-05-07 21:07:21
111,015534000,San Jacinto,4,2026-05-07 21:07:21,2026-05-07 21:07:21
112,015535000,San Manuel,4,2026-05-07 21:07:21,2026-05-07 21:07:21
113,015536000,San Nicolas,4,2026-05-07 21:07:21,2026-05-07 21:07:21
114,015537000,San Quintin,4,2026-05-07 21:07:21,2026-05-07 21:07:21
115,015538000,Santa Barbara,4,2026-05-07 21:07:21,2026-05-07 21:07:21
116,015539000,Santa Maria,4,2026-05-07 21:07:21,2026-05-07 21:07:21
117,015540000,Santo Tomas,4,2026-05-07 21:07:21,2026-05-07 21:07:21
118,015541000,Sison,4,2026-05-07 21:07:21,2026-05-07 21:07:21
119,015542000,Sual,4,2026-05-07 21:07:21,2026-05-07 21:07:21
120,015543000,Tayug,4,2026-05-07 21:07:21,2026-05-07 21:07:21
121,015544000,Umingan,4,2026-05-07 21:07:21,2026-05-07 21:07:21
122,015545000,Urbiztondo,4,2026-05-07 21:07:21,2026-05-07 21:07:21
123,015546000,City of Urdaneta,4,2026-05-07 21:07:21,2026-05-07 21:07:21
124,015547000,Villasis,4,2026-05-07 21:07:21,2026-05-07 21:07:21
125,015548000,Laoac,4,2026-05-07 21:07:21,2026-05-07 21:07:21
126,020901000,Basco,5,2026-05-07 21:07:21,2026-05-07 21:07:21
127,020902000,Itbayat,5,2026-05-07 21:07:21,2026-05-07 21:07:21
128,020903000,Ivana,5,2026-05-07 21:07:21,2026-05-07 21:07:21
129,020904000,Mahatao,5,2026-05-07 21:07:21,2026-05-07 21:07:21
130,020905000,Sabtang,5,2026-05-07 21:07:21,2026-05-07 21:07:21
131,020906000,Uyugan,5,2026-05-07 21:07:21,2026-05-07 21:07:21
132,021501000,Abulug,6,2026-05-07 21:07:21,2026-05-07 21:07:21
133,021502000,Alcala,6,2026-05-07 21:07:21,2026-05-07 21:07:21
134,021503000,Allacapan,6,2026-05-07 21:07:21,2026-05-07 21:07:21
135,021504000,Amulung,6,2026-05-07 21:07:21,2026-05-07 21:07:21
136,021505000,Aparri,6,2026-05-07 21:07:21,2026-05-07 21:07:21
137,021506000,Baggao,6,2026-05-07 21:07:21,2026-05-07 21:07:21
138,021507000,Ballesteros,6,2026-05-07 21:07:21,2026-05-07 21:07:21
139,021508000,Buguey,6,2026-05-07 21:07:21,2026-05-07 21:07:21
140,021509000,Calayan,6,2026-05-07 21:07:21,2026-05-07 21:07:21
141,021510000,Camalaniugan,6,2026-05-07 21:07:21,2026-05-07 21:07:21
142,021511000,Claveria,6,2026-05-07 21:07:21,2026-05-07 21:07:21
143,021512000,Enrile,6,2026-05-07 21:07:21,2026-05-07 21:07:21
144,021513000,Gattaran,6,2026-05-07 21:07:21,2026-05-07 21:07:21
145,021514000,Gonzaga,6,2026-05-07 21:07:21,2026-05-07 21:07:21
146,021515000,Iguig,6,2026-05-07 21:07:21,2026-05-07 21:07:21
147,021516000,Lal-Lo,6,2026-05-07 21:07:21,2026-05-07 21:07:21
148,021517000,Lasam,6,2026-05-07 21:07:21,2026-05-07 21:07:21
149,021518000,Pamplona,6,2026-05-07 21:07:21,2026-05-07 21:07:21
150,021519000,Peñablanca,6,2026-05-07 21:07:21,2026-05-07 21:07:21
151,021520000,Piat,6,2026-05-07 21:07:21,2026-05-07 21:07:21
152,021521000,Rizal,6,2026-05-07 21:07:21,2026-05-07 21:07:21
153,021522000,Sanchez-Mira,6,2026-05-07 21:07:21,2026-05-07 21:07:21
154,021523000,Santa Ana,6,2026-05-07 21:07:21,2026-05-07 21:07:21
155,021524000,Santa Praxedes,6,2026-05-07 21:07:21,2026-05-07 21:07:21
156,021525000,Santa Teresita,6,2026-05-07 21:07:21,2026-05-07 21:07:21
157,021526000,Santo Niño,6,2026-05-07 21:07:21,2026-05-07 21:07:21
158,021527000,Solana,6,2026-05-07 21:07:21,2026-05-07 21:07:21
159,021528000,Tuao,6,2026-05-07 21:07:21,2026-05-07 21:07:21
160,021529000,Tuguegarao City,6,2026-05-07 21:07:21,2026-05-07 21:07:21
161,023101000,Alicia,7,2026-05-07 21:07:21,2026-05-07 21:07:21
162,023102000,Angadanan,7,2026-05-07 21:07:21,2026-05-07 21:07:21
163,023103000,Aurora,7,2026-05-07 21:07:21,2026-05-07 21:07:21
164,023104000,Benito Soliven,7,2026-05-07 21:07:21,2026-05-07 21:07:21
165,023105000,Burgos,7,2026-05-07 21:07:21,2026-05-07 21:07:21
166,023106000,Cabagan,7,2026-05-07 21:07:21,2026-05-07 21:07:21
167,023107000,Cabatuan,7,2026-05-07 21:07:21,2026-05-07 21:07:21
168,023108000,City of Cauayan,7,2026-05-07 21:07:21,2026-05-07 21:07:21
169,023109000,Cordon,7,2026-05-07 21:07:21,2026-05-07 21:07:21
170,023110000,Dinapigue,7,2026-05-07 21:07:21,2026-05-07 21:07:21
171,023111000,Divilacan,7,2026-05-07 21:07:21,2026-05-07 21:07:21
172,023112000,Echague,7,2026-05-07 21:07:21,2026-05-07 21:07:21
173,023113000,Gamu,7,2026-05-07 21:07:21,2026-05-07 21:07:21
174,023114000,City of Ilagan,7,2026-05-07 21:07:21,2026-05-07 21:07:21
175,023115000,Jones,7,2026-05-07 21:07:21,2026-05-07 21:07:21
176,023116000,Luna,7,2026-05-07 21:07:21,2026-05-07 21:07:21
177,023117000,Maconacon,7,2026-05-07 21:07:21,2026-05-07 21:07:21
178,023118000,Delfin Albano,7,2026-05-07 21:07:21,2026-05-07 21:07:21
179,023119000,Mallig,7,2026-05-07 21:07:21,2026-05-07 21:07:21
180,023120000,Naguilian,7,2026-05-07 21:07:21,2026-05-07 21:07:21
181,023121000,Palanan,7,2026-05-07 21:07:21,2026-05-07 21:07:21
182,023122000,Quezon,7,2026-05-07 21:07:21,2026-05-07 21:07:21
183,023123000,Quirino,7,2026-05-07 21:07:21,2026-05-07 21:07:21
184,023124000,Ramon,7,2026-05-07 21:07:21,2026-05-07 21:07:21
185,023125000,Reina Mercedes,7,2026-05-07 21:07:21,2026-05-07 21:07:21
186,023126000,Roxas,7,2026-05-07 21:07:21,2026-05-07 21:07:21
187,023127000,San Agustin,7,2026-05-07 21:07:21,2026-05-07 21:07:21
188,023128000,San Guillermo,7,2026-05-07 21:07:21,2026-05-07 21:07:21
189,023129000,San Isidro,7,2026-05-07 21:07:21,2026-05-07 21:07:21
190,023130000,San Manuel,7,2026-05-07 21:07:21,2026-05-07 21:07:21
191,023131000,San Mariano,7,2026-05-07 21:07:21,2026-05-07 21:07:21
192,023132000,San Mateo,7,2026-05-07 21:07:21,2026-05-07 21:07:21
193,023133000,San Pablo,7,2026-05-07 21:07:21,2026-05-07 21:07:21
194,023134000,Santa Maria,7,2026-05-07 21:07:21,2026-05-07 21:07:21
195,023135000,City of Santiago,7,2026-05-07 21:07:21,2026-05-07 21:07:21
196,023136000,Santo Tomas,7,2026-05-07 21:07:21,2026-05-07 21:07:21
197,023137000,Tumauini,7,2026-05-07 21:07:21,2026-05-07 21:07:21
198,025001000,Ambaguio,8,2026-05-07 21:07:21,2026-05-07 21:07:21
199,025002000,Aritao,8,2026-05-07 21:07:21,2026-05-07 21:07:21
200,025003000,Bagabag,8,2026-05-07 21:07:21,2026-05-07 21:07:21
201,025004000,Bambang,8,2026-05-07 21:07:21,2026-05-07 21:07:21
202,025005000,Bayombong,8,2026-05-07 21:07:21,2026-05-07 21:07:21
203,025006000,Diadi,8,2026-05-07 21:07:21,2026-05-07 21:07:21
204,025007000,Dupax Del Norte,8,2026-05-07 21:07:21,2026-05-07 21:07:21
205,025008000,Dupax Del Sur,8,2026-05-07 21:07:21,2026-05-07 21:07:21
206,025009000,Kasibu,8,2026-05-07 21:07:21,2026-05-07 21:07:21
207,025010000,Kayapa,8,2026-05-07 21:07:21,2026-05-07 21:07:21
208,025011000,Quezon,8,2026-05-07 21:07:21,2026-05-07 21:07:21
209,025012000,Santa Fe,8,2026-05-07 21:07:21,2026-05-07 21:07:21
210,025013000,Solano,8,2026-05-07 21:07:21,2026-05-07 21:07:21
211,025014000,Villaverde,8,2026-05-07 21:07:21,2026-05-07 21:07:21
212,025015000,Alfonso Castaneda,8,2026-05-07 21:07:21,2026-05-07 21:07:21
213,025701000,Aglipay,9,2026-05-07 21:07:21,2026-05-07 21:07:21
214,025702000,Cabarroguis,9,2026-05-07 21:07:21,2026-05-07 21:07:21
215,025703000,Diffun,9,2026-05-07 21:07:21,2026-05-07 21:07:21
216,025704000,Maddela,9,2026-05-07 21:07:21,2026-05-07 21:07:21
217,025705000,Saguday,9,2026-05-07 21:07:21,2026-05-07 21:07:21
218,025706000,Nagtipunan,9,2026-05-07 21:07:21,2026-05-07 21:07:21
219,030801000,Abucay,10,2026-05-07 21:07:21,2026-05-07 21:07:21
220,030802000,Bagac,10,2026-05-07 21:07:21,2026-05-07 21:07:21
221,030803000,City of Balanga,10,2026-05-07 21:07:21,2026-05-07 21:07:21
222,030804000,Dinalupihan,10,2026-05-07 21:07:21,2026-05-07 21:07:21
223,030805000,Hermosa,10,2026-05-07 21:07:21,2026-05-07 21:07:21
224,030806000,Limay,10,2026-05-07 21:07:21,2026-05-07 21:07:21
225,030807000,Mariveles,10,2026-05-07 21:07:21,2026-05-07 21:07:21
226,030808000,Morong,10,2026-05-07 21:07:21,2026-05-07 21:07:21
227,030809000,Orani,10,2026-05-07 21:07:21,2026-05-07 21:07:21
228,030810000,Orion,10,2026-05-07 21:07:21,2026-05-07 21:07:21
229,030811000,Pilar,10,2026-05-07 21:07:21,2026-05-07 21:07:21
230,030812000,Samal,10,2026-05-07 21:07:21,2026-05-07 21:07:21
231,031401000,Angat,11,2026-05-07 21:07:21,2026-05-07 21:07:21
232,031402000,Balagtas,11,2026-05-07 21:07:21,2026-05-07 21:07:21
233,031403000,Baliuag,11,2026-05-07 21:07:21,2026-05-07 21:07:21
234,031404000,Bocaue,11,2026-05-07 21:07:21,2026-05-07 21:07:21
235,031405000,Bulacan,11,2026-05-07 21:07:21,2026-05-07 21:07:21
236,031406000,Bustos,11,2026-05-07 21:07:21,2026-05-07 21:07:21
237,031407000,Calumpit,11,2026-05-07 21:07:21,2026-05-07 21:07:21
238,031408000,Guiguinto,11,2026-05-07 21:07:21,2026-05-07 21:07:21
239,031409000,Hagonoy,11,2026-05-07 21:07:21,2026-05-07 21:07:21
240,031410000,City of Malolos,11,2026-05-07 21:07:21,2026-05-07 21:07:21
241,031411000,Marilao,11,2026-05-07 21:07:21,2026-05-07 21:07:21
242,031412000,City of Meycauayan,11,2026-05-07 21:07:21,2026-05-07 21:07:21
243,031413000,Norzagaray,11,2026-05-07 21:07:21,2026-05-07 21:07:21
244,031414000,Obando,11,2026-05-07 21:07:21,2026-05-07 21:07:21
245,031415000,Pandi,11,2026-05-07 21:07:21,2026-05-07 21:07:21
246,031416000,Paombong,11,2026-05-07 21:07:21,2026-05-07 21:07:21
247,031417000,Plaridel,11,2026-05-07 21:07:21,2026-05-07 21:07:21
248,031418000,Pulilan,11,2026-05-07 21:07:21,2026-05-07 21:07:21
249,031419000,San Ildefonso,11,2026-05-07 21:07:21,2026-05-07 21:07:21
250,031420000,City of San Jose Del Monte,11,2026-05-07 21:07:21,2026-05-07 21:07:21
251,031421000,San Miguel,11,2026-05-07 21:07:21,2026-05-07 21:07:21
252,031422000,San Rafael,11,2026-05-07 21:07:21,2026-05-07 21:07:21
253,031423000,Santa Maria,11,2026-05-07 21:07:21,2026-05-07 21:07:21
254,031424000,Doña Remedios Trinidad,11,2026-05-07 21:07:21,2026-05-07 21:07:21
255,034901000,Aliaga,12,2026-05-07 21:07:21,2026-05-07 21:07:21
256,034902000,Bongabon,12,2026-05-07 21:07:21,2026-05-07 21:07:21
257,034903000,City of Cabanatuan,12,2026-05-07 21:07:21,2026-05-07 21:07:21
258,034904000,Cabiao,12,2026-05-07 21:07:21,2026-05-07 21:07:21
259,034905000,Carranglan,12,2026-05-07 21:07:21,2026-05-07 21:07:21
260,034906000,Cuyapo,12,2026-05-07 21:07:21,2026-05-07 21:07:21
261,034907000,Gabaldon,12,2026-05-07 21:07:21,2026-05-07 21:07:21
262,034908000,City of Gapan,12,2026-05-07 21:07:21,2026-05-07 21:07:21
263,034909000,General Mamerto Natividad,12,2026-05-07 21:07:21,2026-05-07 21:07:21
264,034910000,General Tinio,12,2026-05-07 21:07:21,2026-05-07 21:07:21
265,034911000,Guimba,12,2026-05-07 21:07:21,2026-05-07 21:07:21
266,034912000,Jaen,12,2026-05-07 21:07:21,2026-05-07 21:07:21
267,034913000,Laur,12,2026-05-07 21:07:21,2026-05-07 21:07:21
268,034914000,Licab,12,2026-05-07 21:07:21,2026-05-07 21:07:21
269,034915000,Llanera,12,2026-05-07 21:07:21,2026-05-07 21:07:21
270,034916000,Lupao,12,2026-05-07 21:07:21,2026-05-07 21:07:21
271,034917000,Science City of Muñoz,12,2026-05-07 21:07:21,2026-05-07 21:07:21
272,034918000,Nampicuan,12,2026-05-07 21:07:21,2026-05-07 21:07:21
273,034919000,City of Palayan,12,2026-05-07 21:07:21,2026-05-07 21:07:21
274,034920000,Pantabangan,12,2026-05-07 21:07:21,2026-05-07 21:07:21
275,034921000,Peñaranda,12,2026-05-07 21:07:21,2026-05-07 21:07:21
276,034922000,Quezon,12,2026-05-07 21:07:21,2026-05-07 21:07:21
277,034923000,Rizal,12,2026-05-07 21:07:21,2026-05-07 21:07:21
278,034924000,San Antonio,12,2026-05-07 21:07:21,2026-05-07 21:07:21
279,034925000,San Isidro,12,2026-05-07 21:07:21,2026-05-07 21:07:21
280,034926000,San Jose City,12,2026-05-07 21:07:21,2026-05-07 21:07:21
281,034927000,San Leonardo,12,2026-05-07 21:07:21,2026-05-07 21:07:21
282,034928000,Santa Rosa,12,2026-05-07 21:07:21,2026-05-07 21:07:21
283,034929000,Santo Domingo,12,2026-05-07 21:07:21,2026-05-07 21:07:21
284,034930000,Talavera,12,2026-05-07 21:07:21,2026-05-07 21:07:21
285,034931000,Talugtug,12,2026-05-07 21:07:21,2026-05-07 21:07:21
286,034932000,Zaragoza,12,2026-05-07 21:07:21,2026-05-07 21:07:21
287,035401000,City of Angeles,13,2026-05-07 21:07:21,2026-05-07 21:07:21
288,035402000,Apalit,13,2026-05-07 21:07:21,2026-05-07 21:07:21
289,035403000,Arayat,13,2026-05-07 21:07:21,2026-05-07 21:07:21
290,035404000,Bacolor,13,2026-05-07 21:07:21,2026-05-07 21:07:21
291,035405000,Candaba,13,2026-05-07 21:07:21,2026-05-07 21:07:21
292,035406000,Floridablanca,13,2026-05-07 21:07:21,2026-05-07 21:07:21
293,035407000,Guagua,13,2026-05-07 21:07:21,2026-05-07 21:07:21
294,035408000,Lubao,13,2026-05-07 21:07:21,2026-05-07 21:07:21
295,035409000,Mabalacat City,13,2026-05-07 21:07:21,2026-05-07 21:07:21
296,035410000,Macabebe,13,2026-05-07 21:07:21,2026-05-07 21:07:21
297,035411000,Magalang,13,2026-05-07 21:07:21,2026-05-07 21:07:21
298,035412000,Masantol,13,2026-05-07 21:07:21,2026-05-07 21:07:21
299,035413000,Mexico,13,2026-05-07 21:07:21,2026-05-07 21:07:21
300,035414000,Minalin,13,2026-05-07 21:07:21,2026-05-07 21:07:21
301,035415000,Porac,13,2026-05-07 21:07:21,2026-05-07 21:07:21
302,035416000,City of San Fernando,13,2026-05-07 21:07:21,2026-05-07 21:07:21
303,035417000,San Luis,13,2026-05-07 21:07:21,2026-05-07 21:07:21
304,035418000,San Simon,13,2026-05-07 21:07:21,2026-05-07 21:07:21
305,035419000,Santa Ana,13,2026-05-07 21:07:21,2026-05-07 21:07:21
306,035420000,Santa Rita,13,2026-05-07 21:07:21,2026-05-07 21:07:21
307,035421000,Sto. Tomas,13,2026-05-07 21:07:21,2026-05-07 21:07:21
308,035422000,Sasmuan,13,2026-05-07 21:07:21,2026-05-07 21:07:21
309,036901000,Anao,14,2026-05-07 21:07:21,2026-05-07 21:07:21
310,036902000,Bamban,14,2026-05-07 21:07:21,2026-05-07 21:07:21
311,036903000,Camiling,14,2026-05-07 21:07:21,2026-05-07 21:07:21
312,036904000,Capas,14,2026-05-07 21:07:21,2026-05-07 21:07:21
313,036905000,Concepcion,14,2026-05-07 21:07:21,2026-05-07 21:07:21
314,036906000,Gerona,14,2026-05-07 21:07:21,2026-05-07 21:07:21
315,036907000,La Paz,14,2026-05-07 21:07:21,2026-05-07 21:07:21
316,036908000,Mayantoc,14,2026-05-07 21:07:21,2026-05-07 21:07:21
317,036909000,Moncada,14,2026-05-07 21:07:21,2026-05-07 21:07:21
318,036910000,Paniqui,14,2026-05-07 21:07:21,2026-05-07 21:07:21
319,036911000,Pura,14,2026-05-07 21:07:21,2026-05-07 21:07:21
320,036912000,Ramos,14,2026-05-07 21:07:21,2026-05-07 21:07:21
321,036913000,San Clemente,14,2026-05-07 21:07:21,2026-05-07 21:07:21
322,036914000,San Manuel,14,2026-05-07 21:07:21,2026-05-07 21:07:21
323,036915000,Santa Ignacia,14,2026-05-07 21:07:21,2026-05-07 21:07:21
324,036916000,City of Tarlac,14,2026-05-07 21:07:21,2026-05-07 21:07:21
325,036917000,Victoria,14,2026-05-07 21:07:21,2026-05-07 21:07:21
326,036918000,San Jose,14,2026-05-07 21:07:21,2026-05-07 21:07:21
327,037101000,Botolan,15,2026-05-07 21:07:21,2026-05-07 21:07:21
328,037102000,Cabangan,15,2026-05-07 21:07:21,2026-05-07 21:07:21
329,037103000,Candelaria,15,2026-05-07 21:07:21,2026-05-07 21:07:21
330,037104000,Castillejos,15,2026-05-07 21:07:21,2026-05-07 21:07:21
331,037105000,Iba,15,2026-05-07 21:07:21,2026-05-07 21:07:21
332,037106000,Masinloc,15,2026-05-07 21:07:21,2026-05-07 21:07:21
333,037107000,City of Olongapo,15,2026-05-07 21:07:21,2026-05-07 21:07:21
334,037108000,Palauig,15,2026-05-07 21:07:21,2026-05-07 21:07:21
335,037109000,San Antonio,15,2026-05-07 21:07:21,2026-05-07 21:07:21
336,037110000,San Felipe,15,2026-05-07 21:07:21,2026-05-07 21:07:21
337,037111000,San Marcelino,15,2026-05-07 21:07:21,2026-05-07 21:07:21
338,037112000,San Narciso,15,2026-05-07 21:07:21,2026-05-07 21:07:21
339,037113000,Santa Cruz,15,2026-05-07 21:07:21,2026-05-07 21:07:21
340,037114000,Subic,15,2026-05-07 21:07:21,2026-05-07 21:07:21
341,037701000,Baler,16,2026-05-07 21:07:21,2026-05-07 21:07:21
342,037702000,Casiguran,16,2026-05-07 21:07:21,2026-05-07 21:07:21
343,037703000,Dilasag,16,2026-05-07 21:07:21,2026-05-07 21:07:21
344,037704000,Dinalungan,16,2026-05-07 21:07:21,2026-05-07 21:07:21
345,037705000,Dingalan,16,2026-05-07 21:07:21,2026-05-07 21:07:21
346,037706000,Dipaculao,16,2026-05-07 21:07:21,2026-05-07 21:07:21
347,037707000,Maria Aurora,16,2026-05-07 21:07:21,2026-05-07 21:07:21
348,037708000,San Luis,16,2026-05-07 21:07:21,2026-05-07 21:07:21
349,041001000,Agoncillo,17,2026-05-07 21:07:21,2026-05-07 21:07:21
350,041002000,Alitagtag,17,2026-05-07 21:07:21,2026-05-07 21:07:21
351,041003000,Balayan,17,2026-05-07 21:07:21,2026-05-07 21:07:21
352,041004000,Balete,17,2026-05-07 21:07:21,2026-05-07 21:07:21
353,041005000,Batangas City,17,2026-05-07 21:07:21,2026-05-07 21:07:21
354,041006000,Bauan,17,2026-05-07 21:07:21,2026-05-07 21:07:21
355,041007000,Calaca,17,2026-05-07 21:07:21,2026-05-07 21:07:21
356,041008000,Calatagan,17,2026-05-07 21:07:21,2026-05-07 21:07:21
357,041009000,Cuenca,17,2026-05-07 21:07:21,2026-05-07 21:07:21
358,041010000,Ibaan,17,2026-05-07 21:07:21,2026-05-07 21:07:21
359,041011000,Laurel,17,2026-05-07 21:07:21,2026-05-07 21:07:21
360,041012000,Lemery,17,2026-05-07 21:07:21,2026-05-07 21:07:21
361,041013000,Lian,17,2026-05-07 21:07:21,2026-05-07 21:07:21
362,041014000,City of Lipa,17,2026-05-07 21:07:21,2026-05-07 21:07:21
363,041015000,Lobo,17,2026-05-07 21:07:21,2026-05-07 21:07:21
364,041016000,Mabini,17,2026-05-07 21:07:21,2026-05-07 21:07:21
365,041017000,Malvar,17,2026-05-07 21:07:21,2026-05-07 21:07:21
366,041018000,Mataasnakahoy,17,2026-05-07 21:07:21,2026-05-07 21:07:21
367,041019000,Nasugbu,17,2026-05-07 21:07:21,2026-05-07 21:07:21
368,041020000,Padre Garcia,17,2026-05-07 21:07:21,2026-05-07 21:07:21
369,041021000,Rosario,17,2026-05-07 21:07:21,2026-05-07 21:07:21
370,041022000,San Jose,17,2026-05-07 21:07:21,2026-05-07 21:07:21
371,041023000,San Juan,17,2026-05-07 21:07:21,2026-05-07 21:07:21
372,041024000,San Luis,17,2026-05-07 21:07:21,2026-05-07 21:07:21
373,041025000,San Nicolas,17,2026-05-07 21:07:21,2026-05-07 21:07:21
374,041026000,San Pascual,17,2026-05-07 21:07:21,2026-05-07 21:07:21
375,041027000,Santa Teresita,17,2026-05-07 21:07:21,2026-05-07 21:07:21
376,041028000,City of Sto. Tomas,17,2026-05-07 21:07:21,2026-05-07 21:07:21
377,041029000,Taal,17,2026-05-07 21:07:21,2026-05-07 21:07:21
378,041030000,Talisay,17,2026-05-07 21:07:21,2026-05-07 21:07:21
379,041031000,City of Tanauan,17,2026-05-07 21:07:21,2026-05-07 21:07:21
380,041032000,Taysan,17,2026-05-07 21:07:21,2026-05-07 21:07:21
381,041033000,Tingloy,17,2026-05-07 21:07:21,2026-05-07 21:07:21
382,041034000,Tuy,17,2026-05-07 21:07:21,2026-05-07 21:07:21
383,042101000,Alfonso,18,2026-05-07 21:07:21,2026-05-07 21:07:21
384,042102000,Amadeo,18,2026-05-07 21:07:21,2026-05-07 21:07:21
385,042103000,City of Bacoor,18,2026-05-07 21:07:21,2026-05-07 21:07:21
386,042104000,Carmona,18,2026-05-07 21:07:21,2026-05-07 21:07:21
387,042105000,City of Cavite,18,2026-05-07 21:07:21,2026-05-07 21:07:21
388,042106000,City of Dasmariñas,18,2026-05-07 21:07:21,2026-05-07 21:07:21
389,042107000,General Emilio Aguinaldo,18,2026-05-07 21:07:21,2026-05-07 21:07:21
390,042108000,City of General Trias,18,2026-05-07 21:07:21,2026-05-07 21:07:21
391,042109000,City of Imus,18,2026-05-07 21:07:21,2026-05-07 21:07:21
392,042110000,Indang,18,2026-05-07 21:07:21,2026-05-07 21:07:21
393,042111000,Kawit,18,2026-05-07 21:07:21,2026-05-07 21:07:21
394,042112000,Magallanes,18,2026-05-07 21:07:21,2026-05-07 21:07:21
395,042113000,Maragondon,18,2026-05-07 21:07:21,2026-05-07 21:07:21
396,042114000,Mendez,18,2026-05-07 21:07:21,2026-05-07 21:07:21
397,042115000,Naic,18,2026-05-07 21:07:21,2026-05-07 21:07:21
398,042116000,Noveleta,18,2026-05-07 21:07:21,2026-05-07 21:07:21
399,042117000,Rosario,18,2026-05-07 21:07:21,2026-05-07 21:07:21
400,042118000,Silang,18,2026-05-07 21:07:21,2026-05-07 21:07:21
401,042119000,City of Tagaytay,18,2026-05-07 21:07:21,2026-05-07 21:07:21
402,042120000,Tanza,18,2026-05-07 21:07:21,2026-05-07 21:07:21
403,042121000,Ternate,18,2026-05-07 21:07:21,2026-05-07 21:07:21
404,042122000,City of Trece Martires,18,2026-05-07 21:07:21,2026-05-07 21:07:21
405,042123000,Gen. Mariano Alvarez,18,2026-05-07 21:07:21,2026-05-07 21:07:21
406,043401000,Alaminos,19,2026-05-07 21:07:21,2026-05-07 21:07:21
407,043402000,Bay,19,2026-05-07 21:07:21,2026-05-07 21:07:21
408,043403000,City of Biñan,19,2026-05-07 21:07:21,2026-05-07 21:07:21
409,043404000,City of Cabuyao,19,2026-05-07 21:07:21,2026-05-07 21:07:21
410,043405000,City of Calamba,19,2026-05-07 21:07:21,2026-05-07 21:07:21
411,043406000,Calauan,19,2026-05-07 21:07:21,2026-05-07 21:07:21
412,043407000,Cavinti,19,2026-05-07 21:07:21,2026-05-07 21:07:21
413,043408000,Famy,19,2026-05-07 21:07:21,2026-05-07 21:07:21
414,043409000,Kalayaan,19,2026-05-07 21:07:21,2026-05-07 21:07:21
415,043410000,Liliw,19,2026-05-07 21:07:21,2026-05-07 21:07:21
416,043411000,Los Baños,19,2026-05-07 21:07:21,2026-05-07 21:07:21
417,043412000,Luisiana,19,2026-05-07 21:07:21,2026-05-07 21:07:21
418,043413000,Lumban,19,2026-05-07 21:07:21,2026-05-07 21:07:21
419,043414000,Mabitac,19,2026-05-07 21:07:21,2026-05-07 21:07:21
420,043415000,Magdalena,19,2026-05-07 21:07:21,2026-05-07 21:07:21
421,043416000,Majayjay,19,2026-05-07 21:07:21,2026-05-07 21:07:21
422,043417000,Nagcarlan,19,2026-05-07 21:07:21,2026-05-07 21:07:21
423,043418000,Paete,19,2026-05-07 21:07:21,2026-05-07 21:07:21
424,043419000,Pagsanjan,19,2026-05-07 21:07:21,2026-05-07 21:07:21
425,043420000,Pakil,19,2026-05-07 21:07:21,2026-05-07 21:07:21
426,043421000,Pangil,19,2026-05-07 21:07:21,2026-05-07 21:07:21
427,043422000,Pila,19,2026-05-07 21:07:21,2026-05-07 21:07:21
428,043423000,Rizal,19,2026-05-07 21:07:21,2026-05-07 21:07:21
429,043424000,City of San Pablo,19,2026-05-07 21:07:21,2026-05-07 21:07:21
430,043425000,City of San Pedro,19,2026-05-07 21:07:21,2026-05-07 21:07:21
431,043426000,Santa Cruz,19,2026-05-07 21:07:21,2026-05-07 21:07:21
432,043427000,Santa Maria,19,2026-05-07 21:07:21,2026-05-07 21:07:21
433,043428000,City of Santa Rosa,19,2026-05-07 21:07:21,2026-05-07 21:07:21
434,043429000,Siniloan,19,2026-05-07 21:07:21,2026-05-07 21:07:21
435,043430000,Victoria,19,2026-05-07 21:07:21,2026-05-07 21:07:21
436,045601000,Agdangan,20,2026-05-07 21:07:21,2026-05-07 21:07:21
437,045602000,Alabat,20,2026-05-07 21:07:21,2026-05-07 21:07:21
438,045603000,Atimonan,20,2026-05-07 21:07:21,2026-05-07 21:07:21
439,045605000,Buenavista,20,2026-05-07 21:07:21,2026-05-07 21:07:21
440,045606000,Burdeos,20,2026-05-07 21:07:21,2026-05-07 21:07:21
441,045607000,Calauag,20,2026-05-07 21:07:21,2026-05-07 21:07:21
442,045608000,Candelaria,20,2026-05-07 21:07:21,2026-05-07 21:07:21
443,045610000,Catanauan,20,2026-05-07 21:07:21,2026-05-07 21:07:21
444,045615000,Dolores,20,2026-05-07 21:07:21,2026-05-07 21:07:21
445,045616000,General Luna,20,2026-05-07 21:07:21,2026-05-07 21:07:21
446,045617000,General Nakar,20,2026-05-07 21:07:21,2026-05-07 21:07:21
447,045618000,Guinayangan,20,2026-05-07 21:07:21,2026-05-07 21:07:21
448,045619000,Gumaca,20,2026-05-07 21:07:21,2026-05-07 21:07:21
449,045620000,Infanta,20,2026-05-07 21:07:21,2026-05-07 21:07:21
450,045621000,Jomalig,20,2026-05-07 21:07:21,2026-05-07 21:07:21
451,045622000,Lopez,20,2026-05-07 21:07:21,2026-05-07 21:07:21
452,045623000,Lucban,20,2026-05-07 21:07:21,2026-05-07 21:07:21
453,045624000,City of Lucena,20,2026-05-07 21:07:21,2026-05-07 21:07:21
454,045625000,Macalelon,20,2026-05-07 21:07:21,2026-05-07 21:07:21
455,045627000,Mauban,20,2026-05-07 21:07:21,2026-05-07 21:07:21
456,045628000,Mulanay,20,2026-05-07 21:07:21,2026-05-07 21:07:21
457,045629000,Padre Burgos,20,2026-05-07 21:07:21,2026-05-07 21:07:21
458,045630000,Pagbilao,20,2026-05-07 21:07:21,2026-05-07 21:07:21
459,045631000,Panukulan,20,2026-05-07 21:07:21,2026-05-07 21:07:21
460,045632000,Patnanungan,20,2026-05-07 21:07:21,2026-05-07 21:07:21
461,045633000,Perez,20,2026-05-07 21:07:21,2026-05-07 21:07:21
462,045634000,Pitogo,20,2026-05-07 21:07:21,2026-05-07 21:07:21
463,045635000,Plaridel,20,2026-05-07 21:07:21,2026-05-07 21:07:21
464,045636000,Polillo,20,2026-05-07 21:07:21,2026-05-07 21:07:21
465,045637000,Quezon,20,2026-05-07 21:07:21,2026-05-07 21:07:21
466,045638000,Real,20,2026-05-07 21:07:21,2026-05-07 21:07:21
467,045639000,Sampaloc,20,2026-05-07 21:07:21,2026-05-07 21:07:21
468,045640000,San Andres,20,2026-05-07 21:07:21,2026-05-07 21:07:21
469,045641000,San Antonio,20,2026-05-07 21:07:21,2026-05-07 21:07:21
470,045642000,San Francisco,20,2026-05-07 21:07:21,2026-05-07 21:07:21
471,045644000,San Narciso,20,2026-05-07 21:07:21,2026-05-07 21:07:21
472,045645000,Sariaya,20,2026-05-07 21:07:21,2026-05-07 21:07:21
473,045646000,Tagkawayan,20,2026-05-07 21:07:21,2026-05-07 21:07:21
474,045647000,City of Tayabas,20,2026-05-07 21:07:21,2026-05-07 21:07:21
475,045648000,Tiaong,20,2026-05-07 21:07:21,2026-05-07 21:07:21
476,045649000,Unisan,20,2026-05-07 21:07:21,2026-05-07 21:07:21
477,045801000,Angono,21,2026-05-07 21:07:21,2026-05-07 21:07:21
478,045802000,City of Antipolo,21,2026-05-07 21:07:21,2026-05-07 21:07:21
479,045803000,Baras,21,2026-05-07 21:07:21,2026-05-07 21:07:21
480,045804000,Binangonan,21,2026-05-07 21:07:21,2026-05-07 21:07:21
481,045805000,Cainta,21,2026-05-07 21:07:21,2026-05-07 21:07:21
482,045806000,Cardona,21,2026-05-07 21:07:21,2026-05-07 21:07:21
483,045807000,Jala-Jala,21,2026-05-07 21:07:21,2026-05-07 21:07:21
484,045808000,Rodriguez,21,2026-05-07 21:07:21,2026-05-07 21:07:21
485,045809000,Morong,21,2026-05-07 21:07:21,2026-05-07 21:07:21
486,045810000,Pililla,21,2026-05-07 21:07:21,2026-05-07 21:07:21
487,045811000,San Mateo,21,2026-05-07 21:07:21,2026-05-07 21:07:21
488,045812000,Tanay,21,2026-05-07 21:07:21,2026-05-07 21:07:21
489,045813000,Taytay,21,2026-05-07 21:07:21,2026-05-07 21:07:21
490,045814000,Teresa,21,2026-05-07 21:07:21,2026-05-07 21:07:21
491,174001000,Boac,22,2026-05-07 21:07:21,2026-05-07 21:07:21
492,174002000,Buenavista,22,2026-05-07 21:07:21,2026-05-07 21:07:21
493,174003000,Gasan,22,2026-05-07 21:07:21,2026-05-07 21:07:21
494,174004000,Mogpog,22,2026-05-07 21:07:21,2026-05-07 21:07:21
495,174005000,Santa Cruz,22,2026-05-07 21:07:21,2026-05-07 21:07:21
496,174006000,Torrijos,22,2026-05-07 21:07:21,2026-05-07 21:07:21
497,175101000,Abra De Ilog,23,2026-05-07 21:07:21,2026-05-07 21:07:21
498,175102000,Calintaan,23,2026-05-07 21:07:21,2026-05-07 21:07:21
499,175103000,Looc,23,2026-05-07 21:07:21,2026-05-07 21:07:21
500,175104000,Lubang,23,2026-05-07 21:07:21,2026-05-07 21:07:21
501,175105000,Magsaysay,23,2026-05-07 21:07:21,2026-05-07 21:07:21
502,175106000,Mamburao,23,2026-05-07 21:07:21,2026-05-07 21:07:21
503,175107000,Paluan,23,2026-05-07 21:07:21,2026-05-07 21:07:21
504,175108000,Rizal,23,2026-05-07 21:07:21,2026-05-07 21:07:21
505,175109000,Sablayan,23,2026-05-07 21:07:21,2026-05-07 21:07:21
506,175110000,San Jose,23,2026-05-07 21:07:21,2026-05-07 21:07:21
507,175111000,Santa Cruz,23,2026-05-07 21:07:21,2026-05-07 21:07:21
508,175201000,Baco,24,2026-05-07 21:07:21,2026-05-07 21:07:21
509,175202000,Bansud,24,2026-05-07 21:07:21,2026-05-07 21:07:21
510,175203000,Bongabong,24,2026-05-07 21:07:21,2026-05-07 21:07:21
511,175204000,Bulalacao,24,2026-05-07 21:07:21,2026-05-07 21:07:21
512,175205000,City of Calapan,24,2026-05-07 21:07:21,2026-05-07 21:07:21
513,175206000,Gloria,24,2026-05-07 21:07:21,2026-05-07 21:07:21
514,175207000,Mansalay,24,2026-05-07 21:07:21,2026-05-07 21:07:21
515,175208000,Naujan,24,2026-05-07 21:07:21,2026-05-07 21:07:21
516,175209000,Pinamalayan,24,2026-05-07 21:07:21,2026-05-07 21:07:21
517,175210000,Pola,24,2026-05-07 21:07:21,2026-05-07 21:07:21
518,175211000,Puerto Galera,24,2026-05-07 21:07:21,2026-05-07 21:07:21
519,175212000,Roxas,24,2026-05-07 21:07:21,2026-05-07 21:07:21
520,175213000,San Teodoro,24,2026-05-07 21:07:21,2026-05-07 21:07:21
521,175214000,Socorro,24,2026-05-07 21:07:21,2026-05-07 21:07:21
522,175215000,Victoria,24,2026-05-07 21:07:21,2026-05-07 21:07:21
523,175301000,Aborlan,25,2026-05-07 21:07:21,2026-05-07 21:07:21
524,175302000,Agutaya,25,2026-05-07 21:07:21,2026-05-07 21:07:21
525,175303000,Araceli,25,2026-05-07 21:07:21,2026-05-07 21:07:21
526,175304000,Balabac,25,2026-05-07 21:07:21,2026-05-07 21:07:21
527,175305000,Bataraza,25,2026-05-07 21:07:21,2026-05-07 21:07:21
528,175306000,Brooke's Point,25,2026-05-07 21:07:21,2026-05-07 21:07:21
529,175307000,Busuanga,25,2026-05-07 21:07:21,2026-05-07 21:07:21
530,175308000,Cagayancillo,25,2026-05-07 21:07:21,2026-05-07 21:07:21
531,175309000,Coron,25,2026-05-07 21:07:21,2026-05-07 21:07:21
532,175310000,Cuyo,25,2026-05-07 21:07:21,2026-05-07 21:07:21
533,175311000,Dumaran,25,2026-05-07 21:07:21,2026-05-07 21:07:21
534,175312000,El Nido,25,2026-05-07 21:07:21,2026-05-07 21:07:21
535,175313000,Linapacan,25,2026-05-07 21:07:21,2026-05-07 21:07:21
536,175314000,Magsaysay,25,2026-05-07 21:07:21,2026-05-07 21:07:21
537,175315000,Narra,25,2026-05-07 21:07:21,2026-05-07 21:07:21
538,175316000,City of Puerto Princesa,25,2026-05-07 21:07:21,2026-05-07 21:07:21
539,175317000,Quezon,25,2026-05-07 21:07:21,2026-05-07 21:07:21
540,175318000,Roxas,25,2026-05-07 21:07:21,2026-05-07 21:07:21
541,175319000,San Vicente,25,2026-05-07 21:07:21,2026-05-07 21:07:21
542,175320000,Taytay,25,2026-05-07 21:07:21,2026-05-07 21:07:21
543,175321000,Kalayaan,25,2026-05-07 21:07:21,2026-05-07 21:07:21
544,175322000,Culion,25,2026-05-07 21:07:21,2026-05-07 21:07:21
545,175323000,Rizal,25,2026-05-07 21:07:21,2026-05-07 21:07:21
546,175324000,Sofronio Española,25,2026-05-07 21:07:21,2026-05-07 21:07:21
547,175901000,Alcantara,26,2026-05-07 21:07:21,2026-05-07 21:07:21
548,175902000,Banton,26,2026-05-07 21:07:21,2026-05-07 21:07:21
549,175903000,Cajidiocan,26,2026-05-07 21:07:21,2026-05-07 21:07:21
550,175904000,Calatrava,26,2026-05-07 21:07:21,2026-05-07 21:07:21
551,175905000,Concepcion,26,2026-05-07 21:07:21,2026-05-07 21:07:21
552,175906000,Corcuera,26,2026-05-07 21:07:21,2026-05-07 21:07:21
553,175907000,Looc,26,2026-05-07 21:07:21,2026-05-07 21:07:21
554,175908000,Magdiwang,26,2026-05-07 21:07:21,2026-05-07 21:07:21
555,175909000,Odiongan,26,2026-05-07 21:07:21,2026-05-07 21:07:21
556,175910000,Romblon,26,2026-05-07 21:07:21,2026-05-07 21:07:21
557,175911000,San Agustin,26,2026-05-07 21:07:21,2026-05-07 21:07:21
558,175912000,San Andres,26,2026-05-07 21:07:21,2026-05-07 21:07:21
559,175913000,San Fernando,26,2026-05-07 21:07:21,2026-05-07 21:07:21
560,175914000,San Jose,26,2026-05-07 21:07:21,2026-05-07 21:07:21
561,175915000,Santa Fe,26,2026-05-07 21:07:21,2026-05-07 21:07:21
562,175916000,Ferrol,26,2026-05-07 21:07:21,2026-05-07 21:07:21
563,175917000,Santa Maria,26,2026-05-07 21:07:21,2026-05-07 21:07:21
564,050501000,Bacacay,27,2026-05-07 21:07:21,2026-05-07 21:07:21
565,050502000,Camalig,27,2026-05-07 21:07:21,2026-05-07 21:07:21
566,050503000,Daraga,27,2026-05-07 21:07:21,2026-05-07 21:07:21
567,050504000,Guinobatan,27,2026-05-07 21:07:21,2026-05-07 21:07:21
568,050505000,Jovellar,27,2026-05-07 21:07:21,2026-05-07 21:07:21
569,050506000,City of Legazpi,27,2026-05-07 21:07:21,2026-05-07 21:07:21
570,050507000,Libon,27,2026-05-07 21:07:21,2026-05-07 21:07:21
571,050508000,City of Ligao,27,2026-05-07 21:07:21,2026-05-07 21:07:21
572,050509000,Malilipot,27,2026-05-07 21:07:21,2026-05-07 21:07:21
573,050510000,Malinao,27,2026-05-07 21:07:21,2026-05-07 21:07:21
574,050511000,Manito,27,2026-05-07 21:07:21,2026-05-07 21:07:21
575,050512000,Oas,27,2026-05-07 21:07:21,2026-05-07 21:07:21
576,050513000,Pio Duran,27,2026-05-07 21:07:21,2026-05-07 21:07:21
577,050514000,Polangui,27,2026-05-07 21:07:21,2026-05-07 21:07:21
578,050515000,Rapu-Rapu,27,2026-05-07 21:07:21,2026-05-07 21:07:21
579,050516000,Santo Domingo,27,2026-05-07 21:07:21,2026-05-07 21:07:21
580,050517000,City of Tabaco,27,2026-05-07 21:07:21,2026-05-07 21:07:21
581,050518000,Tiwi,27,2026-05-07 21:07:21,2026-05-07 21:07:21
582,051601000,Basud,28,2026-05-07 21:07:21,2026-05-07 21:07:21
583,051602000,Capalonga,28,2026-05-07 21:07:21,2026-05-07 21:07:21
584,051603000,Daet,28,2026-05-07 21:07:21,2026-05-07 21:07:21
585,051604000,San Lorenzo Ruiz,28,2026-05-07 21:07:21,2026-05-07 21:07:21
586,051605000,Jose Panganiban,28,2026-05-07 21:07:21,2026-05-07 21:07:21
587,051606000,Labo,28,2026-05-07 21:07:21,2026-05-07 21:07:21
588,051607000,Mercedes,28,2026-05-07 21:07:21,2026-05-07 21:07:21
589,051608000,Paracale,28,2026-05-07 21:07:21,2026-05-07 21:07:21
590,051609000,San Vicente,28,2026-05-07 21:07:21,2026-05-07 21:07:21
591,051610000,Santa Elena,28,2026-05-07 21:07:21,2026-05-07 21:07:21
592,051611000,Talisay,28,2026-05-07 21:07:21,2026-05-07 21:07:21
593,051612000,Vinzons,28,2026-05-07 21:07:21,2026-05-07 21:07:21
594,051701000,Baao,29,2026-05-07 21:07:21,2026-05-07 21:07:21
595,051702000,Balatan,29,2026-05-07 21:07:21,2026-05-07 21:07:21
596,051703000,Bato,29,2026-05-07 21:07:21,2026-05-07 21:07:21
597,051704000,Bombon,29,2026-05-07 21:07:21,2026-05-07 21:07:21
598,051705000,Buhi,29,2026-05-07 21:07:21,2026-05-07 21:07:21
599,051706000,Bula,29,2026-05-07 21:07:21,2026-05-07 21:07:21
600,051707000,Cabusao,29,2026-05-07 21:07:21,2026-05-07 21:07:21
601,051708000,Calabanga,29,2026-05-07 21:07:21,2026-05-07 21:07:21
602,051709000,Camaligan,29,2026-05-07 21:07:21,2026-05-07 21:07:21
603,051710000,Canaman,29,2026-05-07 21:07:21,2026-05-07 21:07:21
604,051711000,Caramoan,29,2026-05-07 21:07:21,2026-05-07 21:07:21
605,051712000,Del Gallego,29,2026-05-07 21:07:21,2026-05-07 21:07:21
606,051713000,Gainza,29,2026-05-07 21:07:21,2026-05-07 21:07:21
607,051714000,Garchitorena,29,2026-05-07 21:07:21,2026-05-07 21:07:21
608,051715000,Goa,29,2026-05-07 21:07:21,2026-05-07 21:07:21
609,051716000,City of Iriga,29,2026-05-07 21:07:21,2026-05-07 21:07:21
610,051717000,Lagonoy,29,2026-05-07 21:07:21,2026-05-07 21:07:21
611,051718000,Libmanan,29,2026-05-07 21:07:21,2026-05-07 21:07:21
612,051719000,Lupi,29,2026-05-07 21:07:21,2026-05-07 21:07:21
613,051720000,Magarao,29,2026-05-07 21:07:21,2026-05-07 21:07:21
614,051721000,Milaor,29,2026-05-07 21:07:21,2026-05-07 21:07:21
615,051722000,Minalabac,29,2026-05-07 21:07:21,2026-05-07 21:07:21
616,051723000,Nabua,29,2026-05-07 21:07:21,2026-05-07 21:07:21
617,051724000,City of Naga,29,2026-05-07 21:07:21,2026-05-07 21:07:21
618,051725000,Ocampo,29,2026-05-07 21:07:21,2026-05-07 21:07:21
619,051726000,Pamplona,29,2026-05-07 21:07:21,2026-05-07 21:07:21
620,051727000,Pasacao,29,2026-05-07 21:07:21,2026-05-07 21:07:21
621,051728000,Pili,29,2026-05-07 21:07:21,2026-05-07 21:07:21
622,051729000,Presentacion,29,2026-05-07 21:07:21,2026-05-07 21:07:21
623,051730000,Ragay,29,2026-05-07 21:07:21,2026-05-07 21:07:21
624,051731000,Sagñay,29,2026-05-07 21:07:21,2026-05-07 21:07:21
625,051732000,San Fernando,29,2026-05-07 21:07:21,2026-05-07 21:07:21
626,051733000,San Jose,29,2026-05-07 21:07:21,2026-05-07 21:07:21
627,051734000,Sipocot,29,2026-05-07 21:07:21,2026-05-07 21:07:21
628,051735000,Siruma,29,2026-05-07 21:07:21,2026-05-07 21:07:21
629,051736000,Tigaon,29,2026-05-07 21:07:21,2026-05-07 21:07:21
630,051737000,Tinambac,29,2026-05-07 21:07:21,2026-05-07 21:07:21
631,052001000,Bagamanoc,30,2026-05-07 21:07:21,2026-05-07 21:07:21
632,052002000,Baras,30,2026-05-07 21:07:21,2026-05-07 21:07:21
633,052003000,Bato,30,2026-05-07 21:07:21,2026-05-07 21:07:21
634,052004000,Caramoran,30,2026-05-07 21:07:21,2026-05-07 21:07:21
635,052005000,Gigmoto,30,2026-05-07 21:07:21,2026-05-07 21:07:21
636,052006000,Pandan,30,2026-05-07 21:07:21,2026-05-07 21:07:21
637,052007000,Panganiban,30,2026-05-07 21:07:21,2026-05-07 21:07:21
638,052008000,San Andres,30,2026-05-07 21:07:21,2026-05-07 21:07:21
639,052009000,San Miguel,30,2026-05-07 21:07:21,2026-05-07 21:07:21
640,052010000,Viga,30,2026-05-07 21:07:21,2026-05-07 21:07:21
641,052011000,Virac,30,2026-05-07 21:07:21,2026-05-07 21:07:21
642,054101000,Aroroy,31,2026-05-07 21:07:21,2026-05-07 21:07:21
643,054102000,Baleno,31,2026-05-07 21:07:21,2026-05-07 21:07:21
644,054103000,Balud,31,2026-05-07 21:07:21,2026-05-07 21:07:21
645,054104000,Batuan,31,2026-05-07 21:07:21,2026-05-07 21:07:21
646,054105000,Cataingan,31,2026-05-07 21:07:21,2026-05-07 21:07:21
647,054106000,Cawayan,31,2026-05-07 21:07:21,2026-05-07 21:07:21
648,054107000,Claveria,31,2026-05-07 21:07:21,2026-05-07 21:07:21
649,054108000,Dimasalang,31,2026-05-07 21:07:21,2026-05-07 21:07:21
650,054109000,Esperanza,31,2026-05-07 21:07:21,2026-05-07 21:07:21
651,054110000,Mandaon,31,2026-05-07 21:07:21,2026-05-07 21:07:21
652,054111000,City of Masbate,31,2026-05-07 21:07:21,2026-05-07 21:07:21
653,054112000,Milagros,31,2026-05-07 21:07:21,2026-05-07 21:07:21
654,054113000,Mobo,31,2026-05-07 21:07:21,2026-05-07 21:07:21
655,054114000,Monreal,31,2026-05-07 21:07:21,2026-05-07 21:07:21
656,054115000,Palanas,31,2026-05-07 21:07:21,2026-05-07 21:07:21
657,054116000,Pio v. Corpuz,31,2026-05-07 21:07:21,2026-05-07 21:07:21
658,054117000,Placer,31,2026-05-07 21:07:21,2026-05-07 21:07:21
659,054118000,San Fernando,31,2026-05-07 21:07:21,2026-05-07 21:07:21
660,054119000,San Jacinto,31,2026-05-07 21:07:21,2026-05-07 21:07:21
661,054120000,San Pascual,31,2026-05-07 21:07:21,2026-05-07 21:07:21
662,054121000,Uson,31,2026-05-07 21:07:21,2026-05-07 21:07:21
663,056202000,Barcelona,32,2026-05-07 21:07:21,2026-05-07 21:07:21
664,056203000,Bulan,32,2026-05-07 21:07:21,2026-05-07 21:07:21
665,056204000,Bulusan,32,2026-05-07 21:07:21,2026-05-07 21:07:21
666,056205000,Casiguran,32,2026-05-07 21:07:21,2026-05-07 21:07:21
667,056206000,Castilla,32,2026-05-07 21:07:21,2026-05-07 21:07:21
668,056207000,Donsol,32,2026-05-07 21:07:21,2026-05-07 21:07:21
669,056208000,Gubat,32,2026-05-07 21:07:21,2026-05-07 21:07:21
670,056209000,Irosin,32,2026-05-07 21:07:21,2026-05-07 21:07:21
671,056210000,Juban,32,2026-05-07 21:07:21,2026-05-07 21:07:21
672,056211000,Magallanes,32,2026-05-07 21:07:21,2026-05-07 21:07:21
673,056212000,Matnog,32,2026-05-07 21:07:21,2026-05-07 21:07:21
674,056213000,Pilar,32,2026-05-07 21:07:21,2026-05-07 21:07:21
675,056214000,Prieto Diaz,32,2026-05-07 21:07:21,2026-05-07 21:07:21
676,056215000,Santa Magdalena,32,2026-05-07 21:07:21,2026-05-07 21:07:21
677,056216000,City of Sorsogon,32,2026-05-07 21:07:21,2026-05-07 21:07:21
678,060401000,Altavas,33,2026-05-07 21:07:21,2026-05-07 21:07:21
679,060402000,Balete,33,2026-05-07 21:07:21,2026-05-07 21:07:21
680,060403000,Banga,33,2026-05-07 21:07:21,2026-05-07 21:07:21
681,060404000,Batan,33,2026-05-07 21:07:21,2026-05-07 21:07:21
682,060405000,Buruanga,33,2026-05-07 21:07:21,2026-05-07 21:07:21
683,060406000,Ibajay,33,2026-05-07 21:07:21,2026-05-07 21:07:21
684,060407000,Kalibo,33,2026-05-07 21:07:21,2026-05-07 21:07:21
685,060408000,Lezo,33,2026-05-07 21:07:21,2026-05-07 21:07:21
686,060409000,Libacao,33,2026-05-07 21:07:21,2026-05-07 21:07:21
687,060410000,Madalag,33,2026-05-07 21:07:21,2026-05-07 21:07:21
688,060411000,Makato,33,2026-05-07 21:07:21,2026-05-07 21:07:21
689,060412000,Malay,33,2026-05-07 21:07:21,2026-05-07 21:07:21
690,060413000,Malinao,33,2026-05-07 21:07:21,2026-05-07 21:07:21
691,060414000,Nabas,33,2026-05-07 21:07:21,2026-05-07 21:07:21
692,060415000,New Washington,33,2026-05-07 21:07:21,2026-05-07 21:07:21
693,060416000,Numancia,33,2026-05-07 21:07:21,2026-05-07 21:07:21
694,060417000,Tangalan,33,2026-05-07 21:07:21,2026-05-07 21:07:21
695,060601000,Anini-Y,34,2026-05-07 21:07:21,2026-05-07 21:07:21
696,060602000,Barbaza,34,2026-05-07 21:07:21,2026-05-07 21:07:21
697,060603000,Belison,34,2026-05-07 21:07:21,2026-05-07 21:07:21
698,060604000,Bugasong,34,2026-05-07 21:07:21,2026-05-07 21:07:21
699,060605000,Caluya,34,2026-05-07 21:07:21,2026-05-07 21:07:21
700,060606000,Culasi,34,2026-05-07 21:07:21,2026-05-07 21:07:21
701,060607000,Tobias Fornier,34,2026-05-07 21:07:21,2026-05-07 21:07:21
702,060608000,Hamtic,34,2026-05-07 21:07:21,2026-05-07 21:07:21
703,060609000,Laua-An,34,2026-05-07 21:07:21,2026-05-07 21:07:21
704,060610000,Libertad,34,2026-05-07 21:07:21,2026-05-07 21:07:21
705,060611000,Pandan,34,2026-05-07 21:07:21,2026-05-07 21:07:21
706,060612000,Patnongon,34,2026-05-07 21:07:21,2026-05-07 21:07:21
707,060613000,San Jose,34,2026-05-07 21:07:21,2026-05-07 21:07:21
708,060614000,San Remigio,34,2026-05-07 21:07:21,2026-05-07 21:07:21
709,060615000,Sebaste,34,2026-05-07 21:07:21,2026-05-07 21:07:21
710,060616000,Sibalom,34,2026-05-07 21:07:21,2026-05-07 21:07:21
711,060617000,Tibiao,34,2026-05-07 21:07:21,2026-05-07 21:07:21
712,060618000,Valderrama,34,2026-05-07 21:07:21,2026-05-07 21:07:21
713,061901000,Cuartero,35,2026-05-07 21:07:21,2026-05-07 21:07:21
714,061902000,Dao,35,2026-05-07 21:07:21,2026-05-07 21:07:21
715,061903000,Dumalag,35,2026-05-07 21:07:21,2026-05-07 21:07:21
716,061904000,Dumarao,35,2026-05-07 21:07:21,2026-05-07 21:07:21
717,061905000,Ivisan,35,2026-05-07 21:07:21,2026-05-07 21:07:21
718,061906000,Jamindan,35,2026-05-07 21:07:21,2026-05-07 21:07:21
719,061907000,Ma-Ayon,35,2026-05-07 21:07:21,2026-05-07 21:07:21
720,061908000,Mambusao,35,2026-05-07 21:07:21,2026-05-07 21:07:21
721,061909000,Panay,35,2026-05-07 21:07:21,2026-05-07 21:07:21
722,061910000,Panitan,35,2026-05-07 21:07:21,2026-05-07 21:07:21
723,061911000,Pilar,35,2026-05-07 21:07:21,2026-05-07 21:07:21
724,061912000,Pontevedra,35,2026-05-07 21:07:21,2026-05-07 21:07:21
725,061913000,President Roxas,35,2026-05-07 21:07:21,2026-05-07 21:07:21
726,061914000,City of Roxas,35,2026-05-07 21:07:21,2026-05-07 21:07:21
727,061915000,Sapi-An,35,2026-05-07 21:07:21,2026-05-07 21:07:21
728,061916000,Sigma,35,2026-05-07 21:07:21,2026-05-07 21:07:21
729,061917000,Tapaz,35,2026-05-07 21:07:21,2026-05-07 21:07:21
730,063001000,Ajuy,36,2026-05-07 21:07:21,2026-05-07 21:07:21
731,063002000,Alimodian,36,2026-05-07 21:07:21,2026-05-07 21:07:21
732,063003000,Anilao,36,2026-05-07 21:07:21,2026-05-07 21:07:21
733,063004000,Badiangan,36,2026-05-07 21:07:21,2026-05-07 21:07:21
734,063005000,Balasan,36,2026-05-07 21:07:21,2026-05-07 21:07:21
735,063006000,Banate,36,2026-05-07 21:07:21,2026-05-07 21:07:21
736,063007000,Barotac Nuevo,36,2026-05-07 21:07:21,2026-05-07 21:07:21
737,063008000,Barotac Viejo,36,2026-05-07 21:07:21,2026-05-07 21:07:21
738,063009000,Batad,36,2026-05-07 21:07:21,2026-05-07 21:07:21
739,063010000,Bingawan,36,2026-05-07 21:07:21,2026-05-07 21:07:21
740,063012000,Cabatuan,36,2026-05-07 21:07:21,2026-05-07 21:07:21
741,063013000,Calinog,36,2026-05-07 21:07:21,2026-05-07 21:07:21
742,063014000,Carles,36,2026-05-07 21:07:21,2026-05-07 21:07:21
743,063015000,Concepcion,36,2026-05-07 21:07:21,2026-05-07 21:07:21
744,063016000,Dingle,36,2026-05-07 21:07:21,2026-05-07 21:07:21
745,063017000,Dueñas,36,2026-05-07 21:07:21,2026-05-07 21:07:21
746,063018000,Dumangas,36,2026-05-07 21:07:21,2026-05-07 21:07:21
747,063019000,Estancia,36,2026-05-07 21:07:21,2026-05-07 21:07:21
748,063020000,Guimbal,36,2026-05-07 21:07:21,2026-05-07 21:07:21
749,063021000,Igbaras,36,2026-05-07 21:07:21,2026-05-07 21:07:21
750,063022000,City of Iloilo,36,2026-05-07 21:07:21,2026-05-07 21:07:21
751,063023000,Janiuay,36,2026-05-07 21:07:21,2026-05-07 21:07:21
752,063025000,Lambunao,36,2026-05-07 21:07:21,2026-05-07 21:07:21
753,063026000,Leganes,36,2026-05-07 21:07:21,2026-05-07 21:07:21
754,063027000,Lemery,36,2026-05-07 21:07:21,2026-05-07 21:07:21
755,063028000,Leon,36,2026-05-07 21:07:21,2026-05-07 21:07:21
756,063029000,Maasin,36,2026-05-07 21:07:21,2026-05-07 21:07:21
757,063030000,Miagao,36,2026-05-07 21:07:21,2026-05-07 21:07:21
758,063031000,Mina,36,2026-05-07 21:07:21,2026-05-07 21:07:21
759,063032000,New Lucena,36,2026-05-07 21:07:21,2026-05-07 21:07:21
760,063034000,Oton,36,2026-05-07 21:07:21,2026-05-07 21:07:21
761,063035000,City of Passi,36,2026-05-07 21:07:21,2026-05-07 21:07:21
762,063036000,Pavia,36,2026-05-07 21:07:21,2026-05-07 21:07:21
763,063037000,Pototan,36,2026-05-07 21:07:21,2026-05-07 21:07:21
764,063038000,San Dionisio,36,2026-05-07 21:07:21,2026-05-07 21:07:21
765,063039000,San Enrique,36,2026-05-07 21:07:21,2026-05-07 21:07:21
766,063040000,San Joaquin,36,2026-05-07 21:07:21,2026-05-07 21:07:21
767,063041000,San Miguel,36,2026-05-07 21:07:21,2026-05-07 21:07:21
768,063042000,San Rafael,36,2026-05-07 21:07:21,2026-05-07 21:07:21
769,063043000,Santa Barbara,36,2026-05-07 21:07:21,2026-05-07 21:07:21
770,063044000,Sara,36,2026-05-07 21:07:21,2026-05-07 21:07:21
771,063045000,Tigbauan,36,2026-05-07 21:07:21,2026-05-07 21:07:21
772,063046000,Tubungan,36,2026-05-07 21:07:21,2026-05-07 21:07:21
773,063047000,Zarraga,36,2026-05-07 21:07:21,2026-05-07 21:07:21
774,064501000,City of Bacolod,37,2026-05-07 21:07:21,2026-05-07 21:07:21
775,064502000,City of Bago,37,2026-05-07 21:07:21,2026-05-07 21:07:21
776,064503000,Binalbagan,37,2026-05-07 21:07:21,2026-05-07 21:07:21
777,064504000,City of Cadiz,37,2026-05-07 21:07:21,2026-05-07 21:07:21
778,064505000,Calatrava,37,2026-05-07 21:07:21,2026-05-07 21:07:21
779,064506000,Candoni,37,2026-05-07 21:07:21,2026-05-07 21:07:21
780,064507000,Cauayan,37,2026-05-07 21:07:21,2026-05-07 21:07:21
781,064508000,Enrique B. Magalona,37,2026-05-07 21:07:21,2026-05-07 21:07:21
782,064509000,City of Escalante,37,2026-05-07 21:07:21,2026-05-07 21:07:21
783,064510000,City of Himamaylan,37,2026-05-07 21:07:21,2026-05-07 21:07:21
784,064511000,Hinigaran,37,2026-05-07 21:07:21,2026-05-07 21:07:21
785,064512000,Hinoba-An,37,2026-05-07 21:07:21,2026-05-07 21:07:21
786,064513000,Ilog,37,2026-05-07 21:07:21,2026-05-07 21:07:21
787,064514000,Isabela,37,2026-05-07 21:07:21,2026-05-07 21:07:21
788,064515000,City of Kabankalan,37,2026-05-07 21:07:21,2026-05-07 21:07:21
789,064516000,City of La Carlota,37,2026-05-07 21:07:21,2026-05-07 21:07:21
790,064517000,La Castellana,37,2026-05-07 21:07:21,2026-05-07 21:07:21
791,064518000,Manapla,37,2026-05-07 21:07:21,2026-05-07 21:07:21
792,064519000,Moises Padilla,37,2026-05-07 21:07:21,2026-05-07 21:07:21
793,064520000,Murcia,37,2026-05-07 21:07:21,2026-05-07 21:07:21
794,064521000,Pontevedra,37,2026-05-07 21:07:21,2026-05-07 21:07:21
795,064522000,Pulupandan,37,2026-05-07 21:07:21,2026-05-07 21:07:21
796,064523000,City of Sagay,37,2026-05-07 21:07:21,2026-05-07 21:07:21
797,064524000,City of San Carlos,37,2026-05-07 21:07:21,2026-05-07 21:07:21
798,064525000,San Enrique,37,2026-05-07 21:07:21,2026-05-07 21:07:21
799,064526000,City of Silay,37,2026-05-07 21:07:21,2026-05-07 21:07:21
800,064527000,City of Sipalay,37,2026-05-07 21:07:21,2026-05-07 21:07:21
801,064528000,City of Talisay,37,2026-05-07 21:07:21,2026-05-07 21:07:21
802,064529000,Toboso,37,2026-05-07 21:07:21,2026-05-07 21:07:21
803,064530000,Valladolid,37,2026-05-07 21:07:21,2026-05-07 21:07:21
804,064531000,City of Victorias,37,2026-05-07 21:07:21,2026-05-07 21:07:21
805,064532000,Salvador Benedicto,37,2026-05-07 21:07:21,2026-05-07 21:07:21
806,067901000,Buenavista,38,2026-05-07 21:07:21,2026-05-07 21:07:21
807,067902000,Jordan,38,2026-05-07 21:07:21,2026-05-07 21:07:21
808,067903000,Nueva Valencia,38,2026-05-07 21:07:21,2026-05-07 21:07:21
809,067904000,San Lorenzo,38,2026-05-07 21:07:21,2026-05-07 21:07:21
810,067905000,Sibunag,38,2026-05-07 21:07:21,2026-05-07 21:07:21
811,071201000,Alburquerque,39,2026-05-07 21:07:21,2026-05-07 21:07:21
812,071202000,Alicia,39,2026-05-07 21:07:21,2026-05-07 21:07:21
813,071203000,Anda,39,2026-05-07 21:07:21,2026-05-07 21:07:21
814,071204000,Antequera,39,2026-05-07 21:07:21,2026-05-07 21:07:21
815,071205000,Baclayon,39,2026-05-07 21:07:21,2026-05-07 21:07:21
816,071206000,Balilihan,39,2026-05-07 21:07:21,2026-05-07 21:07:21
817,071207000,Batuan,39,2026-05-07 21:07:21,2026-05-07 21:07:21
818,071208000,Bilar,39,2026-05-07 21:07:21,2026-05-07 21:07:21
819,071209000,Buenavista,39,2026-05-07 21:07:21,2026-05-07 21:07:21
820,071210000,Calape,39,2026-05-07 21:07:21,2026-05-07 21:07:21
821,071211000,Candijay,39,2026-05-07 21:07:21,2026-05-07 21:07:21
822,071212000,Carmen,39,2026-05-07 21:07:21,2026-05-07 21:07:21
823,071213000,Catigbian,39,2026-05-07 21:07:21,2026-05-07 21:07:21
824,071214000,Clarin,39,2026-05-07 21:07:21,2026-05-07 21:07:21
825,071215000,Corella,39,2026-05-07 21:07:21,2026-05-07 21:07:21
826,071216000,Cortes,39,2026-05-07 21:07:21,2026-05-07 21:07:21
827,071217000,Dagohoy,39,2026-05-07 21:07:21,2026-05-07 21:07:21
828,071218000,Danao,39,2026-05-07 21:07:21,2026-05-07 21:07:21
829,071219000,Dauis,39,2026-05-07 21:07:21,2026-05-07 21:07:21
830,071220000,Dimiao,39,2026-05-07 21:07:21,2026-05-07 21:07:21
831,071221000,Duero,39,2026-05-07 21:07:21,2026-05-07 21:07:21
832,071222000,Garcia Hernandez,39,2026-05-07 21:07:21,2026-05-07 21:07:21
833,071223000,Guindulman,39,2026-05-07 21:07:21,2026-05-07 21:07:21
834,071224000,Inabanga,39,2026-05-07 21:07:21,2026-05-07 21:07:21
835,071225000,Jagna,39,2026-05-07 21:07:21,2026-05-07 21:07:21
836,071226000,Getafe,39,2026-05-07 21:07:21,2026-05-07 21:07:21
837,071227000,Lila,39,2026-05-07 21:07:21,2026-05-07 21:07:21
838,071228000,Loay,39,2026-05-07 21:07:21,2026-05-07 21:07:21
839,071229000,Loboc,39,2026-05-07 21:07:21,2026-05-07 21:07:21
840,071230000,Loon,39,2026-05-07 21:07:21,2026-05-07 21:07:21
841,071231000,Mabini,39,2026-05-07 21:07:21,2026-05-07 21:07:21
842,071232000,Maribojoc,39,2026-05-07 21:07:21,2026-05-07 21:07:21
843,071233000,Panglao,39,2026-05-07 21:07:21,2026-05-07 21:07:21
844,071234000,Pilar,39,2026-05-07 21:07:21,2026-05-07 21:07:21
845,071235000,President Carlos P. Garcia,39,2026-05-07 21:07:21,2026-05-07 21:07:21
846,071236000,Sagbayan,39,2026-05-07 21:07:21,2026-05-07 21:07:21
847,071237000,San Isidro,39,2026-05-07 21:07:21,2026-05-07 21:07:21
848,071238000,San Miguel,39,2026-05-07 21:07:21,2026-05-07 21:07:21
849,071239000,Sevilla,39,2026-05-07 21:07:21,2026-05-07 21:07:21
850,071240000,Sierra Bullones,39,2026-05-07 21:07:21,2026-05-07 21:07:21
851,071241000,Sikatuna,39,2026-05-07 21:07:21,2026-05-07 21:07:21
852,071242000,City of Tagbilaran,39,2026-05-07 21:07:21,2026-05-07 21:07:21
853,071243000,Talibon,39,2026-05-07 21:07:21,2026-05-07 21:07:21
854,071244000,Trinidad,39,2026-05-07 21:07:21,2026-05-07 21:07:21
855,071245000,Tubigon,39,2026-05-07 21:07:21,2026-05-07 21:07:21
856,071246000,Ubay,39,2026-05-07 21:07:21,2026-05-07 21:07:21
857,071247000,Valencia,39,2026-05-07 21:07:21,2026-05-07 21:07:21
858,071248000,Bien Unido,39,2026-05-07 21:07:21,2026-05-07 21:07:21
859,072201000,Alcantara,40,2026-05-07 21:07:21,2026-05-07 21:07:21
860,072202000,Alcoy,40,2026-05-07 21:07:21,2026-05-07 21:07:21
861,072203000,Alegria,40,2026-05-07 21:07:21,2026-05-07 21:07:21
862,072204000,Aloguinsan,40,2026-05-07 21:07:21,2026-05-07 21:07:21
863,072205000,Argao,40,2026-05-07 21:07:21,2026-05-07 21:07:21
864,072206000,Asturias,40,2026-05-07 21:07:21,2026-05-07 21:07:21
865,072207000,Badian,40,2026-05-07 21:07:21,2026-05-07 21:07:21
866,072208000,Balamban,40,2026-05-07 21:07:21,2026-05-07 21:07:21
867,072209000,Bantayan,40,2026-05-07 21:07:21,2026-05-07 21:07:21
868,072210000,Barili,40,2026-05-07 21:07:21,2026-05-07 21:07:21
869,072211000,City of Bogo,40,2026-05-07 21:07:21,2026-05-07 21:07:21
870,072212000,Boljoon,40,2026-05-07 21:07:21,2026-05-07 21:07:21
871,072213000,Borbon,40,2026-05-07 21:07:21,2026-05-07 21:07:21
872,072214000,City of Carcar,40,2026-05-07 21:07:21,2026-05-07 21:07:21
873,072215000,Carmen,40,2026-05-07 21:07:21,2026-05-07 21:07:21
874,072216000,Catmon,40,2026-05-07 21:07:21,2026-05-07 21:07:21
875,072217000,City of Cebu,40,2026-05-07 21:07:21,2026-05-07 21:07:21
876,072218000,Compostela,40,2026-05-07 21:07:21,2026-05-07 21:07:21
877,072219000,Consolacion,40,2026-05-07 21:07:21,2026-05-07 21:07:21
878,072220000,Cordova,40,2026-05-07 21:07:21,2026-05-07 21:07:21
879,072221000,Daanbantayan,40,2026-05-07 21:07:21,2026-05-07 21:07:21
880,072222000,Dalaguete,40,2026-05-07 21:07:21,2026-05-07 21:07:21
881,072223000,Danao City,40,2026-05-07 21:07:21,2026-05-07 21:07:21
882,072224000,Dumanjug,40,2026-05-07 21:07:21,2026-05-07 21:07:21
883,072225000,Ginatilan,40,2026-05-07 21:07:21,2026-05-07 21:07:21
884,072226000,City of Lapu-Lapu,40,2026-05-07 21:07:21,2026-05-07 21:07:21
885,072227000,Liloan,40,2026-05-07 21:07:21,2026-05-07 21:07:21
886,072228000,Madridejos,40,2026-05-07 21:07:21,2026-05-07 21:07:21
887,072229000,Malabuyoc,40,2026-05-07 21:07:21,2026-05-07 21:07:21
888,072230000,City of Mandaue,40,2026-05-07 21:07:21,2026-05-07 21:07:21
889,072231000,Medellin,40,2026-05-07 21:07:21,2026-05-07 21:07:21
890,072232000,Minglanilla,40,2026-05-07 21:07:21,2026-05-07 21:07:21
891,072233000,Moalboal,40,2026-05-07 21:07:21,2026-05-07 21:07:21
892,072234000,City of Naga,40,2026-05-07 21:07:21,2026-05-07 21:07:21
893,072235000,Oslob,40,2026-05-07 21:07:21,2026-05-07 21:07:21
894,072236000,Pilar,40,2026-05-07 21:07:21,2026-05-07 21:07:21
895,072237000,Pinamungajan,40,2026-05-07 21:07:21,2026-05-07 21:07:21
896,072238000,Poro,40,2026-05-07 21:07:21,2026-05-07 21:07:21
897,072239000,Ronda,40,2026-05-07 21:07:21,2026-05-07 21:07:21
898,072240000,Samboan,40,2026-05-07 21:07:21,2026-05-07 21:07:21
899,072241000,San Fernando,40,2026-05-07 21:07:21,2026-05-07 21:07:21
900,072242000,San Francisco,40,2026-05-07 21:07:21,2026-05-07 21:07:21
901,072243000,San Remigio,40,2026-05-07 21:07:21,2026-05-07 21:07:21
902,072244000,Santa Fe,40,2026-05-07 21:07:21,2026-05-07 21:07:21
903,072245000,Santander,40,2026-05-07 21:07:21,2026-05-07 21:07:21
904,072246000,Sibonga,40,2026-05-07 21:07:21,2026-05-07 21:07:21
905,072247000,Sogod,40,2026-05-07 21:07:21,2026-05-07 21:07:21
906,072248000,Tabogon,40,2026-05-07 21:07:21,2026-05-07 21:07:21
907,072249000,Tabuelan,40,2026-05-07 21:07:21,2026-05-07 21:07:21
908,072250000,City of Talisay,40,2026-05-07 21:07:21,2026-05-07 21:07:21
909,072251000,City of Toledo,40,2026-05-07 21:07:21,2026-05-07 21:07:21
910,072252000,Tuburan,40,2026-05-07 21:07:21,2026-05-07 21:07:21
911,072253000,Tudela,40,2026-05-07 21:07:21,2026-05-07 21:07:21
912,074601000,Amlan,41,2026-05-07 21:07:21,2026-05-07 21:07:21
913,074602000,Ayungon,41,2026-05-07 21:07:21,2026-05-07 21:07:21
914,074603000,Bacong,41,2026-05-07 21:07:21,2026-05-07 21:07:21
915,074604000,City of Bais,41,2026-05-07 21:07:21,2026-05-07 21:07:21
916,074605000,Basay,41,2026-05-07 21:07:21,2026-05-07 21:07:21
917,074606000,City of Bayawan,41,2026-05-07 21:07:21,2026-05-07 21:07:21
918,074607000,Bindoy,41,2026-05-07 21:07:21,2026-05-07 21:07:21
919,074608000,City of Canlaon,41,2026-05-07 21:07:21,2026-05-07 21:07:21
920,074609000,Dauin,41,2026-05-07 21:07:21,2026-05-07 21:07:21
921,074610000,City of Dumaguete,41,2026-05-07 21:07:21,2026-05-07 21:07:21
922,074611000,City of Guihulngan,41,2026-05-07 21:07:21,2026-05-07 21:07:21
923,074612000,Jimalalud,41,2026-05-07 21:07:21,2026-05-07 21:07:21
924,074613000,La Libertad,41,2026-05-07 21:07:21,2026-05-07 21:07:21
925,074614000,Mabinay,41,2026-05-07 21:07:21,2026-05-07 21:07:21
926,074615000,Manjuyod,41,2026-05-07 21:07:21,2026-05-07 21:07:21
927,074616000,Pamplona,41,2026-05-07 21:07:21,2026-05-07 21:07:21
928,074617000,San Jose,41,2026-05-07 21:07:21,2026-05-07 21:07:21
929,074618000,Santa Catalina,41,2026-05-07 21:07:21,2026-05-07 21:07:21
930,074619000,Siaton,41,2026-05-07 21:07:21,2026-05-07 21:07:21
931,074620000,Sibulan,41,2026-05-07 21:07:21,2026-05-07 21:07:21
932,074621000,City of Tanjay,41,2026-05-07 21:07:21,2026-05-07 21:07:21
933,074622000,Tayasan,41,2026-05-07 21:07:21,2026-05-07 21:07:21
934,074623000,Valencia,41,2026-05-07 21:07:21,2026-05-07 21:07:21
935,074624000,Vallehermoso,41,2026-05-07 21:07:21,2026-05-07 21:07:21
936,074625000,Zamboanguita,41,2026-05-07 21:07:21,2026-05-07 21:07:21
937,076101000,Enrique Villanueva,42,2026-05-07 21:07:21,2026-05-07 21:07:21
938,076102000,Larena,42,2026-05-07 21:07:21,2026-05-07 21:07:21
939,076103000,Lazi,42,2026-05-07 21:07:21,2026-05-07 21:07:21
940,076104000,Maria,42,2026-05-07 21:07:21,2026-05-07 21:07:21
941,076105000,San Juan,42,2026-05-07 21:07:21,2026-05-07 21:07:21
942,076106000,Siquijor,42,2026-05-07 21:07:21,2026-05-07 21:07:21
943,082601000,Arteche,43,2026-05-07 21:07:21,2026-05-07 21:07:21
944,082602000,Balangiga,43,2026-05-07 21:07:21,2026-05-07 21:07:21
945,082603000,Balangkayan,43,2026-05-07 21:07:21,2026-05-07 21:07:21
946,082604000,City of Borongan,43,2026-05-07 21:07:21,2026-05-07 21:07:21
947,082605000,Can-Avid,43,2026-05-07 21:07:21,2026-05-07 21:07:21
948,082606000,Dolores,43,2026-05-07 21:07:21,2026-05-07 21:07:21
949,082607000,General Macarthur,43,2026-05-07 21:07:21,2026-05-07 21:07:21
950,082608000,Giporlos,43,2026-05-07 21:07:21,2026-05-07 21:07:21
951,082609000,Guiuan,43,2026-05-07 21:07:21,2026-05-07 21:07:21
952,082610000,Hernani,43,2026-05-07 21:07:21,2026-05-07 21:07:21
953,082611000,Jipapad,43,2026-05-07 21:07:21,2026-05-07 21:07:21
954,082612000,Lawaan,43,2026-05-07 21:07:21,2026-05-07 21:07:21
955,082613000,Llorente,43,2026-05-07 21:07:21,2026-05-07 21:07:21
956,082614000,Maslog,43,2026-05-07 21:07:21,2026-05-07 21:07:21
957,082615000,Maydolong,43,2026-05-07 21:07:21,2026-05-07 21:07:21
958,082616000,Mercedes,43,2026-05-07 21:07:21,2026-05-07 21:07:21
959,082617000,Oras,43,2026-05-07 21:07:21,2026-05-07 21:07:21
960,082618000,Quinapondan,43,2026-05-07 21:07:21,2026-05-07 21:07:21
961,082619000,Salcedo,43,2026-05-07 21:07:21,2026-05-07 21:07:21
962,082620000,San Julian,43,2026-05-07 21:07:21,2026-05-07 21:07:21
963,082621000,San Policarpo,43,2026-05-07 21:07:21,2026-05-07 21:07:21
964,082622000,Sulat,43,2026-05-07 21:07:21,2026-05-07 21:07:21
965,082623000,Taft,43,2026-05-07 21:07:21,2026-05-07 21:07:21
966,083701000,Abuyog,44,2026-05-07 21:07:21,2026-05-07 21:07:21
967,083702000,Alangalang,44,2026-05-07 21:07:21,2026-05-07 21:07:21
968,083703000,Albuera,44,2026-05-07 21:07:21,2026-05-07 21:07:21
969,083705000,Babatngon,44,2026-05-07 21:07:21,2026-05-07 21:07:21
970,083706000,Barugo,44,2026-05-07 21:07:21,2026-05-07 21:07:21
971,083707000,Bato,44,2026-05-07 21:07:21,2026-05-07 21:07:21
972,083708000,City of Baybay,44,2026-05-07 21:07:21,2026-05-07 21:07:21
973,083710000,Burauen,44,2026-05-07 21:07:21,2026-05-07 21:07:21
974,083713000,Calubian,44,2026-05-07 21:07:21,2026-05-07 21:07:21
975,083714000,Capoocan,44,2026-05-07 21:07:21,2026-05-07 21:07:21
976,083715000,Carigara,44,2026-05-07 21:07:21,2026-05-07 21:07:21
977,083717000,Dagami,44,2026-05-07 21:07:21,2026-05-07 21:07:21
978,083718000,Dulag,44,2026-05-07 21:07:21,2026-05-07 21:07:21
979,083719000,Hilongos,44,2026-05-07 21:07:21,2026-05-07 21:07:21
980,083720000,Hindang,44,2026-05-07 21:07:21,2026-05-07 21:07:21
981,083721000,Inopacan,44,2026-05-07 21:07:21,2026-05-07 21:07:21
982,083722000,Isabel,44,2026-05-07 21:07:21,2026-05-07 21:07:21
983,083723000,Jaro,44,2026-05-07 21:07:21,2026-05-07 21:07:21
984,083724000,Javier,44,2026-05-07 21:07:21,2026-05-07 21:07:21
985,083725000,Julita,44,2026-05-07 21:07:21,2026-05-07 21:07:21
986,083726000,Kananga,44,2026-05-07 21:07:21,2026-05-07 21:07:21
987,083728000,La Paz,44,2026-05-07 21:07:21,2026-05-07 21:07:21
988,083729000,Leyte,44,2026-05-07 21:07:21,2026-05-07 21:07:21
989,083730000,Macarthur,44,2026-05-07 21:07:21,2026-05-07 21:07:21
990,083731000,Mahaplag,44,2026-05-07 21:07:21,2026-05-07 21:07:21
991,083733000,Matag-Ob,44,2026-05-07 21:07:21,2026-05-07 21:07:21
992,083734000,Matalom,44,2026-05-07 21:07:21,2026-05-07 21:07:21
993,083735000,Mayorga,44,2026-05-07 21:07:21,2026-05-07 21:07:21
994,083736000,Merida,44,2026-05-07 21:07:21,2026-05-07 21:07:21
995,083738000,Ormoc City,44,2026-05-07 21:07:21,2026-05-07 21:07:21
996,083739000,Palo,44,2026-05-07 21:07:21,2026-05-07 21:07:21
997,083740000,Palompon,44,2026-05-07 21:07:21,2026-05-07 21:07:21
998,083741000,Pastrana,44,2026-05-07 21:07:21,2026-05-07 21:07:21
999,083742000,San Isidro,44,2026-05-07 21:07:21,2026-05-07 21:07:21
1000,083743000,San Miguel,44,2026-05-07 21:07:21,2026-05-07 21:07:21
1001,083744000,Santa Fe,44,2026-05-07 21:07:21,2026-05-07 21:07:21
1002,083745000,Tabango,44,2026-05-07 21:07:21,2026-05-07 21:07:21
1003,083746000,Tabontabon,44,2026-05-07 21:07:21,2026-05-07 21:07:21
1004,083747000,City of Tacloban,44,2026-05-07 21:07:21,2026-05-07 21:07:21
1005,083748000,Tanauan,44,2026-05-07 21:07:21,2026-05-07 21:07:21
1006,083749000,Tolosa,44,2026-05-07 21:07:21,2026-05-07 21:07:21
1007,083750000,Tunga,44,2026-05-07 21:07:21,2026-05-07 21:07:21
1008,083751000,Villaba,44,2026-05-07 21:07:21,2026-05-07 21:07:21
1009,084801000,Allen,45,2026-05-07 21:07:21,2026-05-07 21:07:21
1010,084802000,Biri,45,2026-05-07 21:07:21,2026-05-07 21:07:21
1011,084803000,Bobon,45,2026-05-07 21:07:21,2026-05-07 21:07:21
1012,084804000,Capul,45,2026-05-07 21:07:21,2026-05-07 21:07:21
1013,084805000,Catarman,45,2026-05-07 21:07:21,2026-05-07 21:07:21
1014,084806000,Catubig,45,2026-05-07 21:07:21,2026-05-07 21:07:21
1015,084807000,Gamay,45,2026-05-07 21:07:21,2026-05-07 21:07:21
1016,084808000,Laoang,45,2026-05-07 21:07:21,2026-05-07 21:07:21
1017,084809000,Lapinig,45,2026-05-07 21:07:21,2026-05-07 21:07:21
1018,084810000,Las Navas,45,2026-05-07 21:07:21,2026-05-07 21:07:21
1019,084811000,Lavezares,45,2026-05-07 21:07:21,2026-05-07 21:07:21
1020,084812000,Mapanas,45,2026-05-07 21:07:21,2026-05-07 21:07:21
1021,084813000,Mondragon,45,2026-05-07 21:07:21,2026-05-07 21:07:21
1022,084814000,Palapag,45,2026-05-07 21:07:21,2026-05-07 21:07:21
1023,084815000,Pambujan,45,2026-05-07 21:07:21,2026-05-07 21:07:21
1024,084816000,Rosario,45,2026-05-07 21:07:21,2026-05-07 21:07:21
1025,084817000,San Antonio,45,2026-05-07 21:07:21,2026-05-07 21:07:21
1026,084818000,San Isidro,45,2026-05-07 21:07:21,2026-05-07 21:07:21
1027,084819000,San Jose,45,2026-05-07 21:07:21,2026-05-07 21:07:21
1028,084820000,San Roque,45,2026-05-07 21:07:21,2026-05-07 21:07:21
1029,084821000,San Vicente,45,2026-05-07 21:07:21,2026-05-07 21:07:21
1030,084822000,Silvino Lobos,45,2026-05-07 21:07:21,2026-05-07 21:07:21
1031,084823000,Victoria,45,2026-05-07 21:07:21,2026-05-07 21:07:21
1032,084824000,Lope De Vega,45,2026-05-07 21:07:21,2026-05-07 21:07:21
1033,086001000,Almagro,46,2026-05-07 21:07:21,2026-05-07 21:07:21
1034,086002000,Basey,46,2026-05-07 21:07:21,2026-05-07 21:07:21
1035,086003000,City of Calbayog,46,2026-05-07 21:07:21,2026-05-07 21:07:21
1036,086004000,Calbiga,46,2026-05-07 21:07:21,2026-05-07 21:07:21
1037,086005000,City of Catbalogan,46,2026-05-07 21:07:21,2026-05-07 21:07:21
1038,086006000,Daram,46,2026-05-07 21:07:21,2026-05-07 21:07:21
1039,086007000,Gandara,46,2026-05-07 21:07:21,2026-05-07 21:07:21
1040,086008000,Hinabangan,46,2026-05-07 21:07:21,2026-05-07 21:07:21
1041,086009000,Jiabong,46,2026-05-07 21:07:21,2026-05-07 21:07:21
1042,086010000,Marabut,46,2026-05-07 21:07:21,2026-05-07 21:07:21
1043,086011000,Matuguinao,46,2026-05-07 21:07:21,2026-05-07 21:07:21
1044,086012000,Motiong,46,2026-05-07 21:07:21,2026-05-07 21:07:21
1045,086013000,Pinabacdao,46,2026-05-07 21:07:21,2026-05-07 21:07:21
1046,086014000,San Jose De Buan,46,2026-05-07 21:07:21,2026-05-07 21:07:21
1047,086015000,San Sebastian,46,2026-05-07 21:07:21,2026-05-07 21:07:21
1048,086016000,Santa Margarita,46,2026-05-07 21:07:21,2026-05-07 21:07:21
1049,086017000,Santa Rita,46,2026-05-07 21:07:21,2026-05-07 21:07:21
1050,086018000,Santo Niño,46,2026-05-07 21:07:21,2026-05-07 21:07:21
1051,086019000,Talalora,46,2026-05-07 21:07:21,2026-05-07 21:07:21
1052,086020000,Tarangnan,46,2026-05-07 21:07:21,2026-05-07 21:07:21
1053,086021000,Villareal,46,2026-05-07 21:07:21,2026-05-07 21:07:21
1054,086022000,Paranas,46,2026-05-07 21:07:21,2026-05-07 21:07:21
1055,086023000,Zumarraga,46,2026-05-07 21:07:21,2026-05-07 21:07:21
1056,086024000,Tagapul-An,46,2026-05-07 21:07:21,2026-05-07 21:07:21
1057,086025000,San Jorge,46,2026-05-07 21:07:21,2026-05-07 21:07:21
1058,086026000,Pagsanghan,46,2026-05-07 21:07:21,2026-05-07 21:07:21
1059,086401000,Anahawan,47,2026-05-07 21:07:21,2026-05-07 21:07:21
1060,086402000,Bontoc,47,2026-05-07 21:07:21,2026-05-07 21:07:21
1061,086403000,Hinunangan,47,2026-05-07 21:07:21,2026-05-07 21:07:21
1062,086404000,Hinundayan,47,2026-05-07 21:07:21,2026-05-07 21:07:21
1063,086405000,Libagon,47,2026-05-07 21:07:21,2026-05-07 21:07:21
1064,086406000,Liloan,47,2026-05-07 21:07:21,2026-05-07 21:07:21
1065,086407000,City of Maasin,47,2026-05-07 21:07:21,2026-05-07 21:07:21
1066,086408000,Macrohon,47,2026-05-07 21:07:21,2026-05-07 21:07:21
1067,086409000,Malitbog,47,2026-05-07 21:07:21,2026-05-07 21:07:21
1068,086410000,Padre Burgos,47,2026-05-07 21:07:21,2026-05-07 21:07:21
1069,086411000,Pintuyan,47,2026-05-07 21:07:21,2026-05-07 21:07:21
1070,086412000,Saint Bernard,47,2026-05-07 21:07:21,2026-05-07 21:07:21
1071,086413000,San Francisco,47,2026-05-07 21:07:21,2026-05-07 21:07:21
1072,086414000,San Juan,47,2026-05-07 21:07:21,2026-05-07 21:07:21
1073,086415000,San Ricardo,47,2026-05-07 21:07:21,2026-05-07 21:07:21
1074,086416000,Silago,47,2026-05-07 21:07:21,2026-05-07 21:07:21
1075,086417000,Sogod,47,2026-05-07 21:07:21,2026-05-07 21:07:21
1076,086418000,Tomas Oppus,47,2026-05-07 21:07:21,2026-05-07 21:07:21
1077,086419000,Limasawa,47,2026-05-07 21:07:21,2026-05-07 21:07:21
1078,087801000,Almeria,48,2026-05-07 21:07:21,2026-05-07 21:07:21
1079,087802000,Biliran,48,2026-05-07 21:07:21,2026-05-07 21:07:21
1080,087803000,Cabucgayan,48,2026-05-07 21:07:21,2026-05-07 21:07:21
1081,087804000,Caibiran,48,2026-05-07 21:07:21,2026-05-07 21:07:21
1082,087805000,Culaba,48,2026-05-07 21:07:21,2026-05-07 21:07:21
1083,087806000,Kawayan,48,2026-05-07 21:07:21,2026-05-07 21:07:21
1084,087807000,Maripipi,48,2026-05-07 21:07:21,2026-05-07 21:07:21
1085,087808000,Naval,48,2026-05-07 21:07:21,2026-05-07 21:07:21
1086,097201000,City of Dapitan,49,2026-05-07 21:07:21,2026-05-07 21:07:21
1087,097202000,City of Dipolog,49,2026-05-07 21:07:21,2026-05-07 21:07:21
1088,097203000,Katipunan,49,2026-05-07 21:07:21,2026-05-07 21:07:21
1089,097204000,La Libertad,49,2026-05-07 21:07:21,2026-05-07 21:07:21
1090,097205000,Labason,49,2026-05-07 21:07:21,2026-05-07 21:07:21
1091,097206000,Liloy,49,2026-05-07 21:07:21,2026-05-07 21:07:21
1092,097207000,Manukan,49,2026-05-07 21:07:21,2026-05-07 21:07:21
1093,097208000,Mutia,49,2026-05-07 21:07:21,2026-05-07 21:07:21
1094,097209000,Piñan,49,2026-05-07 21:07:21,2026-05-07 21:07:21
1095,097210000,Polanco,49,2026-05-07 21:07:21,2026-05-07 21:07:21
1096,097211000,Pres. Manuel a. Roxas,49,2026-05-07 21:07:21,2026-05-07 21:07:21
1097,097212000,Rizal,49,2026-05-07 21:07:21,2026-05-07 21:07:21
1098,097213000,Salug,49,2026-05-07 21:07:21,2026-05-07 21:07:21
1099,097214000,Sergio osmeña Sr.,49,2026-05-07 21:07:21,2026-05-07 21:07:21
1100,097215000,Siayan,49,2026-05-07 21:07:21,2026-05-07 21:07:21
1101,097216000,Sibuco,49,2026-05-07 21:07:21,2026-05-07 21:07:21
1102,097217000,Sibutad,49,2026-05-07 21:07:21,2026-05-07 21:07:21
1103,097218000,Sindangan,49,2026-05-07 21:07:21,2026-05-07 21:07:21
1104,097219000,Siocon,49,2026-05-07 21:07:21,2026-05-07 21:07:21
1105,097220000,Sirawai,49,2026-05-07 21:07:21,2026-05-07 21:07:21
1106,097221000,Tampilisan,49,2026-05-07 21:07:21,2026-05-07 21:07:21
1107,097222000,Jose Dalman,49,2026-05-07 21:07:21,2026-05-07 21:07:21
1108,097223000,Gutalac,49,2026-05-07 21:07:21,2026-05-07 21:07:21
1109,097224000,Baliguian,49,2026-05-07 21:07:21,2026-05-07 21:07:21
1110,097225000,Godod,49,2026-05-07 21:07:21,2026-05-07 21:07:21
1111,097226000,Bacungan,49,2026-05-07 21:07:21,2026-05-07 21:07:21
1112,097227000,Kalawit,49,2026-05-07 21:07:21,2026-05-07 21:07:21
1113,097302000,Aurora,50,2026-05-07 21:07:21,2026-05-07 21:07:21
1114,097303000,Bayog,50,2026-05-07 21:07:21,2026-05-07 21:07:21
1115,097305000,Dimataling,50,2026-05-07 21:07:21,2026-05-07 21:07:21
1116,097306000,Dinas,50,2026-05-07 21:07:21,2026-05-07 21:07:21
1117,097307000,Dumalinao,50,2026-05-07 21:07:21,2026-05-07 21:07:21
1118,097308000,Dumingag,50,2026-05-07 21:07:21,2026-05-07 21:07:21
1119,097311000,Kumalarang,50,2026-05-07 21:07:21,2026-05-07 21:07:21
1120,097312000,Labangan,50,2026-05-07 21:07:21,2026-05-07 21:07:21
1121,097313000,Lapuyan,50,2026-05-07 21:07:21,2026-05-07 21:07:21
1122,097315000,Mahayag,50,2026-05-07 21:07:21,2026-05-07 21:07:21
1123,097317000,Margosatubig,50,2026-05-07 21:07:21,2026-05-07 21:07:21
1124,097318000,Midsalip,50,2026-05-07 21:07:21,2026-05-07 21:07:21
1125,097319000,Molave,50,2026-05-07 21:07:21,2026-05-07 21:07:21
1126,097322000,City of Pagadian,50,2026-05-07 21:07:21,2026-05-07 21:07:21
1127,097323000,Ramon Magsaysay,50,2026-05-07 21:07:21,2026-05-07 21:07:21
1128,097324000,San Miguel,50,2026-05-07 21:07:21,2026-05-07 21:07:21
1129,097325000,San Pablo,50,2026-05-07 21:07:21,2026-05-07 21:07:21
1130,097327000,Tabina,50,2026-05-07 21:07:21,2026-05-07 21:07:21
1131,097328000,Tambulig,50,2026-05-07 21:07:21,2026-05-07 21:07:21
1132,097330000,Tukuran,50,2026-05-07 21:07:21,2026-05-07 21:07:21
1133,097332000,City of Zamboanga,50,2026-05-07 21:07:21,2026-05-07 21:07:21
1134,097333000,Lakewood,50,2026-05-07 21:07:21,2026-05-07 21:07:21
1135,097337000,Josefina,50,2026-05-07 21:07:21,2026-05-07 21:07:21
1136,097338000,Pitogo,50,2026-05-07 21:07:21,2026-05-07 21:07:21
1137,097340000,Sominot,50,2026-05-07 21:07:21,2026-05-07 21:07:21
1138,097341000,Vincenzo a. Sagun,50,2026-05-07 21:07:21,2026-05-07 21:07:21
1139,097343000,Guipos,50,2026-05-07 21:07:21,2026-05-07 21:07:21
1140,097344000,Tigbao,50,2026-05-07 21:07:21,2026-05-07 21:07:21
1141,098301000,Alicia,51,2026-05-07 21:07:21,2026-05-07 21:07:21
1142,098302000,Buug,51,2026-05-07 21:07:21,2026-05-07 21:07:21
1143,098303000,Diplahan,51,2026-05-07 21:07:21,2026-05-07 21:07:21
1144,098304000,Imelda,51,2026-05-07 21:07:21,2026-05-07 21:07:21
1145,098305000,Ipil,51,2026-05-07 21:07:21,2026-05-07 21:07:21
1146,098306000,Kabasalan,51,2026-05-07 21:07:21,2026-05-07 21:07:21
1147,098307000,Mabuhay,51,2026-05-07 21:07:21,2026-05-07 21:07:21
1148,098308000,Malangas,51,2026-05-07 21:07:21,2026-05-07 21:07:21
1149,098309000,Naga,51,2026-05-07 21:07:21,2026-05-07 21:07:21
1150,098310000,Olutanga,51,2026-05-07 21:07:21,2026-05-07 21:07:21
1151,098311000,Payao,51,2026-05-07 21:07:21,2026-05-07 21:07:21
1152,098312000,Roseller Lim,51,2026-05-07 21:07:21,2026-05-07 21:07:21
1153,098313000,Siay,51,2026-05-07 21:07:21,2026-05-07 21:07:21
1154,098314000,Talusan,51,2026-05-07 21:07:21,2026-05-07 21:07:21
1155,098315000,Titay,51,2026-05-07 21:07:21,2026-05-07 21:07:21
1156,098316000,Tungawan,51,2026-05-07 21:07:21,2026-05-07 21:07:21
1157,099701000,City of Isabela,82,2026-05-07 21:07:21,2026-05-07 21:07:21
1158,101301000,Baungon,52,2026-05-07 21:07:21,2026-05-07 21:07:21
1159,101302000,Damulog,52,2026-05-07 21:07:21,2026-05-07 21:07:21
1160,101303000,Dangcagan,52,2026-05-07 21:07:21,2026-05-07 21:07:21
1161,101304000,Don Carlos,52,2026-05-07 21:07:21,2026-05-07 21:07:21
1162,101305000,Impasug-Ong,52,2026-05-07 21:07:21,2026-05-07 21:07:21
1163,101306000,Kadingilan,52,2026-05-07 21:07:21,2026-05-07 21:07:21
1164,101307000,Kalilangan,52,2026-05-07 21:07:21,2026-05-07 21:07:21
1165,101308000,Kibawe,52,2026-05-07 21:07:21,2026-05-07 21:07:21
1166,101309000,Kitaotao,52,2026-05-07 21:07:21,2026-05-07 21:07:21
1167,101310000,Lantapan,52,2026-05-07 21:07:21,2026-05-07 21:07:21
1168,101311000,Libona,52,2026-05-07 21:07:21,2026-05-07 21:07:21
1169,101312000,City of Malaybalay,52,2026-05-07 21:07:21,2026-05-07 21:07:21
1170,101313000,Malitbog,52,2026-05-07 21:07:21,2026-05-07 21:07:21
1171,101314000,Manolo Fortich,52,2026-05-07 21:07:21,2026-05-07 21:07:21
1172,101315000,Maramag,52,2026-05-07 21:07:21,2026-05-07 21:07:21
1173,101316000,Pangantucan,52,2026-05-07 21:07:21,2026-05-07 21:07:21
1174,101317000,Quezon,52,2026-05-07 21:07:21,2026-05-07 21:07:21
1175,101318000,San Fernando,52,2026-05-07 21:07:21,2026-05-07 21:07:21
1176,101319000,Sumilao,52,2026-05-07 21:07:21,2026-05-07 21:07:21
1177,101320000,Talakag,52,2026-05-07 21:07:21,2026-05-07 21:07:21
1178,101321000,City of Valencia,52,2026-05-07 21:07:21,2026-05-07 21:07:21
1179,101322000,Cabanglasan,52,2026-05-07 21:07:21,2026-05-07 21:07:21
1180,101801000,Catarman,53,2026-05-07 21:07:21,2026-05-07 21:07:21
1181,101802000,Guinsiliban,53,2026-05-07 21:07:21,2026-05-07 21:07:21
1182,101803000,Mahinog,53,2026-05-07 21:07:21,2026-05-07 21:07:21
1183,101804000,Mambajao,53,2026-05-07 21:07:21,2026-05-07 21:07:21
1184,101805000,Sagay,53,2026-05-07 21:07:21,2026-05-07 21:07:21
1185,103501000,Bacolod,54,2026-05-07 21:07:21,2026-05-07 21:07:21
1186,103502000,Baloi,54,2026-05-07 21:07:21,2026-05-07 21:07:21
1187,103503000,Baroy,54,2026-05-07 21:07:21,2026-05-07 21:07:21
1188,103504000,City of Iligan,54,2026-05-07 21:07:21,2026-05-07 21:07:21
1189,103505000,Kapatagan,54,2026-05-07 21:07:21,2026-05-07 21:07:21
1190,103506000,Sultan Naga Dimaporo,54,2026-05-07 21:07:21,2026-05-07 21:07:21
1191,103507000,Kauswagan,54,2026-05-07 21:07:21,2026-05-07 21:07:21
1192,103508000,Kolambugan,54,2026-05-07 21:07:21,2026-05-07 21:07:21
1193,103509000,Lala,54,2026-05-07 21:07:21,2026-05-07 21:07:21
1194,103510000,Linamon,54,2026-05-07 21:07:21,2026-05-07 21:07:21
1195,103511000,Magsaysay,54,2026-05-07 21:07:21,2026-05-07 21:07:21
1196,103512000,Maigo,54,2026-05-07 21:07:21,2026-05-07 21:07:21
1197,103513000,Matungao,54,2026-05-07 21:07:21,2026-05-07 21:07:21
1198,103514000,Munai,54,2026-05-07 21:07:21,2026-05-07 21:07:21
1199,103515000,Nunungan,54,2026-05-07 21:07:21,2026-05-07 21:07:21
1200,103516000,Pantao Ragat,54,2026-05-07 21:07:21,2026-05-07 21:07:21
1201,103517000,Poona Piagapo,54,2026-05-07 21:07:21,2026-05-07 21:07:21
1202,103518000,Salvador,54,2026-05-07 21:07:21,2026-05-07 21:07:21
1203,103519000,Sapad,54,2026-05-07 21:07:21,2026-05-07 21:07:21
1204,103520000,Tagoloan,54,2026-05-07 21:07:21,2026-05-07 21:07:21
1205,103521000,Tangcal,54,2026-05-07 21:07:21,2026-05-07 21:07:21
1206,103522000,Tubod,54,2026-05-07 21:07:21,2026-05-07 21:07:21
1207,103523000,Pantar,54,2026-05-07 21:07:21,2026-05-07 21:07:21
1208,104201000,Aloran,55,2026-05-07 21:07:21,2026-05-07 21:07:21
1209,104202000,Baliangao,55,2026-05-07 21:07:21,2026-05-07 21:07:21
1210,104203000,Bonifacio,55,2026-05-07 21:07:21,2026-05-07 21:07:21
1211,104204000,Calamba,55,2026-05-07 21:07:21,2026-05-07 21:07:21
1212,104205000,Clarin,55,2026-05-07 21:07:21,2026-05-07 21:07:21
1213,104206000,Concepcion,55,2026-05-07 21:07:21,2026-05-07 21:07:21
1214,104207000,Jimenez,55,2026-05-07 21:07:21,2026-05-07 21:07:21
1215,104208000,Lopez Jaena,55,2026-05-07 21:07:21,2026-05-07 21:07:21
1216,104209000,City of Oroquieta,55,2026-05-07 21:07:21,2026-05-07 21:07:21
1217,104210000,City of Ozamiz,55,2026-05-07 21:07:21,2026-05-07 21:07:21
1218,104211000,Panaon,55,2026-05-07 21:07:21,2026-05-07 21:07:21
1219,104212000,Plaridel,55,2026-05-07 21:07:21,2026-05-07 21:07:21
1220,104213000,Sapang Dalaga,55,2026-05-07 21:07:21,2026-05-07 21:07:21
1221,104214000,Sinacaban,55,2026-05-07 21:07:21,2026-05-07 21:07:21
1222,104215000,City of Tangub,55,2026-05-07 21:07:21,2026-05-07 21:07:21
1223,104216000,Tudela,55,2026-05-07 21:07:21,2026-05-07 21:07:21
1224,104217000,Don Victoriano Chiongbian,55,2026-05-07 21:07:21,2026-05-07 21:07:21
1225,104301000,Alubijid,56,2026-05-07 21:07:21,2026-05-07 21:07:21
1226,104302000,Balingasag,56,2026-05-07 21:07:21,2026-05-07 21:07:21
1227,104303000,Balingoan,56,2026-05-07 21:07:21,2026-05-07 21:07:21
1228,104304000,Binuangan,56,2026-05-07 21:07:21,2026-05-07 21:07:21
1229,104305000,City of Cagayan De Oro,56,2026-05-07 21:07:21,2026-05-07 21:07:21
1230,104306000,Claveria,56,2026-05-07 21:07:21,2026-05-07 21:07:21
1231,104307000,City of El Salvador,56,2026-05-07 21:07:21,2026-05-07 21:07:21
1232,104308000,City of Gingoog,56,2026-05-07 21:07:21,2026-05-07 21:07:21
1233,104309000,Gitagum,56,2026-05-07 21:07:21,2026-05-07 21:07:21
1234,104310000,Initao,56,2026-05-07 21:07:21,2026-05-07 21:07:21
1235,104311000,Jasaan,56,2026-05-07 21:07:21,2026-05-07 21:07:21
1236,104312000,Kinoguitan,56,2026-05-07 21:07:21,2026-05-07 21:07:21
1237,104313000,Lagonglong,56,2026-05-07 21:07:21,2026-05-07 21:07:21
1238,104314000,Laguindingan,56,2026-05-07 21:07:21,2026-05-07 21:07:21
1239,104315000,Libertad,56,2026-05-07 21:07:21,2026-05-07 21:07:21
1240,104316000,Lugait,56,2026-05-07 21:07:21,2026-05-07 21:07:21
1241,104317000,Magsaysay,56,2026-05-07 21:07:21,2026-05-07 21:07:21
1242,104318000,Manticao,56,2026-05-07 21:07:21,2026-05-07 21:07:21
1243,104319000,Medina,56,2026-05-07 21:07:21,2026-05-07 21:07:21
1244,104320000,Naawan,56,2026-05-07 21:07:21,2026-05-07 21:07:21
1245,104321000,Opol,56,2026-05-07 21:07:21,2026-05-07 21:07:21
1246,104322000,Salay,56,2026-05-07 21:07:21,2026-05-07 21:07:21
1247,104323000,Sugbongcogon,56,2026-05-07 21:07:21,2026-05-07 21:07:21
1248,104324000,Tagoloan,56,2026-05-07 21:07:21,2026-05-07 21:07:21
1249,104325000,Talisayan,56,2026-05-07 21:07:21,2026-05-07 21:07:21
1250,104326000,Villanueva,56,2026-05-07 21:07:21,2026-05-07 21:07:21
1251,112301000,Asuncion,57,2026-05-07 21:07:21,2026-05-07 21:07:21
1252,112303000,Carmen,57,2026-05-07 21:07:21,2026-05-07 21:07:21
1253,112305000,Kapalong,57,2026-05-07 21:07:21,2026-05-07 21:07:21
1254,112314000,New Corella,57,2026-05-07 21:07:21,2026-05-07 21:07:21
1255,112315000,City of Panabo,57,2026-05-07 21:07:21,2026-05-07 21:07:21
1256,112317000,Island Garden City of Samal,57,2026-05-07 21:07:21,2026-05-07 21:07:21
1257,112318000,Santo Tomas,57,2026-05-07 21:07:21,2026-05-07 21:07:21
1258,112319000,City of Tagum,57,2026-05-07 21:07:21,2026-05-07 21:07:21
1259,112322000,Talaingod,57,2026-05-07 21:07:21,2026-05-07 21:07:21
1260,112323000,Braulio E. Dujali,57,2026-05-07 21:07:21,2026-05-07 21:07:21
1261,112324000,San Isidro,57,2026-05-07 21:07:21,2026-05-07 21:07:21
1262,112401000,Bansalan,58,2026-05-07 21:07:21,2026-05-07 21:07:21
1263,112402000,City of Davao,58,2026-05-07 21:07:21,2026-05-07 21:07:21
1264,112403000,City of Digos,58,2026-05-07 21:07:21,2026-05-07 21:07:21
1265,112404000,Hagonoy,58,2026-05-07 21:07:21,2026-05-07 21:07:21
1266,112406000,Kiblawan,58,2026-05-07 21:07:21,2026-05-07 21:07:21
1267,112407000,Magsaysay,58,2026-05-07 21:07:21,2026-05-07 21:07:21
1268,112408000,Malalag,58,2026-05-07 21:07:21,2026-05-07 21:07:21
1269,112410000,Matanao,58,2026-05-07 21:07:21,2026-05-07 21:07:21
1270,112411000,Padada,58,2026-05-07 21:07:21,2026-05-07 21:07:21
1271,112412000,Santa Cruz,58,2026-05-07 21:07:21,2026-05-07 21:07:21
1272,112414000,Sulop,58,2026-05-07 21:07:21,2026-05-07 21:07:21
1273,112501000,Baganga,59,2026-05-07 21:07:21,2026-05-07 21:07:21
1274,112502000,Banaybanay,59,2026-05-07 21:07:21,2026-05-07 21:07:21
1275,112503000,Boston,59,2026-05-07 21:07:21,2026-05-07 21:07:21
1276,112504000,Caraga,59,2026-05-07 21:07:21,2026-05-07 21:07:21
1277,112505000,Cateel,59,2026-05-07 21:07:21,2026-05-07 21:07:21
1278,112506000,Governor Generoso,59,2026-05-07 21:07:21,2026-05-07 21:07:21
1279,112507000,Lupon,59,2026-05-07 21:07:21,2026-05-07 21:07:21
1280,112508000,Manay,59,2026-05-07 21:07:21,2026-05-07 21:07:21
1281,112509000,City of Mati,59,2026-05-07 21:07:21,2026-05-07 21:07:21
1282,112510000,San Isidro,59,2026-05-07 21:07:21,2026-05-07 21:07:21
1283,112511000,Tarragona,59,2026-05-07 21:07:21,2026-05-07 21:07:21
1284,118201000,Compostela,60,2026-05-07 21:07:21,2026-05-07 21:07:21
1285,118202000,Laak,60,2026-05-07 21:07:21,2026-05-07 21:07:21
1286,118203000,Mabini,60,2026-05-07 21:07:21,2026-05-07 21:07:21
1287,118204000,Maco,60,2026-05-07 21:07:21,2026-05-07 21:07:21
1288,118205000,Maragusan,60,2026-05-07 21:07:21,2026-05-07 21:07:21
1289,118206000,Mawab,60,2026-05-07 21:07:21,2026-05-07 21:07:21
1290,118207000,Monkayo,60,2026-05-07 21:07:21,2026-05-07 21:07:21
1291,118208000,Montevista,60,2026-05-07 21:07:21,2026-05-07 21:07:21
1292,118209000,Nabunturan,60,2026-05-07 21:07:21,2026-05-07 21:07:21
1293,118210000,New Bataan,60,2026-05-07 21:07:21,2026-05-07 21:07:21
1294,118211000,Pantukan,60,2026-05-07 21:07:21,2026-05-07 21:07:21
1295,118601000,Don Marcelino,61,2026-05-07 21:07:21,2026-05-07 21:07:21
1296,118602000,Jose Abad Santos,61,2026-05-07 21:07:21,2026-05-07 21:07:21
1297,118603000,Malita,61,2026-05-07 21:07:21,2026-05-07 21:07:21
1298,118604000,Santa Maria,61,2026-05-07 21:07:21,2026-05-07 21:07:21
1299,118605000,Sarangani,61,2026-05-07 21:07:21,2026-05-07 21:07:21
1300,124701000,Alamada,62,2026-05-07 21:07:21,2026-05-07 21:07:21
1301,124702000,Carmen,62,2026-05-07 21:07:21,2026-05-07 21:07:21
1302,124703000,Kabacan,62,2026-05-07 21:07:21,2026-05-07 21:07:21
1303,124704000,City of Kidapawan,62,2026-05-07 21:07:21,2026-05-07 21:07:21
1304,124705000,Libungan,62,2026-05-07 21:07:21,2026-05-07 21:07:21
1305,124706000,Magpet,62,2026-05-07 21:07:21,2026-05-07 21:07:21
1306,124707000,Makilala,62,2026-05-07 21:07:21,2026-05-07 21:07:21
1307,124708000,Matalam,62,2026-05-07 21:07:21,2026-05-07 21:07:21
1308,124709000,Midsayap,62,2026-05-07 21:07:21,2026-05-07 21:07:21
1309,124710000,M'lang,62,2026-05-07 21:07:21,2026-05-07 21:07:21
1310,124711000,Pigkawayan,62,2026-05-07 21:07:21,2026-05-07 21:07:21
1311,124712000,Pikit,62,2026-05-07 21:07:21,2026-05-07 21:07:21
1312,124713000,President Roxas,62,2026-05-07 21:07:21,2026-05-07 21:07:21
1313,124714000,Tulunan,62,2026-05-07 21:07:21,2026-05-07 21:07:21
1314,124715000,Antipas,62,2026-05-07 21:07:21,2026-05-07 21:07:21
1315,124716000,Banisilan,62,2026-05-07 21:07:21,2026-05-07 21:07:21
1316,124717000,Aleosan,62,2026-05-07 21:07:21,2026-05-07 21:07:21
1317,124718000,Arakan,62,2026-05-07 21:07:21,2026-05-07 21:07:21
1318,126302000,Banga,63,2026-05-07 21:07:21,2026-05-07 21:07:21
1319,126303000,City of General Santos,63,2026-05-07 21:07:21,2026-05-07 21:07:21
1320,126306000,City of Koronadal,63,2026-05-07 21:07:21,2026-05-07 21:07:21
1321,126311000,Norala,63,2026-05-07 21:07:21,2026-05-07 21:07:21
1322,126312000,Polomolok,63,2026-05-07 21:07:21,2026-05-07 21:07:21
1323,126313000,Surallah,63,2026-05-07 21:07:21,2026-05-07 21:07:21
1324,126314000,Tampakan,63,2026-05-07 21:07:21,2026-05-07 21:07:21
1325,126315000,Tantangan,63,2026-05-07 21:07:21,2026-05-07 21:07:21
1326,126316000,T'boli,63,2026-05-07 21:07:21,2026-05-07 21:07:21
1327,126317000,Tupi,63,2026-05-07 21:07:21,2026-05-07 21:07:21
1328,126318000,Santo Niño,63,2026-05-07 21:07:21,2026-05-07 21:07:21
1329,126319000,Lake Sebu,63,2026-05-07 21:07:21,2026-05-07 21:07:21
1330,126501000,Bagumbayan,64,2026-05-07 21:07:21,2026-05-07 21:07:21
1331,126502000,Columbio,64,2026-05-07 21:07:21,2026-05-07 21:07:21
1332,126503000,Esperanza,64,2026-05-07 21:07:21,2026-05-07 21:07:21
1333,126504000,Isulan,64,2026-05-07 21:07:21,2026-05-07 21:07:21
1334,126505000,Kalamansig,64,2026-05-07 21:07:21,2026-05-07 21:07:21
1335,126506000,Lebak,64,2026-05-07 21:07:21,2026-05-07 21:07:21
1336,126507000,Lutayan,64,2026-05-07 21:07:21,2026-05-07 21:07:21
1337,126508000,Lambayong,64,2026-05-07 21:07:21,2026-05-07 21:07:21
1338,126509000,Palimbang,64,2026-05-07 21:07:21,2026-05-07 21:07:21
1339,126510000,President Quirino,64,2026-05-07 21:07:21,2026-05-07 21:07:21
1340,126511000,City of Tacurong,64,2026-05-07 21:07:21,2026-05-07 21:07:21
1341,126512000,Sen. Ninoy Aquino,64,2026-05-07 21:07:21,2026-05-07 21:07:21
1342,128001000,Alabel,65,2026-05-07 21:07:21,2026-05-07 21:07:21
1343,128002000,Glan,65,2026-05-07 21:07:21,2026-05-07 21:07:21
1344,128003000,Kiamba,65,2026-05-07 21:07:21,2026-05-07 21:07:21
1345,128004000,Maasim,65,2026-05-07 21:07:21,2026-05-07 21:07:21
1346,128005000,Maitum,65,2026-05-07 21:07:21,2026-05-07 21:07:21
1347,128006000,Malapatan,65,2026-05-07 21:07:21,2026-05-07 21:07:21
1348,128007000,Malungon,65,2026-05-07 21:07:21,2026-05-07 21:07:21
1360,137602000,City of Makati,83,2026-05-07 21:07:21,2026-05-07 21:07:21
1364,137606000,Pateros,83,2026-05-07 21:07:21,2026-05-07 21:07:21
1366,140101000,Bangued,66,2026-05-07 21:07:21,2026-05-07 21:07:21
1367,140102000,Boliney,66,2026-05-07 21:07:21,2026-05-07 21:07:21
1368,140103000,Bucay,66,2026-05-07 21:07:21,2026-05-07 21:07:21
1369,140104000,Bucloc,66,2026-05-07 21:07:21,2026-05-07 21:07:21
1370,140105000,Daguioman,66,2026-05-07 21:07:21,2026-05-07 21:07:21
1371,140106000,Danglas,66,2026-05-07 21:07:21,2026-05-07 21:07:21
1372,140107000,Dolores,66,2026-05-07 21:07:21,2026-05-07 21:07:21
1373,140108000,La Paz,66,2026-05-07 21:07:21,2026-05-07 21:07:21
1374,140109000,Lacub,66,2026-05-07 21:07:21,2026-05-07 21:07:21
1375,140110000,Lagangilang,66,2026-05-07 21:07:21,2026-05-07 21:07:21
1376,140111000,Lagayan,66,2026-05-07 21:07:21,2026-05-07 21:07:21
1377,140112000,Langiden,66,2026-05-07 21:07:21,2026-05-07 21:07:21
1378,140113000,Licuan-Baay,66,2026-05-07 21:07:21,2026-05-07 21:07:21
1379,140114000,Luba,66,2026-05-07 21:07:21,2026-05-07 21:07:21
1380,140115000,Malibcong,66,2026-05-07 21:07:21,2026-05-07 21:07:21
1381,140116000,Manabo,66,2026-05-07 21:07:21,2026-05-07 21:07:21
1382,140117000,Peñarrubia,66,2026-05-07 21:07:21,2026-05-07 21:07:21
1383,140118000,Pidigan,66,2026-05-07 21:07:21,2026-05-07 21:07:21
1384,140119000,Pilar,66,2026-05-07 21:07:21,2026-05-07 21:07:21
1385,140120000,Sallapadan,66,2026-05-07 21:07:21,2026-05-07 21:07:21
1386,140121000,San Isidro,66,2026-05-07 21:07:21,2026-05-07 21:07:21
1387,140122000,San Juan,66,2026-05-07 21:07:21,2026-05-07 21:07:21
1388,140123000,San Quintin,66,2026-05-07 21:07:21,2026-05-07 21:07:21
1389,140124000,Tayum,66,2026-05-07 21:07:21,2026-05-07 21:07:21
1390,140125000,Tineg,66,2026-05-07 21:07:21,2026-05-07 21:07:21
1391,140126000,Tubo,66,2026-05-07 21:07:21,2026-05-07 21:07:21
1392,140127000,Villaviciosa,66,2026-05-07 21:07:21,2026-05-07 21:07:21
1393,141101000,Atok,67,2026-05-07 21:07:21,2026-05-07 21:07:21
1394,141102000,City of Baguio,67,2026-05-07 21:07:21,2026-05-07 21:07:21
1395,141103000,Bakun,67,2026-05-07 21:07:21,2026-05-07 21:07:21
1396,141104000,Bokod,67,2026-05-07 21:07:21,2026-05-07 21:07:21
1397,141105000,Buguias,67,2026-05-07 21:07:21,2026-05-07 21:07:21
1398,141106000,Itogon,67,2026-05-07 21:07:21,2026-05-07 21:07:21
1399,141107000,Kabayan,67,2026-05-07 21:07:21,2026-05-07 21:07:21
1400,141108000,Kapangan,67,2026-05-07 21:07:21,2026-05-07 21:07:21
1401,141109000,Kibungan,67,2026-05-07 21:07:21,2026-05-07 21:07:21
1402,141110000,La Trinidad,67,2026-05-07 21:07:21,2026-05-07 21:07:21
1403,141111000,Mankayan,67,2026-05-07 21:07:21,2026-05-07 21:07:21
1404,141112000,Sablan,67,2026-05-07 21:07:21,2026-05-07 21:07:21
1405,141113000,Tuba,67,2026-05-07 21:07:21,2026-05-07 21:07:21
1406,141114000,Tublay,67,2026-05-07 21:07:21,2026-05-07 21:07:21
1407,142701000,Banaue,68,2026-05-07 21:07:21,2026-05-07 21:07:21
1408,142702000,Hungduan,68,2026-05-07 21:07:21,2026-05-07 21:07:21
1409,142703000,Kiangan,68,2026-05-07 21:07:21,2026-05-07 21:07:21
1410,142704000,Lagawe,68,2026-05-07 21:07:21,2026-05-07 21:07:21
1411,142705000,Lamut,68,2026-05-07 21:07:21,2026-05-07 21:07:21
1412,142706000,Mayoyao,68,2026-05-07 21:07:21,2026-05-07 21:07:21
1413,142707000,Alfonso Lista,68,2026-05-07 21:07:21,2026-05-07 21:07:21
1414,142708000,Aguinaldo,68,2026-05-07 21:07:21,2026-05-07 21:07:21
1415,142709000,Hingyon,68,2026-05-07 21:07:21,2026-05-07 21:07:21
1416,142710000,Tinoc,68,2026-05-07 21:07:21,2026-05-07 21:07:21
1417,142711000,Asipulo,68,2026-05-07 21:07:21,2026-05-07 21:07:21
1418,143201000,Balbalan,69,2026-05-07 21:07:21,2026-05-07 21:07:21
1419,143206000,Lubuagan,69,2026-05-07 21:07:21,2026-05-07 21:07:21
1420,143208000,Pasil,69,2026-05-07 21:07:21,2026-05-07 21:07:21
1421,143209000,Pinukpuk,69,2026-05-07 21:07:21,2026-05-07 21:07:21
1422,143211000,Rizal,69,2026-05-07 21:07:21,2026-05-07 21:07:21
1423,143213000,City of Tabuk,69,2026-05-07 21:07:21,2026-05-07 21:07:21
1424,143214000,Tanudan,69,2026-05-07 21:07:21,2026-05-07 21:07:21
1425,143215000,Tinglayan,69,2026-05-07 21:07:21,2026-05-07 21:07:21
1426,144401000,Barlig,70,2026-05-07 21:07:21,2026-05-07 21:07:21
1427,144402000,Bauko,70,2026-05-07 21:07:21,2026-05-07 21:07:21
1428,144403000,Besao,70,2026-05-07 21:07:21,2026-05-07 21:07:21
1429,144404000,Bontoc,70,2026-05-07 21:07:21,2026-05-07 21:07:21
1430,144405000,Natonin,70,2026-05-07 21:07:21,2026-05-07 21:07:21
1431,144406000,Paracelis,70,2026-05-07 21:07:21,2026-05-07 21:07:21
1432,144407000,Sabangan,70,2026-05-07 21:07:21,2026-05-07 21:07:21
1433,144408000,Sadanga,70,2026-05-07 21:07:21,2026-05-07 21:07:21
1434,144409000,Sagada,70,2026-05-07 21:07:21,2026-05-07 21:07:21
1435,144410000,Tadian,70,2026-05-07 21:07:21,2026-05-07 21:07:21
1436,148101000,Calanasan,71,2026-05-07 21:07:21,2026-05-07 21:07:21
1437,148102000,Conner,71,2026-05-07 21:07:21,2026-05-07 21:07:21
1438,148103000,Flora,71,2026-05-07 21:07:21,2026-05-07 21:07:21
1439,148104000,Kabugao,71,2026-05-07 21:07:21,2026-05-07 21:07:21
1440,148105000,Luna,71,2026-05-07 21:07:21,2026-05-07 21:07:21
1441,148106000,Pudtol,71,2026-05-07 21:07:21,2026-05-07 21:07:21
1442,148107000,Santa Marcela,71,2026-05-07 21:07:21,2026-05-07 21:07:21
1443,160201000,Buenavista,72,2026-05-07 21:07:21,2026-05-07 21:07:21
1444,160202000,City of Butuan,72,2026-05-07 21:07:21,2026-05-07 21:07:21
1445,160203000,City of Cabadbaran,72,2026-05-07 21:07:21,2026-05-07 21:07:21
1446,160204000,Carmen,72,2026-05-07 21:07:21,2026-05-07 21:07:21
1447,160205000,Jabonga,72,2026-05-07 21:07:21,2026-05-07 21:07:21
1448,160206000,Kitcharao,72,2026-05-07 21:07:21,2026-05-07 21:07:21
1449,160207000,Las Nieves,72,2026-05-07 21:07:21,2026-05-07 21:07:21
1450,160208000,Magallanes,72,2026-05-07 21:07:21,2026-05-07 21:07:21
1451,160209000,Nasipit,72,2026-05-07 21:07:21,2026-05-07 21:07:21
1452,160210000,Santiago,72,2026-05-07 21:07:21,2026-05-07 21:07:21
1453,160211000,Tubay,72,2026-05-07 21:07:21,2026-05-07 21:07:21
1454,160212000,Remedios T. Romualdez,72,2026-05-07 21:07:21,2026-05-07 21:07:21
1455,160301000,City of Bayugan,73,2026-05-07 21:07:21,2026-05-07 21:07:21
1456,160302000,Bunawan,73,2026-05-07 21:07:21,2026-05-07 21:07:21
1457,160303000,Esperanza,73,2026-05-07 21:07:21,2026-05-07 21:07:21
1458,160304000,La Paz,73,2026-05-07 21:07:21,2026-05-07 21:07:21
1459,160305000,Loreto,73,2026-05-07 21:07:21,2026-05-07 21:07:21
1460,160306000,Prosperidad,73,2026-05-07 21:07:21,2026-05-07 21:07:21
1461,160307000,Rosario,73,2026-05-07 21:07:21,2026-05-07 21:07:21
1462,160308000,San Francisco,73,2026-05-07 21:07:21,2026-05-07 21:07:21
1463,160309000,San Luis,73,2026-05-07 21:07:21,2026-05-07 21:07:21
1464,160310000,Santa Josefa,73,2026-05-07 21:07:21,2026-05-07 21:07:21
1465,160311000,Talacogon,73,2026-05-07 21:07:21,2026-05-07 21:07:21
1466,160312000,Trento,73,2026-05-07 21:07:21,2026-05-07 21:07:21
1467,160313000,Veruela,73,2026-05-07 21:07:21,2026-05-07 21:07:21
1468,160314000,Sibagat,73,2026-05-07 21:07:21,2026-05-07 21:07:21
1469,166701000,Alegria,74,2026-05-07 21:07:21,2026-05-07 21:07:21
1470,166702000,Bacuag,74,2026-05-07 21:07:21,2026-05-07 21:07:21
1471,166704000,Burgos,74,2026-05-07 21:07:21,2026-05-07 21:07:21
1472,166706000,Claver,74,2026-05-07 21:07:21,2026-05-07 21:07:21
1473,166707000,Dapa,74,2026-05-07 21:07:21,2026-05-07 21:07:21
1474,166708000,Del Carmen,74,2026-05-07 21:07:21,2026-05-07 21:07:21
1475,166710000,General Luna,74,2026-05-07 21:07:21,2026-05-07 21:07:21
1476,166711000,Gigaquit,74,2026-05-07 21:07:21,2026-05-07 21:07:21
1477,166714000,Mainit,74,2026-05-07 21:07:21,2026-05-07 21:07:21
1478,166715000,Malimono,74,2026-05-07 21:07:21,2026-05-07 21:07:21
1479,166716000,Pilar,74,2026-05-07 21:07:21,2026-05-07 21:07:21
1480,166717000,Placer,74,2026-05-07 21:07:21,2026-05-07 21:07:21
1481,166718000,San Benito,74,2026-05-07 21:07:21,2026-05-07 21:07:21
1482,166719000,San Francisco,74,2026-05-07 21:07:21,2026-05-07 21:07:21
1483,166720000,San Isidro,74,2026-05-07 21:07:21,2026-05-07 21:07:21
1484,166721000,Santa Monica,74,2026-05-07 21:07:21,2026-05-07 21:07:21
1485,166722000,Sison,74,2026-05-07 21:07:21,2026-05-07 21:07:21
1486,166723000,Socorro,74,2026-05-07 21:07:21,2026-05-07 21:07:21
1487,166724000,City of Surigao,74,2026-05-07 21:07:21,2026-05-07 21:07:21
1488,166725000,Tagana-An,74,2026-05-07 21:07:21,2026-05-07 21:07:21
1489,166727000,Tubod,74,2026-05-07 21:07:21,2026-05-07 21:07:21
1490,166801000,Barobo,75,2026-05-07 21:07:21,2026-05-07 21:07:21
1491,166802000,Bayabas,75,2026-05-07 21:07:21,2026-05-07 21:07:21
1492,166803000,City of Bislig,75,2026-05-07 21:07:21,2026-05-07 21:07:21
1493,166804000,Cagwait,75,2026-05-07 21:07:21,2026-05-07 21:07:21
1494,166805000,Cantilan,75,2026-05-07 21:07:21,2026-05-07 21:07:21
1495,166806000,Carmen,75,2026-05-07 21:07:21,2026-05-07 21:07:21
1496,166807000,Carrascal,75,2026-05-07 21:07:21,2026-05-07 21:07:21
1497,166808000,Cortes,75,2026-05-07 21:07:21,2026-05-07 21:07:21
1498,166809000,Hinatuan,75,2026-05-07 21:07:21,2026-05-07 21:07:21
1499,166810000,Lanuza,75,2026-05-07 21:07:21,2026-05-07 21:07:21
1500,166811000,Lianga,75,2026-05-07 21:07:21,2026-05-07 21:07:21
1501,166812000,Lingig,75,2026-05-07 21:07:21,2026-05-07 21:07:21
1502,166813000,Madrid,75,2026-05-07 21:07:21,2026-05-07 21:07:21
1503,166814000,Marihatag,75,2026-05-07 21:07:21,2026-05-07 21:07:21
1504,166815000,San Agustin,75,2026-05-07 21:07:21,2026-05-07 21:07:21
1505,166816000,San Miguel,75,2026-05-07 21:07:21,2026-05-07 21:07:21
1506,166817000,Tagbina,75,2026-05-07 21:07:21,2026-05-07 21:07:21
1507,166818000,Tago,75,2026-05-07 21:07:21,2026-05-07 21:07:21
1508,166819000,City of Tandag,75,2026-05-07 21:07:21,2026-05-07 21:07:21
1509,168501000,Basilisa,76,2026-05-07 21:07:21,2026-05-07 21:07:21
1510,168502000,Cagdianao,76,2026-05-07 21:07:21,2026-05-07 21:07:21
1511,168503000,Dinagat,76,2026-05-07 21:07:21,2026-05-07 21:07:21
1512,168504000,Libjo,76,2026-05-07 21:07:21,2026-05-07 21:07:21
1513,168505000,Loreto,76,2026-05-07 21:07:21,2026-05-07 21:07:21
1514,168506000,San Jose,76,2026-05-07 21:07:21,2026-05-07 21:07:21
1515,168507000,Tubajon,76,2026-05-07 21:07:21,2026-05-07 21:07:21
1516,150702000,City of Lamitan,77,2026-05-07 21:07:21,2026-05-07 21:07:21
1517,150703000,Lantawan,77,2026-05-07 21:07:21,2026-05-07 21:07:21
1518,150704000,Maluso,77,2026-05-07 21:07:21,2026-05-07 21:07:21
1519,150705000,Sumisip,77,2026-05-07 21:07:21,2026-05-07 21:07:21
1520,150706000,Tipo-Tipo,77,2026-05-07 21:07:21,2026-05-07 21:07:21
1521,150707000,Tuburan,77,2026-05-07 21:07:21,2026-05-07 21:07:21
1522,150708000,Akbar,77,2026-05-07 21:07:21,2026-05-07 21:07:21
1523,150709000,Al-Barka,77,2026-05-07 21:07:21,2026-05-07 21:07:21
1524,150710000,Hadji Mohammad Ajul,77,2026-05-07 21:07:21,2026-05-07 21:07:21
1525,150711000,Ungkaya Pukan,77,2026-05-07 21:07:21,2026-05-07 21:07:21
1526,150712000,Hadji Muhtamad,77,2026-05-07 21:07:21,2026-05-07 21:07:21
1527,150713000,Tabuan-Lasa,77,2026-05-07 21:07:21,2026-05-07 21:07:21
1528,153601000,Bacolod-Kalawi,78,2026-05-07 21:07:21,2026-05-07 21:07:21
1529,153602000,Balabagan,78,2026-05-07 21:07:21,2026-05-07 21:07:21
1530,153603000,Balindong,78,2026-05-07 21:07:21,2026-05-07 21:07:21
1531,153604000,Bayang,78,2026-05-07 21:07:21,2026-05-07 21:07:21
1532,153605000,Binidayan,78,2026-05-07 21:07:21,2026-05-07 21:07:21
1533,153606000,Bubong,78,2026-05-07 21:07:21,2026-05-07 21:07:21
1534,153607000,Butig,78,2026-05-07 21:07:21,2026-05-07 21:07:21
1535,153609000,Ganassi,78,2026-05-07 21:07:21,2026-05-07 21:07:21
1536,153610000,Kapai,78,2026-05-07 21:07:21,2026-05-07 21:07:21
1537,153611000,Lumba-Bayabao,78,2026-05-07 21:07:21,2026-05-07 21:07:21
1538,153612000,Lumbatan,78,2026-05-07 21:07:21,2026-05-07 21:07:21
1539,153613000,Madalum,78,2026-05-07 21:07:21,2026-05-07 21:07:21
1540,153614000,Madamba,78,2026-05-07 21:07:21,2026-05-07 21:07:21
1541,153615000,Malabang,78,2026-05-07 21:07:21,2026-05-07 21:07:21
1542,153616000,Marantao,78,2026-05-07 21:07:21,2026-05-07 21:07:21
1543,153617000,City of Marawi,78,2026-05-07 21:07:21,2026-05-07 21:07:21
1544,153618000,Masiu,78,2026-05-07 21:07:21,2026-05-07 21:07:21
1545,153619000,Mulondo,78,2026-05-07 21:07:21,2026-05-07 21:07:21
1546,153620000,Pagayawan,78,2026-05-07 21:07:21,2026-05-07 21:07:21
1547,153621000,Piagapo,78,2026-05-07 21:07:21,2026-05-07 21:07:21
1548,153622000,Poona Bayabao,78,2026-05-07 21:07:21,2026-05-07 21:07:21
1549,153623000,Pualas,78,2026-05-07 21:07:21,2026-05-07 21:07:21
1550,153624000,Ditsaan-Ramain,78,2026-05-07 21:07:21,2026-05-07 21:07:21
1551,153625000,Saguiaran,78,2026-05-07 21:07:21,2026-05-07 21:07:21
1552,153626000,Tamparan,78,2026-05-07 21:07:21,2026-05-07 21:07:21
1553,153627000,Taraka,78,2026-05-07 21:07:21,2026-05-07 21:07:21
1554,153628000,Tubaran,78,2026-05-07 21:07:21,2026-05-07 21:07:21
1555,153629000,Tugaya,78,2026-05-07 21:07:21,2026-05-07 21:07:21
1556,153630000,Wao,78,2026-05-07 21:07:21,2026-05-07 21:07:21
1557,153631000,Marogong,78,2026-05-07 21:07:21,2026-05-07 21:07:21
1558,153632000,Calanogas,78,2026-05-07 21:07:21,2026-05-07 21:07:21
1559,153633000,Buadiposo-Buntong,78,2026-05-07 21:07:21,2026-05-07 21:07:21
1560,153634000,Maguing,78,2026-05-07 21:07:21,2026-05-07 21:07:21
1561,153635000,Picong,78,2026-05-07 21:07:21,2026-05-07 21:07:21
1562,153636000,Lumbayanague,78,2026-05-07 21:07:21,2026-05-07 21:07:21
1563,153637000,Amai Manabilang,78,2026-05-07 21:07:21,2026-05-07 21:07:21
1564,153638000,Tagoloan Ii,78,2026-05-07 21:07:21,2026-05-07 21:07:21
1565,153639000,Kapatagan,78,2026-05-07 21:07:21,2026-05-07 21:07:21
1566,153640000,Sultan Dumalondong,78,2026-05-07 21:07:21,2026-05-07 21:07:21
1567,153641000,Lumbaca-Unayan,78,2026-05-07 21:07:21,2026-05-07 21:07:21
1568,153801000,Ampatuan,79,2026-05-07 21:07:21,2026-05-07 21:07:21
1569,153802000,Buldon,79,2026-05-07 21:07:21,2026-05-07 21:07:21
1570,153803000,Buluan,79,2026-05-07 21:07:21,2026-05-07 21:07:21
1571,129804000,City of Cotabato,84,2026-05-07 21:07:21,2026-05-07 21:07:21
1572,153805000,Datu Paglas,79,2026-05-07 21:07:21,2026-05-07 21:07:21
1573,153806000,Datu Piang,79,2026-05-07 21:07:21,2026-05-07 21:07:21
1574,153807000,Datu Odin Sinsuat,79,2026-05-07 21:07:21,2026-05-07 21:07:21
1575,153808000,Shariff Aguak,79,2026-05-07 21:07:21,2026-05-07 21:07:21
1576,153809000,Matanog,79,2026-05-07 21:07:21,2026-05-07 21:07:21
1577,153810000,Pagalungan,79,2026-05-07 21:07:21,2026-05-07 21:07:21
1578,153811000,Parang,79,2026-05-07 21:07:21,2026-05-07 21:07:21
1579,153812000,Sultan Kudarat,79,2026-05-07 21:07:21,2026-05-07 21:07:21
1580,153813000,Sultan Sa Barongis,79,2026-05-07 21:07:21,2026-05-07 21:07:21
1581,153814000,Kabuntalan,79,2026-05-07 21:07:21,2026-05-07 21:07:21
1582,153815000,Upi,79,2026-05-07 21:07:21,2026-05-07 21:07:21
1583,153816000,Talayan,79,2026-05-07 21:07:21,2026-05-07 21:07:21
1584,153817000,South Upi,79,2026-05-07 21:07:21,2026-05-07 21:07:21
1585,153818000,Barira,79,2026-05-07 21:07:21,2026-05-07 21:07:21
1586,153819000,Gen. s.k. Pendatun,79,2026-05-07 21:07:21,2026-05-07 21:07:21
1587,153820000,Mamasapano,79,2026-05-07 21:07:21,2026-05-07 21:07:21
1588,153821000,Talitay,79,2026-05-07 21:07:21,2026-05-07 21:07:21
1589,153822000,Pagagawan,79,2026-05-07 21:07:21,2026-05-07 21:07:21
1590,153823000,Paglat,79,2026-05-07 21:07:21,2026-05-07 21:07:21
1591,153824000,Sultan Mastura,79,2026-05-07 21:07:21,2026-05-07 21:07:21
1592,153825000,Guindulungan,79,2026-05-07 21:07:21,2026-05-07 21:07:21
1593,153826000,Datu Saudi-Ampatuan,79,2026-05-07 21:07:21,2026-05-07 21:07:21
1594,153827000,Datu Unsay,79,2026-05-07 21:07:21,2026-05-07 21:07:21
1595,153828000,Datu Abdullah Sangki,79,2026-05-07 21:07:21,2026-05-07 21:07:21
1596,153829000,Rajah Buayan,79,2026-05-07 21:07:21,2026-05-07 21:07:21
1597,153830000,Datu Blah T. Sinsuat,79,2026-05-07 21:07:21,2026-05-07 21:07:21
1598,153831000,Datu Anggal Midtimbang,79,2026-05-07 21:07:21,2026-05-07 21:07:21
1599,153832000,Mangudadatu,79,2026-05-07 21:07:21,2026-05-07 21:07:21
1600,153833000,Pandag,79,2026-05-07 21:07:21,2026-05-07 21:07:21
1601,153834000,Northern Kabuntalan,79,2026-05-07 21:07:21,2026-05-07 21:07:21
1602,153835000,Datu Hoffer Ampatuan,79,2026-05-07 21:07:21,2026-05-07 21:07:21
1603,153836000,Datu Salibo,79,2026-05-07 21:07:21,2026-05-07 21:07:21
1604,153837000,Shariff Saydona Mustapha,79,2026-05-07 21:07:21,2026-05-07 21:07:21
1605,156601000,Indanan,80,2026-05-07 21:07:21,2026-05-07 21:07:21
1606,156602000,Jolo,80,2026-05-07 21:07:21,2026-05-07 21:07:21
1607,156603000,Kalingalan Caluang,80,2026-05-07 21:07:21,2026-05-07 21:07:21
1608,156604000,Luuk,80,2026-05-07 21:07:21,2026-05-07 21:07:21
1609,156605000,Maimbung,80,2026-05-07 21:07:21,2026-05-07 21:07:21
1610,156606000,Hadji Panglima Tahil,80,2026-05-07 21:07:21,2026-05-07 21:07:21
1611,156607000,Old Panamao,80,2026-05-07 21:07:21,2026-05-07 21:07:21
1612,156608000,Pangutaran,80,2026-05-07 21:07:21,2026-05-07 21:07:21
1613,156609000,Parang,80,2026-05-07 21:07:21,2026-05-07 21:07:21
1614,156610000,Pata,80,2026-05-07 21:07:21,2026-05-07 21:07:21
1615,156611000,Patikul,80,2026-05-07 21:07:21,2026-05-07 21:07:21
1616,156612000,Siasi,80,2026-05-07 21:07:21,2026-05-07 21:07:21
1617,156613000,Talipao,80,2026-05-07 21:07:21,2026-05-07 21:07:21
1618,156614000,Tapul,80,2026-05-07 21:07:21,2026-05-07 21:07:21
1619,156615000,Tongkil,80,2026-05-07 21:07:21,2026-05-07 21:07:21
1620,156616000,Panglima Estino,80,2026-05-07 21:07:21,2026-05-07 21:07:21
1621,156617000,Lugus,80,2026-05-07 21:07:21,2026-05-07 21:07:21
1622,156618000,Pandami,80,2026-05-07 21:07:21,2026-05-07 21:07:21
1623,156619000,Omar,80,2026-05-07 21:07:21,2026-05-07 21:07:21
1624,157001000,Panglima Sugala,81,2026-05-07 21:07:21,2026-05-07 21:07:21
1625,157002000,Bongao,81,2026-05-07 21:07:21,2026-05-07 21:07:21
1626,157003000,Mapun,81,2026-05-07 21:07:21,2026-05-07 21:07:21
1627,157004000,Simunul,81,2026-05-07 21:07:21,2026-05-07 21:07:21
1628,157005000,Sitangkai,81,2026-05-07 21:07:21,2026-05-07 21:07:21
1629,157006000,South Ubian,81,2026-05-07 21:07:21,2026-05-07 21:07:21
1630,157007000,Tandubas,81,2026-05-07 21:07:21,2026-05-07 21:07:21
1631,157008000,Turtle Islands,81,2026-05-07 21:07:21,2026-05-07 21:07:21
1632,157009000,Languyan,81,2026-05-07 21:07:21,2026-05-07 21:07:21
1633,157010000,Sapa-Sapa,81,2026-05-07 21:07:21,2026-05-07 21:07:21
1634,157011000,Sibutu,81,2026-05-07 21:07:21,2026-05-07 21:07:21
1355,137501000,Caloocan,85,2026-05-07 21:07:21,2026-05-07 21:23:43
1359,137601000,Las Piñas,85,2026-05-07 21:07:21,2026-05-07 21:23:43
1350,137401000,Makati,85,2026-05-07 21:07:21,2026-05-07 21:23:43
1356,137502000,Malabon,85,2026-05-07 21:07:21,2026-05-07 21:23:43
1351,137402000,Mandaluyong,85,2026-05-07 21:07:21,2026-05-07 21:23:43
1349,133900000,Manila,85,2026-05-07 21:07:21,2026-05-07 21:23:43
1352,137403000,Marikina,85,2026-05-07 21:07:21,2026-05-07 21:23:43
1361,137603000,Muntinlupa,85,2026-05-07 21:07:21,2026-05-07 21:23:43
1357,137503000,Navotas,85,2026-05-07 21:07:21,2026-05-07 21:23:44
1362,137604000,Parañaque,85,2026-05-07 21:07:21,2026-05-07 21:23:44
1354,137405000,Pasay,85,2026-05-07 21:07:21,2026-05-07 21:23:44
1635,137406000,Pasig,85,2026-05-07 21:23:44,2026-05-07 21:23:44
1365,137607000,Pateros,85,2026-05-07 21:07:21,2026-05-07 21:23:44
1353,137404000,Quezon City,85,2026-05-07 21:07:21,2026-05-07 21:23:44
1636,137407000,San Juan,85,2026-05-07 21:23:44,2026-05-07 21:23:44
1363,137605000,Taguig,85,2026-05-07 21:07:21,2026-05-07 21:23:44
1358,137504000,Valenzuela,85,2026-05-07 21:07:21,2026-05-07 21:23:44
