request_id,lease_id,status,logged_by,ticket_number,log_date,problem,urgency,category,created_at,updated_at,deleted_at,image_path,assigned_to,expected_completion_date
1,1,Completed,Marcus Manager,TICKET-000001,2021-01-06,Leaking faucet,Level 2,Plumbing,2021-01-06 00:00:00,2021-01-06 00:00:00,,,,
2,1,Completed,King Bruen,TICKET-000002,2021-01-15,General pest treatment,Level 3,Pest Control,2021-01-15 00:00:00,2021-01-15 00:00:00,,,,
3,13,Completed,King Bruen,TICKET-000003,2021-01-12,Wall crack,Level 2,Structural,2021-01-12 00:00:00,2021-01-12 00:00:00,,,,
4,21,Completed,Clark West,TICKET-000004,2021-01-07,Door not closing,Level 2,Structural,2021-01-07 00:00:00,2021-01-07 00:00:00,,,,
5,18,Completed,Marcus Manager,TICKET-000005,2021-01-10,General pest treatment,Level 2,Pest Control,2021-01-10 00:00:00,2021-01-10 00:00:00,,,,
6,37,Completed,Mia Martinez,TICKET-000006,2021-01-05,Clogged drain,Level 1,Plumbing,2021-01-05 00:00:00,2021-01-05 00:00:00,,,,
7,43,Completed,King Bruen,TICKET-000007,2021-01-18,Light fixture malfunction,Level 3,Electrical,2021-01-18 00:00:00,2021-01-18 00:00:00,,,,
8,43,Completed,Marcus Manager,TICKET-000008,2021-01-18,Mosquito problem,Level 4,Pest Control,2021-01-18 00:00:00,2021-01-18 00:00:00,,,,
9,79,Completed,Clark West,TICKET-000009,2021-01-05,General pest treatment,Level 3,Pest Control,2021-01-05 00:00:00,2021-01-05 00:00:00,,,,
10,112,Completed,Marcus Manager,TICKET-000010,2021-01-27,Wiring problem,Level 1,Electrical,2021-01-27 00:00:00,2021-01-27 00:00:00,,,,
11,83,Completed,Bernita Crona,TICKET-000011,2021-01-27,Ceiling crack,Level 3,Structural,2021-01-27 00:00:00,2021-01-27 00:00:00,,,,
12,84,Completed,Clark West,TICKET-000012,2021-01-24,Sink drainage issue,Level 3,Plumbing,2021-01-24 00:00:00,2021-01-24 00:00:00,,,,
13,87,Completed,Bernita Crona,TICKET-000013,2021-01-06,AC remote issue,Level 2,Appliance,2021-01-06 00:00:00,2021-01-06 00:00:00,,,,
14,87,Completed,King Bruen,TICKET-000014,2021-01-11,Light fixture malfunction,Level 3,Electrical,2021-01-11 00:00:00,2021-01-11 00:00:00,,,,
15,95,Completed,King Bruen,TICKET-000015,2021-01-10,Exhaust fan noise,Level 3,Appliance,2021-01-10 00:00:00,2021-01-10 00:00:00,,,,
16,127,Completed,Bernita Crona,TICKET-000016,2021-01-08,Low water pressure,Level 1,Plumbing,2021-01-08 00:00:00,2021-01-08 00:00:00,,,,
17,132,Completed,Clark West,TICKET-000017,2021-01-17,Exhaust fan noise,Level 1,Appliance,2021-01-17 00:00:00,2021-01-17 00:00:00,,,,
18,153,Completed,Marcus Manager,TICKET-000018,2021-01-20,Pipe leakage,Level 4,Plumbing,2021-01-20 00:00:00,2021-01-20 00:00:00,,,,
19,158,Completed,Bernita Crona,TICKET-000019,2021-01-18,Low water pressure,Level 1,Plumbing,2021-01-18 00:00:00,2021-01-18 00:00:00,,,,
20,183,Completed,Bernita Crona,TICKET-000020,2021-01-04,Light fixture malfunction,Level 1,Electrical,2021-01-04 00:00:00,2021-01-04 00:00:00,,,,
21,192,Completed,Marcus Manager,TICKET-000021,2021-01-23,Door frame damage,Level 2,Structural,2021-01-23 00:00:00,2021-01-23 00:00:00,,,,
22,196,Completed,Marcus Manager,TICKET-000022,2021-01-14,Wiring problem,Level 3,Electrical,2021-01-14 00:00:00,2021-01-14 00:00:00,,,,
23,195,Completed,King Bruen,TICKET-000023,2021-01-15,AC remote issue,Level 2,Appliance,2021-01-15 00:00:00,2021-01-15 00:00:00,,,,
24,267,Completed,Clark West,TICKET-000024,2021-01-21,Electrical panel inspection,Level 3,Electrical,2021-01-21 00:00:00,2021-01-21 00:00:00,,,,
25,260,Completed,Marcus Manager,TICKET-000025,2021-01-25,Loose tiles,Level 3,Structural,2021-01-25 00:00:00,2021-01-25 00:00:00,,,,
26,259,Completed,Mia Martinez,TICKET-000026,2021-01-23,Exhaust fan noise,Level 2,Appliance,2021-01-23 00:00:00,2021-01-23 00:00:00,,,,
27,174,Completed,Marcus Manager,TICKET-000027,2021-02-05,Wall damage,Level 3,Structural,2021-02-05 00:00:00,2021-02-05 00:00:00,,,,
28,13,Completed,Bernita Crona,TICKET-000028,2021-02-11,Door frame damage,Level 4,Structural,2021-02-11 00:00:00,2021-02-11 00:00:00,,,,
29,14,Completed,Marcus Manager,TICKET-000029,2021-02-17,Sink drainage issue,Level 4,Plumbing,2021-02-17 00:00:00,2021-02-17 00:00:00,,,,
30,18,Completed,Mia Martinez,TICKET-000030,2021-02-15,Flooring issue,Level 1,Structural,2021-02-15 00:00:00,2021-02-15 00:00:00,,,,
31,23,Pending,Marcus Manager,TICKET-000031,2021-02-07,Termite inspection,Level 2,Pest Control,2021-02-07 00:00:00,2021-02-07 00:00:00,,,,
32,31,Completed,King Bruen,TICKET-000032,2021-02-07,Switch not working,Level 1,Electrical,2021-02-07 00:00:00,2021-02-07 00:00:00,,,,
33,37,Completed,Clark West,TICKET-000033,2021-02-24,Refrigerator not cooling,Level 1,Appliance,2021-02-24 00:00:00,2021-02-24 00:00:00,,,,
34,71,Completed,King Bruen,TICKET-000034,2021-02-21,General pest treatment,Level 3,Pest Control,2021-02-21 00:00:00,2021-02-21 00:00:00,,,,
35,142,Completed,Bernita Crona,TICKET-000035,2021-02-02,Sink drainage issue,Level 1,Plumbing,2021-02-02 00:00:00,2021-02-02 00:00:00,,,,
36,82,Completed,Bernita Crona,TICKET-000036,2021-02-27,Water heater broken,Level 4,Plumbing,2021-02-27 00:00:00,2021-02-27 00:00:00,,,,
37,83,Completed,Marcus Manager,TICKET-000037,2021-02-20,Dryer not working,Level 3,Appliance,2021-02-20 00:00:00,2021-02-20 00:00:00,,,,
38,94,Completed,Marcus Manager,TICKET-000038,2021-02-07,Spider infestation,Level 1,Pest Control,2021-02-07 00:00:00,2021-02-07 00:00:00,,,,
39,93,Completed,Marcus Manager,TICKET-000039,2021-02-03,Cockroach sighting,Level 4,Pest Control,2021-02-03 00:00:00,2021-02-03 00:00:00,,,,
40,100,Completed,King Bruen,TICKET-000040,2021-02-01,Power outlet not working,Level 4,Electrical,2021-02-01 00:00:00,2021-02-01 00:00:00,,,,
41,137,Completed,Mia Martinez,TICKET-000041,2021-02-04,Exhaust fan noise,Level 2,Appliance,2021-02-04 00:00:00,2021-02-04 00:00:00,,,,
42,154,Completed,Marcus Manager,TICKET-000042,2021-02-26,Window frame repair,Level 3,Structural,2021-02-26 00:00:00,2021-02-26 00:00:00,,,,
43,155,Completed,Mia Martinez,TICKET-000043,2021-02-14,Low water pressure,Level 4,Plumbing,2021-02-14 00:00:00,2021-02-14 00:00:00,,,,
44,191,Completed,Bernita Crona,TICKET-000044,2021-02-24,Washing machine malfunction,Level 3,Appliance,2021-02-24 00:00:00,2021-02-24 00:00:00,,,,
45,193,Completed,Clark West,TICKET-000045,2021-02-06,Rodent activity,Level 4,Pest Control,2021-02-06 00:00:00,2021-02-06 00:00:00,,,,
46,223,Completed,King Bruen,TICKET-000046,2021-02-26,Washing machine malfunction,Level 2,Appliance,2021-02-26 00:00:00,2021-02-26 00:00:00,,,,
47,223,Completed,King Bruen,TICKET-000047,2021-02-19,Rodent activity,Level 4,Pest Control,2021-02-19 00:00:00,2021-02-19 00:00:00,,,,
48,239,Completed,Bernita Crona,TICKET-000048,2021-02-10,Circuit breaker tripping,Level 3,Electrical,2021-02-10 00:00:00,2021-02-10 00:00:00,,,,
49,276,Completed,Clark West,TICKET-000049,2021-02-06,Oven issue,Level 3,Appliance,2021-02-06 00:00:00,2021-02-06 00:00:00,,,,
50,251,Completed,King Bruen,TICKET-000050,2021-02-06,Leaking faucet,Level 1,Plumbing,2021-02-06 00:00:00,2021-02-06 00:00:00,,,,
51,1,Completed,Mia Martinez,TICKET-000051,2021-03-13,Cockroach sighting,Level 3,Pest Control,2021-03-13 00:00:00,2021-03-13 00:00:00,,,,
52,5,Completed,Bernita Crona,TICKET-000052,2021-03-28,Window frame repair,Level 2,Structural,2021-03-28 00:00:00,2021-03-28 00:00:00,,,,
53,262,Completed,Clark West,TICKET-000053,2021-03-02,Ant infestation,Level 4,Pest Control,2021-03-02 00:00:00,2021-03-02 00:00:00,,,,
54,14,Completed,Marcus Manager,TICKET-000054,2021-03-27,Spider infestation,Level 2,Pest Control,2021-03-27 00:00:00,2021-03-27 00:00:00,,,,
55,43,Completed,Mia Martinez,TICKET-000055,2021-03-12,Flickering lights,Level 2,Electrical,2021-03-12 00:00:00,2021-03-12 00:00:00,,,,
56,50,Completed,Clark West,TICKET-000056,2021-03-18,Oven issue,Level 1,Appliance,2021-03-18 00:00:00,2021-03-18 00:00:00,,,,
57,60,Completed,Bernita Crona,TICKET-000057,2021-03-12,Wall crack,Level 2,Structural,2021-03-12 00:00:00,2021-03-12 00:00:00,,,,
58,149,Completed,Mia Martinez,TICKET-000058,2021-03-28,Refrigerator not cooling,Level 1,Appliance,2021-03-28 00:00:00,2021-03-28 00:00:00,,,,
59,149,Completed,King Bruen,TICKET-000059,2021-03-01,Electrical panel inspection,Level 1,Electrical,2021-03-01 00:00:00,2021-03-01 00:00:00,,,,
60,84,Completed,Mia Martinez,TICKET-000060,2021-03-10,Power outlet not working,Level 1,Electrical,2021-03-10 00:00:00,2021-03-10 00:00:00,,,,
61,85,Completed,Clark West,TICKET-000061,2021-03-30,Leaking faucet,Level 1,Plumbing,2021-03-30 00:00:00,2021-03-30 00:00:00,,,,
62,86,Completed,Clark West,TICKET-000062,2021-03-08,Clogged drain,Level 3,Plumbing,2021-03-08 00:00:00,2021-03-08 00:00:00,,,,
63,90,Completed,King Bruen,TICKET-000063,2021-03-14,Ant infestation,Level 1,Pest Control,2021-03-14 00:00:00,2021-03-14 00:00:00,,,,
64,92,Completed,Mia Martinez,TICKET-000064,2021-03-13,Dryer not working,Level 3,Appliance,2021-03-13 00:00:00,2021-03-13 00:00:00,,,,
65,99,Completed,King Bruen,TICKET-000065,2021-03-24,Light fixture malfunction,Level 1,Electrical,2021-03-24 00:00:00,2021-03-24 00:00:00,,,,
66,102,Completed,King Bruen,TICKET-000066,2021-03-23,Bed bug inspection,Level 4,Pest Control,2021-03-23 00:00:00,2021-03-23 00:00:00,,,,
67,118,Completed,King Bruen,TICKET-000067,2021-03-11,Exhaust fan noise,Level 1,Appliance,2021-03-11 00:00:00,2021-03-11 00:00:00,,,,
68,158,Completed,Mia Martinez,TICKET-000068,2021-03-26,Exhaust fan noise,Level 2,Appliance,2021-03-26 00:00:00,2021-03-26 00:00:00,,,,
69,157,Completed,Clark West,TICKET-000069,2021-03-16,Exhaust fan noise,Level 3,Appliance,2021-03-16 00:00:00,2021-03-16 00:00:00,,,,
70,183,Completed,King Bruen,TICKET-000070,2021-03-09,Leaking faucet,Level 1,Plumbing,2021-03-09 00:00:00,2021-03-09 00:00:00,,,,
71,188,Completed,Clark West,TICKET-000071,2021-03-09,Sink drainage issue,Level 4,Plumbing,2021-03-09 00:00:00,2021-03-09 00:00:00,,,,
72,201,Ongoing,Mia Martinez,TICKET-000072,2021-03-16,Rodent activity,Level 3,Pest Control,2021-03-16 00:00:00,2021-03-16 00:00:00,,,,
73,223,Completed,Mia Martinez,TICKET-000073,2021-03-07,Pipe leakage,Level 1,Plumbing,2021-03-07 00:00:00,2021-03-07 00:00:00,,,,
74,222,Completed,King Bruen,TICKET-000074,2021-03-06,Microwave not heating,Level 2,Appliance,2021-03-06 00:00:00,2021-03-06 00:00:00,,,,
75,2,Completed,Marcus Manager,TICKET-000075,2021-04-14,General pest treatment,Level 3,Pest Control,2021-04-14 00:00:00,2021-04-14 00:00:00,,,,
76,2,Completed,Marcus Manager,TICKET-000076,2021-04-01,Electrical panel inspection,Level 1,Electrical,2021-04-01 00:00:00,2021-04-01 00:00:00,,,,
77,10,Completed,Mia Martinez,TICKET-000077,2021-04-18,Switch not working,Level 2,Electrical,2021-04-18 00:00:00,2021-04-18 00:00:00,,,,
78,13,Completed,Mia Martinez,TICKET-000078,2021-04-26,Flickering lights,Level 1,Electrical,2021-04-26 00:00:00,2021-04-26 00:00:00,,,,
79,23,Completed,Clark West,TICKET-000079,2021-04-29,Dishwasher leakage,Level 3,Appliance,2021-04-29 00:00:00,2021-04-29 00:00:00,,,,
80,29,Completed,King Bruen,TICKET-000080,2021-04-21,Cockroach sighting,Level 4,Pest Control,2021-04-21 00:00:00,2021-04-21 00:00:00,,,,
81,35,Completed,Bernita Crona,TICKET-000081,2021-04-14,Flooring issue,Level 2,Structural,2021-04-14 00:00:00,2021-04-14 00:00:00,,,,
82,41,Completed,Mia Martinez,TICKET-000082,2021-04-07,Cockroach sighting,Level 2,Pest Control,2021-04-07 00:00:00,2021-04-07 00:00:00,,,,
83,107,Completed,Bernita Crona,TICKET-000083,2021-04-16,Exhaust fan noise,Level 2,Appliance,2021-04-16 00:00:00,2021-04-16 00:00:00,,,,
84,214,Completed,Clark West,TICKET-000084,2021-04-03,Termite inspection,Level 4,Pest Control,2021-04-03 00:00:00,2021-04-03 00:00:00,,,,
85,72,Completed,Clark West,TICKET-000085,2021-04-14,Pipe leakage,Level 1,Plumbing,2021-04-14 00:00:00,2021-04-14 00:00:00,,,,
86,64,Completed,Bernita Crona,TICKET-000086,2021-04-18,Water heater broken,Level 2,Plumbing,2021-04-18 00:00:00,2021-04-18 00:00:00,,,,
87,97,Completed,Bernita Crona,TICKET-000087,2021-04-07,Leaking faucet,Level 1,Plumbing,2021-04-07 00:00:00,2021-04-07 00:00:00,,,,
88,118,Completed,Bernita Crona,TICKET-000088,2021-04-19,Leaking faucet,Level 1,Plumbing,2021-04-19 00:00:00,2021-04-19 00:00:00,,,,
89,129,Completed,Bernita Crona,TICKET-000089,2021-04-13,Pipe leakage,Level 3,Plumbing,2021-04-13 00:00:00,2021-04-13 00:00:00,,,,
90,167,Completed,Mia Martinez,TICKET-000090,2021-04-25,Power outlet not working,Level 1,Electrical,2021-04-25 00:00:00,2021-04-25 00:00:00,,,,
91,139,Completed,Clark West,TICKET-000091,2021-04-11,Flooring issue,Level 3,Structural,2021-04-11 00:00:00,2021-04-11 00:00:00,,,,
92,153,Completed,Bernita Crona,TICKET-000092,2021-04-21,Mosquito problem,Level 3,Pest Control,2021-04-21 00:00:00,2021-04-21 00:00:00,,,,
93,152,Completed,Marcus Manager,TICKET-000093,2021-04-30,Dripping shower head,Level 1,Plumbing,2021-04-30 00:00:00,2021-04-30 00:00:00,,,,
94,185,Completed,King Bruen,TICKET-000094,2021-04-28,Door not closing,Level 2,Structural,2021-04-28 00:00:00,2021-04-28 00:00:00,,,,
95,186,Completed,Mia Martinez,TICKET-000095,2021-04-15,AC unit electrical issues,Level 1,Electrical,2021-04-15 00:00:00,2021-04-15 00:00:00,,,,
96,222,Completed,King Bruen,TICKET-000096,2021-04-12,Pipe leakage,Level 4,Plumbing,2021-04-12 00:00:00,2021-04-12 00:00:00,,,,
97,231,Completed,Clark West,TICKET-000097,2021-04-23,Low water pressure,Level 2,Plumbing,2021-04-23 00:00:00,2021-04-23 00:00:00,,,,
98,275,Completed,Mia Martinez,TICKET-000098,2021-04-19,Water heater broken,Level 2,Plumbing,2021-04-19 00:00:00,2021-04-19 00:00:00,,,,
99,272,Completed,Marcus Manager,TICKET-000099,2021-04-09,Ant infestation,Level 3,Pest Control,2021-04-09 00:00:00,2021-04-09 00:00:00,,,,
100,243,Completed,Bernita Crona,TICKET-000100,2021-04-22,Microwave not heating,Level 2,Appliance,2021-04-22 00:00:00,2021-04-22 00:00:00,,,,
101,245,Completed,Mia Martinez,TICKET-000101,2021-04-28,AC unit electrical issues,Level 2,Electrical,2021-04-28 00:00:00,2021-04-28 00:00:00,,,,
102,1,Completed,Clark West,TICKET-000102,2021-05-09,Sink drainage issue,Level 2,Plumbing,2021-05-09 00:00:00,2021-05-09 00:00:00,,,,
103,178,Completed,King Bruen,TICKET-000103,2021-05-20,AC unit electrical issues,Level 1,Electrical,2021-05-20 00:00:00,2021-05-20 00:00:00,,,,
104,45,Completed,Marcus Manager,TICKET-000104,2021-05-07,Oven issue,Level 1,Appliance,2021-05-07 00:00:00,2021-05-07 00:00:00,,,,
105,51,Completed,King Bruen,TICKET-000105,2021-05-28,Door not closing,Level 2,Structural,2021-05-28 00:00:00,2021-05-28 00:00:00,,,,
106,216,Completed,Mia Martinez,TICKET-000106,2021-05-10,Mosquito problem,Level 3,Pest Control,2021-05-10 00:00:00,2021-05-10 00:00:00,,,,
107,83,Completed,Mia Martinez,TICKET-000107,2021-05-23,Light fixture malfunction,Level 4,Electrical,2021-05-23 00:00:00,2021-05-23 00:00:00,,,,
108,85,Completed,King Bruen,TICKET-000108,2021-05-21,Dishwasher leakage,Level 2,Appliance,2021-05-21 00:00:00,2021-05-21 00:00:00,,,,
109,87,Completed,Clark West,TICKET-000109,2021-05-02,Water heater broken,Level 1,Plumbing,2021-05-02 00:00:00,2021-05-02 00:00:00,,,,
110,102,Completed,Bernita Crona,TICKET-000110,2021-05-08,Door not closing,Level 3,Structural,2021-05-08 00:00:00,2021-05-08 00:00:00,,,,
111,97,Completed,Bernita Crona,TICKET-000111,2021-05-18,Electrical panel inspection,Level 2,Electrical,2021-05-18 00:00:00,2021-05-18 00:00:00,,,,
112,119,Completed,Bernita Crona,TICKET-000112,2021-05-10,Wall crack,Level 3,Structural,2021-05-10 00:00:00,2021-05-10 00:00:00,,,,
113,132,Completed,Marcus Manager,TICKET-000113,2021-05-16,Dripping shower head,Level 1,Plumbing,2021-05-16 00:00:00,2021-05-16 00:00:00,,,,
114,163,Completed,King Bruen,TICKET-000114,2021-05-12,Electrical panel inspection,Level 2,Electrical,2021-05-12 00:00:00,2021-05-12 00:00:00,,,,
115,166,Completed,Bernita Crona,TICKET-000115,2021-05-07,Cockroach sighting,Level 3,Pest Control,2021-05-07 00:00:00,2021-05-07 00:00:00,,,,
116,150,Completed,King Bruen,TICKET-000116,2021-05-26,AC unit electrical issues,Level 1,Electrical,2021-05-26 00:00:00,2021-05-26 00:00:00,,,,
117,302,Ongoing,King Bruen,TICKET-000117,2021-05-08,Ceiling crack,Level 2,Structural,2021-05-08 00:00:00,2021-05-08 00:00:00,,,,
118,293,Completed,Mia Martinez,TICKET-000118,2021-05-28,Switch not working,Level 1,Electrical,2021-05-28 00:00:00,2021-05-28 00:00:00,,,,
119,190,Completed,King Bruen,TICKET-000119,2021-05-28,Door not closing,Level 2,Structural,2021-05-28 00:00:00,2021-05-28 00:00:00,,,,
120,273,Completed,Bernita Crona,TICKET-000120,2021-05-06,Termite inspection,Level 2,Pest Control,2021-05-06 00:00:00,2021-05-06 00:00:00,,,,
121,271,Completed,Marcus Manager,TICKET-000121,2021-05-08,Pipe leakage,Level 2,Plumbing,2021-05-08 00:00:00,2021-05-08 00:00:00,,,,
122,253,Completed,Mia Martinez,TICKET-000122,2021-05-25,Electrical panel inspection,Level 3,Electrical,2021-05-25 00:00:00,2021-05-25 00:00:00,,,,
123,245,Completed,Marcus Manager,TICKET-000123,2021-05-15,Pipe leakage,Level 2,Plumbing,2021-05-15 00:00:00,2021-05-15 00:00:00,,,,
124,260,Completed,Mia Martinez,TICKET-000124,2021-05-09,Loose tiles,Level 1,Structural,2021-05-09 00:00:00,2021-05-09 00:00:00,,,,
125,2,Pending,Marcus Manager,TICKET-000125,2021-06-15,Leaking faucet,Level 4,Plumbing,2021-06-15 00:00:00,2021-06-15 00:00:00,,,,
126,8,Completed,Marcus Manager,TICKET-000126,2021-06-01,Refrigerator not cooling,Level 3,Appliance,2021-06-01 00:00:00,2021-06-01 00:00:00,,,,
127,10,Completed,Mia Martinez,TICKET-000127,2021-06-27,Ceiling crack,Level 1,Structural,2021-06-27 00:00:00,2021-06-27 00:00:00,,,,
128,14,Completed,Mia Martinez,TICKET-000128,2021-06-09,Dishwasher leakage,Level 3,Appliance,2021-06-09 00:00:00,2021-06-09 00:00:00,,,,
129,20,Completed,Mia Martinez,TICKET-000129,2021-06-01,Ceiling crack,Level 2,Structural,2021-06-01 00:00:00,2021-06-01 00:00:00,,,,
130,213,Completed,Marcus Manager,TICKET-000130,2021-06-15,General pest treatment,Level 4,Pest Control,2021-06-15 00:00:00,2021-06-15 00:00:00,,,,
131,107,Completed,Mia Martinez,TICKET-000131,2021-06-03,Ceiling crack,Level 1,Structural,2021-06-03 00:00:00,2021-06-03 00:00:00,,,,
132,113,Pending,Mia Martinez,TICKET-000132,2021-06-24,Wiring problem,Level 2,Electrical,2021-06-24 00:00:00,2021-06-24 00:00:00,,,,
133,63,Completed,Mia Martinez,TICKET-000133,2021-06-13,Sink drainage issue,Level 2,Plumbing,2021-06-13 00:00:00,2021-06-13 00:00:00,,,,
134,144,Completed,Mia Martinez,TICKET-000134,2021-06-20,Flooring issue,Level 2,Structural,2021-06-20 00:00:00,2021-06-20 00:00:00,,,,
135,149,Ongoing,King Bruen,TICKET-000135,2021-06-16,Dishwasher leakage,Level 2,Appliance,2021-06-16 00:00:00,2021-06-16 00:00:00,,,,
136,85,Completed,Clark West,TICKET-000136,2021-06-11,Wall damage,Level 3,Structural,2021-06-11 00:00:00,2021-06-11 00:00:00,,,,
137,95,Completed,Bernita Crona,TICKET-000137,2021-06-30,Wall damage,Level 1,Structural,2021-06-30 00:00:00,2021-06-30 00:00:00,,,,
138,118,Completed,Clark West,TICKET-000138,2021-06-06,Loose tiles,Level 1,Structural,2021-06-06 00:00:00,2021-06-06 00:00:00,,,,
139,166,Completed,Bernita Crona,TICKET-000139,2021-06-29,Spider infestation,Level 3,Pest Control,2021-06-29 00:00:00,2021-06-29 00:00:00,,,,
140,284,Completed,King Bruen,TICKET-000140,2021-06-08,Leaking faucet,Level 2,Plumbing,2021-06-08 00:00:00,2021-06-08 00:00:00,,,,
141,158,Completed,Mia Martinez,TICKET-000141,2021-06-20,Low water pressure,Level 1,Plumbing,2021-06-20 00:00:00,2021-06-20 00:00:00,,,,
142,156,Completed,King Bruen,TICKET-000142,2021-06-02,Mosquito problem,Level 2,Pest Control,2021-06-02 00:00:00,2021-06-02 00:00:00,,,,
143,301,Completed,Marcus Manager,TICKET-000143,2021-06-30,Exhaust fan noise,Level 2,Appliance,2021-06-30 00:00:00,2021-06-30 00:00:00,,,,
144,186,Completed,Clark West,TICKET-000144,2021-06-24,Dryer not working,Level 4,Appliance,2021-06-24 00:00:00,2021-06-24 00:00:00,,,,
145,196,Completed,Clark West,TICKET-000145,2021-06-05,Cockroach sighting,Level 2,Pest Control,2021-06-05 00:00:00,2021-06-05 00:00:00,,,,
146,241,Completed,Bernita Crona,TICKET-000146,2021-06-16,Door frame damage,Level 2,Structural,2021-06-16 00:00:00,2021-06-16 00:00:00,,,,
147,277,Completed,Clark West,TICKET-000147,2021-06-20,Pipe leakage,Level 1,Plumbing,2021-06-20 00:00:00,2021-06-20 00:00:00,,,,
148,246,Completed,King Bruen,TICKET-000148,2021-06-09,Wiring problem,Level 2,Electrical,2021-06-09 00:00:00,2021-06-09 00:00:00,,,,
149,1,Completed,Clark West,TICKET-000149,2021-07-26,Cockroach sighting,Level 4,Pest Control,2021-07-26 00:00:00,2021-07-26 00:00:00,,,,
150,2,Completed,Marcus Manager,TICKET-000150,2021-07-07,Microwave not heating,Level 1,Appliance,2021-07-07 00:00:00,2021-07-07 00:00:00,,,,
151,264,Completed,Bernita Crona,TICKET-000151,2021-07-02,Washing machine malfunction,Level 1,Appliance,2021-07-02 00:00:00,2021-07-02 00:00:00,,,,
152,265,Completed,Mia Martinez,TICKET-000152,2021-07-12,Wiring problem,Level 1,Electrical,2021-07-12 00:00:00,2021-07-12 00:00:00,,,,
153,15,Completed,Clark West,TICKET-000153,2021-07-16,Window frame repair,Level 1,Structural,2021-07-16 00:00:00,2021-07-16 00:00:00,,,,
154,20,Completed,Marcus Manager,TICKET-000154,2021-07-20,Circuit breaker tripping,Level 2,Electrical,2021-07-20 00:00:00,2021-07-20 00:00:00,,,,
155,17,Completed,Bernita Crona,TICKET-000155,2021-07-16,AC unit electrical issues,Level 1,Electrical,2021-07-16 00:00:00,2021-07-16 00:00:00,,,,
156,40,Completed,Marcus Manager,TICKET-000156,2021-07-31,Window frame repair,Level 2,Structural,2021-07-31 00:00:00,2021-07-31 00:00:00,,,,
157,53,Completed,Marcus Manager,TICKET-000157,2021-07-18,Microwave not heating,Level 2,Appliance,2021-07-18 00:00:00,2021-07-18 00:00:00,,,,
158,213,Completed,Clark West,TICKET-000158,2021-07-04,Running toilet,Level 3,Plumbing,2021-07-04 00:00:00,2021-07-04 00:00:00,,,,
159,145,Completed,Bernita Crona,TICKET-000159,2021-07-17,Oven issue,Level 3,Appliance,2021-07-17 00:00:00,2021-07-17 00:00:00,,,,
160,143,Completed,King Bruen,TICKET-000160,2021-07-25,Window frame repair,Level 2,Structural,2021-07-25 00:00:00,2021-07-25 00:00:00,,,,
161,85,Completed,Marcus Manager,TICKET-000161,2021-07-11,Ceiling crack,Level 2,Structural,2021-07-11 00:00:00,2021-07-11 00:00:00,,,,
162,85,Completed,Mia Martinez,TICKET-000162,2021-07-03,Wall damage,Level 2,Structural,2021-07-03 00:00:00,2021-07-03 00:00:00,,,,
163,182,Completed,Clark West,TICKET-000163,2021-07-11,Ant infestation,Level 2,Pest Control,2021-07-11 00:00:00,2021-07-11 00:00:00,,,,
164,94,Completed,Bernita Crona,TICKET-000164,2021-07-30,Exhaust fan noise,Level 2,Appliance,2021-07-30 00:00:00,2021-07-30 00:00:00,,,,
165,114,Completed,Bernita Crona,TICKET-000165,2021-07-30,Washing machine malfunction,Level 2,Appliance,2021-07-30 00:00:00,2021-07-30 00:00:00,,,,
166,129,Completed,Bernita Crona,TICKET-000166,2021-07-11,Switch not working,Level 2,Electrical,2021-07-11 00:00:00,2021-07-11 00:00:00,,,,
167,135,Completed,King Bruen,TICKET-000167,2021-07-02,Wiring problem,Level 1,Electrical,2021-07-02 00:00:00,2021-07-02 00:00:00,,,,
168,300,Completed,Mia Martinez,TICKET-000168,2021-07-16,Door not closing,Level 1,Structural,2021-07-16 00:00:00,2021-07-16 00:00:00,,,,
169,292,Completed,Clark West,TICKET-000169,2021-07-17,Oven issue,Level 3,Appliance,2021-07-17 00:00:00,2021-07-17 00:00:00,,,,
170,229,Completed,Mia Martinez,TICKET-000170,2021-07-18,Electrical panel inspection,Level 1,Electrical,2021-07-18 00:00:00,2021-07-18 00:00:00,,,,
171,226,Completed,Marcus Manager,TICKET-000171,2021-07-17,Dripping shower head,Level 2,Plumbing,2021-07-17 00:00:00,2021-07-17 00:00:00,,,,
172,277,Completed,Marcus Manager,TICKET-000172,2021-07-17,Water heater broken,Level 1,Plumbing,2021-07-17 00:00:00,2021-07-17 00:00:00,,,,
173,242,Completed,Clark West,TICKET-000173,2021-07-20,Dripping shower head,Level 2,Plumbing,2021-07-20 00:00:00,2021-07-20 00:00:00,,,,
174,259,Completed,Clark West,TICKET-000174,2021-07-02,Microwave not heating,Level 2,Appliance,2021-07-02 00:00:00,2021-07-02 00:00:00,,,,
175,261,Completed,Mia Martinez,TICKET-000175,2021-07-04,Clogged drain,Level 2,Plumbing,2021-07-04 00:00:00,2021-07-04 00:00:00,,,,
176,2,Completed,Marcus Manager,TICKET-000176,2021-08-23,Door not closing,Level 2,Structural,2021-08-23 00:00:00,2021-08-23 00:00:00,,,,
177,4,Completed,Marcus Manager,TICKET-000177,2021-08-29,Rodent activity,Level 3,Pest Control,2021-08-29 00:00:00,2021-08-29 00:00:00,,,,
178,30,Completed,Clark West,TICKET-000178,2021-08-05,Ant infestation,Level 2,Pest Control,2021-08-05 00:00:00,2021-08-05 00:00:00,,,,
179,35,Completed,King Bruen,TICKET-000179,2021-08-24,Door frame damage,Level 1,Structural,2021-08-24 00:00:00,2021-08-24 00:00:00,,,,
180,39,Completed,Bernita Crona,TICKET-000180,2021-08-06,Mosquito problem,Level 3,Pest Control,2021-08-06 00:00:00,2021-08-06 00:00:00,,,,
181,44,Completed,Clark West,TICKET-000181,2021-08-01,Loose tiles,Level 3,Structural,2021-08-01 00:00:00,2021-08-01 00:00:00,,,,
182,206,Completed,Marcus Manager,TICKET-000182,2021-08-12,Running toilet,Level 2,Plumbing,2021-08-12 00:00:00,2021-08-12 00:00:00,,,,
183,144,Completed,Mia Martinez,TICKET-000183,2021-08-20,Rodent activity,Level 3,Pest Control,2021-08-20 00:00:00,2021-08-20 00:00:00,,,,
184,98,Completed,King Bruen,TICKET-000184,2021-08-30,Spider infestation,Level 2,Pest Control,2021-08-30 00:00:00,2021-08-30 00:00:00,,,,
185,192,Ongoing,Bernita Crona,TICKET-000185,2021-08-03,Dishwasher leakage,Level 1,Appliance,2021-08-03 00:00:00,2021-08-03 00:00:00,,,,
186,183,Completed,King Bruen,TICKET-000186,2021-08-19,Flooring issue,Level 2,Structural,2021-08-19 00:00:00,2021-08-19 00:00:00,,,,
187,198,Completed,Bernita Crona,TICKET-000187,2021-08-29,Window frame repair,Level 1,Structural,2021-08-29 00:00:00,2021-08-29 00:00:00,,,,
188,193,Completed,Mia Martinez,TICKET-000188,2021-08-03,General pest treatment,Level 3,Pest Control,2021-08-03 00:00:00,2021-08-03 00:00:00,,,,
189,239,Completed,Clark West,TICKET-000189,2021-08-28,Termite inspection,Level 2,Pest Control,2021-08-28 00:00:00,2021-08-28 00:00:00,,,,
190,242,Completed,Bernita Crona,TICKET-000190,2021-08-04,Leaking faucet,Level 2,Plumbing,2021-08-04 00:00:00,2021-08-04 00:00:00,,,,
191,246,Completed,Marcus Manager,TICKET-000191,2021-08-26,General pest treatment,Level 1,Pest Control,2021-08-26 00:00:00,2021-08-26 00:00:00,,,,
192,17,Completed,Mia Martinez,TICKET-000192,2021-09-07,Door frame damage,Level 4,Structural,2021-09-07 00:00:00,2021-09-07 00:00:00,,,,
193,17,Completed,Bernita Crona,TICKET-000193,2021-09-06,Sink drainage issue,Level 1,Plumbing,2021-09-06 00:00:00,2021-09-06 00:00:00,,,,
194,42,Completed,Clark West,TICKET-000194,2021-09-23,Clogged drain,Level 2,Plumbing,2021-09-23 00:00:00,2021-09-23 00:00:00,,,,
195,39,Completed,Mia Martinez,TICKET-000195,2021-09-13,Power outlet not working,Level 2,Electrical,2021-09-13 00:00:00,2021-09-13 00:00:00,,,,
196,51,Completed,Clark West,TICKET-000196,2021-09-23,Spider infestation,Level 3,Pest Control,2021-09-23 00:00:00,2021-09-23 00:00:00,,,,
197,219,Completed,Marcus Manager,TICKET-000197,2021-09-01,Leaking faucet,Level 2,Plumbing,2021-09-01 00:00:00,2021-09-01 00:00:00,,,,
198,58,Pending,Clark West,TICKET-000198,2021-09-10,Flickering lights,Level 2,Electrical,2021-09-10 00:00:00,2021-09-10 00:00:00,,,,
199,146,Completed,Marcus Manager,TICKET-000199,2021-09-03,Wall crack,Level 1,Structural,2021-09-03 00:00:00,2021-09-03 00:00:00,,,,
200,149,Completed,Clark West,TICKET-000200,2021-09-08,Door frame damage,Level 1,Structural,2021-09-08 00:00:00,2021-09-08 00:00:00,,,,
201,93,Completed,Mia Martinez,TICKET-000201,2021-09-24,Flooring issue,Level 2,Structural,2021-09-24 00:00:00,2021-09-24 00:00:00,,,,
202,92,Completed,Marcus Manager,TICKET-000202,2021-09-19,Exhaust fan noise,Level 2,Appliance,2021-09-19 00:00:00,2021-09-19 00:00:00,,,,
203,131,Completed,Mia Martinez,TICKET-000203,2021-09-14,Electrical panel inspection,Level 1,Electrical,2021-09-14 00:00:00,2021-09-14 00:00:00,,,,
204,155,Completed,King Bruen,TICKET-000204,2021-09-28,Dripping shower head,Level 4,Plumbing,2021-09-28 00:00:00,2021-09-28 00:00:00,,,,
205,158,Completed,Mia Martinez,TICKET-000205,2021-09-26,Low water pressure,Level 4,Plumbing,2021-09-26 00:00:00,2021-09-26 00:00:00,,,,
206,297,Completed,Mia Martinez,TICKET-000206,2021-09-01,Mosquito problem,Level 2,Pest Control,2021-09-01 00:00:00,2021-09-01 00:00:00,,,,
207,231,Completed,Marcus Manager,TICKET-000207,2021-09-11,Refrigerator not cooling,Level 2,Appliance,2021-09-11 00:00:00,2021-09-11 00:00:00,,,,
208,226,Completed,Marcus Manager,TICKET-000208,2021-09-30,Sink drainage issue,Level 1,Plumbing,2021-09-30 00:00:00,2021-09-30 00:00:00,,,,
209,2,Completed,Mia Martinez,TICKET-000209,2021-10-24,Bed bug inspection,Level 2,Pest Control,2021-10-24 00:00:00,2021-10-24 00:00:00,,,,
210,1,Completed,Mia Martinez,TICKET-000210,2021-10-12,Loose tiles,Level 1,Structural,2021-10-12 00:00:00,2021-10-12 00:00:00,,,,
211,263,Completed,King Bruen,TICKET-000211,2021-10-19,Water heater broken,Level 1,Plumbing,2021-10-19 00:00:00,2021-10-19 00:00:00,,,,
212,263,Completed,King Bruen,TICKET-000212,2021-10-20,Cockroach sighting,Level 1,Pest Control,2021-10-20 00:00:00,2021-10-20 00:00:00,,,,
213,10,Completed,Mia Martinez,TICKET-000213,2021-10-28,Low water pressure,Level 1,Plumbing,2021-10-28 00:00:00,2021-10-28 00:00:00,,,,
214,26,Completed,Clark West,TICKET-000214,2021-10-06,Dripping shower head,Level 2,Plumbing,2021-10-06 00:00:00,2021-10-06 00:00:00,,,,
215,40,Completed,Bernita Crona,TICKET-000215,2021-10-11,Wiring problem,Level 4,Electrical,2021-10-11 00:00:00,2021-10-11 00:00:00,,,,
216,70,Completed,Clark West,TICKET-000216,2021-10-31,AC unit electrical issues,Level 1,Electrical,2021-10-31 00:00:00,2021-10-31 00:00:00,,,,
217,84,Completed,King Bruen,TICKET-000217,2021-10-04,Dryer not working,Level 2,Appliance,2021-10-04 00:00:00,2021-10-04 00:00:00,,,,
218,86,Completed,King Bruen,TICKET-000218,2021-10-07,Electrical panel inspection,Level 1,Electrical,2021-10-07 00:00:00,2021-10-07 00:00:00,,,,
219,87,Completed,King Bruen,TICKET-000219,2021-10-22,Washing machine malfunction,Level 3,Appliance,2021-10-22 00:00:00,2021-10-22 00:00:00,,,,
220,96,Completed,Marcus Manager,TICKET-000220,2021-10-31,Window frame repair,Level 1,Structural,2021-10-31 00:00:00,2021-10-31 00:00:00,,,,
221,97,Completed,Bernita Crona,TICKET-000221,2021-10-21,Sink drainage issue,Level 2,Plumbing,2021-10-21 00:00:00,2021-10-21 00:00:00,,,,
222,101,Completed,Clark West,TICKET-000222,2021-10-15,Flooring issue,Level 4,Structural,2021-10-15 00:00:00,2021-10-15 00:00:00,,,,
223,139,Completed,Clark West,TICKET-000223,2021-10-30,Light fixture malfunction,Level 2,Electrical,2021-10-30 00:00:00,2021-10-30 00:00:00,,,,
224,151,Completed,Bernita Crona,TICKET-000224,2021-10-14,Ceiling crack,Level 2,Structural,2021-10-14 00:00:00,2021-10-14 00:00:00,,,,
225,294,Completed,King Bruen,TICKET-000225,2021-10-14,Exhaust fan noise,Level 4,Appliance,2021-10-14 00:00:00,2021-10-14 00:00:00,,,,
226,192,Completed,Bernita Crona,TICKET-000226,2021-10-03,AC remote issue,Level 1,Appliance,2021-10-03 00:00:00,2021-10-03 00:00:00,,,,
227,193,Completed,Bernita Crona,TICKET-000227,2021-10-01,Oven issue,Level 2,Appliance,2021-10-01 00:00:00,2021-10-01 00:00:00,,,,
228,195,Completed,Bernita Crona,TICKET-000228,2021-10-30,Leaking faucet,Level 1,Plumbing,2021-10-30 00:00:00,2021-10-30 00:00:00,,,,
229,269,Completed,Bernita Crona,TICKET-000229,2021-10-21,Microwave not heating,Level 3,Appliance,2021-10-21 00:00:00,2021-10-21 00:00:00,,,,
230,274,Completed,King Bruen,TICKET-000230,2021-10-21,Water heater broken,Level 1,Plumbing,2021-10-21 00:00:00,2021-10-21 00:00:00,,,,
231,250,Completed,Marcus Manager,TICKET-000231,2021-10-15,Bed bug inspection,Level 2,Pest Control,2021-10-15 00:00:00,2021-10-15 00:00:00,,,,
232,2,Completed,Mia Martinez,TICKET-000232,2021-11-10,Bed bug inspection,Level 2,Pest Control,2021-11-10 00:00:00,2021-11-10 00:00:00,,,,
233,178,Completed,Mia Martinez,TICKET-000233,2021-11-23,AC remote issue,Level 4,Appliance,2021-11-23 00:00:00,2021-11-23 00:00:00,,,,
234,15,Completed,Clark West,TICKET-000234,2021-11-23,Microwave not heating,Level 4,Appliance,2021-11-23 00:00:00,2021-11-23 00:00:00,,,,
235,40,Completed,King Bruen,TICKET-000235,2021-11-14,Mosquito problem,Level 3,Pest Control,2021-11-14 00:00:00,2021-11-14 00:00:00,,,,
236,41,Completed,Clark West,TICKET-000236,2021-11-22,Wall crack,Level 2,Structural,2021-11-22 00:00:00,2021-11-22 00:00:00,,,,
237,141,Completed,King Bruen,TICKET-000237,2021-11-19,General pest treatment,Level 3,Pest Control,2021-11-19 00:00:00,2021-11-19 00:00:00,,,,
238,148,Completed,Bernita Crona,TICKET-000238,2021-11-11,Power outlet not working,Level 4,Electrical,2021-11-11 00:00:00,2021-11-11 00:00:00,,,,
239,82,Completed,Bernita Crona,TICKET-000239,2021-11-20,Rodent activity,Level 2,Pest Control,2021-11-20 00:00:00,2021-11-20 00:00:00,,,,
240,83,Completed,Clark West,TICKET-000240,2021-11-13,Spider infestation,Level 4,Pest Control,2021-11-13 00:00:00,2021-11-13 00:00:00,,,,
241,96,Completed,King Bruen,TICKET-000241,2021-11-17,Rodent activity,Level 2,Pest Control,2021-11-17 00:00:00,2021-11-17 00:00:00,,,,
242,102,Ongoing,Clark West,TICKET-000242,2021-11-06,Clogged drain,Level 1,Plumbing,2021-11-06 00:00:00,2021-11-06 00:00:00,,,,
243,98,Completed,Mia Martinez,TICKET-000243,2021-11-05,Microwave not heating,Level 1,Appliance,2021-11-05 00:00:00,2021-11-05 00:00:00,,,,
244,134,Completed,Mia Martinez,TICKET-000244,2021-11-10,AC remote issue,Level 2,Appliance,2021-11-10 00:00:00,2021-11-10 00:00:00,,,,
245,152,Completed,Bernita Crona,TICKET-000245,2021-11-09,Wall crack,Level 2,Structural,2021-11-09 00:00:00,2021-11-09 00:00:00,,,,
246,157,Completed,Mia Martinez,TICKET-000246,2021-11-05,Ant infestation,Level 1,Pest Control,2021-11-05 00:00:00,2021-11-05 00:00:00,,,,
247,187,Completed,Bernita Crona,TICKET-000247,2021-11-21,Circuit breaker tripping,Level 2,Electrical,2021-11-21 00:00:00,2021-11-21 00:00:00,,,,
248,193,Completed,Mia Martinez,TICKET-000248,2021-11-10,Pipe leakage,Level 4,Plumbing,2021-11-10 00:00:00,2021-11-10 00:00:00,,,,
249,223,Completed,Bernita Crona,TICKET-000249,2021-11-29,Refrigerator not cooling,Level 2,Appliance,2021-11-29 00:00:00,2021-11-29 00:00:00,,,,
250,234,Completed,Mia Martinez,TICKET-000250,2021-11-28,Oven issue,Level 3,Appliance,2021-11-28 00:00:00,2021-11-28 00:00:00,,,,
251,256,Completed,King Bruen,TICKET-000251,2021-11-20,Microwave not heating,Level 1,Appliance,2021-11-20 00:00:00,2021-11-20 00:00:00,,,,
252,253,Completed,Bernita Crona,TICKET-000252,2021-11-19,Leaking faucet,Level 3,Plumbing,2021-11-19 00:00:00,2021-11-19 00:00:00,,,,
253,259,Completed,King Bruen,TICKET-000253,2021-11-16,Water heater broken,Level 2,Plumbing,2021-11-16 00:00:00,2021-11-16 00:00:00,,,,
254,1,Completed,Mia Martinez,TICKET-000254,2021-12-19,Pipe leakage,Level 2,Plumbing,2021-12-19 00:00:00,2021-12-19 00:00:00,,,,
255,2,Completed,Mia Martinez,TICKET-000255,2021-12-19,Dishwasher leakage,Level 2,Appliance,2021-12-19 00:00:00,2021-12-19 00:00:00,,,,
256,7,Completed,Mia Martinez,TICKET-000256,2021-12-20,Bed bug inspection,Level 3,Pest Control,2021-12-20 00:00:00,2021-12-20 00:00:00,,,,
257,15,Completed,Bernita Crona,TICKET-000257,2021-12-08,Termite inspection,Level 2,Pest Control,2021-12-08 00:00:00,2021-12-08 00:00:00,,,,
258,13,Completed,Clark West,TICKET-000258,2021-12-30,Dryer not working,Level 2,Appliance,2021-12-30 00:00:00,2021-12-30 00:00:00,,,,
259,18,Completed,Marcus Manager,TICKET-000259,2021-12-15,Circuit breaker tripping,Level 2,Electrical,2021-12-15 00:00:00,2021-12-15 00:00:00,,,,
260,19,Completed,Marcus Manager,TICKET-000260,2021-12-04,Cockroach sighting,Level 2,Pest Control,2021-12-04 00:00:00,2021-12-04 00:00:00,,,,
261,32,Completed,Bernita Crona,TICKET-000261,2021-12-04,Rodent activity,Level 1,Pest Control,2021-12-04 00:00:00,2021-12-04 00:00:00,,,,
262,39,Completed,Bernita Crona,TICKET-000262,2021-12-06,Circuit breaker tripping,Level 1,Electrical,2021-12-06 00:00:00,2021-12-06 00:00:00,,,,
263,41,Completed,Bernita Crona,TICKET-000263,2021-12-06,Exhaust fan noise,Level 2,Appliance,2021-12-06 00:00:00,2021-12-06 00:00:00,,,,
264,79,Completed,King Bruen,TICKET-000264,2021-12-11,Dishwasher leakage,Level 1,Appliance,2021-12-11 00:00:00,2021-12-11 00:00:00,,,,
265,81,Completed,King Bruen,TICKET-000265,2021-12-04,Ant infestation,Level 3,Pest Control,2021-12-04 00:00:00,2021-12-04 00:00:00,,,,
266,149,Completed,Mia Martinez,TICKET-000266,2021-12-25,AC remote issue,Level 2,Appliance,2021-12-25 00:00:00,2021-12-25 00:00:00,,,,
267,83,Completed,Clark West,TICKET-000267,2021-12-22,Light fixture malfunction,Level 1,Electrical,2021-12-22 00:00:00,2021-12-22 00:00:00,,,,
268,85,Completed,Marcus Manager,TICKET-000268,2021-12-24,Running toilet,Level 1,Plumbing,2021-12-24 00:00:00,2021-12-24 00:00:00,,,,
269,92,Completed,Marcus Manager,TICKET-000269,2021-12-17,Rodent activity,Level 1,Pest Control,2021-12-17 00:00:00,2021-12-17 00:00:00,,,,
270,98,Completed,Mia Martinez,TICKET-000270,2021-12-15,Light fixture malfunction,Level 1,Electrical,2021-12-15 00:00:00,2021-12-15 00:00:00,,,,
271,101,Completed,Mia Martinez,TICKET-000271,2021-12-05,Wall crack,Level 2,Structural,2021-12-05 00:00:00,2021-12-05 00:00:00,,,,
272,115,Completed,Mia Martinez,TICKET-000272,2021-12-01,Exhaust fan noise,Level 3,Appliance,2021-12-01 00:00:00,2021-12-01 00:00:00,,,,
273,123,Completed,King Bruen,TICKET-000273,2021-12-19,Exhaust fan noise,Level 3,Appliance,2021-12-19 00:00:00,2021-12-19 00:00:00,,,,
274,155,Completed,King Bruen,TICKET-000274,2021-12-22,Spider infestation,Level 2,Pest Control,2021-12-22 00:00:00,2021-12-22 00:00:00,,,,
275,302,Completed,Marcus Manager,TICKET-000275,2021-12-18,Dryer not working,Level 4,Appliance,2021-12-18 00:00:00,2021-12-18 00:00:00,,,,
276,297,Completed,Marcus Manager,TICKET-000276,2021-12-13,Door not closing,Level 3,Structural,2021-12-13 00:00:00,2021-12-13 00:00:00,,,,
277,188,Completed,Mia Martinez,TICKET-000277,2021-12-12,Wall crack,Level 4,Structural,2021-12-12 00:00:00,2021-12-12 00:00:00,,,,
278,200,Completed,Bernita Crona,TICKET-000278,2021-12-28,Bed bug inspection,Level 4,Pest Control,2021-12-28 00:00:00,2021-12-28 00:00:00,,,,
279,221,Completed,Marcus Manager,TICKET-000279,2021-12-02,Pipe leakage,Level 2,Plumbing,2021-12-02 00:00:00,2021-12-02 00:00:00,,,,
280,222,Completed,Marcus Manager,TICKET-000280,2021-12-15,Washing machine malfunction,Level 2,Appliance,2021-12-15 00:00:00,2021-12-15 00:00:00,,,,
281,230,Completed,Mia Martinez,TICKET-000281,2021-12-23,Water heater broken,Level 1,Plumbing,2021-12-23 00:00:00,2021-12-23 00:00:00,,,,
282,227,Completed,Mia Martinez,TICKET-000282,2021-12-11,Dryer not working,Level 2,Appliance,2021-12-11 00:00:00,2021-12-11 00:00:00,,,,
283,260,Completed,Bernita Crona,TICKET-000283,2021-12-14,Low water pressure,Level 2,Plumbing,2021-12-14 00:00:00,2021-12-14 00:00:00,,,,
284,2,Completed,Mia Martinez,TICKET-000284,2022-01-15,Dryer not working,Level 3,Appliance,2022-01-15 00:00:00,2022-01-15 00:00:00,,,,
285,1,Completed,Mia Martinez,TICKET-000285,2022-01-02,Ceiling crack,Level 3,Structural,2022-01-02 00:00:00,2022-01-02 00:00:00,,,,
286,9,Completed,Marcus Manager,TICKET-000286,2022-01-15,Dripping shower head,Level 1,Plumbing,2022-01-15 00:00:00,2022-01-15 00:00:00,,,,
287,174,Completed,King Bruen,TICKET-000287,2022-01-16,Switch not working,Level 1,Electrical,2022-01-16 00:00:00,2022-01-16 00:00:00,,,,
288,14,Completed,Marcus Manager,TICKET-000288,2022-01-16,Exhaust fan noise,Level 1,Appliance,2022-01-16 00:00:00,2022-01-16 00:00:00,,,,
289,24,Completed,Clark West,TICKET-000289,2022-01-24,Light fixture malfunction,Level 2,Electrical,2022-01-24 00:00:00,2022-01-24 00:00:00,,,,
290,25,Completed,Bernita Crona,TICKET-000290,2022-01-16,Microwave not heating,Level 2,Appliance,2022-01-16 00:00:00,2022-01-16 00:00:00,,,,
291,39,Completed,Clark West,TICKET-000291,2022-01-06,Ceiling crack,Level 1,Structural,2022-01-06 00:00:00,2022-01-06 00:00:00,,,,
292,44,Completed,Clark West,TICKET-000292,2022-01-13,Wall damage,Level 1,Structural,2022-01-13 00:00:00,2022-01-13 00:00:00,,,,
293,49,Completed,King Bruen,TICKET-000293,2022-01-10,Dryer not working,Level 1,Appliance,2022-01-10 00:00:00,2022-01-10 00:00:00,,,,
294,61,Completed,Bernita Crona,TICKET-000294,2022-01-24,Light fixture malfunction,Level 1,Electrical,2022-01-24 00:00:00,2022-01-24 00:00:00,,,,
295,149,Completed,Mia Martinez,TICKET-000295,2022-01-20,Wall damage,Level 3,Structural,2022-01-20 00:00:00,2022-01-20 00:00:00,,,,
296,83,Completed,Marcus Manager,TICKET-000296,2022-01-08,Electrical panel inspection,Level 2,Electrical,2022-01-08 00:00:00,2022-01-08 00:00:00,,,,
297,85,Completed,King Bruen,TICKET-000297,2022-01-09,AC remote issue,Level 4,Appliance,2022-01-09 00:00:00,2022-01-09 00:00:00,,,,
298,87,Completed,Marcus Manager,TICKET-000298,2022-01-26,Bed bug inspection,Level 3,Pest Control,2022-01-26 00:00:00,2022-01-26 00:00:00,,,,
299,95,Completed,King Bruen,TICKET-000299,2022-01-28,Window frame repair,Level 1,Structural,2022-01-28 00:00:00,2022-01-28 00:00:00,,,,
300,95,Completed,King Bruen,TICKET-000300,2022-01-03,Bed bug inspection,Level 2,Pest Control,2022-01-03 00:00:00,2022-01-03 00:00:00,,,,
301,102,Completed,Mia Martinez,TICKET-000301,2022-01-18,Electrical panel inspection,Level 1,Electrical,2022-01-18 00:00:00,2022-01-18 00:00:00,,,,
302,100,Completed,Bernita Crona,TICKET-000302,2022-01-06,Door frame damage,Level 2,Structural,2022-01-06 00:00:00,2022-01-06 00:00:00,,,,
303,125,Completed,Mia Martinez,TICKET-000303,2022-01-19,Ceiling crack,Level 3,Structural,2022-01-19 00:00:00,2022-01-19 00:00:00,,,,
304,131,Completed,Mia Martinez,TICKET-000304,2022-01-26,Cockroach sighting,Level 2,Pest Control,2022-01-26 00:00:00,2022-01-26 00:00:00,,,,
305,130,Completed,King Bruen,TICKET-000305,2022-01-14,Door frame damage,Level 4,Structural,2022-01-14 00:00:00,2022-01-14 00:00:00,,,,
306,136,Completed,Bernita Crona,TICKET-000306,2022-01-19,Door not closing,Level 1,Structural,2022-01-19 00:00:00,2022-01-19 00:00:00,,,,
307,160,Completed,King Bruen,TICKET-000307,2022-01-15,Switch not working,Level 1,Electrical,2022-01-15 00:00:00,2022-01-15 00:00:00,,,,
308,170,Completed,Mia Martinez,TICKET-000308,2022-01-11,Power outlet not working,Level 2,Electrical,2022-01-11 00:00:00,2022-01-11 00:00:00,,,,
309,191,Completed,Clark West,TICKET-000309,2022-01-16,Exhaust fan noise,Level 1,Appliance,2022-01-16 00:00:00,2022-01-16 00:00:00,,,,
310,183,Completed,Marcus Manager,TICKET-000310,2022-01-08,Cockroach sighting,Level 3,Pest Control,2022-01-08 00:00:00,2022-01-08 00:00:00,,,,
311,197,Completed,Bernita Crona,TICKET-000311,2022-01-30,Termite inspection,Level 2,Pest Control,2022-01-30 00:00:00,2022-01-30 00:00:00,,,,
312,222,Completed,Clark West,TICKET-000312,2022-01-15,AC unit electrical issues,Level 1,Electrical,2022-01-15 00:00:00,2022-01-15 00:00:00,,,,
313,222,Completed,Clark West,TICKET-000313,2022-01-17,Door frame damage,Level 2,Structural,2022-01-17 00:00:00,2022-01-17 00:00:00,,,,
314,224,Completed,Marcus Manager,TICKET-000314,2022-01-02,Oven issue,Level 3,Appliance,2022-01-02 00:00:00,2022-01-02 00:00:00,,,,
315,237,Completed,Bernita Crona,TICKET-000315,2022-01-25,Door frame damage,Level 1,Structural,2022-01-25 00:00:00,2022-01-25 00:00:00,,,,
316,267,Completed,Mia Martinez,TICKET-000316,2022-01-27,Sink drainage issue,Level 2,Plumbing,2022-01-27 00:00:00,2022-01-27 00:00:00,,,,
317,242,Completed,King Bruen,TICKET-000317,2022-01-18,Rodent activity,Level 3,Pest Control,2022-01-18 00:00:00,2022-01-18 00:00:00,,,,
318,253,Completed,King Bruen,TICKET-000318,2022-01-15,Bed bug inspection,Level 4,Pest Control,2022-01-15 00:00:00,2022-01-15 00:00:00,,,,
319,261,Completed,Marcus Manager,TICKET-000319,2022-01-25,Mosquito problem,Level 3,Pest Control,2022-01-25 00:00:00,2022-01-25 00:00:00,,,,
320,258,Completed,Marcus Manager,TICKET-000320,2022-01-15,Switch not working,Level 1,Electrical,2022-01-15 00:00:00,2022-01-15 00:00:00,,,,
321,1,Completed,Marcus Manager,TICKET-000321,2022-02-28,Oven issue,Level 2,Appliance,2022-02-28 00:00:00,2022-02-28 00:00:00,,,,
322,264,Completed,Mia Martinez,TICKET-000322,2022-02-04,Low water pressure,Level 2,Plumbing,2022-02-04 00:00:00,2022-02-04 00:00:00,,,,
323,9,Completed,Mia Martinez,TICKET-000323,2022-02-20,Sink drainage issue,Level 3,Plumbing,2022-02-20 00:00:00,2022-02-20 00:00:00,,,,
324,15,Completed,Clark West,TICKET-000324,2022-02-23,Refrigerator not cooling,Level 2,Appliance,2022-02-23 00:00:00,2022-02-23 00:00:00,,,,
325,13,Completed,Bernita Crona,TICKET-000325,2022-02-07,Water heater broken,Level 4,Plumbing,2022-02-07 00:00:00,2022-02-07 00:00:00,,,,
326,18,Completed,King Bruen,TICKET-000326,2022-02-08,Washing machine malfunction,Level 2,Appliance,2022-02-08 00:00:00,2022-02-08 00:00:00,,,,
327,30,Completed,King Bruen,TICKET-000327,2022-02-25,Electrical panel inspection,Level 1,Electrical,2022-02-25 00:00:00,2022-02-25 00:00:00,,,,
328,36,Completed,Mia Martinez,TICKET-000328,2022-02-26,AC unit electrical issues,Level 2,Electrical,2022-02-26 00:00:00,2022-02-26 00:00:00,,,,
329,42,Completed,King Bruen,TICKET-000329,2022-02-25,Oven issue,Level 2,Appliance,2022-02-25 00:00:00,2022-02-25 00:00:00,,,,
330,42,Completed,Bernita Crona,TICKET-000330,2022-02-20,Mosquito problem,Level 3,Pest Control,2022-02-20 00:00:00,2022-02-20 00:00:00,,,,
331,109,Completed,Marcus Manager,TICKET-000331,2022-02-01,Clogged drain,Level 3,Plumbing,2022-02-01 00:00:00,2022-02-01 00:00:00,,,,
332,53,Completed,King Bruen,TICKET-000332,2022-02-15,Clogged drain,Level 2,Plumbing,2022-02-15 00:00:00,2022-02-15 00:00:00,,,,
333,67,Completed,Clark West,TICKET-000333,2022-02-12,Washing machine malfunction,Level 3,Appliance,2022-02-12 00:00:00,2022-02-12 00:00:00,,,,
334,63,Completed,Marcus Manager,TICKET-000334,2022-02-21,Leaking faucet,Level 2,Plumbing,2022-02-21 00:00:00,2022-02-21 00:00:00,,,,
335,83,Completed,King Bruen,TICKET-000335,2022-02-08,Ceiling crack,Level 2,Structural,2022-02-08 00:00:00,2022-02-08 00:00:00,,,,
336,83,Completed,King Bruen,TICKET-000336,2022-02-21,Pipe leakage,Level 1,Plumbing,2022-02-21 00:00:00,2022-02-21 00:00:00,,,,
337,90,Completed,Mia Martinez,TICKET-000337,2022-02-11,Flooring issue,Level 2,Structural,2022-02-11 00:00:00,2022-02-11 00:00:00,,,,
338,96,Completed,Mia Martinez,TICKET-000338,2022-02-13,Loose tiles,Level 2,Structural,2022-02-13 00:00:00,2022-02-13 00:00:00,,,,
339,93,Completed,King Bruen,TICKET-000339,2022-02-14,Power outlet not working,Level 1,Electrical,2022-02-14 00:00:00,2022-02-14 00:00:00,,,,
340,100,Completed,Clark West,TICKET-000340,2022-02-09,Bed bug inspection,Level 3,Pest Control,2022-02-09 00:00:00,2022-02-09 00:00:00,,,,
341,121,Completed,Bernita Crona,TICKET-000341,2022-02-06,Electrical panel inspection,Level 1,Electrical,2022-02-06 00:00:00,2022-02-06 00:00:00,,,,
342,118,Completed,King Bruen,TICKET-000342,2022-02-08,AC remote issue,Level 3,Appliance,2022-02-08 00:00:00,2022-02-08 00:00:00,,,,
343,129,Completed,Clark West,TICKET-000343,2022-02-03,Wall crack,Level 2,Structural,2022-02-03 00:00:00,2022-02-03 00:00:00,,,,
344,139,Completed,Mia Martinez,TICKET-000344,2022-02-01,AC unit electrical issues,Level 1,Electrical,2022-02-01 00:00:00,2022-02-01 00:00:00,,,,
345,138,Completed,Marcus Manager,TICKET-000345,2022-02-14,AC unit electrical issues,Level 3,Electrical,2022-02-14 00:00:00,2022-02-14 00:00:00,,,,
346,152,Completed,King Bruen,TICKET-000346,2022-02-22,Loose tiles,Level 1,Structural,2022-02-22 00:00:00,2022-02-22 00:00:00,,,,
347,300,Completed,King Bruen,TICKET-000347,2022-02-27,Washing machine malfunction,Level 2,Appliance,2022-02-27 00:00:00,2022-02-27 00:00:00,,,,
348,294,Completed,Bernita Crona,TICKET-000348,2022-02-12,Clogged drain,Level 4,Plumbing,2022-02-12 00:00:00,2022-02-12 00:00:00,,,,
349,187,Completed,Clark West,TICKET-000349,2022-02-03,Loose tiles,Level 2,Structural,2022-02-03 00:00:00,2022-02-03 00:00:00,,,,
350,190,Completed,Clark West,TICKET-000350,2022-02-23,Spider infestation,Level 3,Pest Control,2022-02-23 00:00:00,2022-02-23 00:00:00,,,,
351,196,Completed,Marcus Manager,TICKET-000351,2022-02-14,Dishwasher leakage,Level 1,Appliance,2022-02-14 00:00:00,2022-02-14 00:00:00,,,,
352,222,Completed,Mia Martinez,TICKET-000352,2022-02-10,Dryer not working,Level 3,Appliance,2022-02-10 00:00:00,2022-02-10 00:00:00,,,,
353,259,Completed,Mia Martinez,TICKET-000353,2022-02-16,Dryer not working,Level 2,Appliance,2022-02-16 00:00:00,2022-02-16 00:00:00,,,,
354,258,Completed,King Bruen,TICKET-000354,2022-02-13,Water heater broken,Level 1,Plumbing,2022-02-13 00:00:00,2022-02-13 00:00:00,,,,
355,2,Completed,Clark West,TICKET-000355,2022-03-23,Ceiling crack,Level 2,Structural,2022-03-23 00:00:00,2022-03-23 00:00:00,,,,
356,1,Completed,Mia Martinez,TICKET-000356,2022-03-13,Washing machine malfunction,Level 3,Appliance,2022-03-13 00:00:00,2022-03-13 00:00:00,,,,
357,174,Completed,Clark West,TICKET-000357,2022-03-08,General pest treatment,Level 3,Pest Control,2022-03-08 00:00:00,2022-03-08 00:00:00,,,,
358,15,Completed,Mia Martinez,TICKET-000358,2022-03-04,Electrical panel inspection,Level 2,Electrical,2022-03-04 00:00:00,2022-03-04 00:00:00,,,,
359,15,Completed,Clark West,TICKET-000359,2022-03-25,Door frame damage,Level 3,Structural,2022-03-25 00:00:00,2022-03-25 00:00:00,,,,
360,17,Completed,Mia Martinez,TICKET-000360,2022-03-08,Dripping shower head,Level 1,Plumbing,2022-03-08 00:00:00,2022-03-08 00:00:00,,,,
361,34,Completed,Bernita Crona,TICKET-000361,2022-03-26,Dishwasher leakage,Level 1,Appliance,2022-03-26 00:00:00,2022-03-26 00:00:00,,,,
362,32,Completed,Mia Martinez,TICKET-000362,2022-03-28,Cockroach sighting,Level 3,Pest Control,2022-03-28 00:00:00,2022-03-28 00:00:00,,,,
363,40,Completed,Mia Martinez,TICKET-000363,2022-03-08,Electrical panel inspection,Level 2,Electrical,2022-03-08 00:00:00,2022-03-08 00:00:00,,,,
364,42,Completed,Clark West,TICKET-000364,2022-03-21,Ant infestation,Level 2,Pest Control,2022-03-21 00:00:00,2022-03-21 00:00:00,,,,
365,49,Completed,Bernita Crona,TICKET-000365,2022-03-11,Pipe leakage,Level 1,Plumbing,2022-03-11 00:00:00,2022-03-11 00:00:00,,,,
366,110,Completed,Clark West,TICKET-000366,2022-03-25,AC remote issue,Level 1,Appliance,2022-03-25 00:00:00,2022-03-25 00:00:00,,,,
367,75,Completed,Mia Martinez,TICKET-000367,2022-03-09,Termite inspection,Level 2,Pest Control,2022-03-09 00:00:00,2022-03-09 00:00:00,,,,
368,113,Completed,Marcus Manager,TICKET-000368,2022-03-20,Oven issue,Level 2,Appliance,2022-03-20 00:00:00,2022-03-20 00:00:00,,,,
369,207,Completed,King Bruen,TICKET-000369,2022-03-31,Switch not working,Level 2,Electrical,2022-03-31 00:00:00,2022-03-31 00:00:00,,,,
370,86,Completed,King Bruen,TICKET-000370,2022-03-10,Door not closing,Level 2,Structural,2022-03-10 00:00:00,2022-03-10 00:00:00,,,,
371,182,Completed,Mia Martinez,TICKET-000371,2022-03-26,Low water pressure,Level 1,Plumbing,2022-03-26 00:00:00,2022-03-26 00:00:00,,,,
372,93,Completed,Mia Martinez,TICKET-000372,2022-03-29,Loose tiles,Level 1,Structural,2022-03-29 00:00:00,2022-03-29 00:00:00,,,,
373,96,Completed,Bernita Crona,TICKET-000373,2022-03-28,Door frame damage,Level 1,Structural,2022-03-28 00:00:00,2022-03-28 00:00:00,,,,
374,102,Completed,Marcus Manager,TICKET-000374,2022-03-07,Washing machine malfunction,Level 2,Appliance,2022-03-07 00:00:00,2022-03-07 00:00:00,,,,
375,101,Completed,Clark West,TICKET-000375,2022-03-08,Wiring problem,Level 2,Electrical,2022-03-08 00:00:00,2022-03-08 00:00:00,,,,
376,124,Completed,Mia Martinez,TICKET-000376,2022-03-23,Sink drainage issue,Level 2,Plumbing,2022-03-23 00:00:00,2022-03-23 00:00:00,,,,
377,166,Completed,Marcus Manager,TICKET-000377,2022-03-27,Dishwasher leakage,Level 2,Appliance,2022-03-27 00:00:00,2022-03-27 00:00:00,,,,
378,150,Completed,Bernita Crona,TICKET-000378,2022-03-25,Dripping shower head,Level 1,Plumbing,2022-03-25 00:00:00,2022-03-25 00:00:00,,,,
379,151,Completed,Marcus Manager,TICKET-000379,2022-03-11,Running toilet,Level 1,Plumbing,2022-03-11 00:00:00,2022-03-11 00:00:00,,,,
380,183,Completed,Bernita Crona,TICKET-000380,2022-03-15,Switch not working,Level 1,Electrical,2022-03-15 00:00:00,2022-03-15 00:00:00,,,,
381,189,Completed,Bernita Crona,TICKET-000381,2022-03-05,Light fixture malfunction,Level 4,Electrical,2022-03-05 00:00:00,2022-03-05 00:00:00,,,,
382,199,Completed,Clark West,TICKET-000382,2022-03-31,Door not closing,Level 4,Structural,2022-03-31 00:00:00,2022-03-31 00:00:00,,,,
383,238,Completed,Bernita Crona,TICKET-000383,2022-03-11,Ceiling crack,Level 1,Structural,2022-03-11 00:00:00,2022-03-11 00:00:00,,,,
384,252,Completed,Bernita Crona,TICKET-000384,2022-03-01,Spider infestation,Level 2,Pest Control,2022-03-01 00:00:00,2022-03-01 00:00:00,,,,
385,259,Completed,Clark West,TICKET-000385,2022-03-28,Refrigerator not cooling,Level 3,Appliance,2022-03-28 00:00:00,2022-03-28 00:00:00,,,,
386,260,Completed,Mia Martinez,TICKET-000386,2022-03-26,Ceiling crack,Level 1,Structural,2022-03-26 00:00:00,2022-03-26 00:00:00,,,,
387,2,Completed,Bernita Crona,TICKET-000387,2022-04-07,Power outlet not working,Level 3,Electrical,2022-04-07 00:00:00,2022-04-07 00:00:00,,,,
388,2,Completed,King Bruen,TICKET-000388,2022-04-28,Water heater broken,Level 3,Plumbing,2022-04-28 00:00:00,2022-04-28 00:00:00,,,,
389,27,Completed,King Bruen,TICKET-000389,2022-04-29,Door frame damage,Level 3,Structural,2022-04-29 00:00:00,2022-04-29 00:00:00,,,,
390,39,Completed,Bernita Crona,TICKET-000390,2022-04-12,Wiring problem,Level 2,Electrical,2022-04-12 00:00:00,2022-04-12 00:00:00,,,,
391,41,Completed,King Bruen,TICKET-000391,2022-04-24,Exhaust fan noise,Level 1,Appliance,2022-04-24 00:00:00,2022-04-24 00:00:00,,,,
392,46,Completed,Marcus Manager,TICKET-000392,2022-04-16,Low water pressure,Level 1,Plumbing,2022-04-16 00:00:00,2022-04-16 00:00:00,,,,
393,47,Completed,Clark West,TICKET-000393,2022-04-30,Leaking faucet,Level 1,Plumbing,2022-04-30 00:00:00,2022-04-30 00:00:00,,,,
394,83,Completed,King Bruen,TICKET-000394,2022-04-27,Light fixture malfunction,Level 2,Electrical,2022-04-27 00:00:00,2022-04-27 00:00:00,,,,
395,82,Completed,Bernita Crona,TICKET-000395,2022-04-16,Dripping shower head,Level 4,Plumbing,2022-04-16 00:00:00,2022-04-16 00:00:00,,,,
396,87,Completed,Clark West,TICKET-000396,2022-04-07,Door not closing,Level 4,Structural,2022-04-07 00:00:00,2022-04-07 00:00:00,,,,
397,102,Completed,Marcus Manager,TICKET-000397,2022-04-11,Oven issue,Level 2,Appliance,2022-04-11 00:00:00,2022-04-11 00:00:00,,,,
398,126,Completed,Bernita Crona,TICKET-000398,2022-04-25,Leaking faucet,Level 1,Plumbing,2022-04-25 00:00:00,2022-04-25 00:00:00,,,,
399,128,Completed,King Bruen,TICKET-000399,2022-04-15,AC unit electrical issues,Level 2,Electrical,2022-04-15 00:00:00,2022-04-15 00:00:00,,,,
400,133,Completed,King Bruen,TICKET-000400,2022-04-27,Mosquito problem,Level 3,Pest Control,2022-04-27 00:00:00,2022-04-27 00:00:00,,,,
401,168,Completed,Mia Martinez,TICKET-000401,2022-04-19,Leaking faucet,Level 2,Plumbing,2022-04-19 00:00:00,2022-04-19 00:00:00,,,,
402,152,Completed,King Bruen,TICKET-000402,2022-04-28,Bed bug inspection,Level 3,Pest Control,2022-04-28 00:00:00,2022-04-28 00:00:00,,,,
403,157,Completed,Mia Martinez,TICKET-000403,2022-04-30,Running toilet,Level 1,Plumbing,2022-04-30 00:00:00,2022-04-30 00:00:00,,,,
404,302,Completed,Bernita Crona,TICKET-000404,2022-04-18,Circuit breaker tripping,Level 2,Electrical,2022-04-18 00:00:00,2022-04-18 00:00:00,,,,
405,183,Completed,Mia Martinez,TICKET-000405,2022-04-19,Wall damage,Level 2,Structural,2022-04-19 00:00:00,2022-04-19 00:00:00,,,,
406,188,Completed,King Bruen,TICKET-000406,2022-04-29,Wall crack,Level 4,Structural,2022-04-29 00:00:00,2022-04-29 00:00:00,,,,
407,200,Completed,King Bruen,TICKET-000407,2022-04-01,Dishwasher leakage,Level 4,Appliance,2022-04-01 00:00:00,2022-04-01 00:00:00,,,,
408,221,Completed,Clark West,TICKET-000408,2022-04-29,Bed bug inspection,Level 4,Pest Control,2022-04-29 00:00:00,2022-04-29 00:00:00,,,,
409,232,Completed,Mia Martinez,TICKET-000409,2022-04-16,Dishwasher leakage,Level 2,Appliance,2022-04-16 00:00:00,2022-04-16 00:00:00,,,,
410,227,Completed,Marcus Manager,TICKET-000410,2022-04-22,Termite inspection,Level 3,Pest Control,2022-04-22 00:00:00,2022-04-22 00:00:00,,,,
411,278,Completed,Bernita Crona,TICKET-000411,2022-04-12,Running toilet,Level 1,Plumbing,2022-04-12 00:00:00,2022-04-12 00:00:00,,,,
412,274,Completed,King Bruen,TICKET-000412,2022-04-01,Washing machine malfunction,Level 2,Appliance,2022-04-01 00:00:00,2022-04-01 00:00:00,,,,
413,258,Completed,Mia Martinez,TICKET-000413,2022-04-05,Power outlet not working,Level 1,Electrical,2022-04-05 00:00:00,2022-04-05 00:00:00,,,,
414,5,Completed,Marcus Manager,TICKET-000414,2022-05-25,General pest treatment,Level 2,Pest Control,2022-05-25 00:00:00,2022-05-25 00:00:00,,,,
415,7,Completed,King Bruen,TICKET-000415,2022-05-09,AC remote issue,Level 1,Appliance,2022-05-09 00:00:00,2022-05-09 00:00:00,,,,
416,11,Completed,Mia Martinez,TICKET-000416,2022-05-25,AC unit electrical issues,Level 1,Electrical,2022-05-25 00:00:00,2022-05-25 00:00:00,,,,
417,18,Completed,Clark West,TICKET-000417,2022-05-26,Bed bug inspection,Level 3,Pest Control,2022-05-26 00:00:00,2022-05-26 00:00:00,,,,
418,22,Completed,Clark West,TICKET-000418,2022-05-08,Dryer not working,Level 2,Appliance,2022-05-08 00:00:00,2022-05-08 00:00:00,,,,
419,33,Completed,Marcus Manager,TICKET-000419,2022-05-08,Door not closing,Level 3,Structural,2022-05-08 00:00:00,2022-05-08 00:00:00,,,,
420,39,Completed,Clark West,TICKET-000420,2022-05-08,Ant infestation,Level 4,Pest Control,2022-05-08 00:00:00,2022-05-08 00:00:00,,,,
421,41,Completed,Bernita Crona,TICKET-000421,2022-05-13,Refrigerator not cooling,Level 1,Appliance,2022-05-13 00:00:00,2022-05-13 00:00:00,,,,
422,48,Completed,King Bruen,TICKET-000422,2022-05-11,Microwave not heating,Level 2,Appliance,2022-05-11 00:00:00,2022-05-11 00:00:00,,,,
423,47,Completed,Mia Martinez,TICKET-000423,2022-05-16,Dishwasher leakage,Level 2,Appliance,2022-05-16 00:00:00,2022-05-16 00:00:00,,,,
424,77,Completed,Marcus Manager,TICKET-000424,2022-05-05,Flooring issue,Level 1,Structural,2022-05-05 00:00:00,2022-05-05 00:00:00,,,,
425,144,Completed,Marcus Manager,TICKET-000425,2022-05-11,Door not closing,Level 2,Structural,2022-05-11 00:00:00,2022-05-11 00:00:00,,,,
426,146,Completed,King Bruen,TICKET-000426,2022-05-15,Ceiling crack,Level 2,Structural,2022-05-15 00:00:00,2022-05-15 00:00:00,,,,
427,182,Completed,Mia Martinez,TICKET-000427,2022-05-09,Ant infestation,Level 3,Pest Control,2022-05-09 00:00:00,2022-05-09 00:00:00,,,,
428,94,Completed,Marcus Manager,TICKET-000428,2022-05-18,Electrical panel inspection,Level 1,Electrical,2022-05-18 00:00:00,2022-05-18 00:00:00,,,,
429,102,Completed,Clark West,TICKET-000429,2022-05-03,Running toilet,Level 1,Plumbing,2022-05-03 00:00:00,2022-05-03 00:00:00,,,,
430,102,Ongoing,Marcus Manager,TICKET-000430,2022-05-29,Wall damage,Level 2,Structural,2022-05-29 00:00:00,2022-05-29 00:00:00,,,,
431,129,Completed,Mia Martinez,TICKET-000431,2022-05-10,AC remote issue,Level 4,Appliance,2022-05-10 00:00:00,2022-05-10 00:00:00,,,,
432,132,Completed,Clark West,TICKET-000432,2022-05-14,Dishwasher leakage,Level 3,Appliance,2022-05-14 00:00:00,2022-05-14 00:00:00,,,,
433,168,Completed,Clark West,TICKET-000433,2022-05-21,Clogged drain,Level 1,Plumbing,2022-05-21 00:00:00,2022-05-21 00:00:00,,,,
434,157,Completed,Marcus Manager,TICKET-000434,2022-05-13,Dripping shower head,Level 3,Plumbing,2022-05-13 00:00:00,2022-05-13 00:00:00,,,,
435,171,Completed,Marcus Manager,TICKET-000435,2022-05-10,Termite inspection,Level 2,Pest Control,2022-05-10 00:00:00,2022-05-10 00:00:00,,,,
436,169,Completed,Marcus Manager,TICKET-000436,2022-05-26,Switch not working,Level 3,Electrical,2022-05-26 00:00:00,2022-05-26 00:00:00,,,,
437,200,Completed,Marcus Manager,TICKET-000437,2022-05-11,Door not closing,Level 3,Structural,2022-05-11 00:00:00,2022-05-11 00:00:00,,,,
438,201,Completed,Mia Martinez,TICKET-000438,2022-05-22,Sink drainage issue,Level 1,Plumbing,2022-05-22 00:00:00,2022-05-22 00:00:00,,,,
439,222,Completed,Clark West,TICKET-000439,2022-05-25,Electrical panel inspection,Level 1,Electrical,2022-05-25 00:00:00,2022-05-25 00:00:00,,,,
440,226,Completed,Marcus Manager,TICKET-000440,2022-05-14,Power outlet not working,Level 4,Electrical,2022-05-14 00:00:00,2022-05-14 00:00:00,,,,
441,234,Completed,Clark West,TICKET-000441,2022-05-25,Electrical panel inspection,Level 1,Electrical,2022-05-25 00:00:00,2022-05-25 00:00:00,,,,
442,238,Completed,Marcus Manager,TICKET-000442,2022-05-24,Washing machine malfunction,Level 4,Appliance,2022-05-24 00:00:00,2022-05-24 00:00:00,,,,
443,240,Completed,Marcus Manager,TICKET-000443,2022-05-30,Switch not working,Level 4,Electrical,2022-05-30 00:00:00,2022-05-30 00:00:00,,,,
444,248,Completed,Mia Martinez,TICKET-000444,2022-05-03,Wiring problem,Level 2,Electrical,2022-05-03 00:00:00,2022-05-03 00:00:00,,,,
445,2,Completed,Clark West,TICKET-000445,2022-06-17,Window frame repair,Level 2,Structural,2022-06-17 00:00:00,2022-06-17 00:00:00,,,,
446,16,Completed,Bernita Crona,TICKET-000446,2022-06-27,Flickering lights,Level 2,Electrical,2022-06-27 00:00:00,2022-06-27 00:00:00,,,,
447,21,Completed,King Bruen,TICKET-000447,2022-06-25,Low water pressure,Level 2,Plumbing,2022-06-25 00:00:00,2022-06-25 00:00:00,,,,
448,20,Completed,Clark West,TICKET-000448,2022-06-11,Switch not working,Level 2,Electrical,2022-06-11 00:00:00,2022-06-11 00:00:00,,,,
449,37,Completed,Mia Martinez,TICKET-000449,2022-06-13,Clogged drain,Level 1,Plumbing,2022-06-13 00:00:00,2022-06-13 00:00:00,,,,
450,41,Completed,Clark West,TICKET-000450,2022-06-09,Wiring problem,Level 2,Electrical,2022-06-09 00:00:00,2022-06-09 00:00:00,,,,
451,42,Completed,Mia Martinez,TICKET-000451,2022-06-01,Loose tiles,Level 1,Structural,2022-06-01 00:00:00,2022-06-01 00:00:00,,,,
452,80,Completed,Mia Martinez,TICKET-000452,2022-06-14,Water heater broken,Level 3,Plumbing,2022-06-14 00:00:00,2022-06-14 00:00:00,,,,
453,145,Completed,Marcus Manager,TICKET-000453,2022-06-18,Rodent activity,Level 3,Pest Control,2022-06-18 00:00:00,2022-06-18 00:00:00,,,,
454,143,Completed,Bernita Crona,TICKET-000454,2022-06-27,Ant infestation,Level 3,Pest Control,2022-06-27 00:00:00,2022-06-27 00:00:00,,,,
455,84,Completed,Mia Martinez,TICKET-000455,2022-06-03,Ceiling crack,Level 4,Structural,2022-06-03 00:00:00,2022-06-03 00:00:00,,,,
456,90,Completed,Marcus Manager,TICKET-000456,2022-06-24,Termite inspection,Level 3,Pest Control,2022-06-24 00:00:00,2022-06-24 00:00:00,,,,
457,182,Completed,Mia Martinez,TICKET-000457,2022-06-24,Wiring problem,Level 3,Electrical,2022-06-24 00:00:00,2022-06-24 00:00:00,,,,
458,95,Completed,King Bruen,TICKET-000458,2022-06-18,Low water pressure,Level 1,Plumbing,2022-06-18 00:00:00,2022-06-18 00:00:00,,,,
459,97,Completed,Marcus Manager,TICKET-000459,2022-06-23,Door not closing,Level 1,Structural,2022-06-23 00:00:00,2022-06-23 00:00:00,,,,
460,98,Completed,Mia Martinez,TICKET-000460,2022-06-21,Dripping shower head,Level 2,Plumbing,2022-06-21 00:00:00,2022-06-21 00:00:00,,,,
461,114,Completed,King Bruen,TICKET-000461,2022-06-19,Electrical panel inspection,Level 2,Electrical,2022-06-19 00:00:00,2022-06-19 00:00:00,,,,
462,128,Completed,Mia Martinez,TICKET-000462,2022-06-02,Refrigerator not cooling,Level 2,Appliance,2022-06-02 00:00:00,2022-06-02 00:00:00,,,,
463,130,Completed,Mia Martinez,TICKET-000463,2022-06-13,Door frame damage,Level 1,Structural,2022-06-13 00:00:00,2022-06-13 00:00:00,,,,
464,286,Completed,Bernita Crona,TICKET-000464,2022-06-15,Loose tiles,Level 1,Structural,2022-06-15 00:00:00,2022-06-15 00:00:00,,,,
465,156,Completed,King Bruen,TICKET-000465,2022-06-08,Switch not working,Level 2,Electrical,2022-06-08 00:00:00,2022-06-08 00:00:00,,,,
466,198,Completed,Clark West,TICKET-000466,2022-06-12,AC unit electrical issues,Level 1,Electrical,2022-06-12 00:00:00,2022-06-12 00:00:00,,,,
467,224,Completed,King Bruen,TICKET-000467,2022-06-13,Low water pressure,Level 1,Plumbing,2022-06-13 00:00:00,2022-06-13 00:00:00,,,,
468,270,Completed,Bernita Crona,TICKET-000468,2022-06-17,Door frame damage,Level 1,Structural,2022-06-17 00:00:00,2022-06-17 00:00:00,,,,
469,9,Completed,Marcus Manager,TICKET-000469,2022-07-21,Wiring problem,Level 1,Electrical,2022-07-21 00:00:00,2022-07-21 00:00:00,,,,
470,18,Completed,Mia Martinez,TICKET-000470,2022-07-01,Dryer not working,Level 3,Appliance,2022-07-01 00:00:00,2022-07-01 00:00:00,,,,
471,18,Completed,King Bruen,TICKET-000471,2022-07-24,Dripping shower head,Level 1,Plumbing,2022-07-24 00:00:00,2022-07-24 00:00:00,,,,
472,40,Completed,Bernita Crona,TICKET-000472,2022-07-30,Door frame damage,Level 1,Structural,2022-07-30 00:00:00,2022-07-30 00:00:00,,,,
473,41,Completed,Marcus Manager,TICKET-000473,2022-07-25,Light fixture malfunction,Level 1,Electrical,2022-07-25 00:00:00,2022-07-25 00:00:00,,,,
474,43,Completed,Bernita Crona,TICKET-000474,2022-07-31,Oven issue,Level 2,Appliance,2022-07-31 00:00:00,2022-07-31 00:00:00,,,,
475,48,Completed,Mia Martinez,TICKET-000475,2022-07-20,Pipe leakage,Level 3,Plumbing,2022-07-20 00:00:00,2022-07-20 00:00:00,,,,
476,57,Completed,King Bruen,TICKET-000476,2022-07-24,Flickering lights,Level 1,Electrical,2022-07-24 00:00:00,2022-07-24 00:00:00,,,,
477,206,Completed,King Bruen,TICKET-000477,2022-07-20,Pipe leakage,Level 4,Plumbing,2022-07-20 00:00:00,2022-07-20 00:00:00,,,,
478,88,Completed,Marcus Manager,TICKET-000478,2022-07-10,Flooring issue,Level 2,Structural,2022-07-10 00:00:00,2022-07-10 00:00:00,,,,
479,91,Completed,King Bruen,TICKET-000479,2022-07-14,Sink drainage issue,Level 2,Plumbing,2022-07-14 00:00:00,2022-07-14 00:00:00,,,,
480,92,Completed,Mia Martinez,TICKET-000480,2022-07-26,Exhaust fan noise,Level 2,Appliance,2022-07-26 00:00:00,2022-07-26 00:00:00,,,,
481,98,Completed,Mia Martinez,TICKET-000481,2022-07-28,Low water pressure,Level 2,Plumbing,2022-07-28 00:00:00,2022-07-28 00:00:00,,,,
482,97,Completed,Mia Martinez,TICKET-000482,2022-07-04,Door frame damage,Level 3,Structural,2022-07-04 00:00:00,2022-07-04 00:00:00,,,,
483,150,Completed,Clark West,TICKET-000483,2022-07-19,Sink drainage issue,Level 1,Plumbing,2022-07-19 00:00:00,2022-07-19 00:00:00,,,,
484,190,Completed,Mia Martinez,TICKET-000484,2022-07-02,Dripping shower head,Level 4,Plumbing,2022-07-02 00:00:00,2022-07-02 00:00:00,,,,
485,192,Completed,King Bruen,TICKET-000485,2022-07-20,Window frame repair,Level 3,Structural,2022-07-20 00:00:00,2022-07-20 00:00:00,,,,
486,193,Completed,Bernita Crona,TICKET-000486,2022-07-05,Cockroach sighting,Level 3,Pest Control,2022-07-05 00:00:00,2022-07-05 00:00:00,,,,
487,222,Completed,Mia Martinez,TICKET-000487,2022-07-14,Pipe leakage,Level 4,Plumbing,2022-07-14 00:00:00,2022-07-14 00:00:00,,,,
488,225,Completed,Marcus Manager,TICKET-000488,2022-07-09,Window frame repair,Level 2,Structural,2022-07-09 00:00:00,2022-07-09 00:00:00,,,,
489,225,Completed,Marcus Manager,TICKET-000489,2022-07-03,Termite inspection,Level 1,Pest Control,2022-07-03 00:00:00,2022-07-03 00:00:00,,,,
490,274,Completed,Bernita Crona,TICKET-000490,2022-07-16,Window frame repair,Level 3,Structural,2022-07-16 00:00:00,2022-07-16 00:00:00,,,,
491,268,Completed,Bernita Crona,TICKET-000491,2022-07-09,Flickering lights,Level 1,Electrical,2022-07-09 00:00:00,2022-07-09 00:00:00,,,,
492,256,Completed,Clark West,TICKET-000492,2022-07-26,Water heater broken,Level 3,Plumbing,2022-07-26 00:00:00,2022-07-26 00:00:00,,,,
493,259,Completed,Clark West,TICKET-000493,2022-07-21,Dryer not working,Level 3,Appliance,2022-07-21 00:00:00,2022-07-21 00:00:00,,,,
494,259,Completed,King Bruen,TICKET-000494,2022-07-18,Water heater broken,Level 1,Plumbing,2022-07-18 00:00:00,2022-07-18 00:00:00,,,,
495,2,Completed,Bernita Crona,TICKET-000495,2022-08-05,Clogged drain,Level 1,Plumbing,2022-08-05 00:00:00,2022-08-05 00:00:00,,,,
496,2,Completed,King Bruen,TICKET-000496,2022-08-23,Oven issue,Level 1,Appliance,2022-08-23 00:00:00,2022-08-23 00:00:00,,,,
497,8,Completed,Mia Martinez,TICKET-000497,2022-08-18,Circuit breaker tripping,Level 1,Electrical,2022-08-18 00:00:00,2022-08-18 00:00:00,,,,
498,13,Completed,Marcus Manager,TICKET-000498,2022-08-05,Circuit breaker tripping,Level 1,Electrical,2022-08-05 00:00:00,2022-08-05 00:00:00,,,,
499,22,Completed,Mia Martinez,TICKET-000499,2022-08-23,Dripping shower head,Level 1,Plumbing,2022-08-23 00:00:00,2022-08-23 00:00:00,,,,
500,25,Completed,Bernita Crona,TICKET-000500,2022-08-22,Pipe leakage,Level 1,Plumbing,2022-08-22 00:00:00,2022-08-22 00:00:00,,,,
501,41,Completed,Marcus Manager,TICKET-000501,2022-08-24,Leaking faucet,Level 1,Plumbing,2022-08-24 00:00:00,2022-08-24 00:00:00,,,,
502,105,Completed,Bernita Crona,TICKET-000502,2022-08-24,Mosquito problem,Level 2,Pest Control,2022-08-24 00:00:00,2022-08-24 00:00:00,,,,
503,143,Completed,Bernita Crona,TICKET-000503,2022-08-04,Pipe leakage,Level 1,Plumbing,2022-08-04 00:00:00,2022-08-04 00:00:00,,,,
504,146,Completed,King Bruen,TICKET-000504,2022-08-21,Leaking faucet,Level 1,Plumbing,2022-08-21 00:00:00,2022-08-21 00:00:00,,,,
505,85,Completed,Clark West,TICKET-000505,2022-08-01,Ceiling crack,Level 2,Structural,2022-08-01 00:00:00,2022-08-01 00:00:00,,,,
506,91,Completed,Bernita Crona,TICKET-000506,2022-08-05,Running toilet,Level 1,Plumbing,2022-08-05 00:00:00,2022-08-05 00:00:00,,,,
507,89,Completed,Clark West,TICKET-000507,2022-08-03,General pest treatment,Level 3,Pest Control,2022-08-03 00:00:00,2022-08-03 00:00:00,,,,
508,94,Completed,Marcus Manager,TICKET-000508,2022-08-07,Microwave not heating,Level 3,Appliance,2022-08-07 00:00:00,2022-08-07 00:00:00,,,,
509,97,Completed,Marcus Manager,TICKET-000509,2022-08-07,Refrigerator not cooling,Level 2,Appliance,2022-08-07 00:00:00,2022-08-07 00:00:00,,,,
510,138,Completed,Bernita Crona,TICKET-000510,2022-08-15,Cockroach sighting,Level 2,Pest Control,2022-08-15 00:00:00,2022-08-15 00:00:00,,,,
511,154,Completed,Marcus Manager,TICKET-000511,2022-08-05,Window frame repair,Level 3,Structural,2022-08-05 00:00:00,2022-08-05 00:00:00,,,,
512,152,Completed,Marcus Manager,TICKET-000512,2022-08-30,AC remote issue,Level 2,Appliance,2022-08-30 00:00:00,2022-08-30 00:00:00,,,,
513,170,Completed,Bernita Crona,TICKET-000513,2022-08-16,Bed bug inspection,Level 3,Pest Control,2022-08-16 00:00:00,2022-08-16 00:00:00,,,,
514,298,Completed,Mia Martinez,TICKET-000514,2022-08-17,Dishwasher leakage,Level 2,Appliance,2022-08-17 00:00:00,2022-08-17 00:00:00,,,,
515,191,Completed,Clark West,TICKET-000515,2022-08-25,Clogged drain,Level 1,Plumbing,2022-08-25 00:00:00,2022-08-25 00:00:00,,,,
516,188,Completed,Bernita Crona,TICKET-000516,2022-08-02,Flickering lights,Level 1,Electrical,2022-08-02 00:00:00,2022-08-02 00:00:00,,,,
517,194,Completed,Bernita Crona,TICKET-000517,2022-08-22,Clogged drain,Level 1,Plumbing,2022-08-22 00:00:00,2022-08-22 00:00:00,,,,
518,193,Completed,Bernita Crona,TICKET-000518,2022-08-08,Dripping shower head,Level 1,Plumbing,2022-08-08 00:00:00,2022-08-08 00:00:00,,,,
519,222,Completed,Mia Martinez,TICKET-000519,2022-08-20,Flickering lights,Level 1,Electrical,2022-08-20 00:00:00,2022-08-20 00:00:00,,,,
520,227,Completed,Clark West,TICKET-000520,2022-08-15,Window frame repair,Level 1,Structural,2022-08-15 00:00:00,2022-08-15 00:00:00,,,,
521,249,Completed,Mia Martinez,TICKET-000521,2022-08-02,Water heater broken,Level 1,Plumbing,2022-08-02 00:00:00,2022-08-02 00:00:00,,,,
522,261,Completed,Clark West,TICKET-000522,2022-08-08,Water heater broken,Level 1,Plumbing,2022-08-08 00:00:00,2022-08-08 00:00:00,,,,
523,172,Completed,Clark West,TICKET-000523,2022-09-07,Wall damage,Level 1,Structural,2022-09-07 00:00:00,2022-09-07 00:00:00,,,,
524,5,Completed,Mia Martinez,TICKET-000524,2022-09-18,Bed bug inspection,Level 1,Pest Control,2022-09-18 00:00:00,2022-09-18 00:00:00,,,,
525,20,Completed,King Bruen,TICKET-000525,2022-09-16,Washing machine malfunction,Level 1,Appliance,2022-09-16 00:00:00,2022-09-16 00:00:00,,,,
526,35,Completed,Marcus Manager,TICKET-000526,2022-09-08,Leaking faucet,Level 2,Plumbing,2022-09-08 00:00:00,2022-09-08 00:00:00,,,,
527,26,Completed,Mia Martinez,TICKET-000527,2022-09-12,Clogged drain,Level 1,Plumbing,2022-09-12 00:00:00,2022-09-12 00:00:00,,,,
528,40,Completed,Mia Martinez,TICKET-000528,2022-09-25,Wall damage,Level 1,Structural,2022-09-25 00:00:00,2022-09-25 00:00:00,,,,
529,50,Completed,Marcus Manager,TICKET-000529,2022-09-07,Dripping shower head,Level 3,Plumbing,2022-09-07 00:00:00,2022-09-07 00:00:00,,,,
530,216,Completed,Mia Martinez,TICKET-000530,2022-09-24,Dripping shower head,Level 3,Plumbing,2022-09-24 00:00:00,2022-09-24 00:00:00,,,,
531,108,Completed,Mia Martinez,TICKET-000531,2022-09-12,Low water pressure,Level 2,Plumbing,2022-09-12 00:00:00,2022-09-12 00:00:00,,,,
532,143,Completed,Mia Martinez,TICKET-000532,2022-09-02,Running toilet,Level 3,Plumbing,2022-09-02 00:00:00,2022-09-02 00:00:00,,,,
533,85,Completed,King Bruen,TICKET-000533,2022-09-29,Termite inspection,Level 2,Pest Control,2022-09-29 00:00:00,2022-09-29 00:00:00,,,,
534,85,Completed,Clark West,TICKET-000534,2022-09-06,Wall crack,Level 1,Structural,2022-09-06 00:00:00,2022-09-06 00:00:00,,,,
535,182,Ongoing,King Bruen,TICKET-000535,2022-09-11,Leaking faucet,Level 1,Plumbing,2022-09-11 00:00:00,2022-09-11 00:00:00,,,,
536,92,Completed,Marcus Manager,TICKET-000536,2022-09-05,Clogged drain,Level 1,Plumbing,2022-09-05 00:00:00,2022-09-05 00:00:00,,,,
537,92,Completed,King Bruen,TICKET-000537,2022-09-24,Oven issue,Level 1,Appliance,2022-09-24 00:00:00,2022-09-24 00:00:00,,,,
538,98,Completed,Mia Martinez,TICKET-000538,2022-09-03,Cockroach sighting,Level 3,Pest Control,2022-09-03 00:00:00,2022-09-03 00:00:00,,,,
539,98,Completed,Clark West,TICKET-000539,2022-09-23,Spider infestation,Level 3,Pest Control,2022-09-23 00:00:00,2022-09-23 00:00:00,,,,
540,126,Completed,Marcus Manager,TICKET-000540,2022-09-14,Door frame damage,Level 1,Structural,2022-09-14 00:00:00,2022-09-14 00:00:00,,,,
541,125,Completed,Marcus Manager,TICKET-000541,2022-09-23,Termite inspection,Level 1,Pest Control,2022-09-23 00:00:00,2022-09-23 00:00:00,,,,
542,129,Completed,Bernita Crona,TICKET-000542,2022-09-16,Mosquito problem,Level 1,Pest Control,2022-09-16 00:00:00,2022-09-16 00:00:00,,,,
543,134,Completed,Marcus Manager,TICKET-000543,2022-09-29,Pipe leakage,Level 1,Plumbing,2022-09-29 00:00:00,2022-09-29 00:00:00,,,,
544,281,Completed,Bernita Crona,TICKET-000544,2022-09-27,Window frame repair,Level 3,Structural,2022-09-27 00:00:00,2022-09-27 00:00:00,,,,
545,164,Completed,Mia Martinez,TICKET-000545,2022-09-11,Exhaust fan noise,Level 3,Appliance,2022-09-11 00:00:00,2022-09-11 00:00:00,,,,
546,224,Completed,King Bruen,TICKET-000546,2022-09-24,Sink drainage issue,Level 1,Plumbing,2022-09-24 00:00:00,2022-09-24 00:00:00,,,,
547,228,Completed,Clark West,TICKET-000547,2022-09-29,Dryer not working,Level 2,Appliance,2022-09-29 00:00:00,2022-09-29 00:00:00,,,,
548,269,Completed,King Bruen,TICKET-000548,2022-09-10,Microwave not heating,Level 2,Appliance,2022-09-10 00:00:00,2022-09-10 00:00:00,,,,
549,259,Completed,Bernita Crona,TICKET-000549,2022-09-11,Wall damage,Level 1,Structural,2022-09-11 00:00:00,2022-09-11 00:00:00,,,,
550,261,Completed,Mia Martinez,TICKET-000550,2022-09-02,Clogged drain,Level 2,Plumbing,2022-09-02 00:00:00,2022-09-02 00:00:00,,,,
551,1,Completed,Bernita Crona,TICKET-000551,2022-10-12,Bed bug inspection,Level 1,Pest Control,2022-10-12 00:00:00,2022-10-12 00:00:00,,,,
552,2,Completed,Bernita Crona,TICKET-000552,2022-10-30,Exhaust fan noise,Level 1,Appliance,2022-10-30 00:00:00,2022-10-30 00:00:00,,,,
553,9,Completed,Bernita Crona,TICKET-000553,2022-10-25,Loose tiles,Level 4,Structural,2022-10-25 00:00:00,2022-10-25 00:00:00,,,,
554,18,Completed,Clark West,TICKET-000554,2022-10-22,Low water pressure,Level 2,Plumbing,2022-10-22 00:00:00,2022-10-22 00:00:00,,,,
555,36,Completed,Bernita Crona,TICKET-000555,2022-10-25,Door not closing,Level 2,Structural,2022-10-25 00:00:00,2022-10-25 00:00:00,,,,
556,40,Completed,Clark West,TICKET-000556,2022-10-26,Dishwasher leakage,Level 3,Appliance,2022-10-26 00:00:00,2022-10-26 00:00:00,,,,
557,39,Completed,Marcus Manager,TICKET-000557,2022-10-20,Dishwasher leakage,Level 1,Appliance,2022-10-20 00:00:00,2022-10-20 00:00:00,,,,
558,44,Completed,Bernita Crona,TICKET-000558,2022-10-29,Ceiling crack,Level 1,Structural,2022-10-29 00:00:00,2022-10-29 00:00:00,,,,
559,51,Completed,Mia Martinez,TICKET-000559,2022-10-08,Ant infestation,Level 3,Pest Control,2022-10-08 00:00:00,2022-10-08 00:00:00,,,,
560,110,Completed,Marcus Manager,TICKET-000560,2022-10-25,Mosquito problem,Level 4,Pest Control,2022-10-25 00:00:00,2022-10-25 00:00:00,,,,
561,105,Completed,Clark West,TICKET-000561,2022-10-31,Dryer not working,Level 3,Appliance,2022-10-31 00:00:00,2022-10-31 00:00:00,,,,
562,61,Completed,Mia Martinez,TICKET-000562,2022-10-23,Oven issue,Level 3,Appliance,2022-10-23 00:00:00,2022-10-23 00:00:00,,,,
563,142,Completed,Mia Martinez,TICKET-000563,2022-10-25,Mosquito problem,Level 3,Pest Control,2022-10-25 00:00:00,2022-10-25 00:00:00,,,,
564,89,Completed,King Bruen,TICKET-000564,2022-10-28,Light fixture malfunction,Level 1,Electrical,2022-10-28 00:00:00,2022-10-28 00:00:00,,,,
565,90,Completed,King Bruen,TICKET-000565,2022-10-11,Flooring issue,Level 1,Structural,2022-10-11 00:00:00,2022-10-11 00:00:00,,,,
566,94,Completed,Bernita Crona,TICKET-000566,2022-10-12,Ant infestation,Level 4,Pest Control,2022-10-12 00:00:00,2022-10-12 00:00:00,,,,
567,101,Completed,Bernita Crona,TICKET-000567,2022-10-02,Low water pressure,Level 1,Plumbing,2022-10-02 00:00:00,2022-10-02 00:00:00,,,,
568,102,Completed,Marcus Manager,TICKET-000568,2022-10-05,Spider infestation,Level 4,Pest Control,2022-10-05 00:00:00,2022-10-05 00:00:00,,,,
569,119,Completed,Clark West,TICKET-000569,2022-10-23,Wall crack,Level 2,Structural,2022-10-23 00:00:00,2022-10-23 00:00:00,,,,
570,135,Completed,Mia Martinez,TICKET-000570,2022-10-06,Window frame repair,Level 1,Structural,2022-10-06 00:00:00,2022-10-06 00:00:00,,,,
571,299,Completed,Clark West,TICKET-000571,2022-10-14,Oven issue,Level 3,Appliance,2022-10-14 00:00:00,2022-10-14 00:00:00,,,,
572,294,Completed,Marcus Manager,TICKET-000572,2022-10-25,Door not closing,Level 1,Structural,2022-10-25 00:00:00,2022-10-25 00:00:00,,,,
573,188,Completed,King Bruen,TICKET-000573,2022-10-07,General pest treatment,Level 2,Pest Control,2022-10-07 00:00:00,2022-10-07 00:00:00,,,,
574,225,Completed,Marcus Manager,TICKET-000574,2022-10-30,Wall crack,Level 2,Structural,2022-10-30 00:00:00,2022-10-30 00:00:00,,,,
575,275,Completed,Marcus Manager,TICKET-000575,2022-10-27,Switch not working,Level 1,Electrical,2022-10-27 00:00:00,2022-10-27 00:00:00,,,,
576,258,Completed,Mia Martinez,TICKET-000576,2022-10-06,Termite inspection,Level 1,Pest Control,2022-10-06 00:00:00,2022-10-06 00:00:00,,,,
577,13,Completed,King Bruen,TICKET-000577,2022-11-01,Wall damage,Level 1,Structural,2022-11-01 00:00:00,2022-11-01 00:00:00,,,,
578,23,Completed,Clark West,TICKET-000578,2022-11-20,Wiring problem,Level 1,Electrical,2022-11-20 00:00:00,2022-11-20 00:00:00,,,,
579,21,Completed,Mia Martinez,TICKET-000579,2022-11-08,Circuit breaker tripping,Level 1,Electrical,2022-11-08 00:00:00,2022-11-08 00:00:00,,,,
580,28,Completed,King Bruen,TICKET-000580,2022-11-01,Spider infestation,Level 3,Pest Control,2022-11-01 00:00:00,2022-11-01 00:00:00,,,,
581,41,Completed,Mia Martinez,TICKET-000581,2022-11-14,Switch not working,Level 3,Electrical,2022-11-14 00:00:00,2022-11-14 00:00:00,,,,
582,39,Completed,King Bruen,TICKET-000582,2022-11-05,Switch not working,Level 1,Electrical,2022-11-05 00:00:00,2022-11-05 00:00:00,,,,
583,46,Completed,Mia Martinez,TICKET-000583,2022-11-15,Exhaust fan noise,Level 2,Appliance,2022-11-15 00:00:00,2022-11-15 00:00:00,,,,
584,52,Completed,Mia Martinez,TICKET-000584,2022-11-04,Mosquito problem,Level 3,Pest Control,2022-11-04 00:00:00,2022-11-04 00:00:00,,,,
585,85,Completed,King Bruen,TICKET-000585,2022-11-11,Sink drainage issue,Level 1,Plumbing,2022-11-11 00:00:00,2022-11-11 00:00:00,,,,
586,127,Completed,Clark West,TICKET-000586,2022-11-12,Oven issue,Level 2,Appliance,2022-11-12 00:00:00,2022-11-12 00:00:00,,,,
587,127,Completed,Mia Martinez,TICKET-000587,2022-11-17,Bed bug inspection,Level 3,Pest Control,2022-11-17 00:00:00,2022-11-17 00:00:00,,,,
588,138,Completed,Marcus Manager,TICKET-000588,2022-11-24,Clogged drain,Level 3,Plumbing,2022-11-24 00:00:00,2022-11-24 00:00:00,,,,
589,162,Completed,Mia Martinez,TICKET-000589,2022-11-04,Microwave not heating,Level 4,Appliance,2022-11-04 00:00:00,2022-11-04 00:00:00,,,,
590,150,Completed,Bernita Crona,TICKET-000590,2022-11-28,Pipe leakage,Level 1,Plumbing,2022-11-28 00:00:00,2022-11-28 00:00:00,,,,
591,187,Completed,Marcus Manager,TICKET-000591,2022-11-27,Leaking faucet,Level 3,Plumbing,2022-11-27 00:00:00,2022-11-27 00:00:00,,,,
592,221,Completed,Mia Martinez,TICKET-000592,2022-11-30,Termite inspection,Level 3,Pest Control,2022-11-30 00:00:00,2022-11-30 00:00:00,,,,
593,222,Completed,Bernita Crona,TICKET-000593,2022-11-18,Bed bug inspection,Level 2,Pest Control,2022-11-18 00:00:00,2022-11-18 00:00:00,,,,
594,245,Completed,Mia Martinez,TICKET-000594,2022-11-23,Microwave not heating,Level 3,Appliance,2022-11-23 00:00:00,2022-11-23 00:00:00,,,,
595,259,Completed,Bernita Crona,TICKET-000595,2022-11-24,Clogged drain,Level 4,Plumbing,2022-11-24 00:00:00,2022-11-24 00:00:00,,,,
596,261,Completed,Clark West,TICKET-000596,2022-11-10,Cockroach sighting,Level 1,Pest Control,2022-11-10 00:00:00,2022-11-10 00:00:00,,,,
597,1,Completed,Clark West,TICKET-000597,2022-12-19,Door not closing,Level 2,Structural,2022-12-19 00:00:00,2022-12-19 00:00:00,,,,
598,34,Completed,Clark West,TICKET-000598,2022-12-31,Dishwasher leakage,Level 3,Appliance,2022-12-31 00:00:00,2022-12-31 00:00:00,,,,
599,29,Completed,Marcus Manager,TICKET-000599,2022-12-17,Wall crack,Level 2,Structural,2022-12-17 00:00:00,2022-12-17 00:00:00,,,,
600,40,Completed,Bernita Crona,TICKET-000600,2022-12-25,Light fixture malfunction,Level 2,Electrical,2022-12-25 00:00:00,2022-12-25 00:00:00,,,,
601,41,Completed,Mia Martinez,TICKET-000601,2022-12-08,Dripping shower head,Level 1,Plumbing,2022-12-08 00:00:00,2022-12-08 00:00:00,,,,
602,106,Completed,Mia Martinez,TICKET-000602,2022-12-05,Dryer not working,Level 1,Appliance,2022-12-05 00:00:00,2022-12-05 00:00:00,,,,
603,69,Completed,Marcus Manager,TICKET-000603,2022-12-22,Circuit breaker tripping,Level 1,Electrical,2022-12-22 00:00:00,2022-12-22 00:00:00,,,,
604,61,Completed,King Bruen,TICKET-000604,2022-12-15,Light fixture malfunction,Level 1,Electrical,2022-12-15 00:00:00,2022-12-15 00:00:00,,,,
605,83,Completed,Marcus Manager,TICKET-000605,2022-12-05,Dryer not working,Level 3,Appliance,2022-12-05 00:00:00,2022-12-05 00:00:00,,,,
606,90,Completed,Clark West,TICKET-000606,2022-12-08,AC remote issue,Level 2,Appliance,2022-12-08 00:00:00,2022-12-08 00:00:00,,,,
607,100,Completed,Mia Martinez,TICKET-000607,2022-12-13,Bed bug inspection,Level 3,Pest Control,2022-12-13 00:00:00,2022-12-13 00:00:00,,,,
608,126,Completed,Mia Martinez,TICKET-000608,2022-12-30,Low water pressure,Level 1,Plumbing,2022-12-30 00:00:00,2022-12-30 00:00:00,,,,
609,117,Completed,Mia Martinez,TICKET-000609,2022-12-30,Mosquito problem,Level 1,Pest Control,2022-12-30 00:00:00,2022-12-30 00:00:00,,,,
610,134,Completed,Bernita Crona,TICKET-000610,2022-12-20,Exhaust fan noise,Level 3,Appliance,2022-12-20 00:00:00,2022-12-20 00:00:00,,,,
611,131,Completed,Mia Martinez,TICKET-000611,2022-12-15,Ceiling crack,Level 3,Structural,2022-12-15 00:00:00,2022-12-15 00:00:00,,,,
612,281,Completed,Bernita Crona,TICKET-000612,2022-12-20,Flickering lights,Level 2,Electrical,2022-12-20 00:00:00,2022-12-20 00:00:00,,,,
613,155,Completed,Mia Martinez,TICKET-000613,2022-12-21,Circuit breaker tripping,Level 1,Electrical,2022-12-21 00:00:00,2022-12-21 00:00:00,,,,
614,299,Completed,Mia Martinez,TICKET-000614,2022-12-28,Electrical panel inspection,Level 2,Electrical,2022-12-28 00:00:00,2022-12-28 00:00:00,,,,
615,183,Completed,Clark West,TICKET-000615,2022-12-13,Oven issue,Level 2,Appliance,2022-12-13 00:00:00,2022-12-13 00:00:00,,,,
616,222,Completed,Marcus Manager,TICKET-000616,2022-12-23,Light fixture malfunction,Level 2,Electrical,2022-12-23 00:00:00,2022-12-23 00:00:00,,,,
617,228,Completed,Bernita Crona,TICKET-000617,2022-12-09,Mosquito problem,Level 3,Pest Control,2022-12-09 00:00:00,2022-12-09 00:00:00,,,,
618,2,Completed,King Bruen,TICKET-000618,2023-01-30,Dryer not working,Level 3,Appliance,2023-01-30 00:00:00,2023-01-30 00:00:00,,,,
619,1,Completed,Bernita Crona,TICKET-000619,2023-01-06,Dishwasher leakage,Level 2,Appliance,2023-01-06 00:00:00,2023-01-06 00:00:00,,,,
620,179,Completed,King Bruen,TICKET-000620,2023-01-16,AC remote issue,Level 4,Appliance,2023-01-16 00:00:00,2023-01-16 00:00:00,,,,
621,177,Completed,Bernita Crona,TICKET-000621,2023-01-07,AC unit electrical issues,Level 1,Electrical,2023-01-07 00:00:00,2023-01-07 00:00:00,,,,
622,23,Completed,Clark West,TICKET-000622,2023-01-13,Exhaust fan noise,Level 1,Appliance,2023-01-13 00:00:00,2023-01-13 00:00:00,,,,
623,23,Completed,Mia Martinez,TICKET-000623,2023-01-15,Flickering lights,Level 3,Electrical,2023-01-15 00:00:00,2023-01-15 00:00:00,,,,
624,34,Completed,Marcus Manager,TICKET-000624,2023-01-29,Flickering lights,Level 2,Electrical,2023-01-29 00:00:00,2023-01-29 00:00:00,,,,
625,39,Completed,Marcus Manager,TICKET-000625,2023-01-07,Dripping shower head,Level 1,Plumbing,2023-01-07 00:00:00,2023-01-07 00:00:00,,,,
626,41,Completed,King Bruen,TICKET-000626,2023-01-28,Light fixture malfunction,Level 1,Electrical,2023-01-28 00:00:00,2023-01-28 00:00:00,,,,
627,51,Completed,Clark West,TICKET-000627,2023-01-26,Flickering lights,Level 1,Electrical,2023-01-26 00:00:00,2023-01-26 00:00:00,,,,
628,210,Completed,Clark West,TICKET-000628,2023-01-27,Spider infestation,Level 2,Pest Control,2023-01-27 00:00:00,2023-01-27 00:00:00,,,,
629,145,Completed,King Bruen,TICKET-000629,2023-01-14,Window frame repair,Level 1,Structural,2023-01-14 00:00:00,2023-01-14 00:00:00,,,,
630,144,Completed,Mia Martinez,TICKET-000630,2023-01-18,Spider infestation,Level 4,Pest Control,2023-01-18 00:00:00,2023-01-18 00:00:00,,,,
631,85,Completed,Marcus Manager,TICKET-000631,2023-01-24,Bed bug inspection,Level 3,Pest Control,2023-01-24 00:00:00,2023-01-24 00:00:00,,,,
632,83,Completed,Mia Martinez,TICKET-000632,2023-01-22,Refrigerator not cooling,Level 2,Appliance,2023-01-22 00:00:00,2023-01-22 00:00:00,,,,
633,180,Completed,Marcus Manager,TICKET-000633,2023-01-06,Circuit breaker tripping,Level 1,Electrical,2023-01-06 00:00:00,2023-01-06 00:00:00,,,,
634,88,Completed,King Bruen,TICKET-000634,2023-01-17,AC unit electrical issues,Level 2,Electrical,2023-01-17 00:00:00,2023-01-17 00:00:00,,,,
635,100,Completed,Bernita Crona,TICKET-000635,2023-01-15,Wall damage,Level 1,Structural,2023-01-15 00:00:00,2023-01-15 00:00:00,,,,
636,100,Completed,Marcus Manager,TICKET-000636,2023-01-20,Door not closing,Level 2,Structural,2023-01-20 00:00:00,2023-01-20 00:00:00,,,,
637,122,Completed,King Bruen,TICKET-000637,2023-01-26,Flickering lights,Level 2,Electrical,2023-01-26 00:00:00,2023-01-26 00:00:00,,,,
638,130,Completed,Clark West,TICKET-000638,2023-01-17,Washing machine malfunction,Level 3,Appliance,2023-01-17 00:00:00,2023-01-17 00:00:00,,,,
639,163,Completed,King Bruen,TICKET-000639,2023-01-08,Loose tiles,Level 4,Structural,2023-01-08 00:00:00,2023-01-08 00:00:00,,,,
640,184,Completed,Mia Martinez,TICKET-000640,2023-01-30,Bed bug inspection,Level 4,Pest Control,2023-01-30 00:00:00,2023-01-30 00:00:00,,,,
641,192,Pending,King Bruen,TICKET-000641,2023-01-19,Window frame repair,Level 2,Structural,2023-01-19 00:00:00,2023-01-19 00:00:00,,,,
642,223,Completed,Bernita Crona,TICKET-000642,2023-01-31,Cockroach sighting,Level 3,Pest Control,2023-01-31 00:00:00,2023-01-31 00:00:00,,,,
643,275,Completed,Marcus Manager,TICKET-000643,2023-01-22,AC remote issue,Level 2,Appliance,2023-01-22 00:00:00,2023-01-22 00:00:00,,,,
644,251,Completed,King Bruen,TICKET-000644,2023-01-15,Leaking faucet,Level 3,Plumbing,2023-01-15 00:00:00,2023-01-15 00:00:00,,,,
645,259,Completed,Bernita Crona,TICKET-000645,2023-01-16,Low water pressure,Level 3,Plumbing,2023-01-16 00:00:00,2023-01-16 00:00:00,,,,
646,1,Completed,King Bruen,TICKET-000646,2023-02-12,Washing machine malfunction,Level 2,Appliance,2023-02-12 00:00:00,2023-02-12 00:00:00,,,,
647,2,Completed,Mia Martinez,TICKET-000647,2023-02-13,Spider infestation,Level 1,Pest Control,2023-02-13 00:00:00,2023-02-13 00:00:00,,,,
648,18,Completed,Mia Martinez,TICKET-000648,2023-02-11,Door not closing,Level 4,Structural,2023-02-11 00:00:00,2023-02-11 00:00:00,,,,
649,44,Completed,Marcus Manager,TICKET-000649,2023-02-19,Bed bug inspection,Level 4,Pest Control,2023-02-19 00:00:00,2023-02-19 00:00:00,,,,
650,109,Completed,Mia Martinez,TICKET-000650,2023-02-15,Light fixture malfunction,Level 4,Electrical,2023-02-15 00:00:00,2023-02-15 00:00:00,,,,
651,53,Completed,King Bruen,TICKET-000651,2023-02-13,Window frame repair,Level 1,Structural,2023-02-13 00:00:00,2023-02-13 00:00:00,,,,
652,62,Completed,Mia Martinez,TICKET-000652,2023-02-03,Microwave not heating,Level 1,Appliance,2023-02-03 00:00:00,2023-02-03 00:00:00,,,,
653,85,Completed,Bernita Crona,TICKET-000653,2023-02-03,Dryer not working,Level 3,Appliance,2023-02-03 00:00:00,2023-02-03 00:00:00,,,,
654,180,Completed,Mia Martinez,TICKET-000654,2023-02-08,Wiring problem,Level 1,Electrical,2023-02-08 00:00:00,2023-02-08 00:00:00,,,,
655,93,Completed,Clark West,TICKET-000655,2023-02-03,Oven issue,Level 1,Appliance,2023-02-03 00:00:00,2023-02-03 00:00:00,,,,
656,93,Completed,Clark West,TICKET-000656,2023-02-13,Power outlet not working,Level 3,Electrical,2023-02-13 00:00:00,2023-02-13 00:00:00,,,,
657,99,Completed,King Bruen,TICKET-000657,2023-02-01,Loose tiles,Level 2,Structural,2023-02-01 00:00:00,2023-02-01 00:00:00,,,,
658,98,Completed,Clark West,TICKET-000658,2023-02-04,Ceiling crack,Level 1,Structural,2023-02-04 00:00:00,2023-02-04 00:00:00,,,,
659,129,Completed,Clark West,TICKET-000659,2023-02-21,Wall damage,Level 4,Structural,2023-02-21 00:00:00,2023-02-21 00:00:00,,,,
660,135,Completed,King Bruen,TICKET-000660,2023-02-28,Wiring problem,Level 1,Electrical,2023-02-28 00:00:00,2023-02-28 00:00:00,,,,
661,296,Completed,Clark West,TICKET-000661,2023-02-23,Circuit breaker tripping,Level 1,Electrical,2023-02-23 00:00:00,2023-02-23 00:00:00,,,,
662,170,Completed,Clark West,TICKET-000662,2023-02-06,Washing machine malfunction,Level 1,Appliance,2023-02-06 00:00:00,2023-02-06 00:00:00,,,,
663,185,Completed,Mia Martinez,TICKET-000663,2023-02-19,AC unit electrical issues,Level 2,Electrical,2023-02-19 00:00:00,2023-02-19 00:00:00,,,,
664,198,Completed,Bernita Crona,TICKET-000664,2023-02-06,Electrical panel inspection,Level 2,Electrical,2023-02-06 00:00:00,2023-02-06 00:00:00,,,,
665,199,Completed,Clark West,TICKET-000665,2023-02-24,Cockroach sighting,Level 3,Pest Control,2023-02-24 00:00:00,2023-02-24 00:00:00,,,,
666,221,Completed,Bernita Crona,TICKET-000666,2023-02-09,Loose tiles,Level 1,Structural,2023-02-09 00:00:00,2023-02-09 00:00:00,,,,
667,222,Completed,Mia Martinez,TICKET-000667,2023-02-18,Oven issue,Level 2,Appliance,2023-02-18 00:00:00,2023-02-18 00:00:00,,,,
668,234,Completed,Clark West,TICKET-000668,2023-02-12,Termite inspection,Level 2,Pest Control,2023-02-12 00:00:00,2023-02-12 00:00:00,,,,
669,232,Completed,Clark West,TICKET-000669,2023-02-11,Ant infestation,Level 3,Pest Control,2023-02-11 00:00:00,2023-02-11 00:00:00,,,,
670,269,Completed,Bernita Crona,TICKET-000670,2023-02-19,Sink drainage issue,Level 2,Plumbing,2023-02-19 00:00:00,2023-02-19 00:00:00,,,,
671,267,Completed,Mia Martinez,TICKET-000671,2023-02-11,Bed bug inspection,Level 2,Pest Control,2023-02-11 00:00:00,2023-02-11 00:00:00,,,,
672,254,Completed,Mia Martinez,TICKET-000672,2023-02-09,Wall crack,Level 2,Structural,2023-02-09 00:00:00,2023-02-09 00:00:00,,,,
673,2,Completed,Marcus Manager,TICKET-000673,2023-03-25,Refrigerator not cooling,Level 1,Appliance,2023-03-25 00:00:00,2023-03-25 00:00:00,,,,
674,1,Completed,Clark West,TICKET-000674,2023-03-12,Exhaust fan noise,Level 2,Appliance,2023-03-12 00:00:00,2023-03-12 00:00:00,,,,
675,12,Completed,Mia Martinez,TICKET-000675,2023-03-23,Flooring issue,Level 1,Structural,2023-03-23 00:00:00,2023-03-23 00:00:00,,,,
676,13,Completed,Marcus Manager,TICKET-000676,2023-03-14,Electrical panel inspection,Level 3,Electrical,2023-03-14 00:00:00,2023-03-14 00:00:00,,,,
677,48,Completed,Mia Martinez,TICKET-000677,2023-03-24,Pipe leakage,Level 3,Plumbing,2023-03-24 00:00:00,2023-03-24 00:00:00,,,,
678,75,Completed,King Bruen,TICKET-000678,2023-03-29,Running toilet,Level 3,Plumbing,2023-03-29 00:00:00,2023-03-29 00:00:00,,,,
679,64,Completed,King Bruen,TICKET-000679,2023-03-16,Rodent activity,Level 4,Pest Control,2023-03-16 00:00:00,2023-03-16 00:00:00,,,,
680,149,Completed,Bernita Crona,TICKET-000680,2023-03-22,AC remote issue,Level 1,Appliance,2023-03-22 00:00:00,2023-03-22 00:00:00,,,,
681,88,Completed,Bernita Crona,TICKET-000681,2023-03-17,Flooring issue,Level 2,Structural,2023-03-17 00:00:00,2023-03-17 00:00:00,,,,
682,121,Completed,Clark West,TICKET-000682,2023-03-28,Wiring problem,Level 1,Electrical,2023-03-28 00:00:00,2023-03-28 00:00:00,,,,
683,132,Completed,Clark West,TICKET-000683,2023-03-11,Wall damage,Level 3,Structural,2023-03-11 00:00:00,2023-03-11 00:00:00,,,,
684,290,Completed,King Bruen,TICKET-000684,2023-03-06,Ceiling crack,Level 1,Structural,2023-03-06 00:00:00,2023-03-06 00:00:00,,,,
685,171,Pending,Clark West,TICKET-000685,2023-03-15,AC remote issue,Level 2,Appliance,2023-03-15 00:00:00,2023-03-15 00:00:00,,,,
686,170,Completed,Clark West,TICKET-000686,2023-03-25,Switch not working,Level 2,Electrical,2023-03-25 00:00:00,2023-03-25 00:00:00,,,,
687,183,Completed,King Bruen,TICKET-000687,2023-03-09,Ant infestation,Level 3,Pest Control,2023-03-09 00:00:00,2023-03-09 00:00:00,,,,
688,184,Completed,Marcus Manager,TICKET-000688,2023-03-13,Microwave not heating,Level 1,Appliance,2023-03-13 00:00:00,2023-03-13 00:00:00,,,,
689,197,Completed,Mia Martinez,TICKET-000689,2023-03-08,Door frame damage,Level 2,Structural,2023-03-08 00:00:00,2023-03-08 00:00:00,,,,
690,194,Completed,King Bruen,TICKET-000690,2023-03-24,Dripping shower head,Level 2,Plumbing,2023-03-24 00:00:00,2023-03-24 00:00:00,,,,
691,223,Completed,King Bruen,TICKET-000691,2023-03-28,Refrigerator not cooling,Level 2,Appliance,2023-03-28 00:00:00,2023-03-28 00:00:00,,,,
692,222,Completed,Mia Martinez,TICKET-000692,2023-03-19,Spider infestation,Level 3,Pest Control,2023-03-19 00:00:00,2023-03-19 00:00:00,,,,
693,230,Completed,Clark West,TICKET-000693,2023-03-24,Circuit breaker tripping,Level 2,Electrical,2023-03-24 00:00:00,2023-03-24 00:00:00,,,,
694,270,Completed,Marcus Manager,TICKET-000694,2023-03-03,Dryer not working,Level 3,Appliance,2023-03-03 00:00:00,2023-03-03 00:00:00,,,,
695,270,Completed,Bernita Crona,TICKET-000695,2023-03-19,Dishwasher leakage,Level 1,Appliance,2023-03-19 00:00:00,2023-03-19 00:00:00,,,,
696,246,Completed,Marcus Manager,TICKET-000696,2023-03-04,Rodent activity,Level 3,Pest Control,2023-03-04 00:00:00,2023-03-04 00:00:00,,,,
697,256,Completed,King Bruen,TICKET-000697,2023-03-17,Dishwasher leakage,Level 2,Appliance,2023-03-17 00:00:00,2023-03-17 00:00:00,,,,
698,258,Completed,Clark West,TICKET-000698,2023-03-07,Electrical panel inspection,Level 3,Electrical,2023-03-07 00:00:00,2023-03-07 00:00:00,,,,
699,259,Completed,Mia Martinez,TICKET-000699,2023-03-24,Ant infestation,Level 1,Pest Control,2023-03-24 00:00:00,2023-03-24 00:00:00,,,,
700,264,Completed,Marcus Manager,TICKET-000700,2023-04-21,AC remote issue,Level 3,Appliance,2023-04-21 00:00:00,2023-04-21 00:00:00,,,,
701,21,Completed,Bernita Crona,TICKET-000701,2023-04-16,Dripping shower head,Level 2,Plumbing,2023-04-16 00:00:00,2023-04-16 00:00:00,,,,
702,34,Completed,Mia Martinez,TICKET-000702,2023-04-05,Electrical panel inspection,Level 2,Electrical,2023-04-05 00:00:00,2023-04-05 00:00:00,,,,
703,39,Completed,King Bruen,TICKET-000703,2023-04-22,Leaking faucet,Level 4,Plumbing,2023-04-22 00:00:00,2023-04-22 00:00:00,,,,
704,51,Completed,Marcus Manager,TICKET-000704,2023-04-18,Sink drainage issue,Level 4,Plumbing,2023-04-18 00:00:00,2023-04-18 00:00:00,,,,
705,47,Completed,Clark West,TICKET-000705,2023-04-15,Clogged drain,Level 2,Plumbing,2023-04-15 00:00:00,2023-04-15 00:00:00,,,,
706,217,Completed,Marcus Manager,TICKET-000706,2023-04-02,Wall crack,Level 2,Structural,2023-04-02 00:00:00,2023-04-02 00:00:00,,,,
707,65,Completed,Clark West,TICKET-000707,2023-04-23,Wall crack,Level 2,Structural,2023-04-23 00:00:00,2023-04-23 00:00:00,,,,
708,147,Completed,Mia Martinez,TICKET-000708,2023-04-11,Switch not working,Level 1,Electrical,2023-04-11 00:00:00,2023-04-11 00:00:00,,,,
709,82,Completed,King Bruen,TICKET-000709,2023-04-10,Dripping shower head,Level 3,Plumbing,2023-04-10 00:00:00,2023-04-10 00:00:00,,,,
710,84,Completed,Clark West,TICKET-000710,2023-04-16,Mosquito problem,Level 2,Pest Control,2023-04-16 00:00:00,2023-04-16 00:00:00,,,,
711,91,Completed,Marcus Manager,TICKET-000711,2023-04-22,Light fixture malfunction,Level 2,Electrical,2023-04-22 00:00:00,2023-04-22 00:00:00,,,,
712,93,Completed,Clark West,TICKET-000712,2023-04-04,Loose tiles,Level 4,Structural,2023-04-04 00:00:00,2023-04-04 00:00:00,,,,
713,101,Completed,King Bruen,TICKET-000713,2023-04-06,Spider infestation,Level 2,Pest Control,2023-04-06 00:00:00,2023-04-06 00:00:00,,,,
714,101,Completed,Mia Martinez,TICKET-000714,2023-04-07,Dripping shower head,Level 1,Plumbing,2023-04-07 00:00:00,2023-04-07 00:00:00,,,,
715,124,Completed,Clark West,TICKET-000715,2023-04-05,Low water pressure,Level 3,Plumbing,2023-04-05 00:00:00,2023-04-05 00:00:00,,,,
716,157,Completed,King Bruen,TICKET-000716,2023-04-16,Ceiling crack,Level 2,Structural,2023-04-16 00:00:00,2023-04-16 00:00:00,,,,
717,151,Completed,Clark West,TICKET-000717,2023-04-02,Termite inspection,Level 3,Pest Control,2023-04-02 00:00:00,2023-04-02 00:00:00,,,,
718,301,Completed,King Bruen,TICKET-000718,2023-04-29,Spider infestation,Level 3,Pest Control,2023-04-29 00:00:00,2023-04-29 00:00:00,,,,
719,188,Completed,Marcus Manager,TICKET-000719,2023-04-23,Light fixture malfunction,Level 2,Electrical,2023-04-23 00:00:00,2023-04-23 00:00:00,,,,
720,190,Completed,Marcus Manager,TICKET-000720,2023-04-29,Wall crack,Level 2,Structural,2023-04-29 00:00:00,2023-04-29 00:00:00,,,,
721,221,Completed,Bernita Crona,TICKET-000721,2023-04-20,Power outlet not working,Level 4,Electrical,2023-04-20 00:00:00,2023-04-20 00:00:00,,,,
722,221,Completed,Marcus Manager,TICKET-000722,2023-04-24,Cockroach sighting,Level 3,Pest Control,2023-04-24 00:00:00,2023-04-24 00:00:00,,,,
723,277,Completed,Bernita Crona,TICKET-000723,2023-04-02,Dripping shower head,Level 1,Plumbing,2023-04-02 00:00:00,2023-04-02 00:00:00,,,,
724,250,Completed,Mia Martinez,TICKET-000724,2023-04-13,Flooring issue,Level 2,Structural,2023-04-13 00:00:00,2023-04-13 00:00:00,,,,
725,178,Completed,Clark West,TICKET-000725,2023-05-24,Cockroach sighting,Level 3,Pest Control,2023-05-24 00:00:00,2023-05-24 00:00:00,,,,
726,8,Completed,Bernita Crona,TICKET-000726,2023-05-07,Circuit breaker tripping,Level 1,Electrical,2023-05-07 00:00:00,2023-05-07 00:00:00,,,,
727,12,Completed,King Bruen,TICKET-000727,2023-05-12,Running toilet,Level 2,Plumbing,2023-05-12 00:00:00,2023-05-12 00:00:00,,,,
728,17,Completed,Marcus Manager,TICKET-000728,2023-05-12,Sink drainage issue,Level 2,Plumbing,2023-05-12 00:00:00,2023-05-12 00:00:00,,,,
729,18,Completed,Mia Martinez,TICKET-000729,2023-05-07,Dishwasher leakage,Level 3,Appliance,2023-05-07 00:00:00,2023-05-07 00:00:00,,,,
730,27,Completed,King Bruen,TICKET-000730,2023-05-11,General pest treatment,Level 4,Pest Control,2023-05-11 00:00:00,2023-05-11 00:00:00,,,,
731,35,Completed,Marcus Manager,TICKET-000731,2023-05-10,Power outlet not working,Level 1,Electrical,2023-05-10 00:00:00,2023-05-10 00:00:00,,,,
732,40,Completed,King Bruen,TICKET-000732,2023-05-18,Bed bug inspection,Level 4,Pest Control,2023-05-18 00:00:00,2023-05-18 00:00:00,,,,
733,113,Completed,Bernita Crona,TICKET-000733,2023-05-05,Running toilet,Level 1,Plumbing,2023-05-05 00:00:00,2023-05-05 00:00:00,,,,
734,147,Completed,Bernita Crona,TICKET-000734,2023-05-09,Leaking faucet,Level 2,Plumbing,2023-05-09 00:00:00,2023-05-09 00:00:00,,,,
735,88,Completed,Clark West,TICKET-000735,2023-05-09,Ant infestation,Level 3,Pest Control,2023-05-09 00:00:00,2023-05-09 00:00:00,,,,
736,180,Completed,Bernita Crona,TICKET-000736,2023-05-23,General pest treatment,Level 2,Pest Control,2023-05-23 00:00:00,2023-05-23 00:00:00,,,,
737,92,Completed,King Bruen,TICKET-000737,2023-05-15,Running toilet,Level 2,Plumbing,2023-05-15 00:00:00,2023-05-15 00:00:00,,,,
738,96,Completed,Bernita Crona,TICKET-000738,2023-05-18,Leaking faucet,Level 4,Plumbing,2023-05-18 00:00:00,2023-05-18 00:00:00,,,,
739,101,Completed,Mia Martinez,TICKET-000739,2023-05-01,Spider infestation,Level 2,Pest Control,2023-05-01 00:00:00,2023-05-01 00:00:00,,,,
740,100,Completed,Clark West,TICKET-000740,2023-05-08,Oven issue,Level 1,Appliance,2023-05-08 00:00:00,2023-05-08 00:00:00,,,,
741,123,Completed,Marcus Manager,TICKET-000741,2023-05-04,Rodent activity,Level 4,Pest Control,2023-05-04 00:00:00,2023-05-04 00:00:00,,,,
742,130,Completed,Marcus Manager,TICKET-000742,2023-05-22,General pest treatment,Level 3,Pest Control,2023-05-22 00:00:00,2023-05-22 00:00:00,,,,
743,130,Completed,Bernita Crona,TICKET-000743,2023-05-17,Oven issue,Level 3,Appliance,2023-05-17 00:00:00,2023-05-17 00:00:00,,,,
744,164,Completed,Bernita Crona,TICKET-000744,2023-05-26,Door frame damage,Level 2,Structural,2023-05-26 00:00:00,2023-05-26 00:00:00,,,,
745,140,Completed,Mia Martinez,TICKET-000745,2023-05-04,Refrigerator not cooling,Level 3,Appliance,2023-05-04 00:00:00,2023-05-04 00:00:00,,,,
746,157,Completed,Marcus Manager,TICKET-000746,2023-05-16,Dripping shower head,Level 1,Plumbing,2023-05-16 00:00:00,2023-05-16 00:00:00,,,,
747,155,Completed,Marcus Manager,TICKET-000747,2023-05-24,Power outlet not working,Level 1,Electrical,2023-05-24 00:00:00,2023-05-24 00:00:00,,,,
748,185,Completed,Mia Martinez,TICKET-000748,2023-05-03,Circuit breaker tripping,Level 2,Electrical,2023-05-03 00:00:00,2023-05-03 00:00:00,,,,
749,185,Completed,King Bruen,TICKET-000749,2023-05-31,AC remote issue,Level 2,Appliance,2023-05-31 00:00:00,2023-05-31 00:00:00,,,,
750,195,Completed,Bernita Crona,TICKET-000750,2023-05-18,AC unit electrical issues,Level 1,Electrical,2023-05-18 00:00:00,2023-05-18 00:00:00,,,,
751,227,Completed,Bernita Crona,TICKET-000751,2023-05-27,Wall crack,Level 3,Structural,2023-05-27 00:00:00,2023-05-27 00:00:00,,,,
752,233,Completed,Bernita Crona,TICKET-000752,2023-05-16,Wall crack,Level 1,Structural,2023-05-16 00:00:00,2023-05-16 00:00:00,,,,
753,279,Completed,Mia Martinez,TICKET-000753,2023-05-18,Circuit breaker tripping,Level 2,Electrical,2023-05-18 00:00:00,2023-05-18 00:00:00,,,,
754,241,Ongoing,King Bruen,TICKET-000754,2023-05-04,Washing machine malfunction,Level 1,Appliance,2023-05-04 00:00:00,2023-05-04 00:00:00,,,,
755,246,Completed,Marcus Manager,TICKET-000755,2023-05-02,Rodent activity,Level 2,Pest Control,2023-05-02 00:00:00,2023-05-02 00:00:00,,,,
756,248,Completed,Mia Martinez,TICKET-000756,2023-05-17,Flooring issue,Level 1,Structural,2023-05-17 00:00:00,2023-05-17 00:00:00,,,,
757,258,Completed,Marcus Manager,TICKET-000757,2023-05-20,Ant infestation,Level 3,Pest Control,2023-05-20 00:00:00,2023-05-20 00:00:00,,,,
758,257,Completed,Mia Martinez,TICKET-000758,2023-05-25,Ant infestation,Level 3,Pest Control,2023-05-25 00:00:00,2023-05-25 00:00:00,,,,
759,1,Completed,Mia Martinez,TICKET-000759,2023-06-10,Termite inspection,Level 3,Pest Control,2023-06-10 00:00:00,2023-06-10 00:00:00,,,,
760,15,Completed,King Bruen,TICKET-000760,2023-06-07,Termite inspection,Level 3,Pest Control,2023-06-07 00:00:00,2023-06-07 00:00:00,,,,
761,10,Completed,King Bruen,TICKET-000761,2023-06-18,Low water pressure,Level 2,Plumbing,2023-06-18 00:00:00,2023-06-18 00:00:00,,,,
762,21,Completed,King Bruen,TICKET-000762,2023-06-19,Circuit breaker tripping,Level 1,Electrical,2023-06-19 00:00:00,2023-06-19 00:00:00,,,,
763,22,Completed,King Bruen,TICKET-000763,2023-06-30,Door not closing,Level 1,Structural,2023-06-30 00:00:00,2023-06-30 00:00:00,,,,
764,42,Completed,Marcus Manager,TICKET-000764,2023-06-05,Bed bug inspection,Level 2,Pest Control,2023-06-05 00:00:00,2023-06-05 00:00:00,,,,
765,41,Completed,Clark West,TICKET-000765,2023-06-07,Oven issue,Level 3,Appliance,2023-06-07 00:00:00,2023-06-07 00:00:00,,,,
766,66,Completed,Mia Martinez,TICKET-000766,2023-06-27,Door frame damage,Level 2,Structural,2023-06-27 00:00:00,2023-06-27 00:00:00,,,,
767,146,Completed,King Bruen,TICKET-000767,2023-06-16,Dryer not working,Level 3,Appliance,2023-06-16 00:00:00,2023-06-16 00:00:00,,,,
768,141,Completed,Bernita Crona,TICKET-000768,2023-06-09,Power outlet not working,Level 1,Electrical,2023-06-09 00:00:00,2023-06-09 00:00:00,,,,
769,84,Completed,King Bruen,TICKET-000769,2023-06-13,Exhaust fan noise,Level 2,Appliance,2023-06-13 00:00:00,2023-06-13 00:00:00,,,,
770,85,Completed,King Bruen,TICKET-000770,2023-06-28,Dishwasher leakage,Level 2,Appliance,2023-06-28 00:00:00,2023-06-28 00:00:00,,,,
771,92,Completed,Bernita Crona,TICKET-000771,2023-06-16,Microwave not heating,Level 2,Appliance,2023-06-16 00:00:00,2023-06-16 00:00:00,,,,
772,128,Completed,Mia Martinez,TICKET-000772,2023-06-15,Running toilet,Level 1,Plumbing,2023-06-15 00:00:00,2023-06-15 00:00:00,,,,
773,133,Completed,Clark West,TICKET-000773,2023-06-26,Power outlet not working,Level 1,Electrical,2023-06-26 00:00:00,2023-06-26 00:00:00,,,,
774,136,Completed,King Bruen,TICKET-000774,2023-06-04,Door frame damage,Level 1,Structural,2023-06-04 00:00:00,2023-06-04 00:00:00,,,,
775,290,Completed,King Bruen,TICKET-000775,2023-06-16,Termite inspection,Level 1,Pest Control,2023-06-16 00:00:00,2023-06-16 00:00:00,,,,
776,155,Completed,Bernita Crona,TICKET-000776,2023-06-02,Dishwasher leakage,Level 3,Appliance,2023-06-02 00:00:00,2023-06-02 00:00:00,,,,
777,302,Completed,Clark West,TICKET-000777,2023-06-04,Oven issue,Level 2,Appliance,2023-06-04 00:00:00,2023-06-04 00:00:00,,,,
778,194,Completed,Bernita Crona,TICKET-000778,2023-06-30,Bed bug inspection,Level 4,Pest Control,2023-06-30 00:00:00,2023-06-30 00:00:00,,,,
779,222,Completed,Bernita Crona,TICKET-000779,2023-06-19,Dripping shower head,Level 1,Plumbing,2023-06-19 00:00:00,2023-06-19 00:00:00,,,,
780,223,Completed,Clark West,TICKET-000780,2023-06-23,Switch not working,Level 2,Electrical,2023-06-23 00:00:00,2023-06-23 00:00:00,,,,
781,235,Completed,Mia Martinez,TICKET-000781,2023-06-02,General pest treatment,Level 2,Pest Control,2023-06-02 00:00:00,2023-06-02 00:00:00,,,,
782,276,Completed,Clark West,TICKET-000782,2023-06-21,AC unit electrical issues,Level 1,Electrical,2023-06-21 00:00:00,2023-06-21 00:00:00,,,,
783,257,Completed,Clark West,TICKET-000783,2023-06-23,Exhaust fan noise,Level 2,Appliance,2023-06-23 00:00:00,2023-06-23 00:00:00,,,,
784,261,Completed,Mia Martinez,TICKET-000784,2023-06-20,Spider infestation,Level 2,Pest Control,2023-06-20 00:00:00,2023-06-20 00:00:00,,,,
785,2,Completed,Marcus Manager,TICKET-000785,2023-07-14,Ant infestation,Level 2,Pest Control,2023-07-14 00:00:00,2023-07-14 00:00:00,,,,
786,17,Completed,Marcus Manager,TICKET-000786,2023-07-10,Wiring problem,Level 3,Electrical,2023-07-10 00:00:00,2023-07-10 00:00:00,,,,
787,20,Completed,King Bruen,TICKET-000787,2023-07-31,Cockroach sighting,Level 3,Pest Control,2023-07-31 00:00:00,2023-07-31 00:00:00,,,,
788,38,Completed,King Bruen,TICKET-000788,2023-07-07,Dripping shower head,Level 1,Plumbing,2023-07-07 00:00:00,2023-07-07 00:00:00,,,,
789,37,Completed,Clark West,TICKET-000789,2023-07-28,Spider infestation,Level 2,Pest Control,2023-07-28 00:00:00,2023-07-28 00:00:00,,,,
790,42,Completed,Clark West,TICKET-000790,2023-07-09,AC unit electrical issues,Level 1,Electrical,2023-07-09 00:00:00,2023-07-09 00:00:00,,,,
791,46,Completed,Mia Martinez,TICKET-000791,2023-07-22,AC unit electrical issues,Level 3,Electrical,2023-07-22 00:00:00,2023-07-22 00:00:00,,,,
792,44,Completed,Bernita Crona,TICKET-000792,2023-07-03,Window frame repair,Level 2,Structural,2023-07-03 00:00:00,2023-07-03 00:00:00,,,,
793,105,Completed,Clark West,TICKET-000793,2023-07-01,AC remote issue,Level 1,Appliance,2023-07-01 00:00:00,2023-07-01 00:00:00,,,,
794,104,Completed,Bernita Crona,TICKET-000794,2023-07-06,Ant infestation,Level 3,Pest Control,2023-07-06 00:00:00,2023-07-06 00:00:00,,,,
795,76,Completed,Marcus Manager,TICKET-000795,2023-07-08,General pest treatment,Level 3,Pest Control,2023-07-08 00:00:00,2023-07-08 00:00:00,,,,
796,112,Completed,King Bruen,TICKET-000796,2023-07-27,Door not closing,Level 1,Structural,2023-07-27 00:00:00,2023-07-27 00:00:00,,,,
797,147,Completed,Marcus Manager,TICKET-000797,2023-07-29,Flooring issue,Level 3,Structural,2023-07-29 00:00:00,2023-07-29 00:00:00,,,,
798,204,Completed,Marcus Manager,TICKET-000798,2023-07-14,Water heater broken,Level 2,Plumbing,2023-07-14 00:00:00,2023-07-14 00:00:00,,,,
799,83,Completed,Clark West,TICKET-000799,2023-07-14,Door not closing,Level 3,Structural,2023-07-14 00:00:00,2023-07-14 00:00:00,,,,
800,88,Completed,King Bruen,TICKET-000800,2023-07-26,Leaking faucet,Level 3,Plumbing,2023-07-26 00:00:00,2023-07-26 00:00:00,,,,
801,89,Completed,Mia Martinez,TICKET-000801,2023-07-25,Spider infestation,Level 3,Pest Control,2023-07-25 00:00:00,2023-07-25 00:00:00,,,,
802,93,Completed,Bernita Crona,TICKET-000802,2023-07-01,Window frame repair,Level 2,Structural,2023-07-01 00:00:00,2023-07-01 00:00:00,,,,
803,94,Completed,Mia Martinez,TICKET-000803,2023-07-07,Dryer not working,Level 3,Appliance,2023-07-07 00:00:00,2023-07-07 00:00:00,,,,
804,100,Completed,King Bruen,TICKET-000804,2023-07-11,Rodent activity,Level 3,Pest Control,2023-07-11 00:00:00,2023-07-11 00:00:00,,,,
805,123,Completed,Clark West,TICKET-000805,2023-07-10,General pest treatment,Level 1,Pest Control,2023-07-10 00:00:00,2023-07-10 00:00:00,,,,
806,129,Completed,Clark West,TICKET-000806,2023-07-05,Loose tiles,Level 1,Structural,2023-07-05 00:00:00,2023-07-05 00:00:00,,,,
807,130,Completed,Mia Martinez,TICKET-000807,2023-07-09,Refrigerator not cooling,Level 2,Appliance,2023-07-09 00:00:00,2023-07-09 00:00:00,,,,
808,160,Completed,Mia Martinez,TICKET-000808,2023-07-17,Washing machine malfunction,Level 2,Appliance,2023-07-17 00:00:00,2023-07-17 00:00:00,,,,
809,158,Completed,Marcus Manager,TICKET-000809,2023-07-25,Mosquito problem,Level 2,Pest Control,2023-07-25 00:00:00,2023-07-25 00:00:00,,,,
810,154,Completed,Bernita Crona,TICKET-000810,2023-07-03,Pipe leakage,Level 1,Plumbing,2023-07-03 00:00:00,2023-07-03 00:00:00,,,,
811,293,Completed,Bernita Crona,TICKET-000811,2023-07-23,Sink drainage issue,Level 2,Plumbing,2023-07-23 00:00:00,2023-07-23 00:00:00,,,,
812,297,Completed,King Bruen,TICKET-000812,2023-07-29,Oven issue,Level 2,Appliance,2023-07-29 00:00:00,2023-07-29 00:00:00,,,,
813,195,Completed,Clark West,TICKET-000813,2023-07-14,Flooring issue,Level 3,Structural,2023-07-14 00:00:00,2023-07-14 00:00:00,,,,
814,197,Completed,Mia Martinez,TICKET-000814,2023-07-08,Ant infestation,Level 3,Pest Control,2023-07-08 00:00:00,2023-07-08 00:00:00,,,,
815,225,Completed,Bernita Crona,TICKET-000815,2023-07-23,Dishwasher leakage,Level 2,Appliance,2023-07-23 00:00:00,2023-07-23 00:00:00,,,,
816,228,Completed,Clark West,TICKET-000816,2023-07-19,Switch not working,Level 1,Electrical,2023-07-19 00:00:00,2023-07-19 00:00:00,,,,
817,279,Completed,Clark West,TICKET-000817,2023-07-16,Dripping shower head,Level 2,Plumbing,2023-07-16 00:00:00,2023-07-16 00:00:00,,,,
818,274,Completed,Bernita Crona,TICKET-000818,2023-07-29,Loose tiles,Level 3,Structural,2023-07-29 00:00:00,2023-07-29 00:00:00,,,,
819,258,Completed,Marcus Manager,TICKET-000819,2023-07-26,Oven issue,Level 4,Appliance,2023-07-26 00:00:00,2023-07-26 00:00:00,,,,
820,5,Completed,Mia Martinez,TICKET-000820,2023-08-19,Exhaust fan noise,Level 3,Appliance,2023-08-19 00:00:00,2023-08-19 00:00:00,,,,
821,21,Completed,Clark West,TICKET-000821,2023-08-27,Switch not working,Level 4,Electrical,2023-08-27 00:00:00,2023-08-27 00:00:00,,,,
822,31,Completed,Marcus Manager,TICKET-000822,2023-08-22,Ceiling crack,Level 2,Structural,2023-08-22 00:00:00,2023-08-22 00:00:00,,,,
823,24,Completed,Mia Martinez,TICKET-000823,2023-08-08,Oven issue,Level 2,Appliance,2023-08-08 00:00:00,2023-08-08 00:00:00,,,,
824,51,Completed,Bernita Crona,TICKET-000824,2023-08-22,General pest treatment,Level 4,Pest Control,2023-08-22 00:00:00,2023-08-22 00:00:00,,,,
825,47,Completed,King Bruen,TICKET-000825,2023-08-28,Window frame repair,Level 1,Structural,2023-08-28 00:00:00,2023-08-28 00:00:00,,,,
826,219,Completed,Marcus Manager,TICKET-000826,2023-08-03,Circuit breaker tripping,Level 2,Electrical,2023-08-03 00:00:00,2023-08-03 00:00:00,,,,
827,144,Completed,Marcus Manager,TICKET-000827,2023-08-01,Dryer not working,Level 4,Appliance,2023-08-01 00:00:00,2023-08-01 00:00:00,,,,
828,205,Completed,Clark West,TICKET-000828,2023-08-30,Loose tiles,Level 2,Structural,2023-08-30 00:00:00,2023-08-30 00:00:00,,,,
829,84,Completed,Mia Martinez,TICKET-000829,2023-08-14,Leaking faucet,Level 3,Plumbing,2023-08-14 00:00:00,2023-08-14 00:00:00,,,,
830,84,Completed,Clark West,TICKET-000830,2023-08-04,Sink drainage issue,Level 3,Plumbing,2023-08-04 00:00:00,2023-08-04 00:00:00,,,,
831,88,Completed,Mia Martinez,TICKET-000831,2023-08-05,Ant infestation,Level 3,Pest Control,2023-08-05 00:00:00,2023-08-05 00:00:00,,,,
832,93,Completed,Marcus Manager,TICKET-000832,2023-08-18,Bed bug inspection,Level 3,Pest Control,2023-08-18 00:00:00,2023-08-18 00:00:00,,,,
833,98,Completed,Clark West,TICKET-000833,2023-08-31,Clogged drain,Level 1,Plumbing,2023-08-31 00:00:00,2023-08-31 00:00:00,,,,
834,117,Completed,Bernita Crona,TICKET-000834,2023-08-11,Dripping shower head,Level 2,Plumbing,2023-08-11 00:00:00,2023-08-11 00:00:00,,,,
835,125,Completed,Bernita Crona,TICKET-000835,2023-08-07,Microwave not heating,Level 4,Appliance,2023-08-07 00:00:00,2023-08-07 00:00:00,,,,
836,135,Pending,Bernita Crona,TICKET-000836,2023-08-11,Running toilet,Level 3,Plumbing,2023-08-11 00:00:00,2023-08-11 00:00:00,,,,
837,137,Completed,Bernita Crona,TICKET-000837,2023-08-06,Washing machine malfunction,Level 2,Appliance,2023-08-06 00:00:00,2023-08-06 00:00:00,,,,
838,137,Completed,Marcus Manager,TICKET-000838,2023-08-02,Wall crack,Level 1,Structural,2023-08-02 00:00:00,2023-08-02 00:00:00,,,,
839,158,Completed,Mia Martinez,TICKET-000839,2023-08-19,Bed bug inspection,Level 3,Pest Control,2023-08-19 00:00:00,2023-08-19 00:00:00,,,,
840,158,Completed,Mia Martinez,TICKET-000840,2023-08-17,Refrigerator not cooling,Level 2,Appliance,2023-08-17 00:00:00,2023-08-17 00:00:00,,,,
841,195,Completed,Mia Martinez,TICKET-000841,2023-08-23,Spider infestation,Level 2,Pest Control,2023-08-23 00:00:00,2023-08-23 00:00:00,,,,
842,274,Completed,Marcus Manager,TICKET-000842,2023-08-23,Wall damage,Level 4,Structural,2023-08-23 00:00:00,2023-08-23 00:00:00,,,,
843,268,Completed,Bernita Crona,TICKET-000843,2023-08-04,AC unit electrical issues,Level 4,Electrical,2023-08-04 00:00:00,2023-08-04 00:00:00,,,,
844,246,Completed,Mia Martinez,TICKET-000844,2023-08-01,AC remote issue,Level 2,Appliance,2023-08-01 00:00:00,2023-08-01 00:00:00,,,,
845,255,Completed,Bernita Crona,TICKET-000845,2023-08-07,General pest treatment,Level 2,Pest Control,2023-08-07 00:00:00,2023-08-07 00:00:00,,,,
846,1,Completed,Bernita Crona,TICKET-000846,2023-09-22,Electrical panel inspection,Level 3,Electrical,2023-09-22 00:00:00,2023-09-22 00:00:00,,,,
847,14,Completed,Marcus Manager,TICKET-000847,2023-09-10,Light fixture malfunction,Level 1,Electrical,2023-09-10 00:00:00,2023-09-10 00:00:00,,,,
848,10,Completed,Mia Martinez,TICKET-000848,2023-09-03,Pipe leakage,Level 2,Plumbing,2023-09-03 00:00:00,2023-09-03 00:00:00,,,,
849,23,Completed,Bernita Crona,TICKET-000849,2023-09-16,Flooring issue,Level 2,Structural,2023-09-16 00:00:00,2023-09-16 00:00:00,,,,
850,39,Completed,King Bruen,TICKET-000850,2023-09-12,General pest treatment,Level 2,Pest Control,2023-09-12 00:00:00,2023-09-12 00:00:00,,,,
851,49,Completed,King Bruen,TICKET-000851,2023-09-22,Low water pressure,Level 1,Plumbing,2023-09-22 00:00:00,2023-09-22 00:00:00,,,,
852,49,Completed,Clark West,TICKET-000852,2023-09-26,General pest treatment,Level 3,Pest Control,2023-09-26 00:00:00,2023-09-26 00:00:00,,,,
853,53,Completed,Mia Martinez,TICKET-000853,2023-09-15,Microwave not heating,Level 3,Appliance,2023-09-15 00:00:00,2023-09-15 00:00:00,,,,
854,70,Completed,Bernita Crona,TICKET-000854,2023-09-30,Oven issue,Level 1,Appliance,2023-09-30 00:00:00,2023-09-30 00:00:00,,,,
855,67,Completed,King Bruen,TICKET-000855,2023-09-01,AC unit electrical issues,Level 3,Electrical,2023-09-01 00:00:00,2023-09-01 00:00:00,,,,
856,202,Completed,Bernita Crona,TICKET-000856,2023-09-27,Bed bug inspection,Level 2,Pest Control,2023-09-27 00:00:00,2023-09-27 00:00:00,,,,
857,82,Completed,Bernita Crona,TICKET-000857,2023-09-30,Switch not working,Level 1,Electrical,2023-09-30 00:00:00,2023-09-30 00:00:00,,,,
858,86,Completed,King Bruen,TICKET-000858,2023-09-16,Dripping shower head,Level 4,Plumbing,2023-09-16 00:00:00,2023-09-16 00:00:00,,,,
859,182,Completed,King Bruen,TICKET-000859,2023-09-11,Flooring issue,Level 4,Structural,2023-09-11 00:00:00,2023-09-11 00:00:00,,,,
860,95,Completed,Marcus Manager,TICKET-000860,2023-09-03,Dryer not working,Level 4,Appliance,2023-09-03 00:00:00,2023-09-03 00:00:00,,,,
861,116,Completed,Clark West,TICKET-000861,2023-09-05,Microwave not heating,Level 4,Appliance,2023-09-05 00:00:00,2023-09-05 00:00:00,,,,
862,126,Completed,King Bruen,TICKET-000862,2023-09-24,Door frame damage,Level 2,Structural,2023-09-24 00:00:00,2023-09-24 00:00:00,,,,
863,134,Completed,King Bruen,TICKET-000863,2023-09-17,Pipe leakage,Level 2,Plumbing,2023-09-17 00:00:00,2023-09-17 00:00:00,,,,
864,130,Completed,Marcus Manager,TICKET-000864,2023-09-02,AC unit electrical issues,Level 2,Electrical,2023-09-02 00:00:00,2023-09-02 00:00:00,,,,
865,286,Completed,Bernita Crona,TICKET-000865,2023-09-04,Power outlet not working,Level 3,Electrical,2023-09-04 00:00:00,2023-09-04 00:00:00,,,,
866,153,Completed,Marcus Manager,TICKET-000866,2023-09-19,Clogged drain,Level 2,Plumbing,2023-09-19 00:00:00,2023-09-19 00:00:00,,,,
867,171,Completed,Bernita Crona,TICKET-000867,2023-09-24,Running toilet,Level 2,Plumbing,2023-09-24 00:00:00,2023-09-24 00:00:00,,,,
868,297,Completed,Marcus Manager,TICKET-000868,2023-09-28,Termite inspection,Level 2,Pest Control,2023-09-28 00:00:00,2023-09-28 00:00:00,,,,
869,196,Completed,King Bruen,TICKET-000869,2023-09-27,Circuit breaker tripping,Level 3,Electrical,2023-09-27 00:00:00,2023-09-27 00:00:00,,,,
870,228,Completed,Clark West,TICKET-000870,2023-09-27,Flickering lights,Level 1,Electrical,2023-09-27 00:00:00,2023-09-27 00:00:00,,,,
871,235,Completed,Clark West,TICKET-000871,2023-09-23,Running toilet,Level 4,Plumbing,2023-09-23 00:00:00,2023-09-23 00:00:00,,,,
872,267,Completed,Bernita Crona,TICKET-000872,2023-09-08,Ceiling crack,Level 4,Structural,2023-09-08 00:00:00,2023-09-08 00:00:00,,,,
873,269,Completed,Bernita Crona,TICKET-000873,2023-09-28,Power outlet not working,Level 3,Electrical,2023-09-28 00:00:00,2023-09-28 00:00:00,,,,
874,243,Completed,Bernita Crona,TICKET-000874,2023-09-18,Dripping shower head,Level 1,Plumbing,2023-09-18 00:00:00,2023-09-18 00:00:00,,,,
875,257,Completed,King Bruen,TICKET-000875,2023-09-27,Wiring problem,Level 1,Electrical,2023-09-27 00:00:00,2023-09-27 00:00:00,,,,
876,175,Completed,Bernita Crona,TICKET-000876,2023-10-18,Water heater broken,Level 1,Plumbing,2023-10-18 00:00:00,2023-10-18 00:00:00,,,,
877,7,Completed,Marcus Manager,TICKET-000877,2023-10-17,Door not closing,Level 2,Structural,2023-10-17 00:00:00,2023-10-17 00:00:00,,,,
878,16,Completed,Marcus Manager,TICKET-000878,2023-10-06,Bed bug inspection,Level 4,Pest Control,2023-10-06 00:00:00,2023-10-06 00:00:00,,,,
879,19,Completed,King Bruen,TICKET-000879,2023-10-22,Washing machine malfunction,Level 4,Appliance,2023-10-22 00:00:00,2023-10-22 00:00:00,,,,
880,21,Completed,Bernita Crona,TICKET-000880,2023-10-05,Wiring problem,Level 2,Electrical,2023-10-05 00:00:00,2023-10-05 00:00:00,,,,
881,36,Completed,Bernita Crona,TICKET-000881,2023-10-28,Door frame damage,Level 2,Structural,2023-10-28 00:00:00,2023-10-28 00:00:00,,,,
882,32,Completed,Marcus Manager,TICKET-000882,2023-10-10,Flooring issue,Level 2,Structural,2023-10-10 00:00:00,2023-10-10 00:00:00,,,,
883,39,Completed,Bernita Crona,TICKET-000883,2023-10-25,Power outlet not working,Level 1,Electrical,2023-10-25 00:00:00,2023-10-25 00:00:00,,,,
884,52,Completed,Clark West,TICKET-000884,2023-10-12,Refrigerator not cooling,Level 2,Appliance,2023-10-12 00:00:00,2023-10-12 00:00:00,,,,
885,149,Completed,Clark West,TICKET-000885,2023-10-03,Wall damage,Level 3,Structural,2023-10-03 00:00:00,2023-10-03 00:00:00,,,,
886,85,Completed,Bernita Crona,TICKET-000886,2023-10-13,General pest treatment,Level 3,Pest Control,2023-10-13 00:00:00,2023-10-13 00:00:00,,,,
887,83,Completed,King Bruen,TICKET-000887,2023-10-26,Water heater broken,Level 3,Plumbing,2023-10-26 00:00:00,2023-10-26 00:00:00,,,,
888,94,Completed,Mia Martinez,TICKET-000888,2023-10-05,Clogged drain,Level 3,Plumbing,2023-10-05 00:00:00,2023-10-05 00:00:00,,,,
889,102,Completed,Marcus Manager,TICKET-000889,2023-10-04,Dishwasher leakage,Level 4,Appliance,2023-10-04 00:00:00,2023-10-04 00:00:00,,,,
890,122,Completed,King Bruen,TICKET-000890,2023-10-02,Switch not working,Level 3,Electrical,2023-10-02 00:00:00,2023-10-02 00:00:00,,,,
891,164,Completed,Marcus Manager,TICKET-000891,2023-10-18,Circuit breaker tripping,Level 1,Electrical,2023-10-18 00:00:00,2023-10-18 00:00:00,,,,
892,136,Completed,Clark West,TICKET-000892,2023-10-02,Mosquito problem,Level 3,Pest Control,2023-10-02 00:00:00,2023-10-02 00:00:00,,,,
893,295,Completed,Bernita Crona,TICKET-000893,2023-10-05,AC remote issue,Level 4,Appliance,2023-10-05 00:00:00,2023-10-05 00:00:00,,,,
894,169,Completed,King Bruen,TICKET-000894,2023-10-30,Pipe leakage,Level 2,Plumbing,2023-10-30 00:00:00,2023-10-30 00:00:00,,,,
895,185,Completed,Marcus Manager,TICKET-000895,2023-10-19,Door not closing,Level 1,Structural,2023-10-19 00:00:00,2023-10-19 00:00:00,,,,
896,183,Completed,King Bruen,TICKET-000896,2023-10-17,Door frame damage,Level 3,Structural,2023-10-17 00:00:00,2023-10-17 00:00:00,,,,
897,196,Completed,Clark West,TICKET-000897,2023-10-31,Dryer not working,Level 3,Appliance,2023-10-31 00:00:00,2023-10-31 00:00:00,,,,
898,222,Completed,Bernita Crona,TICKET-000898,2023-10-12,Wall crack,Level 2,Structural,2023-10-12 00:00:00,2023-10-12 00:00:00,,,,
899,234,Completed,King Bruen,TICKET-000899,2023-10-14,Rodent activity,Level 3,Pest Control,2023-10-14 00:00:00,2023-10-14 00:00:00,,,,
900,240,Completed,Bernita Crona,TICKET-000900,2023-10-16,Oven issue,Level 3,Appliance,2023-10-16 00:00:00,2023-10-16 00:00:00,,,,
901,245,Completed,Bernita Crona,TICKET-000901,2023-10-24,Cockroach sighting,Level 4,Pest Control,2023-10-24 00:00:00,2023-10-24 00:00:00,,,,
902,256,Completed,Bernita Crona,TICKET-000902,2023-10-17,Cockroach sighting,Level 3,Pest Control,2023-10-17 00:00:00,2023-10-17 00:00:00,,,,
903,258,Completed,Marcus Manager,TICKET-000903,2023-10-29,Wall damage,Level 4,Structural,2023-10-29 00:00:00,2023-10-29 00:00:00,,,,
904,261,Completed,Bernita Crona,TICKET-000904,2023-10-07,Oven issue,Level 2,Appliance,2023-10-07 00:00:00,2023-10-07 00:00:00,,,,
905,2,Completed,Mia Martinez,TICKET-000905,2023-11-23,Running toilet,Level 2,Plumbing,2023-11-23 00:00:00,2023-11-23 00:00:00,,,,
906,1,Completed,Marcus Manager,TICKET-000906,2023-11-13,Flooring issue,Level 1,Structural,2023-11-13 00:00:00,2023-11-13 00:00:00,,,,
907,176,Completed,Clark West,TICKET-000907,2023-11-16,AC unit electrical issues,Level 1,Electrical,2023-11-16 00:00:00,2023-11-16 00:00:00,,,,
908,19,Completed,Marcus Manager,TICKET-000908,2023-11-02,Low water pressure,Level 2,Plumbing,2023-11-02 00:00:00,2023-11-02 00:00:00,,,,
909,39,Completed,King Bruen,TICKET-000909,2023-11-03,Wall damage,Level 3,Structural,2023-11-03 00:00:00,2023-11-03 00:00:00,,,,
910,202,Completed,Bernita Crona,TICKET-000910,2023-11-14,Switch not working,Level 1,Electrical,2023-11-14 00:00:00,2023-11-14 00:00:00,,,,
911,85,Completed,Mia Martinez,TICKET-000911,2023-11-16,Door not closing,Level 1,Structural,2023-11-16 00:00:00,2023-11-16 00:00:00,,,,
912,87,Completed,Mia Martinez,TICKET-000912,2023-11-25,Washing machine malfunction,Level 2,Appliance,2023-11-25 00:00:00,2023-11-25 00:00:00,,,,
913,181,Completed,King Bruen,TICKET-000913,2023-11-21,Running toilet,Level 1,Plumbing,2023-11-21 00:00:00,2023-11-21 00:00:00,,,,
914,94,Completed,Marcus Manager,TICKET-000914,2023-11-15,Water heater broken,Level 4,Plumbing,2023-11-15 00:00:00,2023-11-15 00:00:00,,,,
915,118,Completed,Marcus Manager,TICKET-000915,2023-11-03,Electrical panel inspection,Level 1,Electrical,2023-11-03 00:00:00,2023-11-03 00:00:00,,,,
916,119,Completed,Mia Martinez,TICKET-000916,2023-11-14,Electrical panel inspection,Level 3,Electrical,2023-11-14 00:00:00,2023-11-14 00:00:00,,,,
917,132,Completed,Marcus Manager,TICKET-000917,2023-11-19,Electrical panel inspection,Level 4,Electrical,2023-11-19 00:00:00,2023-11-19 00:00:00,,,,
918,161,Completed,Mia Martinez,TICKET-000918,2023-11-23,Flooring issue,Level 2,Structural,2023-11-23 00:00:00,2023-11-23 00:00:00,,,,
919,292,Completed,Mia Martinez,TICKET-000919,2023-11-14,Dripping shower head,Level 1,Plumbing,2023-11-14 00:00:00,2023-11-14 00:00:00,,,,
920,171,Completed,Clark West,TICKET-000920,2023-11-02,Wiring problem,Level 3,Electrical,2023-11-02 00:00:00,2023-11-02 00:00:00,,,,
921,189,Completed,Bernita Crona,TICKET-000921,2023-11-17,Window frame repair,Level 1,Structural,2023-11-17 00:00:00,2023-11-17 00:00:00,,,,
922,184,Completed,Marcus Manager,TICKET-000922,2023-11-26,General pest treatment,Level 4,Pest Control,2023-11-26 00:00:00,2023-11-26 00:00:00,,,,
923,193,Completed,Clark West,TICKET-000923,2023-11-07,Door frame damage,Level 1,Structural,2023-11-07 00:00:00,2023-11-07 00:00:00,,,,
924,196,Completed,Clark West,TICKET-000924,2023-11-18,Microwave not heating,Level 3,Appliance,2023-11-18 00:00:00,2023-11-18 00:00:00,,,,
925,230,Completed,Marcus Manager,TICKET-000925,2023-11-08,Circuit breaker tripping,Level 2,Electrical,2023-11-08 00:00:00,2023-11-08 00:00:00,,,,
926,240,Completed,King Bruen,TICKET-000926,2023-11-26,Microwave not heating,Level 2,Appliance,2023-11-26 00:00:00,2023-11-26 00:00:00,,,,
927,272,Completed,King Bruen,TICKET-000927,2023-11-11,Window frame repair,Level 2,Structural,2023-11-11 00:00:00,2023-11-11 00:00:00,,,,
928,250,Completed,Clark West,TICKET-000928,2023-11-09,Window frame repair,Level 4,Structural,2023-11-09 00:00:00,2023-11-09 00:00:00,,,,
929,1,Completed,Marcus Manager,TICKET-000929,2023-12-18,Wiring problem,Level 2,Electrical,2023-12-18 00:00:00,2023-12-18 00:00:00,,,,
930,175,Completed,Marcus Manager,TICKET-000930,2023-12-15,General pest treatment,Level 2,Pest Control,2023-12-15 00:00:00,2023-12-15 00:00:00,,,,
931,4,Completed,Marcus Manager,TICKET-000931,2023-12-01,Refrigerator not cooling,Level 2,Appliance,2023-12-01 00:00:00,2023-12-01 00:00:00,,,,
932,16,Completed,Bernita Crona,TICKET-000932,2023-12-06,Wall damage,Level 2,Structural,2023-12-06 00:00:00,2023-12-06 00:00:00,,,,
933,12,Completed,Marcus Manager,TICKET-000933,2023-12-12,Loose tiles,Level 1,Structural,2023-12-12 00:00:00,2023-12-12 00:00:00,,,,
934,20,Completed,King Bruen,TICKET-000934,2023-12-28,Spider infestation,Level 2,Pest Control,2023-12-28 00:00:00,2023-12-28 00:00:00,,,,
935,36,Completed,Mia Martinez,TICKET-000935,2023-12-10,Power outlet not working,Level 3,Electrical,2023-12-10 00:00:00,2023-12-10 00:00:00,,,,
936,39,Completed,Clark West,TICKET-000936,2023-12-17,Low water pressure,Level 1,Plumbing,2023-12-17 00:00:00,2023-12-17 00:00:00,,,,
937,52,Completed,Marcus Manager,TICKET-000937,2023-12-06,Electrical panel inspection,Level 1,Electrical,2023-12-06 00:00:00,2023-12-06 00:00:00,,,,
938,43,Completed,Bernita Crona,TICKET-000938,2023-12-17,AC remote issue,Level 1,Appliance,2023-12-17 00:00:00,2023-12-17 00:00:00,,,,
939,208,Completed,Mia Martinez,TICKET-000939,2023-12-03,Ant infestation,Level 4,Pest Control,2023-12-03 00:00:00,2023-12-03 00:00:00,,,,
940,144,Completed,Marcus Manager,TICKET-000940,2023-12-17,Wiring problem,Level 4,Electrical,2023-12-17 00:00:00,2023-12-17 00:00:00,,,,
941,83,Completed,Clark West,TICKET-000941,2023-12-31,Door not closing,Level 3,Structural,2023-12-31 00:00:00,2023-12-31 00:00:00,,,,
942,84,Completed,Marcus Manager,TICKET-000942,2023-12-07,Bed bug inspection,Level 3,Pest Control,2023-12-07 00:00:00,2023-12-07 00:00:00,,,,
943,96,Completed,Bernita Crona,TICKET-000943,2023-12-03,Washing machine malfunction,Level 2,Appliance,2023-12-03 00:00:00,2023-12-03 00:00:00,,,,
944,119,Completed,King Bruen,TICKET-000944,2023-12-25,Exhaust fan noise,Level 2,Appliance,2023-12-25 00:00:00,2023-12-25 00:00:00,,,,
945,116,Completed,King Bruen,TICKET-000945,2023-12-02,Wall crack,Level 3,Structural,2023-12-02 00:00:00,2023-12-02 00:00:00,,,,
946,150,Completed,Marcus Manager,TICKET-000946,2023-12-27,Dryer not working,Level 2,Appliance,2023-12-27 00:00:00,2023-12-27 00:00:00,,,,
947,293,Completed,King Bruen,TICKET-000947,2023-12-24,Washing machine malfunction,Level 2,Appliance,2023-12-24 00:00:00,2023-12-24 00:00:00,,,,
948,184,Completed,Clark West,TICKET-000948,2023-12-31,Washing machine malfunction,Level 2,Appliance,2023-12-31 00:00:00,2023-12-31 00:00:00,,,,
949,196,Completed,Mia Martinez,TICKET-000949,2023-12-06,Window frame repair,Level 2,Structural,2023-12-06 00:00:00,2023-12-06 00:00:00,,,,
950,231,Completed,Clark West,TICKET-000950,2023-12-11,Circuit breaker tripping,Level 1,Electrical,2023-12-11 00:00:00,2023-12-11 00:00:00,,,,
951,271,Completed,Bernita Crona,TICKET-000951,2023-12-23,Flickering lights,Level 2,Electrical,2023-12-23 00:00:00,2023-12-23 00:00:00,,,,
952,251,Completed,King Bruen,TICKET-000952,2023-12-30,Exhaust fan noise,Level 2,Appliance,2023-12-30 00:00:00,2023-12-30 00:00:00,,,,
953,255,Completed,Marcus Manager,TICKET-000953,2023-12-03,Refrigerator not cooling,Level 1,Appliance,2023-12-03 00:00:00,2023-12-03 00:00:00,,,,
954,13,Completed,Bernita Crona,TICKET-000954,2024-01-30,Low water pressure,Level 1,Plumbing,2024-01-30 00:00:00,2024-01-30 00:00:00,,,,
955,11,Completed,Mia Martinez,TICKET-000955,2024-01-11,Ant infestation,Level 2,Pest Control,2024-01-11 00:00:00,2024-01-11 00:00:00,,,,
956,18,Completed,Clark West,TICKET-000956,2024-01-30,Door not closing,Level 1,Structural,2024-01-30 00:00:00,2024-01-30 00:00:00,,,,
957,23,Completed,Bernita Crona,TICKET-000957,2024-01-17,Window frame repair,Level 1,Structural,2024-01-17 00:00:00,2024-01-17 00:00:00,,,,
958,42,Ongoing,Mia Martinez,TICKET-000958,2024-01-25,Wiring problem,Level 4,Electrical,2024-01-25 00:00:00,2024-01-25 00:00:00,,,,
959,39,Completed,Clark West,TICKET-000959,2024-01-15,Wall damage,Level 2,Structural,2024-01-15 00:00:00,2024-01-15 00:00:00,,,,
960,52,Completed,King Bruen,TICKET-000960,2024-01-03,Mosquito problem,Level 3,Pest Control,2024-01-03 00:00:00,2024-01-03 00:00:00,,,,
961,72,Completed,Bernita Crona,TICKET-000961,2024-01-24,Switch not working,Level 1,Electrical,2024-01-24 00:00:00,2024-01-24 00:00:00,,,,
962,68,Completed,Mia Martinez,TICKET-000962,2024-01-29,Light fixture malfunction,Level 3,Electrical,2024-01-29 00:00:00,2024-01-29 00:00:00,,,,
963,206,Completed,Bernita Crona,TICKET-000963,2024-01-17,Wall damage,Level 2,Structural,2024-01-17 00:00:00,2024-01-17 00:00:00,,,,
964,143,Completed,King Bruen,TICKET-000964,2024-01-14,Low water pressure,Level 1,Plumbing,2024-01-14 00:00:00,2024-01-14 00:00:00,,,,
965,82,Completed,Clark West,TICKET-000965,2024-01-03,Door frame damage,Level 2,Structural,2024-01-03 00:00:00,2024-01-03 00:00:00,,,,
966,82,Completed,Mia Martinez,TICKET-000966,2024-01-29,Wall damage,Level 4,Structural,2024-01-29 00:00:00,2024-01-29 00:00:00,,,,
967,102,Completed,Mia Martinez,TICKET-000967,2024-01-29,Low water pressure,Level 4,Plumbing,2024-01-29 00:00:00,2024-01-29 00:00:00,,,,
968,98,Completed,King Bruen,TICKET-000968,2024-01-14,Oven issue,Level 4,Appliance,2024-01-14 00:00:00,2024-01-14 00:00:00,,,,
969,124,Completed,Clark West,TICKET-000969,2024-01-18,Mosquito problem,Level 3,Pest Control,2024-01-18 00:00:00,2024-01-18 00:00:00,,,,
970,124,Completed,Bernita Crona,TICKET-000970,2024-01-26,Refrigerator not cooling,Level 2,Appliance,2024-01-26 00:00:00,2024-01-26 00:00:00,,,,
971,128,Completed,King Bruen,TICKET-000971,2024-01-14,Running toilet,Level 1,Plumbing,2024-01-14 00:00:00,2024-01-14 00:00:00,,,,
972,150,Completed,Bernita Crona,TICKET-000972,2024-01-22,Flooring issue,Level 2,Structural,2024-01-22 00:00:00,2024-01-22 00:00:00,,,,
973,157,Completed,Marcus Manager,TICKET-000973,2024-01-31,Window frame repair,Level 2,Structural,2024-01-31 00:00:00,2024-01-31 00:00:00,,,,
974,296,Completed,Mia Martinez,TICKET-000974,2024-01-26,Running toilet,Level 1,Plumbing,2024-01-26 00:00:00,2024-01-26 00:00:00,,,,
975,293,Completed,Marcus Manager,TICKET-000975,2024-01-27,AC remote issue,Level 4,Appliance,2024-01-27 00:00:00,2024-01-27 00:00:00,,,,
976,201,Completed,Marcus Manager,TICKET-000976,2024-01-31,Pipe leakage,Level 1,Plumbing,2024-01-31 00:00:00,2024-01-31 00:00:00,,,,
977,201,Completed,Mia Martinez,TICKET-000977,2024-01-03,Clogged drain,Level 1,Plumbing,2024-01-03 00:00:00,2024-01-03 00:00:00,,,,
978,222,Completed,Mia Martinez,TICKET-000978,2024-01-09,Door frame damage,Level 2,Structural,2024-01-09 00:00:00,2024-01-09 00:00:00,,,,
979,221,Completed,Bernita Crona,TICKET-000979,2024-01-08,Dishwasher leakage,Level 2,Appliance,2024-01-08 00:00:00,2024-01-08 00:00:00,,,,
980,226,Completed,Marcus Manager,TICKET-000980,2024-01-02,Power outlet not working,Level 3,Electrical,2024-01-02 00:00:00,2024-01-02 00:00:00,,,,
981,278,Completed,Bernita Crona,TICKET-000981,2024-01-23,Termite inspection,Level 3,Pest Control,2024-01-23 00:00:00,2024-01-23 00:00:00,,,,
982,245,Completed,Marcus Manager,TICKET-000982,2024-01-01,Wall damage,Level 2,Structural,2024-01-01 00:00:00,2024-01-01 00:00:00,,,,
983,174,Completed,Bernita Crona,TICKET-000983,2024-02-23,Clogged drain,Level 3,Plumbing,2024-02-23 00:00:00,2024-02-23 00:00:00,,,,
984,19,Completed,Clark West,TICKET-000984,2024-02-01,Dryer not working,Level 3,Appliance,2024-02-01 00:00:00,2024-02-01 00:00:00,,,,
985,49,Completed,Mia Martinez,TICKET-000985,2024-02-28,Ceiling crack,Level 4,Structural,2024-02-28 00:00:00,2024-02-28 00:00:00,,,,
986,49,Completed,Clark West,TICKET-000986,2024-02-25,Rodent activity,Level 3,Pest Control,2024-02-25 00:00:00,2024-02-25 00:00:00,,,,
987,61,Completed,Marcus Manager,TICKET-000987,2024-02-15,Rodent activity,Level 3,Pest Control,2024-02-15 00:00:00,2024-02-15 00:00:00,,,,
988,206,Completed,Bernita Crona,TICKET-000988,2024-02-03,Bed bug inspection,Level 3,Pest Control,2024-02-03 00:00:00,2024-02-03 00:00:00,,,,
989,206,Completed,Mia Martinez,TICKET-000989,2024-02-12,Bed bug inspection,Level 1,Pest Control,2024-02-12 00:00:00,2024-02-12 00:00:00,,,,
990,83,Completed,Bernita Crona,TICKET-000990,2024-02-04,Flickering lights,Level 1,Electrical,2024-02-04 00:00:00,2024-02-04 00:00:00,,,,
991,83,Completed,Marcus Manager,TICKET-000991,2024-02-08,Washing machine malfunction,Level 2,Appliance,2024-02-08 00:00:00,2024-02-08 00:00:00,,,,
992,95,Completed,Marcus Manager,TICKET-000992,2024-02-09,Cockroach sighting,Level 3,Pest Control,2024-02-09 00:00:00,2024-02-09 00:00:00,,,,
993,102,Completed,Clark West,TICKET-000993,2024-02-07,Clogged drain,Level 1,Plumbing,2024-02-07 00:00:00,2024-02-07 00:00:00,,,,
994,128,Completed,Clark West,TICKET-000994,2024-02-23,Bed bug inspection,Level 4,Pest Control,2024-02-23 00:00:00,2024-02-23 00:00:00,,,,
995,165,Completed,Bernita Crona,TICKET-000995,2024-02-09,Door frame damage,Level 2,Structural,2024-02-09 00:00:00,2024-02-09 00:00:00,,,,
996,158,Completed,King Bruen,TICKET-000996,2024-02-12,Leaking faucet,Level 4,Plumbing,2024-02-12 00:00:00,2024-02-12 00:00:00,,,,
997,155,Completed,Clark West,TICKET-000997,2024-02-06,Cockroach sighting,Level 4,Pest Control,2024-02-06 00:00:00,2024-02-06 00:00:00,,,,
998,294,Completed,Marcus Manager,TICKET-000998,2024-02-16,Dishwasher leakage,Level 2,Appliance,2024-02-16 00:00:00,2024-02-16 00:00:00,,,,
999,302,Completed,Bernita Crona,TICKET-000999,2024-02-28,Washing machine malfunction,Level 2,Appliance,2024-02-28 00:00:00,2024-02-28 00:00:00,,,,
1000,193,Completed,Clark West,TICKET-001000,2024-02-20,Window frame repair,Level 3,Structural,2024-02-20 00:00:00,2024-02-20 00:00:00,,,,
1001,223,Completed,Mia Martinez,TICKET-001001,2024-02-15,Switch not working,Level 1,Electrical,2024-02-15 00:00:00,2024-02-15 00:00:00,,,,
1002,231,Completed,Clark West,TICKET-001002,2024-02-28,Door frame damage,Level 2,Structural,2024-02-28 00:00:00,2024-02-28 00:00:00,,,,
1003,231,Completed,Bernita Crona,TICKET-001003,2024-02-22,General pest treatment,Level 3,Pest Control,2024-02-22 00:00:00,2024-02-22 00:00:00,,,,
1004,257,Completed,Bernita Crona,TICKET-001004,2024-02-01,Spider infestation,Level 4,Pest Control,2024-02-01 00:00:00,2024-02-01 00:00:00,,,,
1005,258,Completed,Clark West,TICKET-001005,2024-02-29,Wall damage,Level 2,Structural,2024-02-29 00:00:00,2024-02-29 00:00:00,,,,
1006,1,Completed,Mia Martinez,TICKET-001006,2024-03-16,Mosquito problem,Level 3,Pest Control,2024-03-16 00:00:00,2024-03-16 00:00:00,,,,
1007,4,Completed,King Bruen,TICKET-001007,2024-03-07,Pipe leakage,Level 2,Plumbing,2024-03-07 00:00:00,2024-03-07 00:00:00,,,,
1008,179,Completed,King Bruen,TICKET-001008,2024-03-06,Switch not working,Level 2,Electrical,2024-03-06 00:00:00,2024-03-06 00:00:00,,,,
1009,32,Completed,Clark West,TICKET-001009,2024-03-16,Flooring issue,Level 2,Structural,2024-03-16 00:00:00,2024-03-16 00:00:00,,,,
1010,25,Completed,King Bruen,TICKET-001010,2024-03-31,Rodent activity,Level 3,Pest Control,2024-03-31 00:00:00,2024-03-31 00:00:00,,,,
1011,41,Completed,Clark West,TICKET-001011,2024-03-31,Light fixture malfunction,Level 2,Electrical,2024-03-31 00:00:00,2024-03-31 00:00:00,,,,
1012,42,Completed,King Bruen,TICKET-001012,2024-03-26,Ceiling crack,Level 1,Structural,2024-03-26 00:00:00,2024-03-26 00:00:00,,,,
1013,54,Completed,Clark West,TICKET-001013,2024-03-11,Dripping shower head,Level 2,Plumbing,2024-03-11 00:00:00,2024-03-11 00:00:00,,,,
1014,57,Completed,Clark West,TICKET-001014,2024-03-13,Rodent activity,Level 3,Pest Control,2024-03-13 00:00:00,2024-03-13 00:00:00,,,,
1015,63,Completed,King Bruen,TICKET-001015,2024-03-05,Termite inspection,Level 2,Pest Control,2024-03-05 00:00:00,2024-03-05 00:00:00,,,,
1016,87,Completed,Bernita Crona,TICKET-001016,2024-03-08,Door frame damage,Level 2,Structural,2024-03-08 00:00:00,2024-03-08 00:00:00,,,,
1017,86,Completed,King Bruen,TICKET-001017,2024-03-31,General pest treatment,Level 3,Pest Control,2024-03-31 00:00:00,2024-03-31 00:00:00,,,,
1018,96,Completed,Clark West,TICKET-001018,2024-03-26,Wall damage,Level 1,Structural,2024-03-26 00:00:00,2024-03-26 00:00:00,,,,
1019,92,Completed,Clark West,TICKET-001019,2024-03-24,Microwave not heating,Level 2,Appliance,2024-03-24 00:00:00,2024-03-24 00:00:00,,,,
1020,101,Completed,Mia Martinez,TICKET-001020,2024-03-23,Exhaust fan noise,Level 4,Appliance,2024-03-23 00:00:00,2024-03-23 00:00:00,,,,
1021,118,Completed,Clark West,TICKET-001021,2024-03-22,Sink drainage issue,Level 3,Plumbing,2024-03-22 00:00:00,2024-03-22 00:00:00,,,,
1022,135,Completed,Mia Martinez,TICKET-001022,2024-03-17,Washing machine malfunction,Level 2,Appliance,2024-03-17 00:00:00,2024-03-17 00:00:00,,,,
1023,161,Completed,Marcus Manager,TICKET-001023,2024-03-05,General pest treatment,Level 2,Pest Control,2024-03-05 00:00:00,2024-03-05 00:00:00,,,,
1024,285,Completed,Clark West,TICKET-001024,2024-03-29,AC unit electrical issues,Level 2,Electrical,2024-03-29 00:00:00,2024-03-29 00:00:00,,,,
1025,158,Completed,King Bruen,TICKET-001025,2024-03-11,Running toilet,Level 2,Plumbing,2024-03-11 00:00:00,2024-03-11 00:00:00,,,,
1026,201,Completed,Marcus Manager,TICKET-001026,2024-03-02,Washing machine malfunction,Level 1,Appliance,2024-03-02 00:00:00,2024-03-02 00:00:00,,,,
1027,241,Completed,King Bruen,TICKET-001027,2024-03-27,AC remote issue,Level 1,Appliance,2024-03-27 00:00:00,2024-03-27 00:00:00,,,,
1028,236,Completed,Bernita Crona,TICKET-001028,2024-03-28,Loose tiles,Level 2,Structural,2024-03-28 00:00:00,2024-03-28 00:00:00,,,,
1029,259,Completed,King Bruen,TICKET-001029,2024-03-19,Door frame damage,Level 3,Structural,2024-03-19 00:00:00,2024-03-19 00:00:00,,,,
1030,260,Completed,Marcus Manager,TICKET-001030,2024-03-24,Bed bug inspection,Level 4,Pest Control,2024-03-24 00:00:00,2024-03-24 00:00:00,,,,
1031,2,Completed,King Bruen,TICKET-001031,2024-04-21,Mosquito problem,Level 2,Pest Control,2024-04-21 00:00:00,2024-04-21 00:00:00,,,,
1032,1,Completed,King Bruen,TICKET-001032,2024-04-14,Dripping shower head,Level 2,Plumbing,2024-04-14 00:00:00,2024-04-14 00:00:00,,,,
1033,177,Completed,Mia Martinez,TICKET-001033,2024-04-09,Wiring problem,Level 2,Electrical,2024-04-09 00:00:00,2024-04-09 00:00:00,,,,
1034,12,Completed,King Bruen,TICKET-001034,2024-04-01,General pest treatment,Level 3,Pest Control,2024-04-01 00:00:00,2024-04-01 00:00:00,,,,
1035,22,Completed,King Bruen,TICKET-001035,2024-04-02,Rodent activity,Level 3,Pest Control,2024-04-02 00:00:00,2024-04-02 00:00:00,,,,
1036,19,Completed,Marcus Manager,TICKET-001036,2024-04-16,Wiring problem,Level 1,Electrical,2024-04-16 00:00:00,2024-04-16 00:00:00,,,,
1037,34,Completed,Marcus Manager,TICKET-001037,2024-04-06,AC unit electrical issues,Level 2,Electrical,2024-04-06 00:00:00,2024-04-06 00:00:00,,,,
1038,38,Completed,Bernita Crona,TICKET-001038,2024-04-04,Termite inspection,Level 2,Pest Control,2024-04-04 00:00:00,2024-04-04 00:00:00,,,,
1039,41,Completed,Clark West,TICKET-001039,2024-04-25,Wiring problem,Level 1,Electrical,2024-04-25 00:00:00,2024-04-25 00:00:00,,,,
1040,39,Completed,Bernita Crona,TICKET-001040,2024-04-21,Door frame damage,Level 4,Structural,2024-04-21 00:00:00,2024-04-21 00:00:00,,,,
1041,50,Completed,Bernita Crona,TICKET-001041,2024-04-22,Bed bug inspection,Level 3,Pest Control,2024-04-22 00:00:00,2024-04-22 00:00:00,,,,
1042,65,Completed,Marcus Manager,TICKET-001042,2024-04-19,Leaking faucet,Level 3,Plumbing,2024-04-19 00:00:00,2024-04-19 00:00:00,,,,
1043,144,Completed,Clark West,TICKET-001043,2024-04-20,Oven issue,Level 2,Appliance,2024-04-20 00:00:00,2024-04-20 00:00:00,,,,
1044,203,Completed,Mia Martinez,TICKET-001044,2024-04-24,Mosquito problem,Level 2,Pest Control,2024-04-24 00:00:00,2024-04-24 00:00:00,,,,
1045,83,Completed,Marcus Manager,TICKET-001045,2024-04-28,Flickering lights,Level 1,Electrical,2024-04-28 00:00:00,2024-04-28 00:00:00,,,,
1046,84,Completed,Marcus Manager,TICKET-001046,2024-04-12,Window frame repair,Level 1,Structural,2024-04-12 00:00:00,2024-04-12 00:00:00,,,,
1047,288,Completed,Mia Martinez,TICKET-001047,2024-04-29,Clogged drain,Level 3,Plumbing,2024-04-29 00:00:00,2024-04-29 00:00:00,,,,
1048,170,Completed,King Bruen,TICKET-001048,2024-04-14,Door not closing,Level 2,Structural,2024-04-14 00:00:00,2024-04-14 00:00:00,,,,
1049,190,Completed,Clark West,TICKET-001049,2024-04-30,Oven issue,Level 3,Appliance,2024-04-30 00:00:00,2024-04-30 00:00:00,,,,
1050,191,Completed,Clark West,TICKET-001050,2024-04-15,Circuit breaker tripping,Level 2,Electrical,2024-04-15 00:00:00,2024-04-15 00:00:00,,,,
1051,195,Completed,Clark West,TICKET-001051,2024-04-28,Exhaust fan noise,Level 2,Appliance,2024-04-28 00:00:00,2024-04-28 00:00:00,,,,
1052,221,Completed,Marcus Manager,TICKET-001052,2024-04-20,Electrical panel inspection,Level 2,Electrical,2024-04-20 00:00:00,2024-04-20 00:00:00,,,,
1053,221,Completed,Bernita Crona,TICKET-001053,2024-04-19,Clogged drain,Level 1,Plumbing,2024-04-19 00:00:00,2024-04-19 00:00:00,,,,
1054,224,Completed,Mia Martinez,TICKET-001054,2024-04-10,Electrical panel inspection,Level 1,Electrical,2024-04-10 00:00:00,2024-04-10 00:00:00,,,,
1055,240,Completed,King Bruen,TICKET-001055,2024-04-02,Flooring issue,Level 1,Structural,2024-04-02 00:00:00,2024-04-02 00:00:00,,,,
1056,259,Completed,Clark West,TICKET-001056,2024-04-10,Door frame damage,Level 1,Structural,2024-04-10 00:00:00,2024-04-10 00:00:00,,,,
1057,1,Completed,Clark West,TICKET-001057,2024-05-07,Light fixture malfunction,Level 4,Electrical,2024-05-07 00:00:00,2024-05-07 00:00:00,,,,
1058,1,Completed,Mia Martinez,TICKET-001058,2024-05-13,Running toilet,Level 1,Plumbing,2024-05-13 00:00:00,2024-05-13 00:00:00,,,,
1059,174,Completed,Bernita Crona,TICKET-001059,2024-05-08,Wiring problem,Level 2,Electrical,2024-05-08 00:00:00,2024-05-08 00:00:00,,,,
1060,8,Completed,Clark West,TICKET-001060,2024-05-08,Microwave not heating,Level 3,Appliance,2024-05-08 00:00:00,2024-05-08 00:00:00,,,,
1061,21,Completed,Bernita Crona,TICKET-001061,2024-05-15,Dishwasher leakage,Level 2,Appliance,2024-05-15 00:00:00,2024-05-15 00:00:00,,,,
1062,33,Completed,Mia Martinez,TICKET-001062,2024-05-27,Oven issue,Level 2,Appliance,2024-05-27 00:00:00,2024-05-27 00:00:00,,,,
1063,29,Completed,Marcus Manager,TICKET-001063,2024-05-09,Leaking faucet,Level 2,Plumbing,2024-05-09 00:00:00,2024-05-09 00:00:00,,,,
1064,41,Completed,King Bruen,TICKET-001064,2024-05-31,Ant infestation,Level 3,Pest Control,2024-05-31 00:00:00,2024-05-31 00:00:00,,,,
1065,214,Completed,Bernita Crona,TICKET-001065,2024-05-25,General pest treatment,Level 3,Pest Control,2024-05-25 00:00:00,2024-05-25 00:00:00,,,,
1066,62,Completed,King Bruen,TICKET-001066,2024-05-15,Door frame damage,Level 2,Structural,2024-05-15 00:00:00,2024-05-15 00:00:00,,,,
1067,143,Completed,Marcus Manager,TICKET-001067,2024-05-26,Microwave not heating,Level 2,Appliance,2024-05-26 00:00:00,2024-05-26 00:00:00,,,,
1068,148,Completed,King Bruen,TICKET-001068,2024-05-01,AC unit electrical issues,Level 2,Electrical,2024-05-01 00:00:00,2024-05-01 00:00:00,,,,
1069,182,Completed,Mia Martinez,TICKET-001069,2024-05-11,Spider infestation,Level 1,Pest Control,2024-05-11 00:00:00,2024-05-11 00:00:00,,,,
1070,92,Completed,Bernita Crona,TICKET-001070,2024-05-14,Loose tiles,Level 1,Structural,2024-05-14 00:00:00,2024-05-14 00:00:00,,,,
1071,94,Completed,Marcus Manager,TICKET-001071,2024-05-16,Light fixture malfunction,Level 2,Electrical,2024-05-16 00:00:00,2024-05-16 00:00:00,,,,
1072,102,Completed,Clark West,TICKET-001072,2024-05-09,AC remote issue,Level 2,Appliance,2024-05-09 00:00:00,2024-05-09 00:00:00,,,,
1073,102,Completed,Marcus Manager,TICKET-001073,2024-05-31,Loose tiles,Level 2,Structural,2024-05-31 00:00:00,2024-05-31 00:00:00,,,,
1074,121,Completed,Marcus Manager,TICKET-001074,2024-05-01,Low water pressure,Level 4,Plumbing,2024-05-01 00:00:00,2024-05-01 00:00:00,,,,
1075,135,Completed,Marcus Manager,TICKET-001075,2024-05-27,Circuit breaker tripping,Level 4,Electrical,2024-05-27 00:00:00,2024-05-27 00:00:00,,,,
1076,133,Completed,King Bruen,TICKET-001076,2024-05-26,Termite inspection,Level 2,Pest Control,2024-05-26 00:00:00,2024-05-26 00:00:00,,,,
1077,290,Completed,Clark West,TICKET-001077,2024-05-26,Spider infestation,Level 1,Pest Control,2024-05-26 00:00:00,2024-05-26 00:00:00,,,,
1078,298,Completed,Clark West,TICKET-001078,2024-05-08,General pest treatment,Level 3,Pest Control,2024-05-08 00:00:00,2024-05-08 00:00:00,,,,
1079,196,Completed,Mia Martinez,TICKET-001079,2024-05-02,Circuit breaker tripping,Level 1,Electrical,2024-05-02 00:00:00,2024-05-02 00:00:00,,,,
1080,221,Completed,Clark West,TICKET-001080,2024-05-28,AC remote issue,Level 3,Appliance,2024-05-28 00:00:00,2024-05-28 00:00:00,,,,
1081,222,Completed,Bernita Crona,TICKET-001081,2024-05-26,Ceiling crack,Level 2,Structural,2024-05-26 00:00:00,2024-05-26 00:00:00,,,,
1082,230,Completed,Marcus Manager,TICKET-001082,2024-05-06,Circuit breaker tripping,Level 1,Electrical,2024-05-06 00:00:00,2024-05-06 00:00:00,,,,
1083,226,Completed,King Bruen,TICKET-001083,2024-05-04,Dishwasher leakage,Level 2,Appliance,2024-05-04 00:00:00,2024-05-04 00:00:00,,,,
1084,271,Completed,King Bruen,TICKET-001084,2024-05-10,Circuit breaker tripping,Level 3,Electrical,2024-05-10 00:00:00,2024-05-10 00:00:00,,,,
1085,263,Completed,Mia Martinez,TICKET-001085,2024-06-23,Ant infestation,Level 3,Pest Control,2024-06-23 00:00:00,2024-06-23 00:00:00,,,,
1086,16,Completed,Mia Martinez,TICKET-001086,2024-06-09,Exhaust fan noise,Level 3,Appliance,2024-06-09 00:00:00,2024-06-09 00:00:00,,,,
1087,20,Completed,Bernita Crona,TICKET-001087,2024-06-21,Exhaust fan noise,Level 2,Appliance,2024-06-21 00:00:00,2024-06-21 00:00:00,,,,
1088,39,Completed,Marcus Manager,TICKET-001088,2024-06-30,Ant infestation,Level 3,Pest Control,2024-06-30 00:00:00,2024-06-30 00:00:00,,,,
1089,43,Completed,Clark West,TICKET-001089,2024-06-03,Oven issue,Level 3,Appliance,2024-06-03 00:00:00,2024-06-03 00:00:00,,,,
1090,51,Completed,Clark West,TICKET-001090,2024-06-14,Spider infestation,Level 2,Pest Control,2024-06-14 00:00:00,2024-06-14 00:00:00,,,,
1091,55,Completed,Bernita Crona,TICKET-001091,2024-06-09,Flickering lights,Level 3,Electrical,2024-06-09 00:00:00,2024-06-09 00:00:00,,,,
1092,211,Completed,King Bruen,TICKET-001092,2024-06-28,Switch not working,Level 2,Electrical,2024-06-28 00:00:00,2024-06-28 00:00:00,,,,
1093,84,Completed,Mia Martinez,TICKET-001093,2024-06-29,Washing machine malfunction,Level 3,Appliance,2024-06-29 00:00:00,2024-06-29 00:00:00,,,,
1094,82,Completed,Marcus Manager,TICKET-001094,2024-06-01,Oven issue,Level 1,Appliance,2024-06-01 00:00:00,2024-06-01 00:00:00,,,,
1095,180,Completed,Mia Martinez,TICKET-001095,2024-06-25,Wall crack,Level 2,Structural,2024-06-25 00:00:00,2024-06-25 00:00:00,,,,
1096,96,Completed,Clark West,TICKET-001096,2024-06-12,Leaking faucet,Level 1,Plumbing,2024-06-12 00:00:00,2024-06-12 00:00:00,,,,
1097,94,Completed,King Bruen,TICKET-001097,2024-06-28,Rodent activity,Level 3,Pest Control,2024-06-28 00:00:00,2024-06-28 00:00:00,,,,
1098,97,Completed,King Bruen,TICKET-001098,2024-06-29,General pest treatment,Level 3,Pest Control,2024-06-29 00:00:00,2024-06-29 00:00:00,,,,
1099,98,Completed,Clark West,TICKET-001099,2024-06-12,Circuit breaker tripping,Level 4,Electrical,2024-06-12 00:00:00,2024-06-12 00:00:00,,,,
1100,119,Completed,Clark West,TICKET-001100,2024-06-24,Clogged drain,Level 2,Plumbing,2024-06-24 00:00:00,2024-06-24 00:00:00,,,,
1101,116,Completed,Bernita Crona,TICKET-001101,2024-06-14,Running toilet,Level 2,Plumbing,2024-06-14 00:00:00,2024-06-14 00:00:00,,,,
1102,135,Completed,Clark West,TICKET-001102,2024-06-27,Clogged drain,Level 1,Plumbing,2024-06-27 00:00:00,2024-06-27 00:00:00,,,,
1103,133,Completed,Mia Martinez,TICKET-001103,2024-06-06,Exhaust fan noise,Level 2,Appliance,2024-06-06 00:00:00,2024-06-06 00:00:00,,,,
1104,282,Completed,King Bruen,TICKET-001104,2024-06-20,Pipe leakage,Level 1,Plumbing,2024-06-20 00:00:00,2024-06-20 00:00:00,,,,
1105,158,Completed,Marcus Manager,TICKET-001105,2024-06-12,Switch not working,Level 2,Electrical,2024-06-12 00:00:00,2024-06-12 00:00:00,,,,
1106,297,Completed,Marcus Manager,TICKET-001106,2024-06-22,Exhaust fan noise,Level 1,Appliance,2024-06-22 00:00:00,2024-06-22 00:00:00,,,,
1107,192,Completed,Marcus Manager,TICKET-001107,2024-06-20,Switch not working,Level 2,Electrical,2024-06-20 00:00:00,2024-06-20 00:00:00,,,,
1108,222,Completed,Marcus Manager,TICKET-001108,2024-06-01,Exhaust fan noise,Level 2,Appliance,2024-06-01 00:00:00,2024-06-01 00:00:00,,,,
1109,270,Completed,Bernita Crona,TICKET-001109,2024-06-14,Pipe leakage,Level 3,Plumbing,2024-06-14 00:00:00,2024-06-14 00:00:00,,,,
1110,269,Completed,Marcus Manager,TICKET-001110,2024-06-20,Rodent activity,Level 3,Pest Control,2024-06-20 00:00:00,2024-06-20 00:00:00,,,,
1111,178,Completed,Marcus Manager,TICKET-001111,2024-07-20,Ant infestation,Level 2,Pest Control,2024-07-20 00:00:00,2024-07-20 00:00:00,,,,
1112,17,Completed,Marcus Manager,TICKET-001112,2024-07-15,Electrical panel inspection,Level 1,Electrical,2024-07-15 00:00:00,2024-07-15 00:00:00,,,,
1113,36,Completed,Marcus Manager,TICKET-001113,2024-07-08,Spider infestation,Level 3,Pest Control,2024-07-08 00:00:00,2024-07-08 00:00:00,,,,
1114,28,Completed,Mia Martinez,TICKET-001114,2024-07-16,Leaking faucet,Level 1,Plumbing,2024-07-16 00:00:00,2024-07-16 00:00:00,,,,
1115,46,Completed,King Bruen,TICKET-001115,2024-07-28,AC unit electrical issues,Level 2,Electrical,2024-07-28 00:00:00,2024-07-28 00:00:00,,,,
1116,106,Completed,Clark West,TICKET-001116,2024-07-25,AC unit electrical issues,Level 1,Electrical,2024-07-25 00:00:00,2024-07-25 00:00:00,,,,
1117,103,Completed,Bernita Crona,TICKET-001117,2024-07-24,Low water pressure,Level 3,Plumbing,2024-07-24 00:00:00,2024-07-24 00:00:00,,,,
1118,77,Completed,King Bruen,TICKET-001118,2024-07-24,Bed bug inspection,Level 3,Pest Control,2024-07-24 00:00:00,2024-07-24 00:00:00,,,,
1119,62,Completed,Bernita Crona,TICKET-001119,2024-07-05,Door not closing,Level 1,Structural,2024-07-05 00:00:00,2024-07-05 00:00:00,,,,
1120,149,Completed,Mia Martinez,TICKET-001120,2024-07-13,Water heater broken,Level 1,Plumbing,2024-07-13 00:00:00,2024-07-13 00:00:00,,,,
1121,82,Completed,Clark West,TICKET-001121,2024-07-26,Flooring issue,Level 2,Structural,2024-07-26 00:00:00,2024-07-26 00:00:00,,,,
1122,93,Completed,Bernita Crona,TICKET-001122,2024-07-22,Ant infestation,Level 2,Pest Control,2024-07-22 00:00:00,2024-07-22 00:00:00,,,,
1123,93,Completed,King Bruen,TICKET-001123,2024-07-24,AC unit electrical issues,Level 1,Electrical,2024-07-24 00:00:00,2024-07-24 00:00:00,,,,
1124,101,Completed,Mia Martinez,TICKET-001124,2024-07-03,Exhaust fan noise,Level 3,Appliance,2024-07-03 00:00:00,2024-07-03 00:00:00,,,,
1125,121,Completed,Bernita Crona,TICKET-001125,2024-07-31,Mosquito problem,Level 2,Pest Control,2024-07-31 00:00:00,2024-07-31 00:00:00,,,,
1126,168,Completed,King Bruen,TICKET-001126,2024-07-02,Ant infestation,Level 3,Pest Control,2024-07-02 00:00:00,2024-07-02 00:00:00,,,,
1127,289,Completed,Clark West,TICKET-001127,2024-07-01,Wiring problem,Level 1,Electrical,2024-07-01 00:00:00,2024-07-01 00:00:00,,,,
1128,156,Completed,King Bruen,TICKET-001128,2024-07-29,Door not closing,Level 3,Structural,2024-07-29 00:00:00,2024-07-29 00:00:00,,,,
1129,152,Completed,Mia Martinez,TICKET-001129,2024-07-30,Flickering lights,Level 4,Electrical,2024-07-30 00:00:00,2024-07-30 00:00:00,,,,
1130,301,Completed,Mia Martinez,TICKET-001130,2024-07-14,Window frame repair,Level 1,Structural,2024-07-14 00:00:00,2024-07-14 00:00:00,,,,
1131,201,Completed,Bernita Crona,TICKET-001131,2024-07-27,Dishwasher leakage,Level 2,Appliance,2024-07-27 00:00:00,2024-07-27 00:00:00,,,,
1132,222,Completed,King Bruen,TICKET-001132,2024-07-13,Door frame damage,Level 4,Structural,2024-07-13 00:00:00,2024-07-13 00:00:00,,,,
1133,223,Ongoing,King Bruen,TICKET-001133,2024-07-13,Dryer not working,Level 1,Appliance,2024-07-13 00:00:00,2024-07-13 00:00:00,,,,
1134,228,Completed,Marcus Manager,TICKET-001134,2024-07-29,Water heater broken,Level 1,Plumbing,2024-07-29 00:00:00,2024-07-29 00:00:00,,,,
1135,226,Completed,Marcus Manager,TICKET-001135,2024-07-27,Cockroach sighting,Level 2,Pest Control,2024-07-27 00:00:00,2024-07-27 00:00:00,,,,
1136,238,Completed,Marcus Manager,TICKET-001136,2024-07-13,Termite inspection,Level 2,Pest Control,2024-07-13 00:00:00,2024-07-13 00:00:00,,,,
1137,271,Completed,Mia Martinez,TICKET-001137,2024-07-09,Power outlet not working,Level 1,Electrical,2024-07-09 00:00:00,2024-07-09 00:00:00,,,,
1138,255,Completed,Marcus Manager,TICKET-001138,2024-07-26,Flooring issue,Level 1,Structural,2024-07-26 00:00:00,2024-07-26 00:00:00,,,,
1139,1,Completed,King Bruen,TICKET-001139,2024-08-18,AC remote issue,Level 2,Appliance,2024-08-18 00:00:00,2024-08-18 00:00:00,,,,
1140,174,Completed,Clark West,TICKET-001140,2024-08-09,Sink drainage issue,Level 1,Plumbing,2024-08-09 00:00:00,2024-08-09 00:00:00,,,,
1141,19,Completed,King Bruen,TICKET-001141,2024-08-15,Running toilet,Level 2,Plumbing,2024-08-15 00:00:00,2024-08-15 00:00:00,,,,
1142,27,Completed,Marcus Manager,TICKET-001142,2024-08-10,Leaking faucet,Level 1,Plumbing,2024-08-10 00:00:00,2024-08-10 00:00:00,,,,
1143,34,Completed,Bernita Crona,TICKET-001143,2024-08-01,AC unit electrical issues,Level 1,Electrical,2024-08-01 00:00:00,2024-08-01 00:00:00,,,,
1144,58,Completed,Mia Martinez,TICKET-001144,2024-08-29,Termite inspection,Level 2,Pest Control,2024-08-29 00:00:00,2024-08-29 00:00:00,,,,
1145,107,Completed,Bernita Crona,TICKET-001145,2024-08-14,Water heater broken,Level 1,Plumbing,2024-08-14 00:00:00,2024-08-14 00:00:00,,,,
1146,73,Completed,Mia Martinez,TICKET-001146,2024-08-08,Light fixture malfunction,Level 1,Electrical,2024-08-08 00:00:00,2024-08-08 00:00:00,,,,
1147,68,Completed,King Bruen,TICKET-001147,2024-08-03,Ceiling crack,Level 4,Structural,2024-08-03 00:00:00,2024-08-03 00:00:00,,,,
1148,85,Completed,Mia Martinez,TICKET-001148,2024-08-22,Dishwasher leakage,Level 3,Appliance,2024-08-22 00:00:00,2024-08-22 00:00:00,,,,
1149,91,Completed,Marcus Manager,TICKET-001149,2024-08-26,Bed bug inspection,Level 2,Pest Control,2024-08-26 00:00:00,2024-08-26 00:00:00,,,,
1150,93,Completed,King Bruen,TICKET-001150,2024-08-14,Rodent activity,Level 2,Pest Control,2024-08-14 00:00:00,2024-08-14 00:00:00,,,,
1151,94,Completed,King Bruen,TICKET-001151,2024-08-22,Flooring issue,Level 3,Structural,2024-08-22 00:00:00,2024-08-22 00:00:00,,,,
1152,100,Completed,King Bruen,TICKET-001152,2024-08-23,Dryer not working,Level 3,Appliance,2024-08-23 00:00:00,2024-08-23 00:00:00,,,,
1153,122,Completed,King Bruen,TICKET-001153,2024-08-13,Pipe leakage,Level 3,Plumbing,2024-08-13 00:00:00,2024-08-13 00:00:00,,,,
1154,120,Completed,Clark West,TICKET-001154,2024-08-28,Washing machine malfunction,Level 4,Appliance,2024-08-28 00:00:00,2024-08-28 00:00:00,,,,
1155,130,Completed,Bernita Crona,TICKET-001155,2024-08-02,Exhaust fan noise,Level 1,Appliance,2024-08-02 00:00:00,2024-08-02 00:00:00,,,,
1156,129,Completed,Marcus Manager,TICKET-001156,2024-08-22,Loose tiles,Level 2,Structural,2024-08-22 00:00:00,2024-08-22 00:00:00,,,,
1157,166,Completed,Mia Martinez,TICKET-001157,2024-08-02,Low water pressure,Level 2,Plumbing,2024-08-02 00:00:00,2024-08-02 00:00:00,,,,
1158,162,Completed,Bernita Crona,TICKET-001158,2024-08-20,Flickering lights,Level 1,Electrical,2024-08-20 00:00:00,2024-08-20 00:00:00,,,,
1159,183,Completed,Marcus Manager,TICKET-001159,2024-08-20,Dishwasher leakage,Level 2,Appliance,2024-08-20 00:00:00,2024-08-20 00:00:00,,,,
1160,228,Completed,Bernita Crona,TICKET-001160,2024-08-31,Pipe leakage,Level 3,Plumbing,2024-08-31 00:00:00,2024-08-31 00:00:00,,,,
1161,254,Completed,Bernita Crona,TICKET-001161,2024-08-06,Refrigerator not cooling,Level 1,Appliance,2024-08-06 00:00:00,2024-08-06 00:00:00,,,,
1162,248,Completed,King Bruen,TICKET-001162,2024-08-03,Microwave not heating,Level 2,Appliance,2024-08-03 00:00:00,2024-08-03 00:00:00,,,,
1163,264,Completed,Marcus Manager,TICKET-001163,2024-09-12,Electrical panel inspection,Level 1,Electrical,2024-09-12 00:00:00,2024-09-12 00:00:00,,,,
1164,179,Completed,Mia Martinez,TICKET-001164,2024-09-28,Flickering lights,Level 1,Electrical,2024-09-28 00:00:00,2024-09-28 00:00:00,,,,
1165,16,Completed,Bernita Crona,TICKET-001165,2024-09-02,Spider infestation,Level 2,Pest Control,2024-09-02 00:00:00,2024-09-02 00:00:00,,,,
1166,21,Completed,Mia Martinez,TICKET-001166,2024-09-08,Bed bug inspection,Level 3,Pest Control,2024-09-08 00:00:00,2024-09-08 00:00:00,,,,
1167,17,Completed,Marcus Manager,TICKET-001167,2024-09-02,Dishwasher leakage,Level 2,Appliance,2024-09-02 00:00:00,2024-09-02 00:00:00,,,,
1168,24,Completed,Bernita Crona,TICKET-001168,2024-09-21,Switch not working,Level 1,Electrical,2024-09-21 00:00:00,2024-09-21 00:00:00,,,,
1169,40,Completed,King Bruen,TICKET-001169,2024-09-07,Flickering lights,Level 1,Electrical,2024-09-07 00:00:00,2024-09-07 00:00:00,,,,
1170,41,Completed,King Bruen,TICKET-001170,2024-09-05,AC unit electrical issues,Level 3,Electrical,2024-09-05 00:00:00,2024-09-05 00:00:00,,,,
1171,49,Completed,King Bruen,TICKET-001171,2024-09-07,Running toilet,Level 2,Plumbing,2024-09-07 00:00:00,2024-09-07 00:00:00,,,,
1172,52,Completed,Bernita Crona,TICKET-001172,2024-09-20,Bed bug inspection,Level 3,Pest Control,2024-09-20 00:00:00,2024-09-20 00:00:00,,,,
1173,56,Completed,Clark West,TICKET-001173,2024-09-23,Mosquito problem,Level 4,Pest Control,2024-09-23 00:00:00,2024-09-23 00:00:00,,,,
1174,208,Completed,Mia Martinez,TICKET-001174,2024-09-10,AC unit electrical issues,Level 1,Electrical,2024-09-10 00:00:00,2024-09-10 00:00:00,,,,
1175,146,Completed,Clark West,TICKET-001175,2024-09-18,Leaking faucet,Level 2,Plumbing,2024-09-18 00:00:00,2024-09-18 00:00:00,,,,
1176,149,Completed,Clark West,TICKET-001176,2024-09-18,AC remote issue,Level 1,Appliance,2024-09-18 00:00:00,2024-09-18 00:00:00,,,,
1177,84,Completed,Clark West,TICKET-001177,2024-09-26,Exhaust fan noise,Level 2,Appliance,2024-09-26 00:00:00,2024-09-26 00:00:00,,,,
1178,84,Completed,Bernita Crona,TICKET-001178,2024-09-14,Clogged drain,Level 1,Plumbing,2024-09-14 00:00:00,2024-09-14 00:00:00,,,,
1179,182,Completed,Bernita Crona,TICKET-001179,2024-09-28,Window frame repair,Level 1,Structural,2024-09-28 00:00:00,2024-09-28 00:00:00,,,,
1180,181,Completed,Clark West,TICKET-001180,2024-09-12,Sink drainage issue,Level 2,Plumbing,2024-09-12 00:00:00,2024-09-12 00:00:00,,,,
1181,98,Completed,Bernita Crona,TICKET-001181,2024-09-19,AC remote issue,Level 1,Appliance,2024-09-19 00:00:00,2024-09-19 00:00:00,,,,
1182,97,Completed,Bernita Crona,TICKET-001182,2024-09-29,Cockroach sighting,Level 1,Pest Control,2024-09-29 00:00:00,2024-09-29 00:00:00,,,,
1183,117,Completed,Bernita Crona,TICKET-001183,2024-09-02,Mosquito problem,Level 2,Pest Control,2024-09-02 00:00:00,2024-09-02 00:00:00,,,,
1184,122,Completed,Clark West,TICKET-001184,2024-09-18,Door not closing,Level 4,Structural,2024-09-18 00:00:00,2024-09-18 00:00:00,,,,
1185,170,Completed,Marcus Manager,TICKET-001185,2024-09-18,Dishwasher leakage,Level 1,Appliance,2024-09-18 00:00:00,2024-09-18 00:00:00,,,,
1186,294,Completed,Marcus Manager,TICKET-001186,2024-09-03,Sink drainage issue,Level 1,Plumbing,2024-09-03 00:00:00,2024-09-03 00:00:00,,,,
1187,221,Completed,Bernita Crona,TICKET-001187,2024-09-28,Dishwasher leakage,Level 3,Appliance,2024-09-28 00:00:00,2024-09-28 00:00:00,,,,
1188,221,Completed,Bernita Crona,TICKET-001188,2024-09-09,Clogged drain,Level 1,Plumbing,2024-09-09 00:00:00,2024-09-09 00:00:00,,,,
1189,233,Completed,Clark West,TICKET-001189,2024-09-15,Ceiling crack,Level 3,Structural,2024-09-15 00:00:00,2024-09-15 00:00:00,,,,
1190,259,Completed,King Bruen,TICKET-001190,2024-09-19,Low water pressure,Level 3,Plumbing,2024-09-19 00:00:00,2024-09-19 00:00:00,,,,
1191,8,Completed,Mia Martinez,TICKET-001191,2024-10-16,Exhaust fan noise,Level 2,Appliance,2024-10-16 00:00:00,2024-10-16 00:00:00,,,,
1192,10,Completed,Mia Martinez,TICKET-001192,2024-10-10,Pipe leakage,Level 1,Plumbing,2024-10-10 00:00:00,2024-10-10 00:00:00,,,,
1193,48,Completed,Bernita Crona,TICKET-001193,2024-10-27,Low water pressure,Level 1,Plumbing,2024-10-27 00:00:00,2024-10-27 00:00:00,,,,
1194,46,Completed,Marcus Manager,TICKET-001194,2024-10-06,Rodent activity,Level 3,Pest Control,2024-10-06 00:00:00,2024-10-06 00:00:00,,,,
1195,54,Completed,Mia Martinez,TICKET-001195,2024-10-04,Leaking faucet,Level 1,Plumbing,2024-10-04 00:00:00,2024-10-04 00:00:00,,,,
1196,80,Completed,Clark West,TICKET-001196,2024-10-20,Cockroach sighting,Level 1,Pest Control,2024-10-20 00:00:00,2024-10-20 00:00:00,,,,
1197,76,Completed,Clark West,TICKET-001197,2024-10-21,Sink drainage issue,Level 1,Plumbing,2024-10-21 00:00:00,2024-10-21 00:00:00,,,,
1198,147,Completed,Mia Martinez,TICKET-001198,2024-10-15,Ceiling crack,Level 2,Structural,2024-10-15 00:00:00,2024-10-15 00:00:00,,,,
1199,206,Completed,King Bruen,TICKET-001199,2024-10-06,Clogged drain,Level 4,Plumbing,2024-10-06 00:00:00,2024-10-06 00:00:00,,,,
1200,88,Completed,Clark West,TICKET-001200,2024-10-16,Termite inspection,Level 1,Pest Control,2024-10-16 00:00:00,2024-10-16 00:00:00,,,,
1201,91,Pending,Bernita Crona,TICKET-001201,2024-10-07,Power outlet not working,Level 1,Electrical,2024-10-07 00:00:00,2024-10-07 00:00:00,,,,
1202,94,Completed,Mia Martinez,TICKET-001202,2024-10-24,Mosquito problem,Level 2,Pest Control,2024-10-24 00:00:00,2024-10-24 00:00:00,,,,
1203,116,Completed,Bernita Crona,TICKET-001203,2024-10-24,Wiring problem,Level 2,Electrical,2024-10-24 00:00:00,2024-10-24 00:00:00,,,,
1204,131,Completed,Marcus Manager,TICKET-001204,2024-10-03,Sink drainage issue,Level 1,Plumbing,2024-10-03 00:00:00,2024-10-03 00:00:00,,,,
1205,132,Completed,Mia Martinez,TICKET-001205,2024-10-13,Door not closing,Level 2,Structural,2024-10-13 00:00:00,2024-10-13 00:00:00,,,,
1206,166,Completed,Bernita Crona,TICKET-001206,2024-10-24,Light fixture malfunction,Level 1,Electrical,2024-10-24 00:00:00,2024-10-24 00:00:00,,,,
1207,296,Completed,Bernita Crona,TICKET-001207,2024-10-25,Wiring problem,Level 3,Electrical,2024-10-25 00:00:00,2024-10-25 00:00:00,,,,
1208,188,Completed,Bernita Crona,TICKET-001208,2024-10-31,Dishwasher leakage,Level 3,Appliance,2024-10-31 00:00:00,2024-10-31 00:00:00,,,,
1209,196,Completed,Bernita Crona,TICKET-001209,2024-10-21,Wiring problem,Level 1,Electrical,2024-10-21 00:00:00,2024-10-21 00:00:00,,,,
1210,234,Completed,Mia Martinez,TICKET-001210,2024-10-26,Washing machine malfunction,Level 2,Appliance,2024-10-26 00:00:00,2024-10-26 00:00:00,,,,
1211,232,Completed,King Bruen,TICKET-001211,2024-10-18,Spider infestation,Level 3,Pest Control,2024-10-18 00:00:00,2024-10-18 00:00:00,,,,
1212,245,Completed,Bernita Crona,TICKET-001212,2024-10-15,Oven issue,Level 1,Appliance,2024-10-15 00:00:00,2024-10-15 00:00:00,,,,
1213,257,Completed,King Bruen,TICKET-001213,2024-10-27,Door frame damage,Level 3,Structural,2024-10-27 00:00:00,2024-10-27 00:00:00,,,,
1214,261,Completed,King Bruen,TICKET-001214,2024-10-15,Sink drainage issue,Level 1,Plumbing,2024-10-15 00:00:00,2024-10-15 00:00:00,,,,
1215,2,Completed,Clark West,TICKET-001215,2024-11-12,Ant infestation,Level 1,Pest Control,2024-11-12 00:00:00,2024-11-12 00:00:00,,,,
1216,1,Completed,Mia Martinez,TICKET-001216,2024-11-09,Wall crack,Level 2,Structural,2024-11-09 00:00:00,2024-11-09 00:00:00,,,,
1217,173,Completed,Clark West,TICKET-001217,2024-11-23,Wiring problem,Level 1,Electrical,2024-11-23 00:00:00,2024-11-23 00:00:00,,,,
1218,13,Completed,Bernita Crona,TICKET-001218,2024-11-30,General pest treatment,Level 4,Pest Control,2024-11-30 00:00:00,2024-11-30 00:00:00,,,,
1219,14,Completed,Bernita Crona,TICKET-001219,2024-11-23,Rodent activity,Level 3,Pest Control,2024-11-23 00:00:00,2024-11-23 00:00:00,,,,
1220,41,Completed,Clark West,TICKET-001220,2024-11-25,Microwave not heating,Level 3,Appliance,2024-11-25 00:00:00,2024-11-25 00:00:00,,,,
1221,47,Completed,Bernita Crona,TICKET-001221,2024-11-19,Dishwasher leakage,Level 2,Appliance,2024-11-19 00:00:00,2024-11-19 00:00:00,,,,
1222,110,Completed,Clark West,TICKET-001222,2024-11-15,Microwave not heating,Level 2,Appliance,2024-11-15 00:00:00,2024-11-15 00:00:00,,,,
1223,210,Completed,Mia Martinez,TICKET-001223,2024-11-27,Water heater broken,Level 2,Plumbing,2024-11-27 00:00:00,2024-11-27 00:00:00,,,,
1224,69,Completed,Mia Martinez,TICKET-001224,2024-11-14,Power outlet not working,Level 3,Electrical,2024-11-14 00:00:00,2024-11-14 00:00:00,,,,
1225,83,Completed,Clark West,TICKET-001225,2024-11-15,Refrigerator not cooling,Level 2,Appliance,2024-11-15 00:00:00,2024-11-15 00:00:00,,,,
1226,82,Completed,Mia Martinez,TICKET-001226,2024-11-09,Circuit breaker tripping,Level 3,Electrical,2024-11-09 00:00:00,2024-11-09 00:00:00,,,,
1227,93,Completed,Mia Martinez,TICKET-001227,2024-11-20,Window frame repair,Level 1,Structural,2024-11-20 00:00:00,2024-11-20 00:00:00,,,,
1228,100,Completed,Bernita Crona,TICKET-001228,2024-11-13,Flooring issue,Level 2,Structural,2024-11-13 00:00:00,2024-11-13 00:00:00,,,,
1229,97,Completed,King Bruen,TICKET-001229,2024-11-29,Power outlet not working,Level 1,Electrical,2024-11-29 00:00:00,2024-11-29 00:00:00,,,,
1230,119,Completed,Mia Martinez,TICKET-001230,2024-11-04,Refrigerator not cooling,Level 2,Appliance,2024-11-04 00:00:00,2024-11-04 00:00:00,,,,
1231,168,Completed,Mia Martinez,TICKET-001231,2024-11-05,Sink drainage issue,Level 3,Plumbing,2024-11-05 00:00:00,2024-11-05 00:00:00,,,,
1232,168,Completed,Marcus Manager,TICKET-001232,2024-11-25,Wall crack,Level 2,Structural,2024-11-25 00:00:00,2024-11-25 00:00:00,,,,
1233,296,Completed,Marcus Manager,TICKET-001233,2024-11-28,Refrigerator not cooling,Level 3,Appliance,2024-11-28 00:00:00,2024-11-28 00:00:00,,,,
1234,223,Completed,Clark West,TICKET-001234,2024-11-14,Dryer not working,Level 1,Appliance,2024-11-14 00:00:00,2024-11-14 00:00:00,,,,
1235,221,Completed,Marcus Manager,TICKET-001235,2024-11-18,Exhaust fan noise,Level 3,Appliance,2024-11-18 00:00:00,2024-11-18 00:00:00,,,,
1236,246,Completed,Marcus Manager,TICKET-001236,2024-11-19,Door frame damage,Level 1,Structural,2024-11-19 00:00:00,2024-11-19 00:00:00,,,,
1237,257,Completed,Clark West,TICKET-001237,2024-11-25,Mosquito problem,Level 1,Pest Control,2024-11-25 00:00:00,2024-11-25 00:00:00,,,,
1238,1,Completed,Mia Martinez,TICKET-001238,2024-12-03,Dishwasher leakage,Level 4,Appliance,2024-12-03 00:00:00,2024-12-03 00:00:00,,,,
1239,2,Completed,Clark West,TICKET-001239,2024-12-30,Spider infestation,Level 4,Pest Control,2024-12-30 00:00:00,2024-12-30 00:00:00,,,,
1240,15,Completed,Mia Martinez,TICKET-001240,2024-12-02,Termite inspection,Level 2,Pest Control,2024-12-02 00:00:00,2024-12-02 00:00:00,,,,
1241,10,Completed,Bernita Crona,TICKET-001241,2024-12-04,Leaking faucet,Level 4,Plumbing,2024-12-04 00:00:00,2024-12-04 00:00:00,,,,
1242,17,Completed,Bernita Crona,TICKET-001242,2024-12-28,Spider infestation,Level 1,Pest Control,2024-12-28 00:00:00,2024-12-28 00:00:00,,,,
1243,17,Completed,Marcus Manager,TICKET-001243,2024-12-09,Low water pressure,Level 3,Plumbing,2024-12-09 00:00:00,2024-12-09 00:00:00,,,,
1244,30,Completed,Mia Martinez,TICKET-001244,2024-12-13,Loose tiles,Level 1,Structural,2024-12-13 00:00:00,2024-12-13 00:00:00,,,,
1245,39,Completed,Mia Martinez,TICKET-001245,2024-12-13,Flooring issue,Level 1,Structural,2024-12-13 00:00:00,2024-12-13 00:00:00,,,,
1246,45,Completed,Mia Martinez,TICKET-001246,2024-12-28,Spider infestation,Level 3,Pest Control,2024-12-28 00:00:00,2024-12-28 00:00:00,,,,
1247,215,Completed,Bernita Crona,TICKET-001247,2024-12-05,Ceiling crack,Level 3,Structural,2024-12-05 00:00:00,2024-12-05 00:00:00,,,,
1248,205,Completed,Mia Martinez,TICKET-001248,2024-12-28,Bed bug inspection,Level 2,Pest Control,2024-12-28 00:00:00,2024-12-28 00:00:00,,,,
1249,84,Completed,Marcus Manager,TICKET-001249,2024-12-28,Sink drainage issue,Level 3,Plumbing,2024-12-28 00:00:00,2024-12-28 00:00:00,,,,
1250,86,Completed,Marcus Manager,TICKET-001250,2024-12-28,Spider infestation,Level 3,Pest Control,2024-12-28 00:00:00,2024-12-28 00:00:00,,,,
1251,90,Completed,Marcus Manager,TICKET-001251,2024-12-08,Refrigerator not cooling,Level 2,Appliance,2024-12-08 00:00:00,2024-12-08 00:00:00,,,,
1252,96,Completed,Mia Martinez,TICKET-001252,2024-12-24,Loose tiles,Level 2,Structural,2024-12-24 00:00:00,2024-12-24 00:00:00,,,,
1253,94,Completed,Bernita Crona,TICKET-001253,2024-12-22,Mosquito problem,Level 2,Pest Control,2024-12-22 00:00:00,2024-12-22 00:00:00,,,,
1254,100,Completed,Marcus Manager,TICKET-001254,2024-12-11,Electrical panel inspection,Level 1,Electrical,2024-12-11 00:00:00,2024-12-11 00:00:00,,,,
1255,129,Completed,King Bruen,TICKET-001255,2024-12-18,Sink drainage issue,Level 4,Plumbing,2024-12-18 00:00:00,2024-12-18 00:00:00,,,,
1256,283,Completed,King Bruen,TICKET-001256,2024-12-12,Switch not working,Level 3,Electrical,2024-12-12 00:00:00,2024-12-12 00:00:00,,,,
1257,156,Completed,Clark West,TICKET-001257,2024-12-28,Switch not working,Level 1,Electrical,2024-12-28 00:00:00,2024-12-28 00:00:00,,,,
1258,158,Completed,Clark West,TICKET-001258,2024-12-22,Running toilet,Level 2,Plumbing,2024-12-22 00:00:00,2024-12-22 00:00:00,,,,
1259,295,Completed,Marcus Manager,TICKET-001259,2024-12-17,Power outlet not working,Level 4,Electrical,2024-12-17 00:00:00,2024-12-17 00:00:00,,,,
1260,183,Completed,Clark West,TICKET-001260,2024-12-04,Dryer not working,Level 2,Appliance,2024-12-04 00:00:00,2024-12-04 00:00:00,,,,
1261,235,Completed,Marcus Manager,TICKET-001261,2024-12-08,Flickering lights,Level 1,Electrical,2024-12-08 00:00:00,2024-12-08 00:00:00,,,,
1262,239,Completed,Clark West,TICKET-001262,2024-12-08,Electrical panel inspection,Level 1,Electrical,2024-12-08 00:00:00,2024-12-08 00:00:00,,,,
1263,256,Completed,King Bruen,TICKET-001263,2024-12-19,Rodent activity,Level 2,Pest Control,2024-12-19 00:00:00,2024-12-19 00:00:00,,,,
1264,257,Completed,Clark West,TICKET-001264,2024-12-01,Electrical panel inspection,Level 2,Electrical,2024-12-01 00:00:00,2024-12-01 00:00:00,,,,
1265,261,Completed,Mia Martinez,TICKET-001265,2024-12-31,Termite inspection,Level 2,Pest Control,2024-12-31 00:00:00,2024-12-31 00:00:00,,,,
1266,1,Completed,Bernita Crona,TICKET-001266,2025-01-08,Dishwasher leakage,Level 4,Appliance,2025-01-08 00:00:00,2025-01-08 00:00:00,,,,
1267,175,Completed,Mia Martinez,TICKET-001267,2025-01-27,Dripping shower head,Level 3,Plumbing,2025-01-27 00:00:00,2025-01-27 00:00:00,,,,
1268,16,Completed,Bernita Crona,TICKET-001268,2025-01-17,Ceiling crack,Level 3,Structural,2025-01-17 00:00:00,2025-01-17 00:00:00,,,,
1269,12,Completed,Clark West,TICKET-001269,2025-01-28,Ceiling crack,Level 3,Structural,2025-01-28 00:00:00,2025-01-28 00:00:00,,,,
1270,35,Completed,King Bruen,TICKET-001270,2025-01-19,Loose tiles,Level 3,Structural,2025-01-19 00:00:00,2025-01-19 00:00:00,,,,
1271,42,Completed,King Bruen,TICKET-001271,2025-01-24,Power outlet not working,Level 3,Electrical,2025-01-24 00:00:00,2025-01-24 00:00:00,,,,
1272,110,Completed,King Bruen,TICKET-001272,2025-01-27,Pipe leakage,Level 3,Plumbing,2025-01-27 00:00:00,2025-01-27 00:00:00,,,,
1273,111,Completed,Clark West,TICKET-001273,2025-01-07,Dishwasher leakage,Level 3,Appliance,2025-01-07 00:00:00,2025-01-07 00:00:00,,,,
1274,79,Completed,Marcus Manager,TICKET-001274,2025-01-11,Door not closing,Level 2,Structural,2025-01-11 00:00:00,2025-01-11 00:00:00,,,,
1275,61,Completed,Marcus Manager,TICKET-001275,2025-01-05,AC remote issue,Level 1,Appliance,2025-01-05 00:00:00,2025-01-05 00:00:00,,,,
1276,84,Completed,King Bruen,TICKET-001276,2025-01-09,Water heater broken,Level 1,Plumbing,2025-01-09 00:00:00,2025-01-09 00:00:00,,,,
1277,88,Completed,Clark West,TICKET-001277,2025-01-18,Ceiling crack,Level 2,Structural,2025-01-18 00:00:00,2025-01-18 00:00:00,,,,
1278,94,Completed,Marcus Manager,TICKET-001278,2025-01-25,Leaking faucet,Level 2,Plumbing,2025-01-25 00:00:00,2025-01-25 00:00:00,,,,
1279,101,Completed,King Bruen,TICKET-001279,2025-01-25,Water heater broken,Level 3,Plumbing,2025-01-25 00:00:00,2025-01-25 00:00:00,,,,
1280,100,Completed,Marcus Manager,TICKET-001280,2025-01-23,Sink drainage issue,Level 1,Plumbing,2025-01-23 00:00:00,2025-01-23 00:00:00,,,,
1281,125,Completed,Clark West,TICKET-001281,2025-01-12,Electrical panel inspection,Level 1,Electrical,2025-01-12 00:00:00,2025-01-12 00:00:00,,,,
1282,134,Completed,Mia Martinez,TICKET-001282,2025-01-16,Switch not working,Level 1,Electrical,2025-01-16 00:00:00,2025-01-16 00:00:00,,,,
1283,162,Completed,Mia Martinez,TICKET-001283,2025-01-09,Dryer not working,Level 4,Appliance,2025-01-09 00:00:00,2025-01-09 00:00:00,,,,
1284,297,Completed,Bernita Crona,TICKET-001284,2025-01-07,Running toilet,Level 1,Plumbing,2025-01-07 00:00:00,2025-01-07 00:00:00,,,,
1285,171,Completed,Bernita Crona,TICKET-001285,2025-01-19,Bed bug inspection,Level 3,Pest Control,2025-01-19 00:00:00,2025-01-19 00:00:00,,,,
1286,222,Completed,Clark West,TICKET-001286,2025-01-14,Wiring problem,Level 1,Electrical,2025-01-14 00:00:00,2025-01-14 00:00:00,,,,
1287,221,Completed,Mia Martinez,TICKET-001287,2025-01-24,Spider infestation,Level 3,Pest Control,2025-01-24 00:00:00,2025-01-24 00:00:00,,,,
1288,274,Completed,Marcus Manager,TICKET-001288,2025-01-29,Flickering lights,Level 1,Electrical,2025-01-29 00:00:00,2025-01-29 00:00:00,,,,
1289,261,Completed,Clark West,TICKET-001289,2025-01-26,Switch not working,Level 2,Electrical,2025-01-26 00:00:00,2025-01-26 00:00:00,,,,
1290,259,Completed,King Bruen,TICKET-001290,2025-01-16,Clogged drain,Level 1,Plumbing,2025-01-16 00:00:00,2025-01-16 00:00:00,,,,
1291,2,Completed,Marcus Manager,TICKET-001291,2025-02-18,Door frame damage,Level 1,Structural,2025-02-18 00:00:00,2025-02-18 00:00:00,,,,
1292,11,Completed,Bernita Crona,TICKET-001292,2025-02-22,Mosquito problem,Level 4,Pest Control,2025-02-22 00:00:00,2025-02-22 00:00:00,,,,
1293,21,Completed,Mia Martinez,TICKET-001293,2025-02-22,Washing machine malfunction,Level 3,Appliance,2025-02-22 00:00:00,2025-02-22 00:00:00,,,,
1294,43,Completed,Marcus Manager,TICKET-001294,2025-02-13,Wall damage,Level 3,Structural,2025-02-13 00:00:00,2025-02-13 00:00:00,,,,
1295,47,Completed,Marcus Manager,TICKET-001295,2025-02-06,Window frame repair,Level 2,Structural,2025-02-06 00:00:00,2025-02-06 00:00:00,,,,
1296,212,Completed,Marcus Manager,TICKET-001296,2025-02-20,Running toilet,Level 1,Plumbing,2025-02-20 00:00:00,2025-02-20 00:00:00,,,,
1297,104,Completed,King Bruen,TICKET-001297,2025-02-04,Pipe leakage,Level 2,Plumbing,2025-02-04 00:00:00,2025-02-04 00:00:00,,,,
1298,59,Completed,Mia Martinez,TICKET-001298,2025-02-24,Door frame damage,Level 2,Structural,2025-02-24 00:00:00,2025-02-24 00:00:00,,,,
1299,83,Completed,Mia Martinez,TICKET-001299,2025-02-24,Dishwasher leakage,Level 3,Appliance,2025-02-24 00:00:00,2025-02-24 00:00:00,,,,
1300,83,Completed,Clark West,TICKET-001300,2025-02-21,Water heater broken,Level 1,Plumbing,2025-02-21 00:00:00,2025-02-21 00:00:00,,,,
1301,92,Completed,Bernita Crona,TICKET-001301,2025-02-06,Dishwasher leakage,Level 4,Appliance,2025-02-06 00:00:00,2025-02-06 00:00:00,,,,
1302,100,Completed,Bernita Crona,TICKET-001302,2025-02-21,Clogged drain,Level 2,Plumbing,2025-02-21 00:00:00,2025-02-21 00:00:00,,,,
1303,98,Completed,Mia Martinez,TICKET-001303,2025-02-23,Microwave not heating,Level 1,Appliance,2025-02-23 00:00:00,2025-02-23 00:00:00,,,,
1304,117,Completed,King Bruen,TICKET-001304,2025-02-01,Door not closing,Level 1,Structural,2025-02-01 00:00:00,2025-02-01 00:00:00,,,,
1305,132,Completed,King Bruen,TICKET-001305,2025-02-04,Flickering lights,Level 4,Electrical,2025-02-04 00:00:00,2025-02-04 00:00:00,,,,
1306,136,Completed,Mia Martinez,TICKET-001306,2025-02-03,General pest treatment,Level 3,Pest Control,2025-02-03 00:00:00,2025-02-03 00:00:00,,,,
1307,283,Completed,Mia Martinez,TICKET-001307,2025-02-11,Sink drainage issue,Level 1,Plumbing,2025-02-11 00:00:00,2025-02-11 00:00:00,,,,
1308,183,Completed,King Bruen,TICKET-001308,2025-02-05,Low water pressure,Level 2,Plumbing,2025-02-05 00:00:00,2025-02-05 00:00:00,,,,
1309,188,Completed,Marcus Manager,TICKET-001309,2025-02-20,Wall crack,Level 2,Structural,2025-02-20 00:00:00,2025-02-20 00:00:00,,,,
1310,196,Completed,King Bruen,TICKET-001310,2025-02-06,Oven issue,Level 3,Appliance,2025-02-06 00:00:00,2025-02-06 00:00:00,,,,
1311,222,Completed,Mia Martinez,TICKET-001311,2025-02-25,Mosquito problem,Level 3,Pest Control,2025-02-25 00:00:00,2025-02-25 00:00:00,,,,
1312,264,Completed,Marcus Manager,TICKET-001312,2025-03-07,Microwave not heating,Level 1,Appliance,2025-03-07 00:00:00,2025-03-07 00:00:00,,,,
1313,173,Completed,Mia Martinez,TICKET-001313,2025-03-14,General pest treatment,Level 3,Pest Control,2025-03-14 00:00:00,2025-03-14 00:00:00,,,,
1314,12,Completed,Bernita Crona,TICKET-001314,2025-03-26,Wiring problem,Level 1,Electrical,2025-03-26 00:00:00,2025-03-26 00:00:00,,,,
1315,18,Completed,Marcus Manager,TICKET-001315,2025-03-06,Light fixture malfunction,Level 1,Electrical,2025-03-06 00:00:00,2025-03-06 00:00:00,,,,
1316,17,Completed,Mia Martinez,TICKET-001316,2025-03-25,Rodent activity,Level 2,Pest Control,2025-03-25 00:00:00,2025-03-25 00:00:00,,,,
1317,43,Completed,Bernita Crona,TICKET-001317,2025-03-22,Light fixture malfunction,Level 2,Electrical,2025-03-22 00:00:00,2025-03-22 00:00:00,,,,
1318,81,Completed,Clark West,TICKET-001318,2025-03-21,Wall damage,Level 1,Structural,2025-03-21 00:00:00,2025-03-21 00:00:00,,,,
1319,81,Completed,Clark West,TICKET-001319,2025-03-25,Mosquito problem,Level 2,Pest Control,2025-03-25 00:00:00,2025-03-25 00:00:00,,,,
1320,205,Completed,Mia Martinez,TICKET-001320,2025-03-30,Pipe leakage,Level 1,Plumbing,2025-03-30 00:00:00,2025-03-30 00:00:00,,,,
1321,203,Completed,Mia Martinez,TICKET-001321,2025-03-09,Switch not working,Level 3,Electrical,2025-03-09 00:00:00,2025-03-09 00:00:00,,,,
1322,90,Completed,King Bruen,TICKET-001322,2025-03-26,Window frame repair,Level 2,Structural,2025-03-26 00:00:00,2025-03-26 00:00:00,,,,
1323,101,Completed,Marcus Manager,TICKET-001323,2025-03-22,General pest treatment,Level 3,Pest Control,2025-03-22 00:00:00,2025-03-22 00:00:00,,,,
1324,98,Completed,Marcus Manager,TICKET-001324,2025-03-24,Rodent activity,Level 3,Pest Control,2025-03-24 00:00:00,2025-03-24 00:00:00,,,,
1325,127,Completed,Clark West,TICKET-001325,2025-03-19,Microwave not heating,Level 2,Appliance,2025-03-19 00:00:00,2025-03-19 00:00:00,,,,
1326,122,Completed,Mia Martinez,TICKET-001326,2025-03-31,Dripping shower head,Level 3,Plumbing,2025-03-31 00:00:00,2025-03-31 00:00:00,,,,
1327,134,Completed,Mia Martinez,TICKET-001327,2025-03-04,Microwave not heating,Level 3,Appliance,2025-03-04 00:00:00,2025-03-04 00:00:00,,,,
1328,130,Completed,Mia Martinez,TICKET-001328,2025-03-11,Loose tiles,Level 1,Structural,2025-03-11 00:00:00,2025-03-11 00:00:00,,,,
1329,161,Completed,Marcus Manager,TICKET-001329,2025-03-08,Door not closing,Level 2,Structural,2025-03-08 00:00:00,2025-03-08 00:00:00,,,,
1330,150,Completed,Marcus Manager,TICKET-001330,2025-03-02,Ceiling crack,Level 1,Structural,2025-03-02 00:00:00,2025-03-02 00:00:00,,,,
1331,157,Completed,Marcus Manager,TICKET-001331,2025-03-19,Cockroach sighting,Level 2,Pest Control,2025-03-19 00:00:00,2025-03-19 00:00:00,,,,
1332,301,Completed,Mia Martinez,TICKET-001332,2025-03-29,Ant infestation,Level 3,Pest Control,2025-03-29 00:00:00,2025-03-29 00:00:00,,,,
1333,222,Completed,King Bruen,TICKET-001333,2025-03-16,AC unit electrical issues,Level 1,Electrical,2025-03-16 00:00:00,2025-03-16 00:00:00,,,,
1334,222,Completed,Bernita Crona,TICKET-001334,2025-03-05,Wall crack,Level 1,Structural,2025-03-05 00:00:00,2025-03-05 00:00:00,,,,
1335,234,Completed,Bernita Crona,TICKET-001335,2025-03-30,Window frame repair,Level 1,Structural,2025-03-30 00:00:00,2025-03-30 00:00:00,,,,
1336,251,Completed,Clark West,TICKET-001336,2025-03-14,Bed bug inspection,Level 3,Pest Control,2025-03-14 00:00:00,2025-03-14 00:00:00,,,,
1337,1,Completed,Mia Martinez,TICKET-001337,2025-04-05,Exhaust fan noise,Level 3,Appliance,2025-04-05 00:00:00,2025-04-05 00:00:00,,,,
1338,14,Completed,Clark West,TICKET-001338,2025-04-26,Spider infestation,Level 4,Pest Control,2025-04-26 00:00:00,2025-04-26 00:00:00,,,,
1339,10,Completed,Mia Martinez,TICKET-001339,2025-04-13,Water heater broken,Level 2,Plumbing,2025-04-13 00:00:00,2025-04-13 00:00:00,,,,
1340,18,Completed,Clark West,TICKET-001340,2025-04-15,Pipe leakage,Level 2,Plumbing,2025-04-15 00:00:00,2025-04-15 00:00:00,,,,
1341,19,Completed,King Bruen,TICKET-001341,2025-04-27,Washing machine malfunction,Level 2,Appliance,2025-04-27 00:00:00,2025-04-27 00:00:00,,,,
1342,25,Completed,King Bruen,TICKET-001342,2025-04-29,Water heater broken,Level 2,Plumbing,2025-04-29 00:00:00,2025-04-29 00:00:00,,,,
1343,41,Completed,Clark West,TICKET-001343,2025-04-24,Power outlet not working,Level 4,Electrical,2025-04-24 00:00:00,2025-04-24 00:00:00,,,,
1344,41,Completed,Mia Martinez,TICKET-001344,2025-04-11,AC remote issue,Level 3,Appliance,2025-04-11 00:00:00,2025-04-11 00:00:00,,,,
1345,44,Completed,Bernita Crona,TICKET-001345,2025-04-20,AC unit electrical issues,Level 1,Electrical,2025-04-20 00:00:00,2025-04-20 00:00:00,,,,
1346,75,Completed,Mia Martinez,TICKET-001346,2025-04-16,Switch not working,Level 1,Electrical,2025-04-16 00:00:00,2025-04-16 00:00:00,,,,
1347,142,Completed,Bernita Crona,TICKET-001347,2025-04-16,Dryer not working,Level 1,Appliance,2025-04-16 00:00:00,2025-04-16 00:00:00,,,,
1348,205,Completed,Marcus Manager,TICKET-001348,2025-04-24,Power outlet not working,Level 1,Electrical,2025-04-24 00:00:00,2025-04-24 00:00:00,,,,
1349,85,Completed,Bernita Crona,TICKET-001349,2025-04-11,Low water pressure,Level 2,Plumbing,2025-04-11 00:00:00,2025-04-11 00:00:00,,,,
1350,82,Completed,Clark West,TICKET-001350,2025-04-07,Leaking faucet,Level 3,Plumbing,2025-04-07 00:00:00,2025-04-07 00:00:00,,,,
1351,180,Completed,Bernita Crona,TICKET-001351,2025-04-06,AC remote issue,Level 1,Appliance,2025-04-06 00:00:00,2025-04-06 00:00:00,,,,
1352,86,Completed,Bernita Crona,TICKET-001352,2025-04-06,Wall crack,Level 2,Structural,2025-04-06 00:00:00,2025-04-06 00:00:00,,,,
1353,99,Completed,Mia Martinez,TICKET-001353,2025-04-15,Dryer not working,Level 3,Appliance,2025-04-15 00:00:00,2025-04-15 00:00:00,,,,
1354,97,Completed,Mia Martinez,TICKET-001354,2025-04-22,Wall damage,Level 3,Structural,2025-04-22 00:00:00,2025-04-22 00:00:00,,,,
1355,114,Completed,Mia Martinez,TICKET-001355,2025-04-07,Refrigerator not cooling,Level 1,Appliance,2025-04-07 00:00:00,2025-04-07 00:00:00,,,,
1356,115,Completed,King Bruen,TICKET-001356,2025-04-02,Window frame repair,Level 3,Structural,2025-04-02 00:00:00,2025-04-02 00:00:00,,,,
1357,135,Completed,Clark West,TICKET-001357,2025-04-22,Loose tiles,Level 1,Structural,2025-04-22 00:00:00,2025-04-22 00:00:00,,,,
1358,169,Completed,Bernita Crona,TICKET-001358,2025-04-23,Microwave not heating,Level 1,Appliance,2025-04-23 00:00:00,2025-04-23 00:00:00,,,,
1359,295,Completed,Marcus Manager,TICKET-001359,2025-04-22,Clogged drain,Level 3,Plumbing,2025-04-22 00:00:00,2025-04-22 00:00:00,,,,
1360,186,Completed,Mia Martinez,TICKET-001360,2025-04-15,Bed bug inspection,Level 2,Pest Control,2025-04-15 00:00:00,2025-04-15 00:00:00,,,,
1361,191,Completed,Clark West,TICKET-001361,2025-04-17,Rodent activity,Level 4,Pest Control,2025-04-17 00:00:00,2025-04-17 00:00:00,,,,
1362,200,Completed,King Bruen,TICKET-001362,2025-04-25,Dryer not working,Level 1,Appliance,2025-04-25 00:00:00,2025-04-25 00:00:00,,,,
1363,196,Completed,Marcus Manager,TICKET-001363,2025-04-26,Exhaust fan noise,Level 2,Appliance,2025-04-26 00:00:00,2025-04-26 00:00:00,,,,
1364,222,Completed,Marcus Manager,TICKET-001364,2025-04-21,Running toilet,Level 1,Plumbing,2025-04-21 00:00:00,2025-04-21 00:00:00,,,,
1365,235,Completed,King Bruen,TICKET-001365,2025-04-04,Pipe leakage,Level 3,Plumbing,2025-04-04 00:00:00,2025-04-04 00:00:00,,,,
1366,225,Completed,King Bruen,TICKET-001366,2025-04-02,Exhaust fan noise,Level 2,Appliance,2025-04-02 00:00:00,2025-04-02 00:00:00,,,,
1367,274,Completed,Clark West,TICKET-001367,2025-04-24,Leaking faucet,Level 2,Plumbing,2025-04-24 00:00:00,2025-04-24 00:00:00,,,,
1368,236,Completed,Marcus Manager,TICKET-001368,2025-04-28,AC unit electrical issues,Level 2,Electrical,2025-04-28 00:00:00,2025-04-28 00:00:00,,,,
1369,246,Completed,Mia Martinez,TICKET-001369,2025-04-12,Ceiling crack,Level 2,Structural,2025-04-12 00:00:00,2025-04-12 00:00:00,,,,
1370,257,Completed,Clark West,TICKET-001370,2025-04-14,Ant infestation,Level 4,Pest Control,2025-04-14 00:00:00,2025-04-14 00:00:00,,,,
1371,260,Completed,King Bruen,TICKET-001371,2025-04-25,Exhaust fan noise,Level 2,Appliance,2025-04-25 00:00:00,2025-04-25 00:00:00,,,,
1372,1,Completed,Marcus Manager,TICKET-001372,2025-05-31,Low water pressure,Level 1,Plumbing,2025-05-31 00:00:00,2025-05-31 00:00:00,,,,
1373,13,Completed,Clark West,TICKET-001373,2025-05-07,Leaking faucet,Level 2,Plumbing,2025-05-07 00:00:00,2025-05-07 00:00:00,,,,
1374,18,Completed,Marcus Manager,TICKET-001374,2025-05-25,Oven issue,Level 2,Appliance,2025-05-25 00:00:00,2025-05-25 00:00:00,,,,
1375,21,Completed,Bernita Crona,TICKET-001375,2025-05-15,Electrical panel inspection,Level 1,Electrical,2025-05-15 00:00:00,2025-05-15 00:00:00,,,,
1376,35,Completed,Marcus Manager,TICKET-001376,2025-05-11,Running toilet,Level 2,Plumbing,2025-05-11 00:00:00,2025-05-11 00:00:00,,,,
1377,33,Completed,Marcus Manager,TICKET-001377,2025-05-16,Refrigerator not cooling,Level 2,Appliance,2025-05-16 00:00:00,2025-05-16 00:00:00,,,,
1378,49,Completed,King Bruen,TICKET-001378,2025-05-13,Oven issue,Level 2,Appliance,2025-05-13 00:00:00,2025-05-13 00:00:00,,,,
1379,44,Completed,Mia Martinez,TICKET-001379,2025-05-15,Wall crack,Level 2,Structural,2025-05-15 00:00:00,2025-05-15 00:00:00,,,,
1380,85,Completed,Mia Martinez,TICKET-001380,2025-05-24,AC remote issue,Level 2,Appliance,2025-05-24 00:00:00,2025-05-24 00:00:00,,,,
1381,84,Completed,King Bruen,TICKET-001381,2025-05-21,AC unit electrical issues,Level 2,Electrical,2025-05-21 00:00:00,2025-05-21 00:00:00,,,,
1382,91,Pending,Mia Martinez,TICKET-001382,2025-05-05,Spider infestation,Level 4,Pest Control,2025-05-05 00:00:00,2025-05-05 00:00:00,,,,
1383,92,Completed,Clark West,TICKET-001383,2025-05-14,Microwave not heating,Level 2,Appliance,2025-05-14 00:00:00,2025-05-14 00:00:00,,,,
1384,129,Completed,Bernita Crona,TICKET-001384,2025-05-08,Electrical panel inspection,Level 1,Electrical,2025-05-08 00:00:00,2025-05-08 00:00:00,,,,
1385,128,Completed,Mia Martinez,TICKET-001385,2025-05-08,Door frame damage,Level 1,Structural,2025-05-08 00:00:00,2025-05-08 00:00:00,,,,
1386,157,Completed,King Bruen,TICKET-001386,2025-05-29,Mosquito problem,Level 4,Pest Control,2025-05-29 00:00:00,2025-05-29 00:00:00,,,,
1387,157,Completed,Clark West,TICKET-001387,2025-05-18,Dryer not working,Level 2,Appliance,2025-05-18 00:00:00,2025-05-18 00:00:00,,,,
1388,196,Completed,Mia Martinez,TICKET-001388,2025-05-28,Wall crack,Level 3,Structural,2025-05-28 00:00:00,2025-05-28 00:00:00,,,,
1389,193,Completed,King Bruen,TICKET-001389,2025-05-13,Wall crack,Level 1,Structural,2025-05-13 00:00:00,2025-05-13 00:00:00,,,,
1390,259,Completed,Mia Martinez,TICKET-001390,2025-05-08,Door frame damage,Level 1,Structural,2025-05-08 00:00:00,2025-05-08 00:00:00,,,,
1391,2,Completed,Mia Martinez,TICKET-001391,2025-06-16,Bed bug inspection,Level 2,Pest Control,2025-06-16 00:00:00,2025-06-16 00:00:00,,,,
1392,6,Completed,Clark West,TICKET-001392,2025-06-26,Spider infestation,Level 3,Pest Control,2025-06-26 00:00:00,2025-06-26 00:00:00,,,,
1393,11,Completed,Mia Martinez,TICKET-001393,2025-06-25,Loose tiles,Level 2,Structural,2025-06-25 00:00:00,2025-06-25 00:00:00,,,,
1394,21,Completed,Marcus Manager,TICKET-001394,2025-06-16,Flooring issue,Level 3,Structural,2025-06-16 00:00:00,2025-06-16 00:00:00,,,,
1395,17,Completed,Clark West,TICKET-001395,2025-06-12,Dripping shower head,Level 3,Plumbing,2025-06-12 00:00:00,2025-06-12 00:00:00,,,,
1396,35,Completed,Marcus Manager,TICKET-001396,2025-06-08,Termite inspection,Level 3,Pest Control,2025-06-08 00:00:00,2025-06-08 00:00:00,,,,
1397,35,Completed,Mia Martinez,TICKET-001397,2025-06-08,Spider infestation,Level 3,Pest Control,2025-06-08 00:00:00,2025-06-08 00:00:00,,,,
1398,48,Completed,Bernita Crona,TICKET-001398,2025-06-11,Wiring problem,Level 1,Electrical,2025-06-11 00:00:00,2025-06-11 00:00:00,,,,
1399,66,Completed,Marcus Manager,TICKET-001399,2025-06-15,Exhaust fan noise,Level 2,Appliance,2025-06-15 00:00:00,2025-06-15 00:00:00,,,,
1400,207,Completed,Marcus Manager,TICKET-001400,2025-06-19,Flickering lights,Level 1,Electrical,2025-06-19 00:00:00,2025-06-19 00:00:00,,,,
1401,83,Completed,Bernita Crona,TICKET-001401,2025-06-13,General pest treatment,Level 3,Pest Control,2025-06-13 00:00:00,2025-06-13 00:00:00,,,,
1402,82,Completed,Bernita Crona,TICKET-001402,2025-06-24,Oven issue,Level 1,Appliance,2025-06-24 00:00:00,2025-06-24 00:00:00,,,,
1403,90,Completed,Clark West,TICKET-001403,2025-06-10,Window frame repair,Level 3,Structural,2025-06-10 00:00:00,2025-06-10 00:00:00,,,,
1404,86,Completed,King Bruen,TICKET-001404,2025-06-28,Oven issue,Level 2,Appliance,2025-06-28 00:00:00,2025-06-28 00:00:00,,,,
1405,119,Completed,Bernita Crona,TICKET-001405,2025-06-17,Sink drainage issue,Level 3,Plumbing,2025-06-17 00:00:00,2025-06-17 00:00:00,,,,
1406,158,Completed,Bernita Crona,TICKET-001406,2025-06-05,Loose tiles,Level 3,Structural,2025-06-05 00:00:00,2025-06-05 00:00:00,,,,
1407,154,Completed,Mia Martinez,TICKET-001407,2025-06-02,Cockroach sighting,Level 2,Pest Control,2025-06-02 00:00:00,2025-06-02 00:00:00,,,,
1408,297,Completed,Bernita Crona,TICKET-001408,2025-06-14,Power outlet not working,Level 1,Electrical,2025-06-14 00:00:00,2025-06-14 00:00:00,,,,
1409,183,Completed,Clark West,TICKET-001409,2025-06-24,Low water pressure,Level 3,Plumbing,2025-06-24 00:00:00,2025-06-24 00:00:00,,,,
1410,187,Completed,King Bruen,TICKET-001410,2025-06-26,Washing machine malfunction,Level 3,Appliance,2025-06-26 00:00:00,2025-06-26 00:00:00,,,,
1411,199,Completed,Marcus Manager,TICKET-001411,2025-06-29,Flickering lights,Level 3,Electrical,2025-06-29 00:00:00,2025-06-29 00:00:00,,,,
1412,221,Completed,Mia Martinez,TICKET-001412,2025-06-20,Wall damage,Level 2,Structural,2025-06-20 00:00:00,2025-06-20 00:00:00,,,,
1413,222,Completed,Clark West,TICKET-001413,2025-06-21,Sink drainage issue,Level 1,Plumbing,2025-06-21 00:00:00,2025-06-21 00:00:00,,,,
1414,227,Completed,Mia Martinez,TICKET-001414,2025-06-12,Loose tiles,Level 1,Structural,2025-06-12 00:00:00,2025-06-12 00:00:00,,,,
1415,266,Completed,Marcus Manager,TICKET-001415,2025-06-17,Ceiling crack,Level 4,Structural,2025-06-17 00:00:00,2025-06-17 00:00:00,,,,
1416,256,Ongoing,Clark West,TICKET-001416,2025-06-30,Switch not working,Level 3,Electrical,2025-06-30 00:00:00,2025-06-30 00:00:00,,,,
1417,1,Completed,King Bruen,TICKET-001417,2025-07-12,Spider infestation,Level 3,Pest Control,2025-07-12 00:00:00,2025-07-12 00:00:00,,,,
1418,1,Completed,Clark West,TICKET-001418,2025-07-27,Electrical panel inspection,Level 1,Electrical,2025-07-27 00:00:00,2025-07-27 00:00:00,,,,
1419,9,Completed,Clark West,TICKET-001419,2025-07-06,Flickering lights,Level 1,Electrical,2025-07-06 00:00:00,2025-07-06 00:00:00,,,,
1420,39,Completed,Marcus Manager,TICKET-001420,2025-07-14,Dripping shower head,Level 1,Plumbing,2025-07-14 00:00:00,2025-07-14 00:00:00,,,,
1421,74,Completed,Mia Martinez,TICKET-001421,2025-07-09,AC remote issue,Level 4,Appliance,2025-07-09 00:00:00,2025-07-09 00:00:00,,,,
1422,143,Completed,King Bruen,TICKET-001422,2025-07-09,Bed bug inspection,Level 3,Pest Control,2025-07-09 00:00:00,2025-07-09 00:00:00,,,,
1423,144,Completed,King Bruen,TICKET-001423,2025-07-08,Low water pressure,Level 2,Plumbing,2025-07-08 00:00:00,2025-07-08 00:00:00,,,,
1424,181,Completed,Clark West,TICKET-001424,2025-07-05,AC unit electrical issues,Level 1,Electrical,2025-07-05 00:00:00,2025-07-05 00:00:00,,,,
1425,96,Completed,Mia Martinez,TICKET-001425,2025-07-10,Exhaust fan noise,Level 3,Appliance,2025-07-10 00:00:00,2025-07-10 00:00:00,,,,
1426,93,Completed,Bernita Crona,TICKET-001426,2025-07-27,Ceiling crack,Level 1,Structural,2025-07-27 00:00:00,2025-07-27 00:00:00,,,,
1427,99,Completed,Clark West,TICKET-001427,2025-07-04,Sink drainage issue,Level 1,Plumbing,2025-07-04 00:00:00,2025-07-04 00:00:00,,,,
1428,102,Completed,Marcus Manager,TICKET-001428,2025-07-05,Door not closing,Level 2,Structural,2025-07-05 00:00:00,2025-07-05 00:00:00,,,,
1429,283,Completed,Clark West,TICKET-001429,2025-07-02,Dryer not working,Level 2,Appliance,2025-07-02 00:00:00,2025-07-02 00:00:00,,,,
1430,157,Completed,Bernita Crona,TICKET-001430,2025-07-12,Switch not working,Level 1,Electrical,2025-07-12 00:00:00,2025-07-12 00:00:00,,,,
1431,151,Completed,Clark West,TICKET-001431,2025-07-29,Microwave not heating,Level 2,Appliance,2025-07-29 00:00:00,2025-07-29 00:00:00,,,,
1432,292,Completed,Bernita Crona,TICKET-001432,2025-07-23,Door not closing,Level 2,Structural,2025-07-23 00:00:00,2025-07-23 00:00:00,,,,
1433,186,Completed,Clark West,TICKET-001433,2025-07-21,Rodent activity,Level 2,Pest Control,2025-07-21 00:00:00,2025-07-21 00:00:00,,,,
1434,223,Ongoing,Clark West,TICKET-001434,2025-07-05,General pest treatment,Level 3,Pest Control,2025-07-05 00:00:00,2025-07-05 00:00:00,,,,
1435,232,Completed,Marcus Manager,TICKET-001435,2025-07-29,Exhaust fan noise,Level 2,Appliance,2025-07-29 00:00:00,2025-07-29 00:00:00,,,,
1436,279,Completed,Mia Martinez,TICKET-001436,2025-07-02,Ceiling crack,Level 3,Structural,2025-07-02 00:00:00,2025-07-02 00:00:00,,,,
1437,280,Completed,King Bruen,TICKET-001437,2025-07-05,Refrigerator not cooling,Level 2,Appliance,2025-07-05 00:00:00,2025-07-05 00:00:00,,,,
1438,247,Completed,Marcus Manager,TICKET-001438,2025-07-01,Window frame repair,Level 4,Structural,2025-07-01 00:00:00,2025-07-01 00:00:00,,,,
1439,253,Completed,King Bruen,TICKET-001439,2025-07-17,Exhaust fan noise,Level 1,Appliance,2025-07-17 00:00:00,2025-07-17 00:00:00,,,,
1440,258,Completed,King Bruen,TICKET-001440,2025-07-05,Refrigerator not cooling,Level 2,Appliance,2025-07-05 00:00:00,2025-07-05 00:00:00,,,,
1441,258,Completed,King Bruen,TICKET-001441,2025-07-05,Electrical panel inspection,Level 2,Electrical,2025-07-05 00:00:00,2025-07-05 00:00:00,,,,
1442,2,Completed,King Bruen,TICKET-001442,2025-08-19,Cockroach sighting,Level 3,Pest Control,2025-08-19 00:00:00,2025-08-19 00:00:00,,,,
1443,2,Completed,Marcus Manager,TICKET-001443,2025-08-20,Termite inspection,Level 2,Pest Control,2025-08-20 00:00:00,2025-08-20 00:00:00,,,,
1444,49,Completed,Mia Martinez,TICKET-001444,2025-08-26,Electrical panel inspection,Level 2,Electrical,2025-08-26 00:00:00,2025-08-26 00:00:00,,,,
1445,210,Completed,Bernita Crona,TICKET-001445,2025-08-27,Power outlet not working,Level 1,Electrical,2025-08-27 00:00:00,2025-08-27 00:00:00,,,,
1446,56,Completed,Bernita Crona,TICKET-001446,2025-08-20,Leaking faucet,Level 2,Plumbing,2025-08-20 00:00:00,2025-08-20 00:00:00,,,,
1447,74,Completed,Mia Martinez,TICKET-001447,2025-08-16,Electrical panel inspection,Level 3,Electrical,2025-08-16 00:00:00,2025-08-16 00:00:00,,,,
1448,81,Completed,Bernita Crona,TICKET-001448,2025-08-20,Window frame repair,Level 2,Structural,2025-08-20 00:00:00,2025-08-20 00:00:00,,,,
1449,86,Completed,Marcus Manager,TICKET-001449,2025-08-25,Rodent activity,Level 3,Pest Control,2025-08-25 00:00:00,2025-08-25 00:00:00,,,,
1450,93,Completed,King Bruen,TICKET-001450,2025-08-28,Leaking faucet,Level 2,Plumbing,2025-08-28 00:00:00,2025-08-28 00:00:00,,,,
1451,126,Completed,Clark West,TICKET-001451,2025-08-13,Washing machine malfunction,Level 2,Appliance,2025-08-13 00:00:00,2025-08-13 00:00:00,,,,
1452,133,Completed,Bernita Crona,TICKET-001452,2025-08-15,Spider infestation,Level 1,Pest Control,2025-08-15 00:00:00,2025-08-15 00:00:00,,,,
1453,289,Completed,Clark West,TICKET-001453,2025-08-05,Exhaust fan noise,Level 2,Appliance,2025-08-05 00:00:00,2025-08-05 00:00:00,,,,
1454,139,Completed,Bernita Crona,TICKET-001454,2025-08-30,Termite inspection,Level 1,Pest Control,2025-08-30 00:00:00,2025-08-30 00:00:00,,,,
1455,155,Completed,Marcus Manager,TICKET-001455,2025-08-30,Termite inspection,Level 3,Pest Control,2025-08-30 00:00:00,2025-08-30 00:00:00,,,,
1456,158,Completed,Clark West,TICKET-001456,2025-08-26,Switch not working,Level 1,Electrical,2025-08-26 00:00:00,2025-08-26 00:00:00,,,,
1457,193,Completed,King Bruen,TICKET-001457,2025-08-31,Pipe leakage,Level 2,Plumbing,2025-08-31 00:00:00,2025-08-31 00:00:00,,,,
1458,201,Completed,Mia Martinez,TICKET-001458,2025-08-29,Refrigerator not cooling,Level 1,Appliance,2025-08-29 00:00:00,2025-08-29 00:00:00,,,,
1459,222,Completed,Mia Martinez,TICKET-001459,2025-08-04,Leaking faucet,Level 2,Plumbing,2025-08-04 00:00:00,2025-08-04 00:00:00,,,,
1460,223,Completed,Marcus Manager,TICKET-001460,2025-08-31,Flooring issue,Level 4,Structural,2025-08-31 00:00:00,2025-08-31 00:00:00,,,,
1461,269,Completed,Mia Martinez,TICKET-001461,2025-08-08,Wiring problem,Level 2,Electrical,2025-08-08 00:00:00,2025-08-08 00:00:00,,,,
1462,237,Completed,Marcus Manager,TICKET-001462,2025-08-27,Dishwasher leakage,Level 2,Appliance,2025-08-27 00:00:00,2025-08-27 00:00:00,,,,
1463,2,Completed,King Bruen,TICKET-001463,2025-09-02,Spider infestation,Level 1,Pest Control,2025-09-02 00:00:00,2025-09-02 00:00:00,,,,
1464,2,Completed,Mia Martinez,TICKET-001464,2025-09-12,Dryer not working,Level 4,Appliance,2025-09-12 00:00:00,2025-09-12 00:00:00,,,,
1465,264,Completed,Bernita Crona,TICKET-001465,2025-09-29,Low water pressure,Level 1,Plumbing,2025-09-29 00:00:00,2025-09-29 00:00:00,,,,
1466,177,Completed,Marcus Manager,TICKET-001466,2025-09-03,Ant infestation,Level 3,Pest Control,2025-09-03 00:00:00,2025-09-03 00:00:00,,,,
1467,20,Completed,Mia Martinez,TICKET-001467,2025-09-29,Cockroach sighting,Level 3,Pest Control,2025-09-29 00:00:00,2025-09-29 00:00:00,,,,
1468,18,Completed,Marcus Manager,TICKET-001468,2025-09-22,Circuit breaker tripping,Level 1,Electrical,2025-09-22 00:00:00,2025-09-22 00:00:00,,,,
1469,42,Completed,Mia Martinez,TICKET-001469,2025-09-02,General pest treatment,Level 2,Pest Control,2025-09-02 00:00:00,2025-09-02 00:00:00,,,,
1470,47,Completed,King Bruen,TICKET-001470,2025-09-21,Dryer not working,Level 3,Appliance,2025-09-21 00:00:00,2025-09-21 00:00:00,,,,
1471,52,Completed,Clark West,TICKET-001471,2025-09-24,Switch not working,Level 1,Electrical,2025-09-24 00:00:00,2025-09-24 00:00:00,,,,
1472,110,Completed,Marcus Manager,TICKET-001472,2025-09-01,Wiring problem,Level 1,Electrical,2025-09-01 00:00:00,2025-09-01 00:00:00,,,,
1473,207,Completed,Marcus Manager,TICKET-001473,2025-09-16,Wall crack,Level 1,Structural,2025-09-16 00:00:00,2025-09-16 00:00:00,,,,
1474,147,Completed,Bernita Crona,TICKET-001474,2025-09-24,Ceiling crack,Level 4,Structural,2025-09-24 00:00:00,2025-09-24 00:00:00,,,,
1475,89,Completed,Bernita Crona,TICKET-001475,2025-09-16,Door not closing,Level 4,Structural,2025-09-16 00:00:00,2025-09-16 00:00:00,,,,
1476,182,Completed,Clark West,TICKET-001476,2025-09-21,Flooring issue,Level 4,Structural,2025-09-21 00:00:00,2025-09-21 00:00:00,,,,
1477,96,Completed,Mia Martinez,TICKET-001477,2025-09-23,Water heater broken,Level 1,Plumbing,2025-09-23 00:00:00,2025-09-23 00:00:00,,,,
1478,94,Completed,Clark West,TICKET-001478,2025-09-03,Low water pressure,Level 2,Plumbing,2025-09-03 00:00:00,2025-09-03 00:00:00,,,,
1479,119,Completed,Marcus Manager,TICKET-001479,2025-09-06,Termite inspection,Level 2,Pest Control,2025-09-06 00:00:00,2025-09-06 00:00:00,,,,
1480,128,Completed,Marcus Manager,TICKET-001480,2025-09-07,Oven issue,Level 3,Appliance,2025-09-07 00:00:00,2025-09-07 00:00:00,,,,
1481,133,Completed,King Bruen,TICKET-001481,2025-09-11,Microwave not heating,Level 3,Appliance,2025-09-11 00:00:00,2025-09-11 00:00:00,,,,
1482,294,Completed,Marcus Manager,TICKET-001482,2025-09-23,Rodent activity,Level 3,Pest Control,2025-09-23 00:00:00,2025-09-23 00:00:00,,,,
1483,298,Completed,Marcus Manager,TICKET-001483,2025-09-21,Rodent activity,Level 1,Pest Control,2025-09-21 00:00:00,2025-09-21 00:00:00,,,,
1484,200,Completed,Mia Martinez,TICKET-001484,2025-09-12,Dishwasher leakage,Level 2,Appliance,2025-09-12 00:00:00,2025-09-12 00:00:00,,,,
1485,222,Completed,King Bruen,TICKET-001485,2025-09-01,Light fixture malfunction,Level 3,Electrical,2025-09-01 00:00:00,2025-09-01 00:00:00,,,,
1486,223,Completed,King Bruen,TICKET-001486,2025-09-24,Light fixture malfunction,Level 1,Electrical,2025-09-24 00:00:00,2025-09-24 00:00:00,,,,
1487,225,Completed,Clark West,TICKET-001487,2025-09-17,Dryer not working,Level 2,Appliance,2025-09-17 00:00:00,2025-09-17 00:00:00,,,,
1488,259,Completed,Mia Martinez,TICKET-001488,2025-09-07,Pipe leakage,Level 2,Plumbing,2025-09-07 00:00:00,2025-09-07 00:00:00,,,,
1489,263,Completed,Mia Martinez,TICKET-001489,2025-10-24,Flooring issue,Level 2,Structural,2025-10-24 00:00:00,2025-10-24 00:00:00,,,,
1490,3,Completed,Mia Martinez,TICKET-001490,2025-10-14,Power outlet not working,Level 2,Electrical,2025-10-14 00:00:00,2025-10-14 00:00:00,,,,
1491,30,Completed,Clark West,TICKET-001491,2025-10-17,Switch not working,Level 2,Electrical,2025-10-17 00:00:00,2025-10-17 00:00:00,,,,
1492,32,Completed,Clark West,TICKET-001492,2025-10-23,Switch not working,Level 4,Electrical,2025-10-23 00:00:00,2025-10-23 00:00:00,,,,
1493,39,Completed,Bernita Crona,TICKET-001493,2025-10-18,Rodent activity,Level 3,Pest Control,2025-10-18 00:00:00,2025-10-18 00:00:00,,,,
1494,43,Completed,King Bruen,TICKET-001494,2025-10-04,Dryer not working,Level 2,Appliance,2025-10-04 00:00:00,2025-10-04 00:00:00,,,,
1495,58,Completed,Bernita Crona,TICKET-001495,2025-10-01,Exhaust fan noise,Level 2,Appliance,2025-10-01 00:00:00,2025-10-01 00:00:00,,,,
1496,104,Completed,Marcus Manager,TICKET-001496,2025-10-10,AC unit electrical issues,Level 3,Electrical,2025-10-10 00:00:00,2025-10-10 00:00:00,,,,
1497,66,Completed,Clark West,TICKET-001497,2025-10-29,Cockroach sighting,Level 1,Pest Control,2025-10-29 00:00:00,2025-10-29 00:00:00,,,,
1498,71,Completed,Bernita Crona,TICKET-001498,2025-10-11,Pipe leakage,Level 2,Plumbing,2025-10-11 00:00:00,2025-10-11 00:00:00,,,,
1499,182,Ongoing,Bernita Crona,TICKET-001499,2025-10-05,Cockroach sighting,Level 3,Pest Control,2025-10-05 00:00:00,2025-10-05 00:00:00,,,,
1500,92,Completed,Marcus Manager,TICKET-001500,2025-10-01,Flooring issue,Level 1,Structural,2025-10-01 00:00:00,2025-10-01 00:00:00,,,,
1501,92,Completed,Marcus Manager,TICKET-001501,2025-10-12,Spider infestation,Level 3,Pest Control,2025-10-12 00:00:00,2025-10-12 00:00:00,,,,
1502,99,Completed,Marcus Manager,TICKET-001502,2025-10-19,Loose tiles,Level 2,Structural,2025-10-19 00:00:00,2025-10-19 00:00:00,,,,
1503,125,Completed,Clark West,TICKET-001503,2025-10-02,AC unit electrical issues,Level 1,Electrical,2025-10-02 00:00:00,2025-10-02 00:00:00,,,,
1504,117,Completed,Clark West,TICKET-001504,2025-10-07,Wall crack,Level 2,Structural,2025-10-07 00:00:00,2025-10-07 00:00:00,,,,
1505,128,Completed,King Bruen,TICKET-001505,2025-10-22,Mosquito problem,Level 2,Pest Control,2025-10-22 00:00:00,2025-10-22 00:00:00,,,,
1506,134,Completed,Marcus Manager,TICKET-001506,2025-10-10,Window frame repair,Level 1,Structural,2025-10-10 00:00:00,2025-10-10 00:00:00,,,,
1507,289,Completed,Bernita Crona,TICKET-001507,2025-10-04,Bed bug inspection,Level 4,Pest Control,2025-10-04 00:00:00,2025-10-04 00:00:00,,,,
1508,155,Completed,Marcus Manager,TICKET-001508,2025-10-27,Window frame repair,Level 4,Structural,2025-10-27 00:00:00,2025-10-27 00:00:00,,,,
1509,294,Completed,Marcus Manager,TICKET-001509,2025-10-08,Ceiling crack,Level 2,Structural,2025-10-08 00:00:00,2025-10-08 00:00:00,,,,
1510,195,Completed,Mia Martinez,TICKET-001510,2025-10-31,Wall crack,Level 2,Structural,2025-10-31 00:00:00,2025-10-31 00:00:00,,,,
1511,194,Completed,Mia Martinez,TICKET-001511,2025-10-29,Mosquito problem,Level 4,Pest Control,2025-10-29 00:00:00,2025-10-29 00:00:00,,,,
1512,222,Completed,Bernita Crona,TICKET-001512,2025-10-14,Wall crack,Level 1,Structural,2025-10-14 00:00:00,2025-10-14 00:00:00,,,,
1513,224,Completed,Bernita Crona,TICKET-001513,2025-10-04,Water heater broken,Level 1,Plumbing,2025-10-04 00:00:00,2025-10-04 00:00:00,,,,
1514,243,Completed,Clark West,TICKET-001514,2025-10-04,Door frame damage,Level 1,Structural,2025-10-04 00:00:00,2025-10-04 00:00:00,,,,
1515,261,Completed,King Bruen,TICKET-001515,2025-10-10,Wiring problem,Level 1,Electrical,2025-10-10 00:00:00,2025-10-10 00:00:00,,,,
1516,260,Completed,Bernita Crona,TICKET-001516,2025-10-03,Dripping shower head,Level 2,Plumbing,2025-10-03 00:00:00,2025-10-03 00:00:00,,,,
1517,4,Completed,Bernita Crona,TICKET-001517,2025-11-26,Oven issue,Level 4,Appliance,2025-11-26 00:00:00,2025-11-26 00:00:00,,,,
1518,11,Completed,Mia Martinez,TICKET-001518,2025-11-10,Oven issue,Level 1,Appliance,2025-11-10 00:00:00,2025-11-10 00:00:00,,,,
1519,13,Completed,Marcus Manager,TICKET-001519,2025-11-30,Mosquito problem,Level 3,Pest Control,2025-11-30 00:00:00,2025-11-30 00:00:00,,,,
1520,22,Completed,Marcus Manager,TICKET-001520,2025-11-24,Pipe leakage,Level 3,Plumbing,2025-11-24 00:00:00,2025-11-24 00:00:00,,,,
1521,21,Completed,King Bruen,TICKET-001521,2025-11-09,Leaking faucet,Level 4,Plumbing,2025-11-09 00:00:00,2025-11-09 00:00:00,,,,
1522,24,Completed,Bernita Crona,TICKET-001522,2025-11-08,Electrical panel inspection,Level 2,Electrical,2025-11-08 00:00:00,2025-11-08 00:00:00,,,,
1523,25,Completed,King Bruen,TICKET-001523,2025-11-23,Running toilet,Level 1,Plumbing,2025-11-23 00:00:00,2025-11-23 00:00:00,,,,
1524,45,Completed,King Bruen,TICKET-001524,2025-11-17,Flooring issue,Level 1,Structural,2025-11-17 00:00:00,2025-11-17 00:00:00,,,,
1525,48,Completed,King Bruen,TICKET-001525,2025-11-02,Door not closing,Level 4,Structural,2025-11-02 00:00:00,2025-11-02 00:00:00,,,,
1526,210,Completed,Marcus Manager,TICKET-001526,2025-11-02,Ant infestation,Level 2,Pest Control,2025-11-02 00:00:00,2025-11-02 00:00:00,,,,
1527,217,Completed,Clark West,TICKET-001527,2025-11-16,Refrigerator not cooling,Level 1,Appliance,2025-11-16 00:00:00,2025-11-16 00:00:00,,,,
1528,79,Completed,King Bruen,TICKET-001528,2025-11-25,Wiring problem,Level 3,Electrical,2025-11-25 00:00:00,2025-11-25 00:00:00,,,,
1529,207,Completed,King Bruen,TICKET-001529,2025-11-18,Door frame damage,Level 1,Structural,2025-11-18 00:00:00,2025-11-18 00:00:00,,,,
1530,88,Completed,Bernita Crona,TICKET-001530,2025-11-03,Door frame damage,Level 2,Structural,2025-11-03 00:00:00,2025-11-03 00:00:00,,,,
1531,87,Completed,King Bruen,TICKET-001531,2025-11-05,Circuit breaker tripping,Level 3,Electrical,2025-11-05 00:00:00,2025-11-05 00:00:00,,,,
1532,94,Completed,Marcus Manager,TICKET-001532,2025-11-11,AC remote issue,Level 2,Appliance,2025-11-11 00:00:00,2025-11-11 00:00:00,,,,
1533,95,Completed,Mia Martinez,TICKET-001533,2025-11-15,Bed bug inspection,Level 3,Pest Control,2025-11-15 00:00:00,2025-11-15 00:00:00,,,,
1534,98,Completed,Marcus Manager,TICKET-001534,2025-11-07,Flooring issue,Level 1,Structural,2025-11-07 00:00:00,2025-11-07 00:00:00,,,,
1535,99,Completed,Marcus Manager,TICKET-001535,2025-11-24,Ant infestation,Level 3,Pest Control,2025-11-24 00:00:00,2025-11-24 00:00:00,,,,
1536,115,Completed,Bernita Crona,TICKET-001536,2025-11-18,AC unit electrical issues,Level 3,Electrical,2025-11-18 00:00:00,2025-11-18 00:00:00,,,,
1537,115,Completed,Bernita Crona,TICKET-001537,2025-11-28,Circuit breaker tripping,Level 1,Electrical,2025-11-28 00:00:00,2025-11-28 00:00:00,,,,
1538,301,Completed,Bernita Crona,TICKET-001538,2025-11-24,Running toilet,Level 2,Plumbing,2025-11-24 00:00:00,2025-11-24 00:00:00,,,,
1539,192,Pending,Mia Martinez,TICKET-001539,2025-11-11,AC unit electrical issues,Level 1,Electrical,2025-11-11 00:00:00,2025-11-11 00:00:00,,,,
1540,279,Completed,Mia Martinez,TICKET-001540,2025-11-11,Clogged drain,Level 2,Plumbing,2025-11-11 00:00:00,2025-11-11 00:00:00,,,,
1541,259,Completed,Mia Martinez,TICKET-001541,2025-11-20,Rodent activity,Level 3,Pest Control,2025-11-20 00:00:00,2025-11-20 00:00:00,,,,
1542,257,Completed,King Bruen,TICKET-001542,2025-11-16,Refrigerator not cooling,Level 1,Appliance,2025-11-16 00:00:00,2025-11-16 00:00:00,,,,
1543,2,Completed,Bernita Crona,TICKET-001543,2025-12-05,Flooring issue,Level 1,Structural,2025-12-05 00:00:00,2025-12-05 00:00:00,,,,
1544,1,Completed,Clark West,TICKET-001544,2025-12-31,Refrigerator not cooling,Level 2,Appliance,2025-12-31 00:00:00,2025-12-31 00:00:00,,,,
1545,9,Completed,King Bruen,TICKET-001545,2025-12-24,Microwave not heating,Level 3,Appliance,2025-12-24 00:00:00,2025-12-24 00:00:00,,,,
1546,11,Completed,Mia Martinez,TICKET-001546,2025-12-05,Microwave not heating,Level 1,Appliance,2025-12-05 00:00:00,2025-12-05 00:00:00,,,,
1547,21,Completed,King Bruen,TICKET-001547,2025-12-02,Rodent activity,Level 2,Pest Control,2025-12-02 00:00:00,2025-12-02 00:00:00,,,,
1548,38,Completed,Bernita Crona,TICKET-001548,2025-12-22,Electrical panel inspection,Level 1,Electrical,2025-12-22 00:00:00,2025-12-22 00:00:00,,,,
1549,41,Completed,King Bruen,TICKET-001549,2025-12-04,Clogged drain,Level 4,Plumbing,2025-12-04 00:00:00,2025-12-04 00:00:00,,,,
1550,51,Completed,Bernita Crona,TICKET-001550,2025-12-01,Switch not working,Level 2,Electrical,2025-12-01 00:00:00,2025-12-01 00:00:00,,,,
1551,48,Completed,Bernita Crona,TICKET-001551,2025-12-08,Light fixture malfunction,Level 2,Electrical,2025-12-08 00:00:00,2025-12-08 00:00:00,,,,
1552,220,Completed,Marcus Manager,TICKET-001552,2025-12-24,Ant infestation,Level 3,Pest Control,2025-12-24 00:00:00,2025-12-24 00:00:00,,,,
1553,107,Completed,Clark West,TICKET-001553,2025-12-19,Clogged drain,Level 1,Plumbing,2025-12-19 00:00:00,2025-12-19 00:00:00,,,,
1554,80,Completed,King Bruen,TICKET-001554,2025-12-02,Bed bug inspection,Level 2,Pest Control,2025-12-02 00:00:00,2025-12-02 00:00:00,,,,
1555,82,Completed,King Bruen,TICKET-001555,2025-12-01,Door not closing,Level 2,Structural,2025-12-01 00:00:00,2025-12-01 00:00:00,,,,
1556,182,Completed,Mia Martinez,TICKET-001556,2025-12-05,Washing machine malfunction,Level 2,Appliance,2025-12-05 00:00:00,2025-12-05 00:00:00,,,,
1557,87,Completed,Mia Martinez,TICKET-001557,2025-12-14,Door not closing,Level 2,Structural,2025-12-14 00:00:00,2025-12-14 00:00:00,,,,
1558,96,Completed,Mia Martinez,TICKET-001558,2025-12-23,Termite inspection,Level 1,Pest Control,2025-12-23 00:00:00,2025-12-23 00:00:00,,,,
1559,99,Completed,King Bruen,TICKET-001559,2025-12-25,Dripping shower head,Level 4,Plumbing,2025-12-25 00:00:00,2025-12-25 00:00:00,,,,
1560,101,Completed,King Bruen,TICKET-001560,2025-12-18,Running toilet,Level 1,Plumbing,2025-12-18 00:00:00,2025-12-18 00:00:00,,,,
1561,123,Completed,Marcus Manager,TICKET-001561,2025-12-15,Oven issue,Level 2,Appliance,2025-12-15 00:00:00,2025-12-15 00:00:00,,,,
1562,125,Completed,Mia Martinez,TICKET-001562,2025-12-18,Mosquito problem,Level 2,Pest Control,2025-12-18 00:00:00,2025-12-18 00:00:00,,,,
1563,281,Completed,Clark West,TICKET-001563,2025-12-26,Dripping shower head,Level 3,Plumbing,2025-12-26 00:00:00,2025-12-26 00:00:00,,,,
1564,286,Completed,Clark West,TICKET-001564,2025-12-23,Mosquito problem,Level 3,Pest Control,2025-12-23 00:00:00,2025-12-23 00:00:00,,,,
1565,155,Completed,Marcus Manager,TICKET-001565,2025-12-07,Termite inspection,Level 3,Pest Control,2025-12-07 00:00:00,2025-12-07 00:00:00,,,,
1566,301,Completed,Bernita Crona,TICKET-001566,2025-12-30,Flooring issue,Level 1,Structural,2025-12-30 00:00:00,2025-12-30 00:00:00,,,,
1567,221,Completed,Bernita Crona,TICKET-001567,2025-12-24,Leaking faucet,Level 2,Plumbing,2025-12-24 00:00:00,2025-12-24 00:00:00,,,,
1568,227,Completed,Marcus Manager,TICKET-001568,2025-12-01,AC remote issue,Level 4,Appliance,2025-12-01 00:00:00,2025-12-01 00:00:00,,,,
1569,251,Completed,Marcus Manager,TICKET-001569,2025-12-15,Leaking faucet,Level 2,Plumbing,2025-12-15 00:00:00,2025-12-15 00:00:00,,,,
1570,255,Completed,Mia Martinez,TICKET-001570,2025-12-26,AC unit electrical issues,Level 1,Electrical,2025-12-26 00:00:00,2025-12-26 00:00:00,,,,
1571,257,Completed,Bernita Crona,TICKET-001571,2025-12-28,Termite inspection,Level 3,Pest Control,2025-12-28 00:00:00,2025-12-28 00:00:00,,,,
1572,178,Completed,Marcus Manager,TICKET-001572,2026-01-05,Wall crack,Level 2,Structural,2026-01-05 00:00:00,2026-01-05 00:00:00,,,,
1573,16,Completed,Clark West,TICKET-001573,2026-01-27,Dripping shower head,Level 2,Plumbing,2026-01-27 00:00:00,2026-01-27 00:00:00,,,,
1574,20,Completed,Clark West,TICKET-001574,2026-01-01,Exhaust fan noise,Level 2,Appliance,2026-01-01 00:00:00,2026-01-01 00:00:00,,,,
1575,33,Completed,Mia Martinez,TICKET-001575,2026-01-28,Sink drainage issue,Level 1,Plumbing,2026-01-28 00:00:00,2026-01-28 00:00:00,,,,
1576,42,Completed,Clark West,TICKET-001576,2026-01-28,Dripping shower head,Level 1,Plumbing,2026-01-28 00:00:00,2026-01-28 00:00:00,,,,
1577,41,Completed,Marcus Manager,TICKET-001577,2026-01-25,Switch not working,Level 2,Electrical,2026-01-25 00:00:00,2026-01-25 00:00:00,,,,
1578,43,Completed,King Bruen,TICKET-001578,2026-01-22,Switch not working,Level 3,Electrical,2026-01-22 00:00:00,2026-01-22 00:00:00,,,,
1579,219,Completed,Clark West,TICKET-001579,2026-01-24,Dripping shower head,Level 2,Plumbing,2026-01-24 00:00:00,2026-01-24 00:00:00,,,,
1580,66,Completed,Mia Martinez,TICKET-001580,2026-01-15,Wiring problem,Level 1,Electrical,2026-01-15 00:00:00,2026-01-15 00:00:00,,,,
1581,146,Completed,Marcus Manager,TICKET-001581,2026-01-20,Exhaust fan noise,Level 2,Appliance,2026-01-20 00:00:00,2026-01-20 00:00:00,,,,
1582,82,Completed,King Bruen,TICKET-001582,2026-01-09,Door not closing,Level 4,Structural,2026-01-09 00:00:00,2026-01-09 00:00:00,,,,
1583,85,Completed,Bernita Crona,TICKET-001583,2026-01-26,Door not closing,Level 3,Structural,2026-01-26 00:00:00,2026-01-26 00:00:00,,,,
1584,90,Completed,Bernita Crona,TICKET-001584,2026-01-10,Exhaust fan noise,Level 2,Appliance,2026-01-10 00:00:00,2026-01-10 00:00:00,,,,
1585,90,Completed,Mia Martinez,TICKET-001585,2026-01-06,Ant infestation,Level 3,Pest Control,2026-01-06 00:00:00,2026-01-06 00:00:00,,,,
1586,93,Completed,Marcus Manager,TICKET-001586,2026-01-24,Washing machine malfunction,Level 2,Appliance,2026-01-24 00:00:00,2026-01-24 00:00:00,,,,
1587,99,Completed,King Bruen,TICKET-001587,2026-01-30,Window frame repair,Level 2,Structural,2026-01-30 00:00:00,2026-01-30 00:00:00,,,,
1588,139,Completed,Mia Martinez,TICKET-001588,2026-01-20,Flooring issue,Level 1,Structural,2026-01-20 00:00:00,2026-01-20 00:00:00,,,,
1589,286,Completed,Bernita Crona,TICKET-001589,2026-01-10,Cockroach sighting,Level 2,Pest Control,2026-01-10 00:00:00,2026-01-10 00:00:00,,,,
1590,150,Completed,Marcus Manager,TICKET-001590,2026-01-21,General pest treatment,Level 4,Pest Control,2026-01-21 00:00:00,2026-01-21 00:00:00,,,,
1591,157,Completed,Clark West,TICKET-001591,2026-01-27,Refrigerator not cooling,Level 3,Appliance,2026-01-27 00:00:00,2026-01-27 00:00:00,,,,
1592,183,Completed,Bernita Crona,TICKET-001592,2026-01-07,Light fixture malfunction,Level 1,Electrical,2026-01-07 00:00:00,2026-01-07 00:00:00,,,,
1593,221,Completed,Marcus Manager,TICKET-001593,2026-01-02,Wiring problem,Level 4,Electrical,2026-01-02 00:00:00,2026-01-02 00:00:00,,,,
1594,222,Completed,Bernita Crona,TICKET-001594,2026-01-07,Microwave not heating,Level 2,Appliance,2026-01-07 00:00:00,2026-01-07 00:00:00,,,,
1595,225,Completed,Bernita Crona,TICKET-001595,2026-01-14,Refrigerator not cooling,Level 4,Appliance,2026-01-14 00:00:00,2026-01-14 00:00:00,,,,
1596,230,Completed,Mia Martinez,TICKET-001596,2026-01-27,Flickering lights,Level 1,Electrical,2026-01-27 00:00:00,2026-01-27 00:00:00,,,,
1597,248,Completed,Marcus Manager,TICKET-001597,2026-01-06,Wiring problem,Level 1,Electrical,2026-01-06 00:00:00,2026-01-06 00:00:00,,,,
1598,254,Completed,King Bruen,TICKET-001598,2026-01-29,Electrical panel inspection,Level 1,Electrical,2026-01-29 00:00:00,2026-01-29 00:00:00,,,,
1599,1,Completed,Marcus Manager,TICKET-001599,2026-02-28,Door frame damage,Level 3,Structural,2026-02-28 00:00:00,2026-02-28 00:00:00,,,,
1600,23,Completed,Bernita Crona,TICKET-001600,2026-02-15,General pest treatment,Level 3,Pest Control,2026-02-15 00:00:00,2026-02-15 00:00:00,,,,
1601,40,Completed,Marcus Manager,TICKET-001601,2026-02-12,Flooring issue,Level 3,Structural,2026-02-12 00:00:00,2026-02-12 00:00:00,,,,
1602,40,Completed,Clark West,TICKET-001602,2026-02-28,Flooring issue,Level 1,Structural,2026-02-28 00:00:00,2026-02-28 00:00:00,,,,
1603,57,Completed,Mia Martinez,TICKET-001603,2026-02-27,Door not closing,Level 2,Structural,2026-02-27 00:00:00,2026-02-27 00:00:00,,,,
1604,57,Completed,King Bruen,TICKET-001604,2026-02-08,Clogged drain,Level 1,Plumbing,2026-02-08 00:00:00,2026-02-08 00:00:00,,,,
1605,204,Completed,Bernita Crona,TICKET-001605,2026-02-15,Rodent activity,Level 4,Pest Control,2026-02-15 00:00:00,2026-02-15 00:00:00,,,,
1606,205,Completed,Bernita Crona,TICKET-001606,2026-02-06,Bed bug inspection,Level 3,Pest Control,2026-02-06 00:00:00,2026-02-06 00:00:00,,,,
1607,84,Completed,Mia Martinez,TICKET-001607,2026-02-06,Electrical panel inspection,Level 1,Electrical,2026-02-06 00:00:00,2026-02-06 00:00:00,,,,
1608,87,Completed,King Bruen,TICKET-001608,2026-02-25,Sink drainage issue,Level 1,Plumbing,2026-02-25 00:00:00,2026-02-25 00:00:00,,,,
1609,96,Completed,Bernita Crona,TICKET-001609,2026-02-01,Door frame damage,Level 2,Structural,2026-02-01 00:00:00,2026-02-01 00:00:00,,,,
1610,100,Completed,Bernita Crona,TICKET-001610,2026-02-12,Flickering lights,Level 1,Electrical,2026-02-12 00:00:00,2026-02-12 00:00:00,,,,
1611,97,Completed,Marcus Manager,TICKET-001611,2026-02-28,Wall damage,Level 1,Structural,2026-02-28 00:00:00,2026-02-28 00:00:00,,,,
1612,126,Completed,King Bruen,TICKET-001612,2026-02-01,Sink drainage issue,Level 1,Plumbing,2026-02-01 00:00:00,2026-02-01 00:00:00,,,,
1613,122,Completed,Bernita Crona,TICKET-001613,2026-02-02,Flooring issue,Level 2,Structural,2026-02-02 00:00:00,2026-02-02 00:00:00,,,,
1614,135,Completed,Marcus Manager,TICKET-001614,2026-02-23,Bed bug inspection,Level 3,Pest Control,2026-02-23 00:00:00,2026-02-23 00:00:00,,,,
1615,153,Completed,Mia Martinez,TICKET-001615,2026-02-20,Light fixture malfunction,Level 1,Electrical,2026-02-20 00:00:00,2026-02-20 00:00:00,,,,
1616,169,Completed,Clark West,TICKET-001616,2026-02-19,Flooring issue,Level 2,Structural,2026-02-19 00:00:00,2026-02-19 00:00:00,,,,
1617,186,Completed,Bernita Crona,TICKET-001617,2026-02-17,Leaking faucet,Level 1,Plumbing,2026-02-17 00:00:00,2026-02-17 00:00:00,,,,
1618,184,Completed,Mia Martinez,TICKET-001618,2026-02-17,Washing machine malfunction,Level 2,Appliance,2026-02-17 00:00:00,2026-02-17 00:00:00,,,,
1619,221,Completed,Bernita Crona,TICKET-001619,2026-02-25,Dripping shower head,Level 3,Plumbing,2026-02-25 00:00:00,2026-02-25 00:00:00,,,,
1620,234,Completed,Clark West,TICKET-001620,2026-02-16,Ant infestation,Level 3,Pest Control,2026-02-16 00:00:00,2026-02-16 00:00:00,,,,
1621,248,Completed,Bernita Crona,TICKET-001621,2026-02-24,Water heater broken,Level 3,Plumbing,2026-02-24 00:00:00,2026-02-24 00:00:00,,,,
1622,254,Completed,King Bruen,TICKET-001622,2026-02-23,Flooring issue,Level 3,Structural,2026-02-23 00:00:00,2026-02-23 00:00:00,,,,
1623,261,Completed,Marcus Manager,TICKET-001623,2026-02-03,Dripping shower head,Level 1,Plumbing,2026-02-03 00:00:00,2026-02-03 00:00:00,,,,
1624,258,Completed,Bernita Crona,TICKET-001624,2026-02-22,Bed bug inspection,Level 2,Pest Control,2026-02-22 00:00:00,2026-02-22 00:00:00,,,,
1625,16,Completed,Mia Martinez,TICKET-001625,2026-03-24,Wiring problem,Level 2,Electrical,2026-03-24 00:00:00,2026-03-24 00:00:00,,,,
1626,15,Completed,Clark West,TICKET-001626,2026-03-15,Door frame damage,Level 1,Structural,2026-03-15 00:00:00,2026-03-15 00:00:00,,,,
1627,49,Completed,Marcus Manager,TICKET-001627,2026-03-04,Cockroach sighting,Level 2,Pest Control,2026-03-04 00:00:00,2026-03-04 00:00:00,,,,
1628,69,Completed,Mia Martinez,TICKET-001628,2026-03-30,Rodent activity,Level 3,Pest Control,2026-03-30 00:00:00,2026-03-30 00:00:00,,,,
1629,71,Completed,Clark West,TICKET-001629,2026-03-01,Water heater broken,Level 3,Plumbing,2026-03-01 00:00:00,2026-03-01 00:00:00,,,,
1630,203,Completed,King Bruen,TICKET-001630,2026-03-02,Power outlet not working,Level 2,Electrical,2026-03-02 00:00:00,2026-03-02 00:00:00,,,,
1631,147,Completed,Mia Martinez,TICKET-001631,2026-03-18,General pest treatment,Level 2,Pest Control,2026-03-18 00:00:00,2026-03-18 00:00:00,,,,
1632,84,Completed,Mia Martinez,TICKET-001632,2026-03-30,Oven issue,Level 1,Appliance,2026-03-30 00:00:00,2026-03-30 00:00:00,,,,
1633,181,Completed,King Bruen,TICKET-001633,2026-03-09,Refrigerator not cooling,Level 1,Appliance,2026-03-09 00:00:00,2026-03-09 00:00:00,,,,
1634,92,Completed,Clark West,TICKET-001634,2026-03-16,Flickering lights,Level 1,Electrical,2026-03-16 00:00:00,2026-03-16 00:00:00,,,,
1635,100,Completed,King Bruen,TICKET-001635,2026-03-07,Cockroach sighting,Level 4,Pest Control,2026-03-07 00:00:00,2026-03-07 00:00:00,,,,
1636,114,Completed,Marcus Manager,TICKET-001636,2026-03-28,Ceiling crack,Level 4,Structural,2026-03-28 00:00:00,2026-03-28 00:00:00,,,,
1637,131,Completed,Marcus Manager,TICKET-001637,2026-03-27,Washing machine malfunction,Level 1,Appliance,2026-03-27 00:00:00,2026-03-27 00:00:00,,,,
1638,284,Completed,Mia Martinez,TICKET-001638,2026-03-25,Wiring problem,Level 4,Electrical,2026-03-25 00:00:00,2026-03-25 00:00:00,,,,
1639,302,Completed,Mia Martinez,TICKET-001639,2026-03-14,Low water pressure,Level 2,Plumbing,2026-03-14 00:00:00,2026-03-14 00:00:00,,,,
1640,169,Completed,Mia Martinez,TICKET-001640,2026-03-28,Cockroach sighting,Level 2,Pest Control,2026-03-28 00:00:00,2026-03-28 00:00:00,,,,
1641,189,Completed,Mia Martinez,TICKET-001641,2026-03-25,Dishwasher leakage,Level 3,Appliance,2026-03-25 00:00:00,2026-03-25 00:00:00,,,,
1642,191,Completed,Bernita Crona,TICKET-001642,2026-03-16,Dishwasher leakage,Level 2,Appliance,2026-03-16 00:00:00,2026-03-16 00:00:00,,,,
1643,223,Completed,Clark West,TICKET-001643,2026-03-05,Switch not working,Level 1,Electrical,2026-03-05 00:00:00,2026-03-05 00:00:00,,,,
1644,244,Completed,Marcus Manager,TICKET-001644,2026-03-19,Running toilet,Level 3,Plumbing,2026-03-19 00:00:00,2026-03-19 00:00:00,,,,
1645,242,Completed,Bernita Crona,TICKET-001645,2026-03-02,Wall damage,Level 1,Structural,2026-03-02 00:00:00,2026-03-02 00:00:00,,,,
1646,261,Completed,Mia Martinez,TICKET-001646,2026-03-26,Window frame repair,Level 1,Structural,2026-03-26 00:00:00,2026-03-26 00:00:00,,,,
1647,1,Completed,King Bruen,TICKET-001647,2026-04-05,Door frame damage,Level 1,Structural,2026-04-05 00:00:00,2026-04-05 00:00:00,,,,
1648,179,Ongoing,King Bruen,TICKET-001648,2026-04-20,Circuit breaker tripping,Level 1,Electrical,2026-04-20 00:00:00,2026-04-20 00:00:00,,,,
1649,178,Completed,Clark West,TICKET-001649,2026-04-12,Sink drainage issue,Level 2,Plumbing,2026-04-12 00:00:00,2026-04-12 00:00:00,,,,
1650,23,Completed,Marcus Manager,TICKET-001650,2026-04-12,Low water pressure,Level 1,Plumbing,2026-04-12 00:00:00,2026-04-12 00:00:00,,,,
1651,17,Completed,King Bruen,TICKET-001651,2026-04-26,Circuit breaker tripping,Level 2,Electrical,2026-04-26 00:00:00,2026-04-26 00:00:00,,,,
1652,33,Completed,Bernita Crona,TICKET-001652,2026-04-10,Running toilet,Level 3,Plumbing,2026-04-10 00:00:00,2026-04-10 00:00:00,,,,
1653,35,Completed,Bernita Crona,TICKET-001653,2026-04-10,Dripping shower head,Level 3,Plumbing,2026-04-10 00:00:00,2026-04-10 00:00:00,,,,
1654,46,Completed,Mia Martinez,TICKET-001654,2026-04-24,Dishwasher leakage,Level 2,Appliance,2026-04-24 00:00:00,2026-04-24 00:00:00,,,,
1655,51,Completed,Clark West,TICKET-001655,2026-04-15,Low water pressure,Level 1,Plumbing,2026-04-15 00:00:00,2026-04-15 00:00:00,,,,
1656,59,Completed,Mia Martinez,TICKET-001656,2026-04-12,Dryer not working,Level 3,Appliance,2026-04-12 00:00:00,2026-04-12 00:00:00,,,,
1657,204,Completed,Marcus Manager,TICKET-001657,2026-04-01,Spider infestation,Level 3,Pest Control,2026-04-01 00:00:00,2026-04-01 00:00:00,,,,
1658,85,Completed,Clark West,TICKET-001658,2026-04-03,Ceiling crack,Level 1,Structural,2026-04-03 00:00:00,2026-04-03 00:00:00,,,,
1659,86,Completed,Bernita Crona,TICKET-001659,2026-04-25,Termite inspection,Level 2,Pest Control,2026-04-25 00:00:00,2026-04-25 00:00:00,,,,
1660,95,Completed,Mia Martinez,TICKET-001660,2026-04-19,Power outlet not working,Level 1,Electrical,2026-04-19 00:00:00,2026-04-19 00:00:00,,,,
1661,99,Completed,Marcus Manager,TICKET-001661,2026-04-24,Termite inspection,Level 3,Pest Control,2026-04-24 00:00:00,2026-04-24 00:00:00,,,,
1662,119,Completed,Clark West,TICKET-001662,2026-04-11,Dryer not working,Level 4,Appliance,2026-04-11 00:00:00,2026-04-11 00:00:00,,,,
1663,297,Completed,King Bruen,TICKET-001663,2026-04-19,Refrigerator not cooling,Level 1,Appliance,2026-04-19 00:00:00,2026-04-19 00:00:00,,,,
1664,186,Completed,Clark West,TICKET-001664,2026-04-15,Wall damage,Level 3,Structural,2026-04-15 00:00:00,2026-04-15 00:00:00,,,,
1665,185,Completed,Mia Martinez,TICKET-001665,2026-04-01,Refrigerator not cooling,Level 3,Appliance,2026-04-01 00:00:00,2026-04-01 00:00:00,,,,
1666,221,Completed,King Bruen,TICKET-001666,2026-04-03,Window frame repair,Level 1,Structural,2026-04-03 00:00:00,2026-04-03 00:00:00,,,,
1667,224,Completed,King Bruen,TICKET-001667,2026-04-08,Loose tiles,Level 2,Structural,2026-04-08 00:00:00,2026-04-08 00:00:00,,,,
1668,230,Completed,Marcus Manager,TICKET-001668,2026-04-16,AC remote issue,Level 4,Appliance,2026-04-16 00:00:00,2026-04-16 00:00:00,,,,
1669,245,Completed,King Bruen,TICKET-001669,2026-04-11,Water heater broken,Level 2,Plumbing,2026-04-11 00:00:00,2026-04-11 00:00:00,,,,
1670,256,Ongoing,King Bruen,TICKET-001670,2026-04-17,Exhaust fan noise,Level 2,Appliance,2026-04-17 00:00:00,2026-04-17 00:00:00,,,,
1671,259,Completed,King Bruen,TICKET-001671,2026-04-10,Light fixture malfunction,Level 3,Electrical,2026-04-10 00:00:00,2026-04-10 00:00:00,,,,
1672,1,Completed,Marcus Manager,TICKET-001672,2026-05-05,Mosquito problem,Level 2,Pest Control,2026-05-05 00:00:00,2026-05-05 00:00:00,,,,
1673,29,Completed,Clark West,TICKET-001673,2026-05-05,Dryer not working,Level 3,Appliance,2026-05-05 00:00:00,2026-05-05 00:00:00,,,,
1674,31,Completed,King Bruen,TICKET-001674,2026-05-04,Running toilet,Level 3,Plumbing,2026-05-04 00:00:00,2026-05-04 00:00:00,,,,
1675,40,Completed,King Bruen,TICKET-001675,2026-05-01,Ceiling crack,Level 4,Structural,2026-05-01 00:00:00,2026-05-01 00:00:00,,,,
1676,104,Completed,Mia Martinez,TICKET-001676,2026-05-03,Spider infestation,Level 4,Pest Control,2026-05-03 00:00:00,2026-05-03 00:00:00,,,,
1677,203,Completed,Mia Martinez,TICKET-001677,2026-05-06,Cockroach sighting,Level 4,Pest Control,2026-05-06 00:00:00,2026-05-06 00:00:00,,,,
1678,93,Completed,Clark West,TICKET-001678,2026-05-03,Clogged drain,Level 3,Plumbing,2026-05-03 00:00:00,2026-05-03 00:00:00,,,,
1679,101,Completed,Marcus Manager,TICKET-001679,2026-05-02,Loose tiles,Level 2,Structural,2026-05-02 00:00:00,2026-05-02 00:00:00,,,,
1680,127,Completed,King Bruen,TICKET-001680,2026-05-05,Door frame damage,Level 2,Structural,2026-05-05 00:00:00,2026-05-05 00:00:00,,,,
1681,162,Completed,Clark West,TICKET-001681,2026-05-01,Light fixture malfunction,Level 1,Electrical,2026-05-01 00:00:00,2026-05-01 00:00:00,,,,
1682,300,Completed,Clark West,TICKET-001682,2026-05-01,Ceiling crack,Level 2,Structural,2026-05-01 00:00:00,2026-05-01 00:00:00,,,,
1683,293,Completed,Mia Martinez,TICKET-001683,2026-05-07,Dripping shower head,Level 2,Plumbing,2026-05-07 00:00:00,2026-05-07 00:00:00,,,,
1684,200,Completed,Mia Martinez,TICKET-001684,2026-05-03,Flooring issue,Level 2,Structural,2026-05-03 00:00:00,2026-05-03 00:00:00,,,,
1685,198,Completed,Clark West,TICKET-001685,2026-05-06,Exhaust fan noise,Level 3,Appliance,2026-05-06 00:00:00,2026-05-06 00:00:00,,,,
1686,222,Completed,Mia Martinez,TICKET-001686,2026-05-07,Spider infestation,Level 3,Pest Control,2026-05-07 00:00:00,2026-05-07 00:00:00,,,,
1687,226,Completed,Mia Martinez,TICKET-001687,2026-05-03,Dripping shower head,Level 1,Plumbing,2026-05-03 00:00:00,2026-05-03 00:00:00,,,,
1688,233,Completed,Marcus Manager,TICKET-001688,2026-05-02,Pipe leakage,Level 3,Plumbing,2026-05-02 00:00:00,2026-05-02 00:00:00,,,,
1689,250,Completed,King Bruen,TICKET-001689,2026-05-05,Door not closing,Level 3,Structural,2026-05-05 00:00:00,2026-05-05 00:00:00,,,,
1690,259,Completed,King Bruen,TICKET-001690,2026-05-04,Termite inspection,Level 3,Pest Control,2026-05-04 00:00:00,2026-05-04 00:00:00,,,,
1691,261,Pending,Mia Martinez,TICKET-001691,2026-05-02,AC remote issue,Level 3,Appliance,2026-05-02 00:00:00,2026-05-02 00:00:00,,,,
