log_id,request_id,completion_date,cost,created_at,updated_at,deleted_at,description,charged_to
1,1,2021-01-09,4685.52,2021-01-09 00:00:00,2021-01-09 00:00:00,,,owner
2,2,2021-01-18,607.65,2021-01-18 00:00:00,2021-01-18 00:00:00,,,owner
3,3,2021-01-21,5906.04,2021-01-21 00:00:00,2021-01-21 00:00:00,,,owner
4,4,2021-01-18,6635.05,2021-01-18 00:00:00,2021-01-18 00:00:00,,,owner
5,5,2021-01-12,704.17,2021-01-12 00:00:00,2021-01-12 00:00:00,,,owner
6,6,2021-01-07,3953.51,2021-01-07 00:00:00,2021-01-07 00:00:00,,,owner
7,7,2021-01-20,3588.49,2021-01-20 00:00:00,2021-01-20 00:00:00,,,owner
8,8,2021-01-22,923.32,2021-01-22 00:00:00,2021-01-22 00:00:00,,,owner
9,9,2021-01-08,1548.10,2021-01-08 00:00:00,2021-01-08 00:00:00,,,owner
10,10,2021-01-28,4117.31,2021-01-28 00:00:00,2021-01-28 00:00:00,,,owner
11,11,2021-02-10,6740.85,2021-02-10 00:00:00,2021-02-10 00:00:00,,,owner
12,12,2021-01-28,4743.38,2021-01-28 00:00:00,2021-01-28 00:00:00,,,owner
13,13,2021-01-10,2142.67,2021-01-10 00:00:00,2021-01-10 00:00:00,,,owner
14,14,2021-01-13,3527.35,2021-01-13 00:00:00,2021-01-13 00:00:00,,,owner
15,15,2021-01-14,1997.36,2021-01-14 00:00:00,2021-01-14 00:00:00,,,owner
16,16,2021-01-09,5185.77,2021-01-09 00:00:00,2021-01-09 00:00:00,,,owner
17,17,2021-01-18,3845.65,2021-01-18 00:00:00,2021-01-18 00:00:00,,,owner
18,18,2021-01-24,7015.18,2021-01-24 00:00:00,2021-01-24 00:00:00,,,owner
19,19,2021-01-20,5675.86,2021-01-20 00:00:00,2021-01-20 00:00:00,,,owner
20,20,2021-01-05,2336.46,2021-01-05 00:00:00,2021-01-05 00:00:00,,,owner
21,21,2021-01-27,5776.13,2021-01-27 00:00:00,2021-01-27 00:00:00,,,owner
22,22,2021-01-17,2045.56,2021-01-17 00:00:00,2021-01-17 00:00:00,,,owner
23,23,2021-01-16,3841.10,2021-01-16 00:00:00,2021-01-16 00:00:00,,,owner
24,24,2021-01-22,4972.62,2021-01-22 00:00:00,2021-01-22 00:00:00,,,owner
25,25,2021-02-04,6459.68,2021-02-04 00:00:00,2021-02-04 00:00:00,,,owner
26,26,2021-01-25,1263.80,2021-01-25 00:00:00,2021-01-25 00:00:00,,,owner
27,27,2021-02-21,4089.68,2021-02-21 00:00:00,2021-02-21 00:00:00,,,owner
28,28,2021-02-23,8031.92,2021-02-23 00:00:00,2021-02-23 00:00:00,,,owner
29,29,2021-02-24,6594.03,2021-02-24 00:00:00,2021-02-24 00:00:00,,,owner
30,30,2021-02-19,4554.73,2021-02-19 00:00:00,2021-02-19 00:00:00,,,owner
31,32,2021-02-08,1811.43,2021-02-08 00:00:00,2021-02-08 00:00:00,,,owner
32,33,2021-02-26,4089.86,2021-02-26 00:00:00,2021-02-26 00:00:00,,,owner
33,34,2021-02-22,2721.47,2021-02-22 00:00:00,2021-02-22 00:00:00,,,owner
34,35,2021-02-03,8861.25,2021-02-03 00:00:00,2021-02-03 00:00:00,,,owner
35,36,2021-03-01,7977.65,2021-03-01 00:00:00,2021-03-01 00:00:00,,,owner
36,37,2021-02-25,3804.03,2021-02-25 00:00:00,2021-02-25 00:00:00,,,owner
37,38,2021-02-08,925.43,2021-02-08 00:00:00,2021-02-08 00:00:00,,,owner
38,39,2021-02-05,1975.42,2021-02-05 00:00:00,2021-02-05 00:00:00,,,owner
39,40,2021-02-02,6650.51,2021-02-02 00:00:00,2021-02-02 00:00:00,,,owner
40,41,2021-02-08,6970.81,2021-02-08 00:00:00,2021-02-08 00:00:00,,,owner
41,42,2021-03-04,8042.35,2021-03-04 00:00:00,2021-03-04 00:00:00,,,owner
42,43,2021-02-16,3866.43,2021-02-16 00:00:00,2021-02-16 00:00:00,,,owner
43,44,2021-02-28,3143.42,2021-02-28 00:00:00,2021-02-28 00:00:00,,,owner
44,45,2021-02-09,662.09,2021-02-09 00:00:00,2021-02-09 00:00:00,,,owner
45,46,2021-02-28,3455.78,2021-02-28 00:00:00,2021-02-28 00:00:00,,,owner
46,47,2021-02-22,1458.34,2021-02-22 00:00:00,2021-02-22 00:00:00,,,owner
47,48,2021-02-12,3298.82,2021-02-12 00:00:00,2021-02-12 00:00:00,,,owner
48,49,2021-02-11,3007.45,2021-02-11 00:00:00,2021-02-11 00:00:00,,,owner
49,50,2021-02-08,9796.32,2021-02-08 00:00:00,2021-02-08 00:00:00,,,owner
50,51,2021-03-14,1786.38,2021-03-14 00:00:00,2021-03-14 00:00:00,,,owner
51,52,2021-04-06,7054.19,2021-04-06 00:00:00,2021-04-06 00:00:00,,,owner
52,53,2021-03-06,1453.92,2021-03-06 00:00:00,2021-03-06 00:00:00,,,owner
53,54,2021-03-29,1646.58,2021-03-29 00:00:00,2021-03-29 00:00:00,,,owner
54,55,2021-03-13,3516.03,2021-03-13 00:00:00,2021-03-13 00:00:00,,,owner
55,56,2021-03-20,1009.44,2021-03-20 00:00:00,2021-03-20 00:00:00,,,owner
56,57,2021-03-24,4102.89,2021-03-24 00:00:00,2021-03-24 00:00:00,,,owner
57,58,2021-03-30,2458.62,2021-03-30 00:00:00,2021-03-30 00:00:00,,,owner
58,59,2021-03-02,4508.20,2021-03-02 00:00:00,2021-03-02 00:00:00,,,owner
59,60,2021-03-11,4513.65,2021-03-11 00:00:00,2021-03-11 00:00:00,,,owner
60,61,2021-04-01,3132.82,2021-04-01 00:00:00,2021-04-01 00:00:00,,,owner
61,62,2021-03-11,6360.08,2021-03-11 00:00:00,2021-03-11 00:00:00,,,owner
62,63,2021-03-15,2662.44,2021-03-15 00:00:00,2021-03-15 00:00:00,,,owner
63,64,2021-03-17,5420.17,2021-03-17 00:00:00,2021-03-17 00:00:00,,,owner
64,65,2021-03-25,7382.88,2021-03-25 00:00:00,2021-03-25 00:00:00,,,owner
65,66,2021-03-24,2366.17,2021-03-24 00:00:00,2021-03-24 00:00:00,,,owner
66,67,2021-03-12,3154.69,2021-03-12 00:00:00,2021-03-12 00:00:00,,,owner
67,68,2021-03-27,5091.25,2021-03-27 00:00:00,2021-03-27 00:00:00,,,owner
68,69,2021-03-21,1871.29,2021-03-21 00:00:00,2021-03-21 00:00:00,,,owner
69,70,2021-03-10,4470.40,2021-03-10 00:00:00,2021-03-10 00:00:00,,,owner
70,71,2021-03-13,7542.66,2021-03-13 00:00:00,2021-03-13 00:00:00,,,owner
71,73,2021-03-09,2326.97,2021-03-09 00:00:00,2021-03-09 00:00:00,,,owner
72,74,2021-03-10,2770.50,2021-03-10 00:00:00,2021-03-10 00:00:00,,,owner
73,75,2021-04-16,644.23,2021-04-16 00:00:00,2021-04-16 00:00:00,,,owner
74,76,2021-04-02,7791.54,2021-04-02 00:00:00,2021-04-02 00:00:00,,,owner
75,77,2021-04-21,3205.24,2021-04-21 00:00:00,2021-04-21 00:00:00,,,owner
76,78,2021-04-27,3007.41,2021-04-27 00:00:00,2021-04-27 00:00:00,,,owner
77,79,2021-05-01,4366.67,2021-05-01 00:00:00,2021-05-01 00:00:00,,,owner
78,80,2021-04-22,1134.10,2021-04-22 00:00:00,2021-04-22 00:00:00,,,owner
79,81,2021-04-25,6700.89,2021-04-25 00:00:00,2021-04-25 00:00:00,,,owner
80,82,2021-04-09,835.26,2021-04-09 00:00:00,2021-04-09 00:00:00,,,owner
81,83,2021-04-17,5019.60,2021-04-17 00:00:00,2021-04-17 00:00:00,,,owner
82,84,2021-04-05,2359.73,2021-04-05 00:00:00,2021-04-05 00:00:00,,,owner
83,85,2021-04-16,3171.40,2021-04-16 00:00:00,2021-04-16 00:00:00,,,owner
84,86,2021-04-21,5314.88,2021-04-21 00:00:00,2021-04-21 00:00:00,,,owner
85,87,2021-04-08,3837.74,2021-04-08 00:00:00,2021-04-08 00:00:00,,,owner
86,88,2021-04-20,6758.24,2021-04-20 00:00:00,2021-04-20 00:00:00,,,owner
87,89,2021-04-14,2278.29,2021-04-14 00:00:00,2021-04-14 00:00:00,,,owner
88,90,2021-04-26,7954.36,2021-04-26 00:00:00,2021-04-26 00:00:00,,,owner
89,91,2021-04-22,4929.65,2021-04-22 00:00:00,2021-04-22 00:00:00,,,owner
90,92,2021-04-24,1936.04,2021-04-24 00:00:00,2021-04-24 00:00:00,,,owner
91,93,2021-05-02,1832.28,2021-05-02 00:00:00,2021-05-02 00:00:00,,,owner
92,94,2021-05-09,4203.59,2021-05-09 00:00:00,2021-05-09 00:00:00,,,owner
93,95,2021-04-16,7294.74,2021-04-16 00:00:00,2021-04-16 00:00:00,,,owner
94,96,2021-04-18,2002.50,2021-04-18 00:00:00,2021-04-18 00:00:00,,,owner
95,97,2021-04-24,4299.93,2021-04-24 00:00:00,2021-04-24 00:00:00,,,owner
96,98,2021-04-22,5773.57,2021-04-22 00:00:00,2021-04-22 00:00:00,,,owner
97,99,2021-04-12,2517.00,2021-04-12 00:00:00,2021-04-12 00:00:00,,,owner
98,100,2021-04-23,6144.38,2021-04-23 00:00:00,2021-04-23 00:00:00,,,owner
99,101,2021-04-29,7182.57,2021-04-29 00:00:00,2021-04-29 00:00:00,,,owner
100,102,2021-05-11,3875.57,2021-05-11 00:00:00,2021-05-11 00:00:00,,,owner
101,103,2021-05-21,4300.55,2021-05-21 00:00:00,2021-05-21 00:00:00,,,owner
102,104,2021-05-08,4062.86,2021-05-08 00:00:00,2021-05-08 00:00:00,,,owner
103,105,2021-06-06,4181.72,2021-06-06 00:00:00,2021-06-06 00:00:00,,,owner
104,106,2021-05-12,499.17,2021-05-12 00:00:00,2021-05-12 00:00:00,,,owner
105,107,2021-05-25,7100.74,2021-05-25 00:00:00,2021-05-25 00:00:00,,,owner
106,108,2021-05-23,1123.98,2021-05-23 00:00:00,2021-05-23 00:00:00,,,owner
107,109,2021-05-04,1765.07,2021-05-04 00:00:00,2021-05-04 00:00:00,,,owner
108,110,2021-05-15,6108.64,2021-05-15 00:00:00,2021-05-15 00:00:00,,,owner
109,111,2021-05-20,6528.95,2021-05-20 00:00:00,2021-05-20 00:00:00,,,owner
110,112,2021-05-20,8415.21,2021-05-20 00:00:00,2021-05-20 00:00:00,,,owner
111,113,2021-05-18,2944.10,2021-05-18 00:00:00,2021-05-18 00:00:00,,,owner
112,114,2021-05-14,8825.12,2021-05-14 00:00:00,2021-05-14 00:00:00,,,owner
113,115,2021-05-08,1803.73,2021-05-08 00:00:00,2021-05-08 00:00:00,,,owner
114,116,2021-05-27,5435.51,2021-05-27 00:00:00,2021-05-27 00:00:00,,,owner
115,118,2021-05-29,7508.62,2021-05-29 00:00:00,2021-05-29 00:00:00,,,owner
116,119,2021-06-01,5550.65,2021-06-01 00:00:00,2021-06-01 00:00:00,,,owner
117,120,2021-05-08,2009.07,2021-05-08 00:00:00,2021-05-08 00:00:00,,,owner
118,121,2021-05-10,4923.61,2021-05-10 00:00:00,2021-05-10 00:00:00,,,owner
119,122,2021-05-27,4133.47,2021-05-27 00:00:00,2021-05-27 00:00:00,,,owner
120,123,2021-05-17,8653.23,2021-05-17 00:00:00,2021-05-17 00:00:00,,,owner
121,124,2021-05-15,5762.15,2021-05-15 00:00:00,2021-05-15 00:00:00,,,owner
122,126,2021-06-02,5371.03,2021-06-02 00:00:00,2021-06-02 00:00:00,,,owner
123,127,2021-07-03,6625.31,2021-07-03 00:00:00,2021-07-03 00:00:00,,,owner
124,128,2021-06-13,918.12,2021-06-13 00:00:00,2021-06-13 00:00:00,,,owner
125,129,2021-06-11,6303.07,2021-06-11 00:00:00,2021-06-11 00:00:00,,,owner
126,130,2021-06-17,1489.00,2021-06-17 00:00:00,2021-06-17 00:00:00,,,owner
127,131,2021-06-07,8716.31,2021-06-07 00:00:00,2021-06-07 00:00:00,,,owner
128,133,2021-06-15,1627.22,2021-06-15 00:00:00,2021-06-15 00:00:00,,,owner
129,134,2021-06-30,2841.10,2021-06-30 00:00:00,2021-06-30 00:00:00,,,owner
130,136,2021-06-16,8511.97,2021-06-16 00:00:00,2021-06-16 00:00:00,,,owner
131,137,2021-07-04,4041.48,2021-07-04 00:00:00,2021-07-04 00:00:00,,,owner
132,138,2021-06-10,3240.88,2021-06-10 00:00:00,2021-06-10 00:00:00,,,owner
133,139,2021-07-02,2194.11,2021-07-02 00:00:00,2021-07-02 00:00:00,,,owner
134,140,2021-06-10,2516.72,2021-06-10 00:00:00,2021-06-10 00:00:00,,,owner
135,141,2021-06-21,6483.46,2021-06-21 00:00:00,2021-06-21 00:00:00,,,owner
136,142,2021-06-04,2528.12,2021-06-04 00:00:00,2021-06-04 00:00:00,,,owner
137,143,2021-07-01,2609.76,2021-07-01 00:00:00,2021-07-01 00:00:00,,,owner
138,144,2021-06-25,2584.13,2021-06-25 00:00:00,2021-06-25 00:00:00,,,owner
139,145,2021-06-06,2201.09,2021-06-06 00:00:00,2021-06-06 00:00:00,,,owner
140,146,2021-06-28,4595.77,2021-06-28 00:00:00,2021-06-28 00:00:00,,,owner
141,147,2021-06-21,5036.77,2021-06-21 00:00:00,2021-06-21 00:00:00,,,owner
142,148,2021-06-12,8457.61,2021-06-12 00:00:00,2021-06-12 00:00:00,,,owner
143,149,2021-07-29,1295.11,2021-07-29 00:00:00,2021-07-29 00:00:00,,,owner
144,150,2021-07-09,1486.66,2021-07-09 00:00:00,2021-07-09 00:00:00,,,owner
145,151,2021-07-04,1553.37,2021-07-04 00:00:00,2021-07-04 00:00:00,,,owner
146,152,2021-07-13,5213.90,2021-07-13 00:00:00,2021-07-13 00:00:00,,,owner
147,153,2021-07-21,5550.96,2021-07-21 00:00:00,2021-07-21 00:00:00,,,owner
148,154,2021-07-22,7630.74,2021-07-22 00:00:00,2021-07-22 00:00:00,,,owner
149,155,2021-07-17,8550.56,2021-07-17 00:00:00,2021-07-17 00:00:00,,,owner
150,156,2021-08-07,6026.42,2021-08-07 00:00:00,2021-08-07 00:00:00,,,owner
151,157,2021-07-19,2510.23,2021-07-19 00:00:00,2021-07-19 00:00:00,,,owner
152,158,2021-07-07,4622.09,2021-07-07 00:00:00,2021-07-07 00:00:00,,,owner
153,159,2021-07-18,3924.41,2021-07-18 00:00:00,2021-07-18 00:00:00,,,owner
154,160,2021-08-02,5985.68,2021-08-02 00:00:00,2021-08-02 00:00:00,,,owner
155,161,2021-07-19,5295.70,2021-07-19 00:00:00,2021-07-19 00:00:00,,,owner
156,162,2021-07-11,5137.73,2021-07-11 00:00:00,2021-07-11 00:00:00,,,owner
157,163,2021-07-13,2234.55,2021-07-13 00:00:00,2021-07-13 00:00:00,,,owner
158,164,2021-08-03,4095.68,2021-08-03 00:00:00,2021-08-03 00:00:00,,,owner
159,165,2021-08-01,2896.51,2021-08-01 00:00:00,2021-08-01 00:00:00,,,owner
160,166,2021-07-13,5230.96,2021-07-13 00:00:00,2021-07-13 00:00:00,,,owner
161,167,2021-07-03,4700.71,2021-07-03 00:00:00,2021-07-03 00:00:00,,,owner
162,168,2021-07-20,4380.96,2021-07-20 00:00:00,2021-07-20 00:00:00,,,owner
163,169,2021-07-20,2553.09,2021-07-20 00:00:00,2021-07-20 00:00:00,,,owner
164,170,2021-07-19,3885.74,2021-07-19 00:00:00,2021-07-19 00:00:00,,,owner
165,171,2021-07-21,2394.06,2021-07-21 00:00:00,2021-07-21 00:00:00,,,owner
166,172,2021-07-18,1314.03,2021-07-18 00:00:00,2021-07-18 00:00:00,,,owner
167,173,2021-07-24,1208.58,2021-07-24 00:00:00,2021-07-24 00:00:00,,,owner
168,174,2021-07-06,5916.36,2021-07-06 00:00:00,2021-07-06 00:00:00,,,owner
169,175,2021-07-08,3769.53,2021-07-08 00:00:00,2021-07-08 00:00:00,,,owner
170,176,2021-09-01,8043.05,2021-09-01 00:00:00,2021-09-01 00:00:00,,,owner
171,177,2021-08-31,1715.96,2021-08-31 00:00:00,2021-08-31 00:00:00,,,owner
172,178,2021-08-06,931.74,2021-08-06 00:00:00,2021-08-06 00:00:00,,,owner
173,179,2021-08-25,3768.38,2021-08-25 00:00:00,2021-08-25 00:00:00,,,owner
174,180,2021-08-07,2585.32,2021-08-07 00:00:00,2021-08-07 00:00:00,,,owner
175,181,2021-08-08,3126.53,2021-08-08 00:00:00,2021-08-08 00:00:00,,,owner
176,182,2021-08-13,4435.15,2021-08-13 00:00:00,2021-08-13 00:00:00,,,owner
177,183,2021-08-21,2750.01,2021-08-21 00:00:00,2021-08-21 00:00:00,,,owner
178,184,2021-08-31,1642.15,2021-08-31 00:00:00,2021-08-31 00:00:00,,,owner
179,186,2021-08-25,3685.82,2021-08-25 00:00:00,2021-08-25 00:00:00,,,owner
180,187,2021-09-04,4098.26,2021-09-04 00:00:00,2021-09-04 00:00:00,,,owner
181,188,2021-08-05,2595.23,2021-08-05 00:00:00,2021-08-05 00:00:00,,,owner
182,189,2021-08-30,1657.53,2021-08-30 00:00:00,2021-08-30 00:00:00,,,owner
183,190,2021-08-07,4614.13,2021-08-07 00:00:00,2021-08-07 00:00:00,,,owner
184,191,2021-08-27,717.52,2021-08-27 00:00:00,2021-08-27 00:00:00,,,owner
185,192,2021-09-24,4980.14,2021-09-24 00:00:00,2021-09-24 00:00:00,,,owner
186,193,2021-09-08,2643.63,2021-09-08 00:00:00,2021-09-08 00:00:00,,,owner
187,194,2021-09-25,5065.87,2021-09-25 00:00:00,2021-09-25 00:00:00,,,owner
188,195,2021-09-14,2967.72,2021-09-14 00:00:00,2021-09-14 00:00:00,,,owner
189,196,2021-09-24,2569.87,2021-09-24 00:00:00,2021-09-24 00:00:00,,,owner
190,197,2021-09-03,5097.31,2021-09-03 00:00:00,2021-09-03 00:00:00,,,owner
191,199,2021-09-09,7488.36,2021-09-09 00:00:00,2021-09-09 00:00:00,,,owner
192,200,2021-09-10,4348.70,2021-09-10 00:00:00,2021-09-10 00:00:00,,,owner
193,201,2021-10-06,5425.06,2021-10-06 00:00:00,2021-10-06 00:00:00,,,owner
194,202,2021-09-23,4930.53,2021-09-23 00:00:00,2021-09-23 00:00:00,,,owner
195,203,2021-09-15,7365.52,2021-09-15 00:00:00,2021-09-15 00:00:00,,,owner
196,204,2021-10-03,8267.92,2021-10-03 00:00:00,2021-10-03 00:00:00,,,owner
197,205,2021-09-29,8655.94,2021-09-29 00:00:00,2021-09-29 00:00:00,,,owner
198,206,2021-09-03,2929.67,2021-09-03 00:00:00,2021-09-03 00:00:00,,,owner
199,207,2021-09-12,5861.04,2021-09-12 00:00:00,2021-09-12 00:00:00,,,owner
200,208,2021-10-02,6967.40,2021-10-02 00:00:00,2021-10-02 00:00:00,,,owner
201,209,2021-10-26,1765.57,2021-10-26 00:00:00,2021-10-26 00:00:00,,,owner
202,210,2021-10-16,9758.26,2021-10-16 00:00:00,2021-10-16 00:00:00,,,owner
203,211,2021-10-20,5533.55,2021-10-20 00:00:00,2021-10-20 00:00:00,,,owner
204,212,2021-10-21,924.44,2021-10-21 00:00:00,2021-10-21 00:00:00,,,owner
205,213,2021-10-29,3151.45,2021-10-29 00:00:00,2021-10-29 00:00:00,,,owner
206,214,2021-10-08,6677.82,2021-10-08 00:00:00,2021-10-08 00:00:00,,,owner
207,215,2021-10-15,6282.57,2021-10-15 00:00:00,2021-10-15 00:00:00,,,owner
208,216,2021-11-01,5297.14,2021-11-01 00:00:00,2021-11-01 00:00:00,,,owner
209,217,2021-10-08,2527.09,2021-10-08 00:00:00,2021-10-08 00:00:00,,,owner
210,218,2021-10-08,5217.78,2021-10-08 00:00:00,2021-10-08 00:00:00,,,owner
211,219,2021-10-24,2341.28,2021-10-24 00:00:00,2021-10-24 00:00:00,,,owner
212,220,2021-11-02,10191.21,2021-11-02 00:00:00,2021-11-02 00:00:00,,,owner
213,221,2021-10-24,2603.64,2021-10-24 00:00:00,2021-10-24 00:00:00,,,owner
214,222,2021-10-31,6454.18,2021-10-31 00:00:00,2021-10-31 00:00:00,,,owner
215,223,2021-10-31,5342.57,2021-10-31 00:00:00,2021-10-31 00:00:00,,,owner
216,224,2021-10-26,5550.21,2021-10-26 00:00:00,2021-10-26 00:00:00,,,owner
217,225,2021-10-21,5014.75,2021-10-21 00:00:00,2021-10-21 00:00:00,,,owner
218,226,2021-10-04,2050.30,2021-10-04 00:00:00,2021-10-04 00:00:00,,,owner
219,227,2021-10-02,3161.63,2021-10-02 00:00:00,2021-10-02 00:00:00,,,owner
220,228,2021-10-31,5299.89,2021-10-31 00:00:00,2021-10-31 00:00:00,,,owner
221,229,2021-10-26,4795.68,2021-10-26 00:00:00,2021-10-26 00:00:00,,,owner
222,230,2021-10-22,4752.32,2021-10-22 00:00:00,2021-10-22 00:00:00,,,owner
223,231,2021-10-16,1731.22,2021-10-16 00:00:00,2021-10-16 00:00:00,,,owner
224,232,2021-11-11,1092.56,2021-11-11 00:00:00,2021-11-11 00:00:00,,,owner
225,233,2021-11-27,4118.01,2021-11-27 00:00:00,2021-11-27 00:00:00,,,owner
226,234,2021-11-25,3189.40,2021-11-25 00:00:00,2021-11-25 00:00:00,,,owner
227,235,2021-11-17,670.43,2021-11-17 00:00:00,2021-11-17 00:00:00,,,owner
228,236,2021-12-04,7358.24,2021-12-04 00:00:00,2021-12-04 00:00:00,,,owner
229,237,2021-11-21,1473.14,2021-11-21 00:00:00,2021-11-21 00:00:00,,,owner
230,238,2021-11-12,4870.74,2021-11-12 00:00:00,2021-11-12 00:00:00,,,owner
231,239,2021-11-21,975.54,2021-11-21 00:00:00,2021-11-21 00:00:00,,,owner
232,240,2021-11-17,1186.67,2021-11-17 00:00:00,2021-11-17 00:00:00,,,owner
233,241,2021-11-18,1110.43,2021-11-18 00:00:00,2021-11-18 00:00:00,,,owner
234,243,2021-11-06,2554.86,2021-11-06 00:00:00,2021-11-06 00:00:00,,,owner
235,244,2021-11-13,4602.45,2021-11-13 00:00:00,2021-11-13 00:00:00,,,owner
236,245,2021-11-17,3450.45,2021-11-17 00:00:00,2021-11-17 00:00:00,,,owner
237,246,2021-11-06,2098.53,2021-11-06 00:00:00,2021-11-06 00:00:00,,,owner
238,247,2021-11-24,5245.04,2021-11-24 00:00:00,2021-11-24 00:00:00,,,owner
239,248,2021-11-14,6695.61,2021-11-14 00:00:00,2021-11-14 00:00:00,,,owner
240,249,2021-11-30,3638.13,2021-11-30 00:00:00,2021-11-30 00:00:00,,,owner
241,250,2021-12-03,3609.63,2021-12-03 00:00:00,2021-12-03 00:00:00,,,owner
242,251,2021-11-21,4211.06,2021-11-21 00:00:00,2021-11-21 00:00:00,,,owner
243,252,2021-11-23,4933.80,2021-11-23 00:00:00,2021-11-23 00:00:00,,,owner
244,253,2021-11-20,1845.54,2021-11-20 00:00:00,2021-11-20 00:00:00,,,owner
245,254,2021-12-22,8384.37,2021-12-22 00:00:00,2021-12-22 00:00:00,,,owner
246,255,2021-12-21,1522.20,2021-12-21 00:00:00,2021-12-21 00:00:00,,,owner
247,256,2021-12-21,2029.82,2021-12-21 00:00:00,2021-12-21 00:00:00,,,owner
248,257,2021-12-10,1236.39,2021-12-10 00:00:00,2021-12-10 00:00:00,,,owner
249,258,2022-01-03,4701.41,2022-01-03 00:00:00,2022-01-03 00:00:00,,,owner
250,259,2021-12-18,5393.89,2021-12-18 00:00:00,2021-12-18 00:00:00,,,owner
251,260,2021-12-05,2406.44,2021-12-05 00:00:00,2021-12-05 00:00:00,,,owner
252,261,2021-12-05,3034.78,2021-12-05 00:00:00,2021-12-05 00:00:00,,,owner
253,262,2021-12-07,3670.46,2021-12-07 00:00:00,2021-12-07 00:00:00,,,owner
254,263,2021-12-08,3158.39,2021-12-08 00:00:00,2021-12-08 00:00:00,,,owner
255,264,2021-12-13,1576.45,2021-12-13 00:00:00,2021-12-13 00:00:00,,,owner
256,265,2021-12-05,2349.90,2021-12-05 00:00:00,2021-12-05 00:00:00,,,owner
257,266,2021-12-27,1309.52,2021-12-27 00:00:00,2021-12-27 00:00:00,,,owner
258,267,2021-12-23,4853.23,2021-12-23 00:00:00,2021-12-23 00:00:00,,,owner
259,268,2021-12-26,3817.28,2021-12-26 00:00:00,2021-12-26 00:00:00,,,owner
260,269,2021-12-18,1485.02,2021-12-18 00:00:00,2021-12-18 00:00:00,,,owner
261,270,2021-12-16,6553.11,2021-12-16 00:00:00,2021-12-16 00:00:00,,,owner
262,271,2021-12-14,6155.79,2021-12-14 00:00:00,2021-12-14 00:00:00,,,owner
263,272,2021-12-03,4623.79,2021-12-03 00:00:00,2021-12-03 00:00:00,,,owner
264,273,2021-12-24,3092.66,2021-12-24 00:00:00,2021-12-24 00:00:00,,,owner
265,274,2021-12-23,1102.25,2021-12-23 00:00:00,2021-12-23 00:00:00,,,owner
266,275,2021-12-24,2152.86,2021-12-24 00:00:00,2021-12-24 00:00:00,,,owner
267,276,2021-12-21,3999.80,2021-12-21 00:00:00,2021-12-21 00:00:00,,,owner
268,277,2021-12-18,6050.90,2021-12-18 00:00:00,2021-12-18 00:00:00,,,owner
269,278,2021-12-30,1291.54,2021-12-30 00:00:00,2021-12-30 00:00:00,,,owner
270,279,2021-12-05,8922.21,2021-12-05 00:00:00,2021-12-05 00:00:00,,,owner
271,280,2021-12-16,6167.45,2021-12-16 00:00:00,2021-12-16 00:00:00,,,owner
272,281,2021-12-25,6406.19,2021-12-25 00:00:00,2021-12-25 00:00:00,,,owner
273,282,2021-12-15,4206.51,2021-12-15 00:00:00,2021-12-15 00:00:00,,,owner
274,283,2021-12-17,11266.93,2021-12-17 00:00:00,2021-12-17 00:00:00,,,owner
275,284,2022-01-19,4270.73,2022-01-19 00:00:00,2022-01-19 00:00:00,,,owner
276,285,2022-01-08,3266.09,2022-01-08 00:00:00,2022-01-08 00:00:00,,,owner
277,286,2022-01-16,9111.53,2022-01-16 00:00:00,2022-01-16 00:00:00,,,owner
278,287,2022-01-17,4784.23,2022-01-17 00:00:00,2022-01-17 00:00:00,,,owner
279,288,2022-01-18,3954.19,2022-01-18 00:00:00,2022-01-18 00:00:00,,,owner
280,289,2022-01-27,3305.52,2022-01-27 00:00:00,2022-01-27 00:00:00,,,owner
281,290,2022-01-19,4991.84,2022-01-19 00:00:00,2022-01-19 00:00:00,,,owner
282,291,2022-01-08,8346.77,2022-01-08 00:00:00,2022-01-08 00:00:00,,,owner
283,292,2022-01-15,6091.72,2022-01-15 00:00:00,2022-01-15 00:00:00,,,owner
284,293,2022-01-12,3283.15,2022-01-12 00:00:00,2022-01-12 00:00:00,,,owner
285,294,2022-01-25,4438.24,2022-01-25 00:00:00,2022-01-25 00:00:00,,,owner
286,295,2022-02-04,8889.54,2022-02-04 00:00:00,2022-02-04 00:00:00,,,owner
287,296,2022-01-09,4287.50,2022-01-09 00:00:00,2022-01-09 00:00:00,,,owner
288,297,2022-01-10,2269.49,2022-01-10 00:00:00,2022-01-10 00:00:00,,,owner
289,298,2022-01-29,861.93,2022-01-29 00:00:00,2022-01-29 00:00:00,,,owner
290,299,2022-02-01,3409.09,2022-02-01 00:00:00,2022-02-01 00:00:00,,,owner
291,300,2022-01-04,1272.71,2022-01-04 00:00:00,2022-01-04 00:00:00,,,owner
292,301,2022-01-19,4509.05,2022-01-19 00:00:00,2022-01-19 00:00:00,,,owner
293,302,2022-01-18,4628.20,2022-01-18 00:00:00,2022-01-18 00:00:00,,,owner
294,303,2022-01-28,3787.13,2022-01-28 00:00:00,2022-01-28 00:00:00,,,owner
295,304,2022-01-27,1414.41,2022-01-27 00:00:00,2022-01-27 00:00:00,,,owner
296,305,2022-02-03,7663.15,2022-02-03 00:00:00,2022-02-03 00:00:00,,,owner
297,306,2022-01-23,6184.10,2022-01-23 00:00:00,2022-01-23 00:00:00,,,owner
298,307,2022-01-16,3318.36,2022-01-16 00:00:00,2022-01-16 00:00:00,,,owner
299,308,2022-01-13,3635.26,2022-01-13 00:00:00,2022-01-13 00:00:00,,,owner
300,309,2022-01-18,1967.90,2022-01-18 00:00:00,2022-01-18 00:00:00,,,owner
301,310,2022-01-09,2954.60,2022-01-09 00:00:00,2022-01-09 00:00:00,,,owner
302,311,2022-01-31,646.75,2022-01-31 00:00:00,2022-01-31 00:00:00,,,owner
303,312,2022-01-16,3768.96,2022-01-16 00:00:00,2022-01-16 00:00:00,,,owner
304,313,2022-01-20,7161.54,2022-01-20 00:00:00,2022-01-20 00:00:00,,,owner
305,314,2022-01-03,4588.62,2022-01-03 00:00:00,2022-01-03 00:00:00,,,owner
306,315,2022-01-29,3376.63,2022-01-29 00:00:00,2022-01-29 00:00:00,,,owner
307,316,2022-01-28,4989.46,2022-01-28 00:00:00,2022-01-28 00:00:00,,,owner
308,317,2022-01-21,915.00,2022-01-21 00:00:00,2022-01-21 00:00:00,,,owner
309,318,2022-01-16,2669.33,2022-01-16 00:00:00,2022-01-16 00:00:00,,,owner
310,319,2022-01-27,849.06,2022-01-27 00:00:00,2022-01-27 00:00:00,,,owner
311,320,2022-01-16,4030.41,2022-01-16 00:00:00,2022-01-16 00:00:00,,,owner
312,321,2022-03-03,3239.33,2022-03-03 00:00:00,2022-03-03 00:00:00,,,owner
313,322,2022-02-06,11640.40,2022-02-06 00:00:00,2022-02-06 00:00:00,,,owner
314,323,2022-02-25,8375.20,2022-02-25 00:00:00,2022-02-25 00:00:00,,,owner
315,324,2022-02-26,6398.24,2022-02-26 00:00:00,2022-02-26 00:00:00,,,owner
316,325,2022-02-14,5616.64,2022-02-14 00:00:00,2022-02-14 00:00:00,,,owner
317,326,2022-02-11,2749.74,2022-02-11 00:00:00,2022-02-11 00:00:00,,,owner
318,327,2022-02-26,3925.14,2022-02-26 00:00:00,2022-02-26 00:00:00,,,owner
319,328,2022-02-28,2492.58,2022-02-28 00:00:00,2022-02-28 00:00:00,,,owner
320,329,2022-02-26,1565.02,2022-02-26 00:00:00,2022-02-26 00:00:00,,,owner
321,330,2022-02-21,1450.52,2022-02-21 00:00:00,2022-02-21 00:00:00,,,owner
322,331,2022-02-04,10770.56,2022-02-04 00:00:00,2022-02-04 00:00:00,,,owner
323,332,2022-02-16,2750.68,2022-02-16 00:00:00,2022-02-16 00:00:00,,,owner
324,333,2022-02-17,2395.75,2022-02-17 00:00:00,2022-02-17 00:00:00,,,owner
325,334,2022-02-22,8497.38,2022-02-22 00:00:00,2022-02-22 00:00:00,,,owner
326,335,2022-02-15,4280.61,2022-02-15 00:00:00,2022-02-15 00:00:00,,,owner
327,336,2022-02-23,6482.72,2022-02-23 00:00:00,2022-02-23 00:00:00,,,owner
328,337,2022-02-19,4760.45,2022-02-19 00:00:00,2022-02-19 00:00:00,,,owner
329,338,2022-02-23,6441.47,2022-02-23 00:00:00,2022-02-23 00:00:00,,,owner
330,339,2022-02-15,2655.98,2022-02-15 00:00:00,2022-02-15 00:00:00,,,owner
331,340,2022-02-11,1591.00,2022-02-11 00:00:00,2022-02-11 00:00:00,,,owner
332,341,2022-02-07,4553.05,2022-02-07 00:00:00,2022-02-07 00:00:00,,,owner
333,342,2022-02-09,1184.75,2022-02-09 00:00:00,2022-02-09 00:00:00,,,owner
334,343,2022-02-11,6014.93,2022-02-11 00:00:00,2022-02-11 00:00:00,,,owner
335,344,2022-02-02,2950.20,2022-02-02 00:00:00,2022-02-02 00:00:00,,,owner
336,345,2022-02-15,2536.16,2022-02-15 00:00:00,2022-02-15 00:00:00,,,owner
337,346,2022-02-26,3936.92,2022-02-26 00:00:00,2022-02-26 00:00:00,,,owner
338,347,2022-03-03,3319.51,2022-03-03 00:00:00,2022-03-03 00:00:00,,,owner
339,348,2022-02-14,6356.18,2022-02-14 00:00:00,2022-02-14 00:00:00,,,owner
340,349,2022-02-07,5329.90,2022-02-07 00:00:00,2022-02-07 00:00:00,,,owner
341,350,2022-02-24,964.66,2022-02-24 00:00:00,2022-02-24 00:00:00,,,owner
342,351,2022-02-15,3984.67,2022-02-15 00:00:00,2022-02-15 00:00:00,,,owner
343,352,2022-02-14,2751.41,2022-02-14 00:00:00,2022-02-14 00:00:00,,,owner
344,353,2022-02-18,2992.20,2022-02-18 00:00:00,2022-02-18 00:00:00,,,owner
345,354,2022-02-15,4376.46,2022-02-15 00:00:00,2022-02-15 00:00:00,,,owner
346,355,2022-04-01,8596.18,2022-04-01 00:00:00,2022-04-01 00:00:00,,,owner
347,356,2022-03-14,1507.81,2022-03-14 00:00:00,2022-03-14 00:00:00,,,owner
348,357,2022-03-11,1686.19,2022-03-11 00:00:00,2022-03-11 00:00:00,,,owner
349,358,2022-03-07,4371.07,2022-03-07 00:00:00,2022-03-07 00:00:00,,,owner
350,359,2022-04-05,3687.33,2022-04-05 00:00:00,2022-04-05 00:00:00,,,owner
351,360,2022-03-10,2501.07,2022-03-10 00:00:00,2022-03-10 00:00:00,,,owner
352,361,2022-03-28,4368.05,2022-03-28 00:00:00,2022-03-28 00:00:00,,,owner
353,362,2022-03-31,2512.39,2022-03-31 00:00:00,2022-03-31 00:00:00,,,owner
354,363,2022-03-10,2778.17,2022-03-10 00:00:00,2022-03-10 00:00:00,,,owner
355,364,2022-03-22,2062.32,2022-03-22 00:00:00,2022-03-22 00:00:00,,,owner
356,365,2022-03-13,4633.11,2022-03-13 00:00:00,2022-03-13 00:00:00,,,owner
357,366,2022-03-27,1341.78,2022-03-27 00:00:00,2022-03-27 00:00:00,,,owner
358,367,2022-03-10,1526.54,2022-03-10 00:00:00,2022-03-10 00:00:00,,,owner
359,368,2022-03-22,1541.28,2022-03-22 00:00:00,2022-03-22 00:00:00,,,owner
360,369,2022-04-03,7206.74,2022-04-03 00:00:00,2022-04-03 00:00:00,,,owner
361,370,2022-03-21,6539.92,2022-03-21 00:00:00,2022-03-21 00:00:00,,,owner
362,371,2022-03-28,3258.97,2022-03-28 00:00:00,2022-03-28 00:00:00,,,owner
363,372,2022-04-03,8709.70,2022-04-03 00:00:00,2022-04-03 00:00:00,,,owner
364,373,2022-03-30,8890.57,2022-03-30 00:00:00,2022-03-30 00:00:00,,,owner
365,374,2022-03-08,2121.32,2022-03-08 00:00:00,2022-03-08 00:00:00,,,owner
366,375,2022-03-11,5579.33,2022-03-11 00:00:00,2022-03-11 00:00:00,,,owner
367,376,2022-03-27,4463.61,2022-03-27 00:00:00,2022-03-27 00:00:00,,,owner
368,377,2022-03-30,2614.10,2022-03-30 00:00:00,2022-03-30 00:00:00,,,owner
369,378,2022-03-26,2125.57,2022-03-26 00:00:00,2022-03-26 00:00:00,,,owner
370,379,2022-03-13,6406.29,2022-03-13 00:00:00,2022-03-13 00:00:00,,,owner
371,380,2022-03-16,2894.09,2022-03-16 00:00:00,2022-03-16 00:00:00,,,owner
372,381,2022-03-09,7974.36,2022-03-09 00:00:00,2022-03-09 00:00:00,,,owner
373,382,2022-04-19,8004.41,2022-04-19 00:00:00,2022-04-19 00:00:00,,,owner
374,383,2022-03-17,8416.31,2022-03-17 00:00:00,2022-03-17 00:00:00,,,owner
375,384,2022-03-03,2317.05,2022-03-03 00:00:00,2022-03-03 00:00:00,,,owner
376,385,2022-03-31,907.56,2022-03-31 00:00:00,2022-03-31 00:00:00,,,owner
377,386,2022-03-28,3536.56,2022-03-28 00:00:00,2022-03-28 00:00:00,,,owner
378,387,2022-04-09,4330.16,2022-04-09 00:00:00,2022-04-09 00:00:00,,,owner
379,388,2022-04-29,4603.17,2022-04-29 00:00:00,2022-04-29 00:00:00,,,owner
380,389,2022-05-11,3829.65,2022-05-11 00:00:00,2022-05-11 00:00:00,,,owner
381,390,2022-04-13,6273.20,2022-04-13 00:00:00,2022-04-13 00:00:00,,,owner
382,391,2022-04-26,2131.85,2022-04-26 00:00:00,2022-04-26 00:00:00,,,owner
383,392,2022-04-17,2780.11,2022-04-17 00:00:00,2022-04-17 00:00:00,,,owner
384,393,2022-05-02,5358.83,2022-05-02 00:00:00,2022-05-02 00:00:00,,,owner
385,394,2022-04-30,5526.64,2022-04-30 00:00:00,2022-04-30 00:00:00,,,owner
386,395,2022-04-21,5246.41,2022-04-21 00:00:00,2022-04-21 00:00:00,,,owner
387,396,2022-04-23,4147.30,2022-04-23 00:00:00,2022-04-23 00:00:00,,,owner
388,397,2022-04-12,2216.51,2022-04-12 00:00:00,2022-04-12 00:00:00,,,owner
389,398,2022-04-27,5804.66,2022-04-27 00:00:00,2022-04-27 00:00:00,,,owner
390,399,2022-04-17,6765.93,2022-04-17 00:00:00,2022-04-17 00:00:00,,,owner
391,400,2022-04-28,533.58,2022-04-28 00:00:00,2022-04-28 00:00:00,,,owner
392,401,2022-04-20,6746.81,2022-04-20 00:00:00,2022-04-20 00:00:00,,,owner
393,402,2022-04-29,1407.12,2022-04-29 00:00:00,2022-04-29 00:00:00,,,owner
394,403,2022-05-02,6734.26,2022-05-02 00:00:00,2022-05-02 00:00:00,,,owner
395,404,2022-04-21,2988.58,2022-04-21 00:00:00,2022-04-21 00:00:00,,,owner
396,405,2022-04-29,4602.94,2022-04-29 00:00:00,2022-04-29 00:00:00,,,owner
397,406,2022-05-05,5993.51,2022-05-05 00:00:00,2022-05-05 00:00:00,,,owner
398,407,2022-04-05,2191.05,2022-04-05 00:00:00,2022-04-05 00:00:00,,,owner
399,408,2022-05-01,1003.44,2022-05-01 00:00:00,2022-05-01 00:00:00,,,owner
400,409,2022-04-19,1926.40,2022-04-19 00:00:00,2022-04-19 00:00:00,,,owner
401,410,2022-04-23,767.71,2022-04-23 00:00:00,2022-04-23 00:00:00,,,owner
402,411,2022-04-14,4646.47,2022-04-14 00:00:00,2022-04-14 00:00:00,,,owner
403,412,2022-04-02,1977.04,2022-04-02 00:00:00,2022-04-02 00:00:00,,,owner
404,413,2022-04-06,7724.48,2022-04-06 00:00:00,2022-04-06 00:00:00,,,owner
405,414,2022-05-27,1621.78,2022-05-27 00:00:00,2022-05-27 00:00:00,,,owner
406,415,2022-05-10,2454.04,2022-05-10 00:00:00,2022-05-10 00:00:00,,,owner
407,416,2022-05-26,4038.29,2022-05-26 00:00:00,2022-05-26 00:00:00,,,owner
408,417,2022-05-27,2171.47,2022-05-27 00:00:00,2022-05-27 00:00:00,,,owner
409,418,2022-05-12,4269.92,2022-05-12 00:00:00,2022-05-12 00:00:00,,,owner
410,419,2022-05-22,7192.42,2022-05-22 00:00:00,2022-05-22 00:00:00,,,owner
411,420,2022-05-09,2149.47,2022-05-09 00:00:00,2022-05-09 00:00:00,,,owner
412,421,2022-05-15,3652.92,2022-05-15 00:00:00,2022-05-15 00:00:00,,,owner
413,422,2022-05-15,2353.46,2022-05-15 00:00:00,2022-05-15 00:00:00,,,owner
414,423,2022-05-18,2761.17,2022-05-18 00:00:00,2022-05-18 00:00:00,,,owner
415,424,2022-05-09,3628.51,2022-05-09 00:00:00,2022-05-09 00:00:00,,,owner
416,425,2022-05-17,4814.48,2022-05-17 00:00:00,2022-05-17 00:00:00,,,owner
417,426,2022-05-26,5747.25,2022-05-26 00:00:00,2022-05-26 00:00:00,,,owner
418,427,2022-05-10,1990.96,2022-05-10 00:00:00,2022-05-10 00:00:00,,,owner
419,428,2022-05-19,5521.72,2022-05-19 00:00:00,2022-05-19 00:00:00,,,owner
420,429,2022-05-05,5087.77,2022-05-05 00:00:00,2022-05-05 00:00:00,,,owner
421,431,2022-05-15,1163.22,2022-05-15 00:00:00,2022-05-15 00:00:00,,,owner
422,432,2022-05-15,3161.11,2022-05-15 00:00:00,2022-05-15 00:00:00,,,owner
423,433,2022-05-23,3617.80,2022-05-23 00:00:00,2022-05-23 00:00:00,,,owner
424,434,2022-05-15,2200.84,2022-05-15 00:00:00,2022-05-15 00:00:00,,,owner
425,435,2022-05-12,2111.95,2022-05-12 00:00:00,2022-05-12 00:00:00,,,owner
426,436,2022-05-28,2766.96,2022-05-28 00:00:00,2022-05-28 00:00:00,,,owner
427,437,2022-05-19,9090.77,2022-05-19 00:00:00,2022-05-19 00:00:00,,,owner
428,438,2022-05-23,3660.56,2022-05-23 00:00:00,2022-05-23 00:00:00,,,owner
429,439,2022-05-26,7356.17,2022-05-26 00:00:00,2022-05-26 00:00:00,,,owner
430,440,2022-05-15,5977.82,2022-05-15 00:00:00,2022-05-15 00:00:00,,,owner
431,441,2022-05-26,6056.50,2022-05-26 00:00:00,2022-05-26 00:00:00,,,owner
432,442,2022-05-31,963.02,2022-05-31 00:00:00,2022-05-31 00:00:00,,,owner
433,443,2022-06-03,6520.88,2022-06-03 00:00:00,2022-06-03 00:00:00,,,owner
434,444,2022-05-05,3203.40,2022-05-05 00:00:00,2022-05-05 00:00:00,,,owner
435,445,2022-06-24,4806.50,2022-06-24 00:00:00,2022-06-24 00:00:00,,,owner
436,446,2022-06-29,5983.12,2022-06-29 00:00:00,2022-06-29 00:00:00,,,owner
437,447,2022-06-29,3349.49,2022-06-29 00:00:00,2022-06-29 00:00:00,,,owner
438,448,2022-06-13,10243.83,2022-06-13 00:00:00,2022-06-13 00:00:00,,,owner
439,449,2022-06-15,4330.48,2022-06-15 00:00:00,2022-06-15 00:00:00,,,owner
440,450,2022-06-11,9865.86,2022-06-11 00:00:00,2022-06-11 00:00:00,,,owner
441,451,2022-06-05,3056.30,2022-06-05 00:00:00,2022-06-05 00:00:00,,,owner
442,452,2022-06-19,1139.26,2022-06-19 00:00:00,2022-06-19 00:00:00,,,owner
443,453,2022-06-19,1873.20,2022-06-19 00:00:00,2022-06-19 00:00:00,,,owner
444,454,2022-06-29,2203.05,2022-06-29 00:00:00,2022-06-29 00:00:00,,,owner
445,455,2022-06-19,7924.62,2022-06-19 00:00:00,2022-06-19 00:00:00,,,owner
446,456,2022-06-27,1239.11,2022-06-27 00:00:00,2022-06-27 00:00:00,,,owner
447,457,2022-06-26,8007.59,2022-06-26 00:00:00,2022-06-26 00:00:00,,,owner
448,458,2022-06-19,2148.20,2022-06-19 00:00:00,2022-06-19 00:00:00,,,owner
449,459,2022-06-24,6030.08,2022-06-24 00:00:00,2022-06-24 00:00:00,,,owner
450,460,2022-06-23,1959.45,2022-06-23 00:00:00,2022-06-23 00:00:00,,,owner
451,461,2022-06-20,8916.97,2022-06-20 00:00:00,2022-06-20 00:00:00,,,owner
452,462,2022-06-03,1941.18,2022-06-03 00:00:00,2022-06-03 00:00:00,,,owner
453,463,2022-06-15,4104.98,2022-06-15 00:00:00,2022-06-15 00:00:00,,,owner
454,464,2022-06-20,6625.62,2022-06-20 00:00:00,2022-06-20 00:00:00,,,owner
455,465,2022-06-11,6308.14,2022-06-11 00:00:00,2022-06-11 00:00:00,,,owner
456,466,2022-06-13,9884.70,2022-06-13 00:00:00,2022-06-13 00:00:00,,,owner
457,467,2022-06-15,3261.56,2022-06-15 00:00:00,2022-06-15 00:00:00,,,owner
458,468,2022-06-19,6342.64,2022-06-19 00:00:00,2022-06-19 00:00:00,,,owner
459,469,2022-07-22,8732.10,2022-07-22 00:00:00,2022-07-22 00:00:00,,,owner
460,470,2022-07-04,3516.65,2022-07-04 00:00:00,2022-07-04 00:00:00,,,owner
461,471,2022-07-26,2686.69,2022-07-26 00:00:00,2022-07-26 00:00:00,,,owner
462,472,2022-08-01,6666.06,2022-08-01 00:00:00,2022-08-01 00:00:00,,,owner
463,473,2022-07-26,11456.64,2022-07-26 00:00:00,2022-07-26 00:00:00,,,owner
464,474,2022-08-04,4311.79,2022-08-04 00:00:00,2022-08-04 00:00:00,,,owner
465,475,2022-07-22,3829.12,2022-07-22 00:00:00,2022-07-22 00:00:00,,,owner
466,476,2022-07-25,5543.71,2022-07-25 00:00:00,2022-07-25 00:00:00,,,owner
467,477,2022-07-21,3683.98,2022-07-21 00:00:00,2022-07-21 00:00:00,,,owner
468,478,2022-07-22,2510.75,2022-07-22 00:00:00,2022-07-22 00:00:00,,,owner
469,479,2022-07-15,1325.06,2022-07-15 00:00:00,2022-07-15 00:00:00,,,owner
470,480,2022-07-27,3505.95,2022-07-27 00:00:00,2022-07-27 00:00:00,,,owner
471,481,2022-08-01,1099.68,2022-08-01 00:00:00,2022-08-01 00:00:00,,,owner
472,482,2022-07-12,6298.19,2022-07-12 00:00:00,2022-07-12 00:00:00,,,owner
473,483,2022-07-21,2898.84,2022-07-21 00:00:00,2022-07-21 00:00:00,,,owner
474,484,2022-07-06,2788.62,2022-07-06 00:00:00,2022-07-06 00:00:00,,,owner
475,485,2022-07-30,4082.06,2022-07-30 00:00:00,2022-07-30 00:00:00,,,owner
476,486,2022-07-06,1140.13,2022-07-06 00:00:00,2022-07-06 00:00:00,,,owner
477,487,2022-07-17,1885.94,2022-07-17 00:00:00,2022-07-17 00:00:00,,,owner
478,488,2022-07-18,5159.82,2022-07-18 00:00:00,2022-07-18 00:00:00,,,owner
479,489,2022-07-04,1651.14,2022-07-04 00:00:00,2022-07-04 00:00:00,,,owner
480,490,2022-07-25,5672.57,2022-07-25 00:00:00,2022-07-25 00:00:00,,,owner
481,491,2022-07-10,9441.92,2022-07-10 00:00:00,2022-07-10 00:00:00,,,owner
482,492,2022-07-31,3825.95,2022-07-31 00:00:00,2022-07-31 00:00:00,,,owner
483,493,2022-07-26,3560.55,2022-07-26 00:00:00,2022-07-26 00:00:00,,,owner
484,494,2022-07-19,4619.58,2022-07-19 00:00:00,2022-07-19 00:00:00,,,owner
485,495,2022-08-07,6184.05,2022-08-07 00:00:00,2022-08-07 00:00:00,,,owner
486,496,2022-08-25,3083.19,2022-08-25 00:00:00,2022-08-25 00:00:00,,,owner
487,497,2022-08-19,6811.99,2022-08-19 00:00:00,2022-08-19 00:00:00,,,owner
488,498,2022-08-06,8401.28,2022-08-06 00:00:00,2022-08-06 00:00:00,,,owner
489,499,2022-08-25,6057.92,2022-08-25 00:00:00,2022-08-25 00:00:00,,,owner
490,500,2022-08-23,2472.51,2022-08-23 00:00:00,2022-08-23 00:00:00,,,owner
491,501,2022-08-25,3560.54,2022-08-25 00:00:00,2022-08-25 00:00:00,,,owner
492,502,2022-08-26,580.91,2022-08-26 00:00:00,2022-08-26 00:00:00,,,owner
493,503,2022-08-05,3021.91,2022-08-05 00:00:00,2022-08-05 00:00:00,,,owner
494,504,2022-08-23,3015.77,2022-08-23 00:00:00,2022-08-23 00:00:00,,,owner
495,505,2022-08-13,3564.88,2022-08-13 00:00:00,2022-08-13 00:00:00,,,owner
496,506,2022-08-06,5261.14,2022-08-06 00:00:00,2022-08-06 00:00:00,,,owner
497,507,2022-08-04,1197.76,2022-08-04 00:00:00,2022-08-04 00:00:00,,,owner
498,508,2022-08-11,1504.24,2022-08-11 00:00:00,2022-08-11 00:00:00,,,owner
499,509,2022-08-10,2226.66,2022-08-10 00:00:00,2022-08-10 00:00:00,,,owner
500,510,2022-08-17,2524.05,2022-08-17 00:00:00,2022-08-17 00:00:00,,,owner
501,511,2022-08-09,4748.05,2022-08-09 00:00:00,2022-08-09 00:00:00,,,owner
502,512,2022-08-31,1623.37,2022-08-31 00:00:00,2022-08-31 00:00:00,,,owner
503,513,2022-08-17,1056.31,2022-08-17 00:00:00,2022-08-17 00:00:00,,,owner
504,514,2022-08-18,3606.03,2022-08-18 00:00:00,2022-08-18 00:00:00,,,owner
505,515,2022-08-26,6239.72,2022-08-26 00:00:00,2022-08-26 00:00:00,,,owner
506,516,2022-08-03,10179.60,2022-08-03 00:00:00,2022-08-03 00:00:00,,,owner
507,517,2022-08-24,3540.61,2022-08-24 00:00:00,2022-08-24 00:00:00,,,owner
508,518,2022-08-10,3786.97,2022-08-10 00:00:00,2022-08-10 00:00:00,,,owner
509,519,2022-08-21,10054.35,2022-08-21 00:00:00,2022-08-21 00:00:00,,,owner
510,520,2022-08-19,7187.48,2022-08-19 00:00:00,2022-08-19 00:00:00,,,owner
511,521,2022-08-04,3762.61,2022-08-04 00:00:00,2022-08-04 00:00:00,,,owner
512,522,2022-08-10,5337.50,2022-08-10 00:00:00,2022-08-10 00:00:00,,,owner
513,523,2022-09-08,10168.70,2022-09-08 00:00:00,2022-09-08 00:00:00,,,owner
514,524,2022-09-19,1892.97,2022-09-19 00:00:00,2022-09-19 00:00:00,,,owner
515,525,2022-09-18,3706.54,2022-09-18 00:00:00,2022-09-18 00:00:00,,,owner
516,526,2022-09-11,1960.69,2022-09-11 00:00:00,2022-09-11 00:00:00,,,owner
517,527,2022-09-13,4571.99,2022-09-13 00:00:00,2022-09-13 00:00:00,,,owner
518,528,2022-09-26,7390.36,2022-09-26 00:00:00,2022-09-26 00:00:00,,,owner
519,529,2022-09-12,4886.63,2022-09-12 00:00:00,2022-09-12 00:00:00,,,owner
520,530,2022-09-25,8551.60,2022-09-25 00:00:00,2022-09-25 00:00:00,,,owner
521,531,2022-09-13,2807.98,2022-09-13 00:00:00,2022-09-13 00:00:00,,,owner
522,532,2022-09-03,4576.75,2022-09-03 00:00:00,2022-09-03 00:00:00,,,owner
523,533,2022-09-30,3031.70,2022-09-30 00:00:00,2022-09-30 00:00:00,,,owner
524,534,2022-09-10,4489.18,2022-09-10 00:00:00,2022-09-10 00:00:00,,,owner
525,536,2022-09-07,7319.93,2022-09-07 00:00:00,2022-09-07 00:00:00,,,owner
526,537,2022-09-26,2003.04,2022-09-26 00:00:00,2022-09-26 00:00:00,,,owner
527,538,2022-09-06,1916.43,2022-09-06 00:00:00,2022-09-06 00:00:00,,,owner
528,539,2022-09-26,3360.97,2022-09-26 00:00:00,2022-09-26 00:00:00,,,owner
529,540,2022-09-15,7397.57,2022-09-15 00:00:00,2022-09-15 00:00:00,,,owner
530,541,2022-09-24,1961.51,2022-09-24 00:00:00,2022-09-24 00:00:00,,,owner
531,542,2022-09-17,815.94,2022-09-17 00:00:00,2022-09-17 00:00:00,,,owner
532,543,2022-09-30,5427.66,2022-09-30 00:00:00,2022-09-30 00:00:00,,,owner
533,544,2022-10-13,4878.32,2022-10-13 00:00:00,2022-10-13 00:00:00,,,owner
534,545,2022-09-16,5499.24,2022-09-16 00:00:00,2022-09-16 00:00:00,,,owner
535,546,2022-09-26,3773.56,2022-09-26 00:00:00,2022-09-26 00:00:00,,,owner
536,547,2022-10-01,1790.76,2022-10-01 00:00:00,2022-10-01 00:00:00,,,owner
537,548,2022-09-14,3763.84,2022-09-14 00:00:00,2022-09-14 00:00:00,,,owner
538,549,2022-09-15,5816.90,2022-09-15 00:00:00,2022-09-15 00:00:00,,,owner
539,550,2022-09-03,5412.01,2022-09-03 00:00:00,2022-09-03 00:00:00,,,owner
540,551,2022-10-13,1419.23,2022-10-13 00:00:00,2022-10-13 00:00:00,,,owner
541,552,2022-11-01,4628.13,2022-11-01 00:00:00,2022-11-01 00:00:00,,,owner
542,553,2022-11-04,5854.23,2022-11-04 00:00:00,2022-11-04 00:00:00,,,owner
543,554,2022-10-23,3613.43,2022-10-23 00:00:00,2022-10-23 00:00:00,,,owner
544,555,2022-10-28,5743.86,2022-10-28 00:00:00,2022-10-28 00:00:00,,,owner
545,556,2022-10-27,6511.08,2022-10-27 00:00:00,2022-10-27 00:00:00,,,owner
546,557,2022-10-21,4094.14,2022-10-21 00:00:00,2022-10-21 00:00:00,,,owner
547,558,2022-11-03,4912.60,2022-11-03 00:00:00,2022-11-03 00:00:00,,,owner
548,559,2022-10-09,835.56,2022-10-09 00:00:00,2022-10-09 00:00:00,,,owner
549,560,2022-10-27,1399.13,2022-10-27 00:00:00,2022-10-27 00:00:00,,,owner
550,561,2022-11-03,4861.16,2022-11-03 00:00:00,2022-11-03 00:00:00,,,owner
551,562,2022-10-24,3433.27,2022-10-24 00:00:00,2022-10-24 00:00:00,,,owner
552,563,2022-10-27,716.40,2022-10-27 00:00:00,2022-10-27 00:00:00,,,owner
553,564,2022-10-29,5995.76,2022-10-29 00:00:00,2022-10-29 00:00:00,,,owner
554,565,2022-10-14,4259.38,2022-10-14 00:00:00,2022-10-14 00:00:00,,,owner
555,566,2022-10-14,1396.87,2022-10-14 00:00:00,2022-10-14 00:00:00,,,owner
556,567,2022-10-04,5871.40,2022-10-04 00:00:00,2022-10-04 00:00:00,,,owner
557,568,2022-10-06,2071.97,2022-10-06 00:00:00,2022-10-06 00:00:00,,,owner
558,569,2022-11-02,9289.52,2022-11-02 00:00:00,2022-11-02 00:00:00,,,owner
559,570,2022-10-10,8892.34,2022-10-10 00:00:00,2022-10-10 00:00:00,,,owner
560,571,2022-10-17,4975.81,2022-10-17 00:00:00,2022-10-17 00:00:00,,,owner
561,572,2022-10-28,4178.73,2022-10-28 00:00:00,2022-10-28 00:00:00,,,owner
562,573,2022-10-09,1462.02,2022-10-09 00:00:00,2022-10-09 00:00:00,,,owner
563,574,2022-11-09,5965.96,2022-11-09 00:00:00,2022-11-09 00:00:00,,,owner
564,575,2022-10-28,8476.76,2022-10-28 00:00:00,2022-10-28 00:00:00,,,owner
565,576,2022-10-07,911.20,2022-10-07 00:00:00,2022-10-07 00:00:00,,,owner
566,577,2022-11-06,6796.53,2022-11-06 00:00:00,2022-11-06 00:00:00,,,owner
567,578,2022-11-21,4778.50,2022-11-21 00:00:00,2022-11-21 00:00:00,,,owner
568,579,2022-11-09,4678.70,2022-11-09 00:00:00,2022-11-09 00:00:00,,,owner
569,580,2022-11-03,1172.35,2022-11-03 00:00:00,2022-11-03 00:00:00,,,owner
570,581,2022-11-15,4296.83,2022-11-15 00:00:00,2022-11-15 00:00:00,,,owner
571,582,2022-11-06,6647.07,2022-11-06 00:00:00,2022-11-06 00:00:00,,,owner
572,583,2022-11-17,2428.55,2022-11-17 00:00:00,2022-11-17 00:00:00,,,owner
573,584,2022-11-05,1089.57,2022-11-05 00:00:00,2022-11-05 00:00:00,,,owner
574,585,2022-11-13,6433.47,2022-11-13 00:00:00,2022-11-13 00:00:00,,,owner
575,586,2022-11-14,5204.35,2022-11-14 00:00:00,2022-11-14 00:00:00,,,owner
576,587,2022-11-18,892.29,2022-11-18 00:00:00,2022-11-18 00:00:00,,,owner
577,588,2022-11-25,9295.19,2022-11-25 00:00:00,2022-11-25 00:00:00,,,owner
578,589,2022-11-05,3461.97,2022-11-05 00:00:00,2022-11-05 00:00:00,,,owner
579,590,2022-11-29,1577.03,2022-11-29 00:00:00,2022-11-29 00:00:00,,,owner
580,591,2022-12-01,6392.99,2022-12-01 00:00:00,2022-12-01 00:00:00,,,owner
581,592,2022-12-02,2265.22,2022-12-02 00:00:00,2022-12-02 00:00:00,,,owner
582,593,2022-11-19,1230.46,2022-11-19 00:00:00,2022-11-19 00:00:00,,,owner
583,594,2022-11-25,6910.84,2022-11-25 00:00:00,2022-11-25 00:00:00,,,owner
584,595,2022-11-27,6912.10,2022-11-27 00:00:00,2022-11-27 00:00:00,,,owner
585,596,2022-11-11,2332.38,2022-11-11 00:00:00,2022-11-11 00:00:00,,,owner
586,597,2022-12-30,5882.16,2022-12-30 00:00:00,2022-12-30 00:00:00,,,owner
587,598,2023-01-02,3316.78,2023-01-02 00:00:00,2023-01-02 00:00:00,,,owner
588,599,2022-12-21,5598.29,2022-12-21 00:00:00,2022-12-21 00:00:00,,,owner
589,600,2022-12-26,6081.53,2022-12-26 00:00:00,2022-12-26 00:00:00,,,owner
590,601,2022-12-10,3682.51,2022-12-10 00:00:00,2022-12-10 00:00:00,,,owner
591,602,2022-12-07,2986.41,2022-12-07 00:00:00,2022-12-07 00:00:00,,,owner
592,603,2022-12-23,3775.67,2022-12-23 00:00:00,2022-12-23 00:00:00,,,owner
593,604,2022-12-16,6603.55,2022-12-16 00:00:00,2022-12-16 00:00:00,,,owner
594,605,2022-12-06,4912.35,2022-12-06 00:00:00,2022-12-06 00:00:00,,,owner
595,606,2022-12-09,4176.72,2022-12-09 00:00:00,2022-12-09 00:00:00,,,owner
596,607,2022-12-16,2020.40,2022-12-16 00:00:00,2022-12-16 00:00:00,,,owner
597,608,2023-01-01,11389.95,2023-01-01 00:00:00,2023-01-01 00:00:00,,,owner
598,609,2022-12-31,1283.54,2022-12-31 00:00:00,2022-12-31 00:00:00,,,owner
599,610,2022-12-22,5384.90,2022-12-22 00:00:00,2022-12-22 00:00:00,,,owner
600,611,2022-12-25,3005.67,2022-12-25 00:00:00,2022-12-25 00:00:00,,,owner
601,612,2022-12-22,6075.25,2022-12-22 00:00:00,2022-12-22 00:00:00,,,owner
602,613,2022-12-22,4871.89,2022-12-22 00:00:00,2022-12-22 00:00:00,,,owner
603,614,2022-12-30,5042.24,2022-12-30 00:00:00,2022-12-30 00:00:00,,,owner
604,615,2022-12-14,4478.84,2022-12-14 00:00:00,2022-12-14 00:00:00,,,owner
605,616,2022-12-25,2399.78,2022-12-25 00:00:00,2022-12-25 00:00:00,,,owner
606,617,2022-12-10,2301.77,2022-12-10 00:00:00,2022-12-10 00:00:00,,,owner
607,618,2023-02-04,3578.39,2023-02-04 00:00:00,2023-02-04 00:00:00,,,owner
608,619,2023-01-10,3836.98,2023-01-10 00:00:00,2023-01-10 00:00:00,,,owner
609,620,2023-01-23,4588.79,2023-01-23 00:00:00,2023-01-23 00:00:00,,,owner
610,621,2023-01-08,2833.87,2023-01-08 00:00:00,2023-01-08 00:00:00,,,owner
611,622,2023-01-14,4991.05,2023-01-14 00:00:00,2023-01-14 00:00:00,,,owner
612,623,2023-01-18,4768.18,2023-01-18 00:00:00,2023-01-18 00:00:00,,,owner
613,624,2023-01-30,3034.20,2023-01-30 00:00:00,2023-01-30 00:00:00,,,owner
614,625,2023-01-08,9418.63,2023-01-08 00:00:00,2023-01-08 00:00:00,,,owner
615,626,2023-01-29,2443.21,2023-01-29 00:00:00,2023-01-29 00:00:00,,,owner
616,627,2023-01-27,5565.06,2023-01-27 00:00:00,2023-01-27 00:00:00,,,owner
617,628,2023-01-29,1072.00,2023-01-29 00:00:00,2023-01-29 00:00:00,,,owner
618,629,2023-01-19,6531.51,2023-01-19 00:00:00,2023-01-19 00:00:00,,,owner
619,630,2023-01-21,970.27,2023-01-21 00:00:00,2023-01-21 00:00:00,,,owner
620,631,2023-01-27,1765.78,2023-01-27 00:00:00,2023-01-27 00:00:00,,,owner
621,632,2023-01-24,4367.31,2023-01-24 00:00:00,2023-01-24 00:00:00,,,owner
622,633,2023-01-07,2261.15,2023-01-07 00:00:00,2023-01-07 00:00:00,,,owner
623,634,2023-01-18,5199.56,2023-01-18 00:00:00,2023-01-18 00:00:00,,,owner
624,635,2023-01-19,4261.84,2023-01-19 00:00:00,2023-01-19 00:00:00,,,owner
625,636,2023-01-31,2814.66,2023-01-31 00:00:00,2023-01-31 00:00:00,,,owner
626,637,2023-01-27,1952.58,2023-01-27 00:00:00,2023-01-27 00:00:00,,,owner
627,638,2023-01-18,4134.71,2023-01-18 00:00:00,2023-01-18 00:00:00,,,owner
628,639,2023-01-26,6202.05,2023-01-26 00:00:00,2023-01-26 00:00:00,,,owner
629,640,2023-02-01,2154.26,2023-02-01 00:00:00,2023-02-01 00:00:00,,,owner
630,642,2023-02-01,1669.38,2023-02-01 00:00:00,2023-02-01 00:00:00,,,owner
631,643,2023-01-25,1007.82,2023-01-25 00:00:00,2023-01-25 00:00:00,,,owner
632,644,2023-01-18,2778.97,2023-01-18 00:00:00,2023-01-18 00:00:00,,,owner
633,645,2023-01-21,9199.16,2023-01-21 00:00:00,2023-01-21 00:00:00,,,owner
634,646,2023-02-16,1625.35,2023-02-16 00:00:00,2023-02-16 00:00:00,,,owner
635,647,2023-02-14,2106.86,2023-02-14 00:00:00,2023-02-14 00:00:00,,,owner
636,648,2023-02-23,6629.39,2023-02-23 00:00:00,2023-02-23 00:00:00,,,owner
637,649,2023-02-20,2325.48,2023-02-20 00:00:00,2023-02-20 00:00:00,,,owner
638,650,2023-02-20,3440.90,2023-02-20 00:00:00,2023-02-20 00:00:00,,,owner
639,651,2023-02-15,4759.27,2023-02-15 00:00:00,2023-02-15 00:00:00,,,owner
640,652,2023-02-05,4585.53,2023-02-05 00:00:00,2023-02-05 00:00:00,,,owner
641,653,2023-02-05,4966.32,2023-02-05 00:00:00,2023-02-05 00:00:00,,,owner
642,654,2023-02-09,4302.49,2023-02-09 00:00:00,2023-02-09 00:00:00,,,owner
643,655,2023-02-04,1007.59,2023-02-04 00:00:00,2023-02-04 00:00:00,,,owner
644,656,2023-02-16,3981.05,2023-02-16 00:00:00,2023-02-16 00:00:00,,,owner
645,657,2023-02-10,6330.56,2023-02-10 00:00:00,2023-02-10 00:00:00,,,owner
646,658,2023-02-07,3167.77,2023-02-07 00:00:00,2023-02-07 00:00:00,,,owner
647,659,2023-02-28,6811.23,2023-02-28 00:00:00,2023-02-28 00:00:00,,,owner
648,660,2023-03-01,2220.80,2023-03-01 00:00:00,2023-03-01 00:00:00,,,owner
649,661,2023-02-24,3415.04,2023-02-24 00:00:00,2023-02-24 00:00:00,,,owner
650,662,2023-02-08,6574.37,2023-02-08 00:00:00,2023-02-08 00:00:00,,,owner
651,663,2023-02-22,6568.47,2023-02-22 00:00:00,2023-02-22 00:00:00,,,owner
652,664,2023-02-07,5328.16,2023-02-07 00:00:00,2023-02-07 00:00:00,,,owner
653,665,2023-02-27,615.52,2023-02-27 00:00:00,2023-02-27 00:00:00,,,owner
654,666,2023-02-13,7749.92,2023-02-13 00:00:00,2023-02-13 00:00:00,,,owner
655,667,2023-02-22,4195.95,2023-02-22 00:00:00,2023-02-22 00:00:00,,,owner
656,668,2023-02-13,1088.35,2023-02-13 00:00:00,2023-02-13 00:00:00,,,owner
657,669,2023-02-14,1100.56,2023-02-14 00:00:00,2023-02-14 00:00:00,,,owner
658,670,2023-02-21,7242.89,2023-02-21 00:00:00,2023-02-21 00:00:00,,,owner
659,671,2023-02-12,1587.16,2023-02-12 00:00:00,2023-02-12 00:00:00,,,owner
660,672,2023-02-19,3787.93,2023-02-19 00:00:00,2023-02-19 00:00:00,,,owner
661,673,2023-03-27,2012.42,2023-03-27 00:00:00,2023-03-27 00:00:00,,,owner
662,674,2023-03-13,2814.28,2023-03-13 00:00:00,2023-03-13 00:00:00,,,owner
663,675,2023-03-29,5036.20,2023-03-29 00:00:00,2023-03-29 00:00:00,,,owner
664,676,2023-03-18,2449.60,2023-03-18 00:00:00,2023-03-18 00:00:00,,,owner
665,677,2023-03-25,5558.46,2023-03-25 00:00:00,2023-03-25 00:00:00,,,owner
666,678,2023-03-30,1924.64,2023-03-30 00:00:00,2023-03-30 00:00:00,,,owner
667,679,2023-03-17,2297.05,2023-03-17 00:00:00,2023-03-17 00:00:00,,,owner
668,680,2023-03-24,4154.01,2023-03-24 00:00:00,2023-03-24 00:00:00,,,owner
669,681,2023-03-27,5883.77,2023-03-27 00:00:00,2023-03-27 00:00:00,,,owner
670,682,2023-03-29,6165.68,2023-03-29 00:00:00,2023-03-29 00:00:00,,,owner
671,683,2023-03-21,10628.64,2023-03-21 00:00:00,2023-03-21 00:00:00,,,owner
672,684,2023-03-07,5083.04,2023-03-07 00:00:00,2023-03-07 00:00:00,,,owner
673,686,2023-03-28,5184.52,2023-03-28 00:00:00,2023-03-28 00:00:00,,,owner
674,687,2023-03-12,3112.97,2023-03-12 00:00:00,2023-03-12 00:00:00,,,owner
675,688,2023-03-15,3114.00,2023-03-15 00:00:00,2023-03-15 00:00:00,,,owner
676,689,2023-03-14,8883.99,2023-03-14 00:00:00,2023-03-14 00:00:00,,,owner
677,690,2023-03-26,4497.97,2023-03-26 00:00:00,2023-03-26 00:00:00,,,owner
678,691,2023-04-01,1538.77,2023-04-01 00:00:00,2023-04-01 00:00:00,,,owner
679,692,2023-03-21,3089.40,2023-03-21 00:00:00,2023-03-21 00:00:00,,,owner
680,693,2023-03-27,7065.20,2023-03-27 00:00:00,2023-03-27 00:00:00,,,owner
681,694,2023-03-08,5307.02,2023-03-08 00:00:00,2023-03-08 00:00:00,,,owner
682,695,2023-03-20,3716.88,2023-03-20 00:00:00,2023-03-20 00:00:00,,,owner
683,696,2023-03-06,2995.16,2023-03-06 00:00:00,2023-03-06 00:00:00,,,owner
684,697,2023-03-21,4272.08,2023-03-21 00:00:00,2023-03-21 00:00:00,,,owner
685,698,2023-03-09,7779.31,2023-03-09 00:00:00,2023-03-09 00:00:00,,,owner
686,699,2023-03-25,2732.63,2023-03-25 00:00:00,2023-03-25 00:00:00,,,owner
687,700,2023-04-22,950.85,2023-04-22 00:00:00,2023-04-22 00:00:00,,,owner
688,701,2023-04-18,3590.28,2023-04-18 00:00:00,2023-04-18 00:00:00,,,owner
689,702,2023-04-07,9185.14,2023-04-07 00:00:00,2023-04-07 00:00:00,,,owner
690,703,2023-04-26,2554.01,2023-04-26 00:00:00,2023-04-26 00:00:00,,,owner
691,704,2023-04-20,3813.15,2023-04-20 00:00:00,2023-04-20 00:00:00,,,owner
692,705,2023-04-18,3864.78,2023-04-18 00:00:00,2023-04-18 00:00:00,,,owner
693,706,2023-04-10,3388.15,2023-04-10 00:00:00,2023-04-10 00:00:00,,,owner
694,707,2023-05-03,9535.28,2023-05-03 00:00:00,2023-05-03 00:00:00,,,owner
695,708,2023-04-12,5580.22,2023-04-12 00:00:00,2023-04-12 00:00:00,,,owner
696,709,2023-04-12,2427.98,2023-04-12 00:00:00,2023-04-12 00:00:00,,,owner
697,710,2023-04-18,1615.83,2023-04-18 00:00:00,2023-04-18 00:00:00,,,owner
698,711,2023-04-24,8873.02,2023-04-24 00:00:00,2023-04-24 00:00:00,,,owner
699,712,2023-04-19,4141.64,2023-04-19 00:00:00,2023-04-19 00:00:00,,,owner
700,713,2023-04-08,1589.08,2023-04-08 00:00:00,2023-04-08 00:00:00,,,owner
701,714,2023-04-08,8584.83,2023-04-08 00:00:00,2023-04-08 00:00:00,,,owner
702,715,2023-04-09,1426.46,2023-04-09 00:00:00,2023-04-09 00:00:00,,,owner
703,716,2023-04-25,8741.03,2023-04-25 00:00:00,2023-04-25 00:00:00,,,owner
704,717,2023-04-03,1944.25,2023-04-03 00:00:00,2023-04-03 00:00:00,,,owner
705,718,2023-04-30,728.52,2023-04-30 00:00:00,2023-04-30 00:00:00,,,owner
706,719,2023-04-25,3137.77,2023-04-25 00:00:00,2023-04-25 00:00:00,,,owner
707,720,2023-05-05,4245.49,2023-05-05 00:00:00,2023-05-05 00:00:00,,,owner
708,721,2023-04-23,3730.83,2023-04-23 00:00:00,2023-04-23 00:00:00,,,owner
709,722,2023-04-26,1506.53,2023-04-26 00:00:00,2023-04-26 00:00:00,,,owner
710,723,2023-04-04,7793.00,2023-04-04 00:00:00,2023-04-04 00:00:00,,,owner
711,724,2023-04-17,4993.72,2023-04-17 00:00:00,2023-04-17 00:00:00,,,owner
712,725,2023-05-27,1208.00,2023-05-27 00:00:00,2023-05-27 00:00:00,,,owner
713,726,2023-05-08,2833.30,2023-05-08 00:00:00,2023-05-08 00:00:00,,,owner
714,727,2023-05-16,5508.40,2023-05-16 00:00:00,2023-05-16 00:00:00,,,owner
715,728,2023-05-13,6690.86,2023-05-13 00:00:00,2023-05-13 00:00:00,,,owner
716,729,2023-05-12,1696.52,2023-05-12 00:00:00,2023-05-12 00:00:00,,,owner
717,730,2023-05-15,1417.54,2023-05-15 00:00:00,2023-05-15 00:00:00,,,owner
718,731,2023-05-11,4003.02,2023-05-11 00:00:00,2023-05-11 00:00:00,,,owner
719,732,2023-05-22,1471.41,2023-05-22 00:00:00,2023-05-22 00:00:00,,,owner
720,733,2023-05-07,5017.77,2023-05-07 00:00:00,2023-05-07 00:00:00,,,owner
721,734,2023-05-13,4613.20,2023-05-13 00:00:00,2023-05-13 00:00:00,,,owner
722,735,2023-05-11,2595.77,2023-05-11 00:00:00,2023-05-11 00:00:00,,,owner
723,736,2023-05-24,1519.60,2023-05-24 00:00:00,2023-05-24 00:00:00,,,owner
724,737,2023-05-19,2057.37,2023-05-19 00:00:00,2023-05-19 00:00:00,,,owner
725,738,2023-05-19,8610.66,2023-05-19 00:00:00,2023-05-19 00:00:00,,,owner
726,739,2023-05-03,1197.22,2023-05-03 00:00:00,2023-05-03 00:00:00,,,owner
727,740,2023-05-09,1253.62,2023-05-09 00:00:00,2023-05-09 00:00:00,,,owner
728,741,2023-05-08,956.54,2023-05-08 00:00:00,2023-05-08 00:00:00,,,owner
729,742,2023-05-25,2450.35,2023-05-25 00:00:00,2023-05-25 00:00:00,,,owner
730,743,2023-05-22,4758.86,2023-05-22 00:00:00,2023-05-22 00:00:00,,,owner
731,744,2023-06-01,4761.04,2023-06-01 00:00:00,2023-06-01 00:00:00,,,owner
732,745,2023-05-09,5255.11,2023-05-09 00:00:00,2023-05-09 00:00:00,,,owner
733,746,2023-05-18,6211.86,2023-05-18 00:00:00,2023-05-18 00:00:00,,,owner
734,747,2023-05-25,6035.13,2023-05-25 00:00:00,2023-05-25 00:00:00,,,owner
735,748,2023-05-04,3500.56,2023-05-04 00:00:00,2023-05-04 00:00:00,,,owner
736,749,2023-06-02,5011.52,2023-06-02 00:00:00,2023-06-02 00:00:00,,,owner
737,750,2023-05-19,4499.66,2023-05-19 00:00:00,2023-05-19 00:00:00,,,owner
738,751,2023-06-09,6481.29,2023-06-09 00:00:00,2023-06-09 00:00:00,,,owner
739,752,2023-05-21,3519.81,2023-05-21 00:00:00,2023-05-21 00:00:00,,,owner
740,753,2023-05-19,6113.43,2023-05-19 00:00:00,2023-05-19 00:00:00,,,owner
741,755,2023-05-03,1589.14,2023-05-03 00:00:00,2023-05-03 00:00:00,,,owner
742,756,2023-05-20,6624.36,2023-05-20 00:00:00,2023-05-20 00:00:00,,,owner
743,757,2023-05-23,1536.87,2023-05-23 00:00:00,2023-05-23 00:00:00,,,owner
744,758,2023-05-28,1545.21,2023-05-28 00:00:00,2023-05-28 00:00:00,,,owner
745,759,2023-06-11,1122.22,2023-06-11 00:00:00,2023-06-11 00:00:00,,,owner
746,760,2023-06-09,2381.73,2023-06-09 00:00:00,2023-06-09 00:00:00,,,owner
747,761,2023-06-20,2399.33,2023-06-20 00:00:00,2023-06-20 00:00:00,,,owner
748,762,2023-06-20,10167.86,2023-06-20 00:00:00,2023-06-20 00:00:00,,,owner
749,763,2023-07-04,5772.76,2023-07-04 00:00:00,2023-07-04 00:00:00,,,owner
750,764,2023-06-06,3039.73,2023-06-06 00:00:00,2023-06-06 00:00:00,,,owner
751,765,2023-06-10,1559.99,2023-06-10 00:00:00,2023-06-10 00:00:00,,,owner
752,766,2023-07-06,2951.25,2023-07-06 00:00:00,2023-07-06 00:00:00,,,owner
753,767,2023-06-17,5289.20,2023-06-17 00:00:00,2023-06-17 00:00:00,,,owner
754,768,2023-06-10,8191.69,2023-06-10 00:00:00,2023-06-10 00:00:00,,,owner
755,769,2023-06-17,6120.65,2023-06-17 00:00:00,2023-06-17 00:00:00,,,owner
756,770,2023-06-29,4033.54,2023-06-29 00:00:00,2023-06-29 00:00:00,,,owner
757,771,2023-06-20,5286.83,2023-06-20 00:00:00,2023-06-20 00:00:00,,,owner
758,772,2023-06-16,5121.32,2023-06-16 00:00:00,2023-06-16 00:00:00,,,owner
759,773,2023-06-27,4321.81,2023-06-27 00:00:00,2023-06-27 00:00:00,,,owner
760,774,2023-06-06,3809.53,2023-06-06 00:00:00,2023-06-06 00:00:00,,,owner
761,775,2023-06-17,2186.16,2023-06-17 00:00:00,2023-06-17 00:00:00,,,owner
762,776,2023-06-06,4055.16,2023-06-06 00:00:00,2023-06-06 00:00:00,,,owner
763,777,2023-06-05,2394.87,2023-06-05 00:00:00,2023-06-05 00:00:00,,,owner
764,778,2023-07-02,991.09,2023-07-02 00:00:00,2023-07-02 00:00:00,,,owner
765,779,2023-06-20,3056.05,2023-06-20 00:00:00,2023-06-20 00:00:00,,,owner
766,780,2023-06-26,9274.55,2023-06-26 00:00:00,2023-06-26 00:00:00,,,owner
767,781,2023-06-04,2324.87,2023-06-04 00:00:00,2023-06-04 00:00:00,,,owner
768,782,2023-06-22,2830.15,2023-06-22 00:00:00,2023-06-22 00:00:00,,,owner
769,783,2023-06-26,4692.09,2023-06-26 00:00:00,2023-06-26 00:00:00,,,owner
770,784,2023-06-21,1496.30,2023-06-21 00:00:00,2023-06-21 00:00:00,,,owner
771,785,2023-07-15,1158.34,2023-07-15 00:00:00,2023-07-15 00:00:00,,,owner
772,786,2023-07-11,7371.46,2023-07-11 00:00:00,2023-07-11 00:00:00,,,owner
773,787,2023-08-01,1427.33,2023-08-01 00:00:00,2023-08-01 00:00:00,,,owner
774,788,2023-07-08,2765.58,2023-07-08 00:00:00,2023-07-08 00:00:00,,,owner
775,789,2023-07-29,1550.34,2023-07-29 00:00:00,2023-07-29 00:00:00,,,owner
776,790,2023-07-10,7025.42,2023-07-10 00:00:00,2023-07-10 00:00:00,,,owner
777,791,2023-07-24,8439.77,2023-07-24 00:00:00,2023-07-24 00:00:00,,,owner
778,792,2023-07-11,3446.04,2023-07-11 00:00:00,2023-07-11 00:00:00,,,owner
779,793,2023-07-02,3363.81,2023-07-02 00:00:00,2023-07-02 00:00:00,,,owner
780,794,2023-07-09,1362.17,2023-07-09 00:00:00,2023-07-09 00:00:00,,,owner
781,795,2023-07-10,1003.06,2023-07-10 00:00:00,2023-07-10 00:00:00,,,owner
782,796,2023-08-01,5033.94,2023-08-01 00:00:00,2023-08-01 00:00:00,,,owner
783,797,2023-08-09,2865.42,2023-08-09 00:00:00,2023-08-09 00:00:00,,,owner
784,798,2023-07-16,4551.35,2023-07-16 00:00:00,2023-07-16 00:00:00,,,owner
785,799,2023-07-23,3512.51,2023-07-23 00:00:00,2023-07-23 00:00:00,,,owner
786,800,2023-07-27,1280.79,2023-07-27 00:00:00,2023-07-27 00:00:00,,,owner
787,801,2023-07-26,2151.56,2023-07-26 00:00:00,2023-07-26 00:00:00,,,owner
788,802,2023-07-12,2950.22,2023-07-12 00:00:00,2023-07-12 00:00:00,,,owner
789,803,2023-07-08,6463.89,2023-07-08 00:00:00,2023-07-08 00:00:00,,,owner
790,804,2023-07-14,851.50,2023-07-14 00:00:00,2023-07-14 00:00:00,,,owner
791,805,2023-07-11,1884.53,2023-07-11 00:00:00,2023-07-11 00:00:00,,,owner
792,806,2023-07-06,5848.59,2023-07-06 00:00:00,2023-07-06 00:00:00,,,owner
793,807,2023-07-13,1292.17,2023-07-13 00:00:00,2023-07-13 00:00:00,,,owner
794,808,2023-07-21,3675.50,2023-07-21 00:00:00,2023-07-21 00:00:00,,,owner
795,809,2023-07-26,1439.32,2023-07-26 00:00:00,2023-07-26 00:00:00,,,owner
796,810,2023-07-04,1872.11,2023-07-04 00:00:00,2023-07-04 00:00:00,,,owner
797,811,2023-07-27,2745.36,2023-07-27 00:00:00,2023-07-27 00:00:00,,,owner
798,812,2023-07-30,4900.78,2023-07-30 00:00:00,2023-07-30 00:00:00,,,owner
799,813,2023-07-18,3813.78,2023-07-18 00:00:00,2023-07-18 00:00:00,,,owner
800,814,2023-07-09,2299.40,2023-07-09 00:00:00,2023-07-09 00:00:00,,,owner
801,815,2023-07-25,3990.35,2023-07-25 00:00:00,2023-07-25 00:00:00,,,owner
802,816,2023-07-20,7581.89,2023-07-20 00:00:00,2023-07-20 00:00:00,,,owner
803,817,2023-07-17,1532.11,2023-07-17 00:00:00,2023-07-17 00:00:00,,,owner
804,818,2023-08-03,5393.87,2023-08-03 00:00:00,2023-08-03 00:00:00,,,owner
805,819,2023-08-01,4061.39,2023-08-01 00:00:00,2023-08-01 00:00:00,,,owner
806,820,2023-08-22,6178.61,2023-08-22 00:00:00,2023-08-22 00:00:00,,,owner
807,821,2023-08-30,8951.62,2023-08-30 00:00:00,2023-08-30 00:00:00,,,owner
808,822,2023-08-25,3709.59,2023-08-25 00:00:00,2023-08-25 00:00:00,,,owner
809,823,2023-08-12,4092.23,2023-08-12 00:00:00,2023-08-12 00:00:00,,,owner
810,824,2023-08-23,2685.32,2023-08-23 00:00:00,2023-08-23 00:00:00,,,owner
811,825,2023-09-02,4375.83,2023-09-02 00:00:00,2023-09-02 00:00:00,,,owner
812,826,2023-08-04,6189.44,2023-08-04 00:00:00,2023-08-04 00:00:00,,,owner
813,827,2023-08-02,2782.49,2023-08-02 00:00:00,2023-08-02 00:00:00,,,owner
814,828,2023-09-02,6258.81,2023-09-02 00:00:00,2023-09-02 00:00:00,,,owner
815,829,2023-08-15,3738.18,2023-08-15 00:00:00,2023-08-15 00:00:00,,,owner
816,830,2023-08-06,3251.27,2023-08-06 00:00:00,2023-08-06 00:00:00,,,owner
817,831,2023-08-08,1058.69,2023-08-08 00:00:00,2023-08-08 00:00:00,,,owner
818,832,2023-08-20,884.18,2023-08-20 00:00:00,2023-08-20 00:00:00,,,owner
819,833,2023-09-02,3428.43,2023-09-02 00:00:00,2023-09-02 00:00:00,,,owner
820,834,2023-08-15,2322.37,2023-08-15 00:00:00,2023-08-15 00:00:00,,,owner
821,835,2023-08-12,3551.85,2023-08-12 00:00:00,2023-08-12 00:00:00,,,owner
822,837,2023-08-10,1698.76,2023-08-10 00:00:00,2023-08-10 00:00:00,,,owner
823,838,2023-08-04,3695.90,2023-08-04 00:00:00,2023-08-04 00:00:00,,,owner
824,839,2023-08-22,1282.31,2023-08-22 00:00:00,2023-08-22 00:00:00,,,owner
825,840,2023-08-20,4939.57,2023-08-20 00:00:00,2023-08-20 00:00:00,,,owner
826,841,2023-08-24,1823.35,2023-08-24 00:00:00,2023-08-24 00:00:00,,,owner
827,842,2023-08-29,8236.36,2023-08-29 00:00:00,2023-08-29 00:00:00,,,owner
828,843,2023-08-09,10368.27,2023-08-09 00:00:00,2023-08-09 00:00:00,,,owner
829,844,2023-08-04,1802.41,2023-08-04 00:00:00,2023-08-04 00:00:00,,,owner
830,845,2023-08-08,2367.63,2023-08-08 00:00:00,2023-08-08 00:00:00,,,owner
831,846,2023-09-25,3135.20,2023-09-25 00:00:00,2023-09-25 00:00:00,,,owner
832,847,2023-09-11,5356.31,2023-09-11 00:00:00,2023-09-11 00:00:00,,,owner
833,848,2023-09-05,4083.71,2023-09-05 00:00:00,2023-09-05 00:00:00,,,owner
834,849,2023-09-27,7202.15,2023-09-27 00:00:00,2023-09-27 00:00:00,,,owner
835,850,2023-09-13,1895.38,2023-09-13 00:00:00,2023-09-13 00:00:00,,,owner
836,851,2023-09-23,2898.28,2023-09-23 00:00:00,2023-09-23 00:00:00,,,owner
837,852,2023-09-29,1664.23,2023-09-29 00:00:00,2023-09-29 00:00:00,,,owner
838,853,2023-09-18,4418.31,2023-09-18 00:00:00,2023-09-18 00:00:00,,,owner
839,854,2023-10-02,3743.05,2023-10-02 00:00:00,2023-10-02 00:00:00,,,owner
840,855,2023-09-02,3863.30,2023-09-02 00:00:00,2023-09-02 00:00:00,,,owner
841,856,2023-09-28,1884.67,2023-09-28 00:00:00,2023-09-28 00:00:00,,,owner
842,857,2023-10-01,4239.02,2023-10-01 00:00:00,2023-10-01 00:00:00,,,owner
843,858,2023-09-17,5812.56,2023-09-17 00:00:00,2023-09-17 00:00:00,,,owner
844,859,2023-09-21,9470.29,2023-09-21 00:00:00,2023-09-21 00:00:00,,,owner
845,860,2023-09-04,3684.76,2023-09-04 00:00:00,2023-09-04 00:00:00,,,owner
846,861,2023-09-09,1846.08,2023-09-09 00:00:00,2023-09-09 00:00:00,,,owner
847,862,2023-09-29,5321.46,2023-09-29 00:00:00,2023-09-29 00:00:00,,,owner
848,863,2023-09-19,4931.25,2023-09-19 00:00:00,2023-09-19 00:00:00,,,owner
849,864,2023-09-04,5654.41,2023-09-04 00:00:00,2023-09-04 00:00:00,,,owner
850,865,2023-09-06,2996.60,2023-09-06 00:00:00,2023-09-06 00:00:00,,,owner
851,866,2023-09-20,3731.47,2023-09-20 00:00:00,2023-09-20 00:00:00,,,owner
852,867,2023-09-26,1947.02,2023-09-26 00:00:00,2023-09-26 00:00:00,,,owner
853,868,2023-09-30,2377.42,2023-09-30 00:00:00,2023-09-30 00:00:00,,,owner
854,869,2023-09-29,6767.99,2023-09-29 00:00:00,2023-09-29 00:00:00,,,owner
855,870,2023-09-28,6986.69,2023-09-28 00:00:00,2023-09-28 00:00:00,,,owner
856,871,2023-09-30,6273.92,2023-09-30 00:00:00,2023-09-30 00:00:00,,,owner
857,872,2023-09-27,7750.89,2023-09-27 00:00:00,2023-09-27 00:00:00,,,owner
858,873,2023-09-29,3406.08,2023-09-29 00:00:00,2023-09-29 00:00:00,,,owner
859,874,2023-09-19,3848.96,2023-09-19 00:00:00,2023-09-19 00:00:00,,,owner
860,875,2023-09-28,5864.22,2023-09-28 00:00:00,2023-09-28 00:00:00,,,owner
861,876,2023-10-20,6161.68,2023-10-20 00:00:00,2023-10-20 00:00:00,,,owner
862,877,2023-10-24,4110.22,2023-10-24 00:00:00,2023-10-24 00:00:00,,,owner
863,878,2023-10-07,973.73,2023-10-07 00:00:00,2023-10-07 00:00:00,,,owner
864,879,2023-10-25,3756.24,2023-10-25 00:00:00,2023-10-25 00:00:00,,,owner
865,880,2023-10-07,3052.57,2023-10-07 00:00:00,2023-10-07 00:00:00,,,owner
866,881,2023-11-04,5234.32,2023-11-04 00:00:00,2023-11-04 00:00:00,,,owner
867,882,2023-10-21,8956.76,2023-10-21 00:00:00,2023-10-21 00:00:00,,,owner
868,883,2023-10-26,5899.70,2023-10-26 00:00:00,2023-10-26 00:00:00,,,owner
869,884,2023-10-14,3880.44,2023-10-14 00:00:00,2023-10-14 00:00:00,,,owner
870,885,2023-10-17,7139.83,2023-10-17 00:00:00,2023-10-17 00:00:00,,,owner
871,886,2023-10-16,2065.90,2023-10-16 00:00:00,2023-10-16 00:00:00,,,owner
872,887,2023-10-29,4428.98,2023-10-29 00:00:00,2023-10-29 00:00:00,,,owner
873,888,2023-10-10,2385.81,2023-10-10 00:00:00,2023-10-10 00:00:00,,,owner
874,889,2023-10-09,4877.94,2023-10-09 00:00:00,2023-10-09 00:00:00,,,owner
875,890,2023-10-04,8850.38,2023-10-04 00:00:00,2023-10-04 00:00:00,,,owner
876,891,2023-10-19,4559.24,2023-10-19 00:00:00,2023-10-19 00:00:00,,,owner
877,892,2023-10-03,2078.74,2023-10-03 00:00:00,2023-10-03 00:00:00,,,owner
878,893,2023-10-09,5644.89,2023-10-09 00:00:00,2023-10-09 00:00:00,,,owner
879,894,2023-11-03,4989.47,2023-11-03 00:00:00,2023-11-03 00:00:00,,,owner
880,895,2023-10-20,5604.61,2023-10-20 00:00:00,2023-10-20 00:00:00,,,owner
881,896,2023-10-25,10397.85,2023-10-25 00:00:00,2023-10-25 00:00:00,,,owner
882,897,2023-11-05,4897.46,2023-11-05 00:00:00,2023-11-05 00:00:00,,,owner
883,898,2023-10-22,7987.51,2023-10-22 00:00:00,2023-10-22 00:00:00,,,owner
884,899,2023-10-15,1980.99,2023-10-15 00:00:00,2023-10-15 00:00:00,,,owner
885,900,2023-10-21,5557.43,2023-10-21 00:00:00,2023-10-21 00:00:00,,,owner
886,901,2023-10-28,1315.04,2023-10-28 00:00:00,2023-10-28 00:00:00,,,owner
887,902,2023-10-19,1062.32,2023-10-19 00:00:00,2023-10-19 00:00:00,,,owner
888,903,2023-11-18,6337.62,2023-11-18 00:00:00,2023-11-18 00:00:00,,,owner
889,904,2023-10-09,4839.85,2023-10-09 00:00:00,2023-10-09 00:00:00,,,owner
890,905,2023-11-27,6584.18,2023-11-27 00:00:00,2023-11-27 00:00:00,,,owner
891,906,2023-11-17,3402.29,2023-11-17 00:00:00,2023-11-17 00:00:00,,,owner
892,907,2023-11-17,4605.12,2023-11-17 00:00:00,2023-11-17 00:00:00,,,owner
893,908,2023-11-04,6261.12,2023-11-04 00:00:00,2023-11-04 00:00:00,,,owner
894,909,2023-11-07,6130.40,2023-11-07 00:00:00,2023-11-07 00:00:00,,,owner
895,910,2023-11-15,5715.16,2023-11-15 00:00:00,2023-11-15 00:00:00,,,owner
896,911,2023-11-20,8215.24,2023-11-20 00:00:00,2023-11-20 00:00:00,,,owner
897,912,2023-11-26,4832.55,2023-11-26 00:00:00,2023-11-26 00:00:00,,,owner
898,913,2023-11-23,3915.77,2023-11-23 00:00:00,2023-11-23 00:00:00,,,owner
899,914,2023-11-22,4029.70,2023-11-22 00:00:00,2023-11-22 00:00:00,,,owner
900,915,2023-11-04,2301.23,2023-11-04 00:00:00,2023-11-04 00:00:00,,,owner
901,916,2023-11-16,6536.56,2023-11-16 00:00:00,2023-11-16 00:00:00,,,owner
902,917,2023-11-20,2826.99,2023-11-20 00:00:00,2023-11-20 00:00:00,,,owner
903,918,2023-12-04,7227.68,2023-12-04 00:00:00,2023-12-04 00:00:00,,,owner
904,919,2023-11-16,3076.90,2023-11-16 00:00:00,2023-11-16 00:00:00,,,owner
905,920,2023-11-05,2093.09,2023-11-05 00:00:00,2023-11-05 00:00:00,,,owner
906,921,2023-11-20,5544.28,2023-11-20 00:00:00,2023-11-20 00:00:00,,,owner
907,922,2023-11-30,964.52,2023-11-30 00:00:00,2023-11-30 00:00:00,,,owner
908,923,2023-11-12,6522.12,2023-11-12 00:00:00,2023-11-12 00:00:00,,,owner
909,924,2023-11-21,5363.35,2023-11-21 00:00:00,2023-11-21 00:00:00,,,owner
910,925,2023-11-11,2937.17,2023-11-11 00:00:00,2023-11-11 00:00:00,,,owner
911,926,2023-11-28,3595.58,2023-11-28 00:00:00,2023-11-28 00:00:00,,,owner
912,927,2023-11-15,3855.88,2023-11-15 00:00:00,2023-11-15 00:00:00,,,owner
913,928,2023-11-17,6756.89,2023-11-17 00:00:00,2023-11-17 00:00:00,,,owner
914,929,2023-12-20,4612.28,2023-12-20 00:00:00,2023-12-20 00:00:00,,,owner
915,930,2023-12-16,1904.86,2023-12-16 00:00:00,2023-12-16 00:00:00,,,owner
916,931,2023-12-02,5982.75,2023-12-02 00:00:00,2023-12-02 00:00:00,,,owner
917,932,2023-12-13,5262.20,2023-12-13 00:00:00,2023-12-13 00:00:00,,,owner
918,933,2023-12-16,4099.01,2023-12-16 00:00:00,2023-12-16 00:00:00,,,owner
919,934,2023-12-30,3257.55,2023-12-30 00:00:00,2023-12-30 00:00:00,,,owner
920,935,2023-12-11,5236.67,2023-12-11 00:00:00,2023-12-11 00:00:00,,,owner
921,936,2023-12-18,5490.48,2023-12-18 00:00:00,2023-12-18 00:00:00,,,owner
922,937,2023-12-07,6604.24,2023-12-07 00:00:00,2023-12-07 00:00:00,,,owner
923,938,2023-12-19,1202.09,2023-12-19 00:00:00,2023-12-19 00:00:00,,,owner
924,939,2023-12-06,832.60,2023-12-06 00:00:00,2023-12-06 00:00:00,,,owner
925,940,2023-12-18,3622.98,2023-12-18 00:00:00,2023-12-18 00:00:00,,,owner
926,941,2024-01-15,5426.54,2024-01-15 00:00:00,2024-01-15 00:00:00,,,owner
927,942,2023-12-10,2411.22,2023-12-10 00:00:00,2023-12-10 00:00:00,,,owner
928,943,2023-12-06,1223.57,2023-12-06 00:00:00,2023-12-06 00:00:00,,,owner
929,944,2023-12-28,2539.11,2023-12-28 00:00:00,2023-12-28 00:00:00,,,owner
930,945,2023-12-17,4110.22,2023-12-17 00:00:00,2023-12-17 00:00:00,,,owner
931,946,2023-12-31,5680.92,2023-12-31 00:00:00,2023-12-31 00:00:00,,,owner
932,947,2023-12-25,2234.77,2023-12-25 00:00:00,2023-12-25 00:00:00,,,owner
933,948,2024-01-04,3435.71,2024-01-04 00:00:00,2024-01-04 00:00:00,,,owner
934,949,2023-12-17,4428.46,2023-12-17 00:00:00,2023-12-17 00:00:00,,,owner
935,950,2023-12-12,2812.99,2023-12-12 00:00:00,2023-12-12 00:00:00,,,owner
936,951,2023-12-26,5552.05,2023-12-26 00:00:00,2023-12-26 00:00:00,,,owner
937,952,2023-12-31,4805.72,2023-12-31 00:00:00,2023-12-31 00:00:00,,,owner
938,953,2023-12-04,5798.03,2023-12-04 00:00:00,2023-12-04 00:00:00,,,owner
939,954,2024-01-31,4432.21,2024-01-31 00:00:00,2024-01-31 00:00:00,,,owner
940,955,2024-01-13,2182.83,2024-01-13 00:00:00,2024-01-13 00:00:00,,,owner
941,956,2024-01-31,5097.20,2024-01-31 00:00:00,2024-01-31 00:00:00,,,owner
942,957,2024-01-20,7923.58,2024-01-20 00:00:00,2024-01-20 00:00:00,,,owner
943,959,2024-01-23,5508.18,2024-01-23 00:00:00,2024-01-23 00:00:00,,,owner
944,960,2024-01-04,2432.62,2024-01-04 00:00:00,2024-01-04 00:00:00,,,owner
945,961,2024-01-25,2620.43,2024-01-25 00:00:00,2024-01-25 00:00:00,,,owner
946,962,2024-02-02,1996.28,2024-02-02 00:00:00,2024-02-02 00:00:00,,,owner
947,963,2024-01-28,7179.22,2024-01-28 00:00:00,2024-01-28 00:00:00,,,owner
948,964,2024-01-16,3934.11,2024-01-16 00:00:00,2024-01-16 00:00:00,,,owner
949,965,2024-01-06,4235.95,2024-01-06 00:00:00,2024-01-06 00:00:00,,,owner
950,966,2024-02-15,5322.26,2024-02-15 00:00:00,2024-02-15 00:00:00,,,owner
951,967,2024-01-30,7346.53,2024-01-30 00:00:00,2024-01-30 00:00:00,,,owner
952,968,2024-01-15,3611.23,2024-01-15 00:00:00,2024-01-15 00:00:00,,,owner
953,969,2024-01-21,2706.02,2024-01-21 00:00:00,2024-01-21 00:00:00,,,owner
954,970,2024-01-28,4902.87,2024-01-28 00:00:00,2024-01-28 00:00:00,,,owner
955,971,2024-01-16,9079.82,2024-01-16 00:00:00,2024-01-16 00:00:00,,,owner
956,972,2024-01-29,5726.81,2024-01-29 00:00:00,2024-01-29 00:00:00,,,owner
957,973,2024-02-08,2914.38,2024-02-08 00:00:00,2024-02-08 00:00:00,,,owner
958,974,2024-01-28,2641.18,2024-01-28 00:00:00,2024-01-28 00:00:00,,,owner
959,975,2024-01-31,1793.92,2024-01-31 00:00:00,2024-01-31 00:00:00,,,owner
960,976,2024-02-02,2733.64,2024-02-02 00:00:00,2024-02-02 00:00:00,,,owner
961,977,2024-01-04,10620.52,2024-01-04 00:00:00,2024-01-04 00:00:00,,,owner
962,978,2024-01-21,5072.52,2024-01-21 00:00:00,2024-01-21 00:00:00,,,owner
963,979,2024-01-11,4755.55,2024-01-11 00:00:00,2024-01-11 00:00:00,,,owner
964,980,2024-01-04,3065.30,2024-01-04 00:00:00,2024-01-04 00:00:00,,,owner
965,981,2024-01-25,1827.47,2024-01-25 00:00:00,2024-01-25 00:00:00,,,owner
966,982,2024-01-12,4073.50,2024-01-12 00:00:00,2024-01-12 00:00:00,,,owner
967,983,2024-02-26,9223.92,2024-02-26 00:00:00,2024-02-26 00:00:00,,,owner
968,984,2024-02-04,6680.98,2024-02-04 00:00:00,2024-02-04 00:00:00,,,owner
969,985,2024-03-17,5675.01,2024-03-17 00:00:00,2024-03-17 00:00:00,,,owner
970,986,2024-02-28,739.81,2024-02-28 00:00:00,2024-02-28 00:00:00,,,owner
971,987,2024-02-18,957.95,2024-02-18 00:00:00,2024-02-18 00:00:00,,,owner
972,988,2024-02-06,1098.78,2024-02-06 00:00:00,2024-02-06 00:00:00,,,owner
973,989,2024-02-13,2604.24,2024-02-13 00:00:00,2024-02-13 00:00:00,,,owner
974,990,2024-02-05,4085.84,2024-02-05 00:00:00,2024-02-05 00:00:00,,,owner
975,991,2024-02-09,1587.43,2024-02-09 00:00:00,2024-02-09 00:00:00,,,owner
976,992,2024-02-12,2304.78,2024-02-12 00:00:00,2024-02-12 00:00:00,,,owner
977,993,2024-02-08,7479.40,2024-02-08 00:00:00,2024-02-08 00:00:00,,,owner
978,994,2024-02-27,2430.87,2024-02-27 00:00:00,2024-02-27 00:00:00,,,owner
979,995,2024-02-12,6858.84,2024-02-12 00:00:00,2024-02-12 00:00:00,,,owner
980,996,2024-02-13,9387.98,2024-02-13 00:00:00,2024-02-13 00:00:00,,,owner
981,997,2024-02-07,2275.96,2024-02-07 00:00:00,2024-02-07 00:00:00,,,owner
982,998,2024-02-17,4470.30,2024-02-17 00:00:00,2024-02-17 00:00:00,,,owner
983,999,2024-03-03,1213.91,2024-03-03 00:00:00,2024-03-03 00:00:00,,,owner
984,1000,2024-03-04,6015.13,2024-03-04 00:00:00,2024-03-04 00:00:00,,,owner
985,1001,2024-02-16,6273.26,2024-02-16 00:00:00,2024-02-16 00:00:00,,,owner
986,1002,2024-03-02,4609.98,2024-03-02 00:00:00,2024-03-02 00:00:00,,,owner
987,1003,2024-02-24,2560.36,2024-02-24 00:00:00,2024-02-24 00:00:00,,,owner
988,1004,2024-02-04,2938.68,2024-02-04 00:00:00,2024-02-04 00:00:00,,,owner
989,1005,2024-03-09,8096.62,2024-03-09 00:00:00,2024-03-09 00:00:00,,,owner
990,1006,2024-03-18,2637.91,2024-03-18 00:00:00,2024-03-18 00:00:00,,,owner
991,1007,2024-03-11,4112.60,2024-03-11 00:00:00,2024-03-11 00:00:00,,,owner
992,1008,2024-03-08,5619.53,2024-03-08 00:00:00,2024-03-08 00:00:00,,,owner
993,1009,2024-03-19,4441.17,2024-03-19 00:00:00,2024-03-19 00:00:00,,,owner
994,1010,2024-04-03,2615.14,2024-04-03 00:00:00,2024-04-03 00:00:00,,,owner
995,1011,2024-04-01,4241.28,2024-04-01 00:00:00,2024-04-01 00:00:00,,,owner
996,1012,2024-03-28,6482.08,2024-03-28 00:00:00,2024-03-28 00:00:00,,,owner
997,1013,2024-03-12,2952.70,2024-03-12 00:00:00,2024-03-12 00:00:00,,,owner
998,1014,2024-03-14,1915.43,2024-03-14 00:00:00,2024-03-14 00:00:00,,,owner
999,1015,2024-03-06,893.16,2024-03-06 00:00:00,2024-03-06 00:00:00,,,owner
1000,1016,2024-03-11,5881.96,2024-03-11 00:00:00,2024-03-11 00:00:00,,,owner
1001,1017,2024-04-01,1605.70,2024-04-01 00:00:00,2024-04-01 00:00:00,,,owner
1002,1018,2024-03-27,6016.70,2024-03-27 00:00:00,2024-03-27 00:00:00,,,owner
1003,1019,2024-03-28,3564.90,2024-03-28 00:00:00,2024-03-28 00:00:00,,,owner
1004,1020,2024-03-26,1730.70,2024-03-26 00:00:00,2024-03-26 00:00:00,,,owner
1005,1021,2024-03-25,5767.31,2024-03-25 00:00:00,2024-03-25 00:00:00,,,owner
1006,1022,2024-03-18,3755.42,2024-03-18 00:00:00,2024-03-18 00:00:00,,,owner
1007,1023,2024-03-07,2991.95,2024-03-07 00:00:00,2024-03-07 00:00:00,,,owner
1008,1024,2024-04-01,2590.59,2024-04-01 00:00:00,2024-04-01 00:00:00,,,owner
1009,1025,2024-03-12,2013.60,2024-03-12 00:00:00,2024-03-12 00:00:00,,,owner
1010,1026,2024-03-04,1919.20,2024-03-04 00:00:00,2024-03-04 00:00:00,,,owner
1011,1027,2024-03-28,2443.40,2024-03-28 00:00:00,2024-03-28 00:00:00,,,owner
1012,1028,2024-03-31,4452.86,2024-03-31 00:00:00,2024-03-31 00:00:00,,,owner
1013,1029,2024-04-02,4451.75,2024-04-02 00:00:00,2024-04-02 00:00:00,,,owner
1014,1030,2024-03-27,1505.39,2024-03-27 00:00:00,2024-03-27 00:00:00,,,owner
1015,1031,2024-04-22,1411.18,2024-04-22 00:00:00,2024-04-22 00:00:00,,,owner
1016,1032,2024-04-16,2181.73,2024-04-16 00:00:00,2024-04-16 00:00:00,,,owner
1017,1033,2024-04-10,7968.08,2024-04-10 00:00:00,2024-04-10 00:00:00,,,owner
1018,1034,2024-04-04,860.98,2024-04-04 00:00:00,2024-04-04 00:00:00,,,owner
1019,1035,2024-04-05,1609.44,2024-04-05 00:00:00,2024-04-05 00:00:00,,,owner
1020,1036,2024-04-17,6615.60,2024-04-17 00:00:00,2024-04-17 00:00:00,,,owner
1021,1037,2024-04-07,8187.33,2024-04-07 00:00:00,2024-04-07 00:00:00,,,owner
1022,1038,2024-04-05,1922.81,2024-04-05 00:00:00,2024-04-05 00:00:00,,,owner
1023,1039,2024-04-26,3381.90,2024-04-26 00:00:00,2024-04-26 00:00:00,,,owner
1024,1040,2024-05-07,6029.10,2024-05-07 00:00:00,2024-05-07 00:00:00,,,owner
1025,1041,2024-04-25,1143.86,2024-04-25 00:00:00,2024-04-25 00:00:00,,,owner
1026,1042,2024-04-23,7147.25,2024-04-23 00:00:00,2024-04-23 00:00:00,,,owner
1027,1043,2024-04-23,3276.56,2024-04-23 00:00:00,2024-04-23 00:00:00,,,owner
1028,1044,2024-04-26,2364.92,2024-04-26 00:00:00,2024-04-26 00:00:00,,,owner
1029,1045,2024-04-29,2801.35,2024-04-29 00:00:00,2024-04-29 00:00:00,,,owner
1030,1046,2024-04-14,9981.91,2024-04-14 00:00:00,2024-04-14 00:00:00,,,owner
1031,1047,2024-05-01,3765.54,2024-05-01 00:00:00,2024-05-01 00:00:00,,,owner
1032,1048,2024-04-24,7641.35,2024-04-24 00:00:00,2024-04-24 00:00:00,,,owner
1033,1049,2024-05-04,1732.75,2024-05-04 00:00:00,2024-05-04 00:00:00,,,owner
1034,1050,2024-04-16,6875.78,2024-04-16 00:00:00,2024-04-16 00:00:00,,,owner
1035,1051,2024-04-29,1741.03,2024-04-29 00:00:00,2024-04-29 00:00:00,,,owner
1036,1052,2024-04-22,4170.76,2024-04-22 00:00:00,2024-04-22 00:00:00,,,owner
1037,1053,2024-04-21,7800.58,2024-04-21 00:00:00,2024-04-21 00:00:00,,,owner
1038,1054,2024-04-11,7338.27,2024-04-11 00:00:00,2024-04-11 00:00:00,,,owner
1039,1055,2024-04-06,6197.34,2024-04-06 00:00:00,2024-04-06 00:00:00,,,owner
1040,1056,2024-04-14,3846.06,2024-04-14 00:00:00,2024-04-14 00:00:00,,,owner
1041,1057,2024-05-08,2456.10,2024-05-08 00:00:00,2024-05-08 00:00:00,,,owner
1042,1058,2024-05-15,5834.71,2024-05-15 00:00:00,2024-05-15 00:00:00,,,owner
1043,1059,2024-05-10,3577.64,2024-05-10 00:00:00,2024-05-10 00:00:00,,,owner
1044,1060,2024-05-12,1623.16,2024-05-12 00:00:00,2024-05-12 00:00:00,,,owner
1045,1061,2024-05-18,2810.32,2024-05-18 00:00:00,2024-05-18 00:00:00,,,owner
1046,1062,2024-05-30,1379.26,2024-05-30 00:00:00,2024-05-30 00:00:00,,,owner
1047,1063,2024-05-11,3973.14,2024-05-11 00:00:00,2024-05-11 00:00:00,,,owner
1048,1064,2024-06-02,1212.70,2024-06-02 00:00:00,2024-06-02 00:00:00,,,owner
1049,1065,2024-05-26,930.73,2024-05-26 00:00:00,2024-05-26 00:00:00,,,owner
1050,1066,2024-05-23,5914.40,2024-05-23 00:00:00,2024-05-23 00:00:00,,,owner
1051,1067,2024-05-28,2935.88,2024-05-28 00:00:00,2024-05-28 00:00:00,,,owner
1052,1068,2024-05-03,6288.23,2024-05-03 00:00:00,2024-05-03 00:00:00,,,owner
1053,1069,2024-05-12,1710.84,2024-05-12 00:00:00,2024-05-12 00:00:00,,,owner
1054,1070,2024-05-20,4976.27,2024-05-20 00:00:00,2024-05-20 00:00:00,,,owner
1055,1071,2024-05-18,6917.29,2024-05-18 00:00:00,2024-05-18 00:00:00,,,owner
1056,1072,2024-05-13,5273.79,2024-05-13 00:00:00,2024-05-13 00:00:00,,,owner
1057,1073,2024-06-09,6757.46,2024-06-09 00:00:00,2024-06-09 00:00:00,,,owner
1058,1074,2024-05-04,6007.52,2024-05-04 00:00:00,2024-05-04 00:00:00,,,owner
1059,1075,2024-05-28,6330.83,2024-05-28 00:00:00,2024-05-28 00:00:00,,,owner
1060,1076,2024-05-28,1861.90,2024-05-28 00:00:00,2024-05-28 00:00:00,,,owner
1061,1077,2024-05-27,2235.39,2024-05-27 00:00:00,2024-05-27 00:00:00,,,owner
1062,1078,2024-05-10,1437.74,2024-05-10 00:00:00,2024-05-10 00:00:00,,,owner
1063,1079,2024-05-03,5848.39,2024-05-03 00:00:00,2024-05-03 00:00:00,,,owner
1064,1080,2024-05-31,2316.26,2024-05-31 00:00:00,2024-05-31 00:00:00,,,owner
1065,1081,2024-06-06,2901.52,2024-06-06 00:00:00,2024-06-06 00:00:00,,,owner
1066,1082,2024-05-07,3356.33,2024-05-07 00:00:00,2024-05-07 00:00:00,,,owner
1067,1083,2024-05-05,5413.68,2024-05-05 00:00:00,2024-05-05 00:00:00,,,owner
1068,1084,2024-05-11,6799.31,2024-05-11 00:00:00,2024-05-11 00:00:00,,,owner
1069,1085,2024-06-25,2019.77,2024-06-25 00:00:00,2024-06-25 00:00:00,,,owner
1070,1086,2024-06-13,1072.72,2024-06-13 00:00:00,2024-06-13 00:00:00,,,owner
1071,1087,2024-06-22,2928.55,2024-06-22 00:00:00,2024-06-22 00:00:00,,,owner
1072,1088,2024-07-03,1172.52,2024-07-03 00:00:00,2024-07-03 00:00:00,,,owner
1073,1089,2024-06-08,5144.33,2024-06-08 00:00:00,2024-06-08 00:00:00,,,owner
1074,1090,2024-06-15,1982.71,2024-06-15 00:00:00,2024-06-15 00:00:00,,,owner
1075,1091,2024-06-12,9058.87,2024-06-12 00:00:00,2024-06-12 00:00:00,,,owner
1076,1092,2024-06-29,10270.39,2024-06-29 00:00:00,2024-06-29 00:00:00,,,owner
1077,1093,2024-07-03,5763.08,2024-07-03 00:00:00,2024-07-03 00:00:00,,,owner
1078,1094,2024-06-03,3836.31,2024-06-03 00:00:00,2024-06-03 00:00:00,,,owner
1079,1095,2024-07-01,5704.49,2024-07-01 00:00:00,2024-07-01 00:00:00,,,owner
1080,1096,2024-06-13,1551.10,2024-06-13 00:00:00,2024-06-13 00:00:00,,,owner
1081,1097,2024-07-01,2918.34,2024-07-01 00:00:00,2024-07-01 00:00:00,,,owner
1082,1098,2024-07-01,2559.26,2024-07-01 00:00:00,2024-07-01 00:00:00,,,owner
1083,1099,2024-06-15,3414.93,2024-06-15 00:00:00,2024-06-15 00:00:00,,,owner
1084,1100,2024-06-26,1630.07,2024-06-26 00:00:00,2024-06-26 00:00:00,,,owner
1085,1101,2024-06-16,4695.58,2024-06-16 00:00:00,2024-06-16 00:00:00,,,owner
1086,1102,2024-06-28,3006.25,2024-06-28 00:00:00,2024-06-28 00:00:00,,,owner
1087,1103,2024-06-10,4276.84,2024-06-10 00:00:00,2024-06-10 00:00:00,,,owner
1088,1104,2024-06-22,2579.51,2024-06-22 00:00:00,2024-06-22 00:00:00,,,owner
1089,1105,2024-06-15,3789.81,2024-06-15 00:00:00,2024-06-15 00:00:00,,,owner
1090,1106,2024-06-23,4333.18,2024-06-23 00:00:00,2024-06-23 00:00:00,,,owner
1091,1107,2024-06-22,7399.82,2024-06-22 00:00:00,2024-06-22 00:00:00,,,owner
1092,1108,2024-06-04,3407.74,2024-06-04 00:00:00,2024-06-04 00:00:00,,,owner
1093,1109,2024-06-18,4823.05,2024-06-18 00:00:00,2024-06-18 00:00:00,,,owner
1094,1110,2024-06-22,2468.35,2024-06-22 00:00:00,2024-06-22 00:00:00,,,owner
1095,1111,2024-07-22,1801.94,2024-07-22 00:00:00,2024-07-22 00:00:00,,,owner
1096,1112,2024-07-16,9173.53,2024-07-16 00:00:00,2024-07-16 00:00:00,,,owner
1097,1113,2024-07-09,1174.98,2024-07-09 00:00:00,2024-07-09 00:00:00,,,owner
1098,1114,2024-07-17,2820.34,2024-07-17 00:00:00,2024-07-17 00:00:00,,,owner
1099,1115,2024-07-29,7856.40,2024-07-29 00:00:00,2024-07-29 00:00:00,,,owner
1100,1116,2024-07-26,6856.66,2024-07-26 00:00:00,2024-07-26 00:00:00,,,owner
1101,1117,2024-07-29,4406.52,2024-07-29 00:00:00,2024-07-29 00:00:00,,,owner
1102,1118,2024-07-27,2448.58,2024-07-27 00:00:00,2024-07-27 00:00:00,,,owner
1103,1119,2024-07-11,3935.93,2024-07-11 00:00:00,2024-07-11 00:00:00,,,owner
1104,1120,2024-07-14,2418.96,2024-07-14 00:00:00,2024-07-14 00:00:00,,,owner
1105,1121,2024-08-02,3965.57,2024-08-02 00:00:00,2024-08-02 00:00:00,,,owner
1106,1122,2024-07-24,2679.82,2024-07-24 00:00:00,2024-07-24 00:00:00,,,owner
1107,1123,2024-07-25,6739.05,2024-07-25 00:00:00,2024-07-25 00:00:00,,,owner
1108,1124,2024-07-07,2996.59,2024-07-07 00:00:00,2024-07-07 00:00:00,,,owner
1109,1125,2024-08-01,765.23,2024-08-01 00:00:00,2024-08-01 00:00:00,,,owner
1110,1126,2024-07-04,1510.68,2024-07-04 00:00:00,2024-07-04 00:00:00,,,owner
1111,1127,2024-07-02,13780.32,2024-07-02 00:00:00,2024-07-02 00:00:00,,,owner
1112,1128,2024-08-09,8211.25,2024-08-09 00:00:00,2024-08-09 00:00:00,,,owner
1113,1129,2024-07-31,7454.06,2024-07-31 00:00:00,2024-07-31 00:00:00,,,owner
1114,1130,2024-07-20,6538.68,2024-07-20 00:00:00,2024-07-20 00:00:00,,,owner
1115,1131,2024-07-29,1478.01,2024-07-29 00:00:00,2024-07-29 00:00:00,,,owner
1116,1132,2024-07-26,6484.61,2024-07-26 00:00:00,2024-07-26 00:00:00,,,owner
1117,1134,2024-07-30,3036.49,2024-07-30 00:00:00,2024-07-30 00:00:00,,,owner
1118,1135,2024-07-28,1436.53,2024-07-28 00:00:00,2024-07-28 00:00:00,,,owner
1119,1136,2024-07-15,1418.87,2024-07-15 00:00:00,2024-07-15 00:00:00,,,owner
1120,1137,2024-07-10,5312.09,2024-07-10 00:00:00,2024-07-10 00:00:00,,,owner
1121,1138,2024-07-30,3911.11,2024-07-30 00:00:00,2024-07-30 00:00:00,,,owner
1122,1139,2024-08-21,3236.63,2024-08-21 00:00:00,2024-08-21 00:00:00,,,owner
1123,1140,2024-08-11,4451.81,2024-08-11 00:00:00,2024-08-11 00:00:00,,,owner
1124,1141,2024-08-17,2698.70,2024-08-17 00:00:00,2024-08-17 00:00:00,,,owner
1125,1142,2024-08-12,2598.56,2024-08-12 00:00:00,2024-08-12 00:00:00,,,owner
1126,1143,2024-08-02,9185.79,2024-08-02 00:00:00,2024-08-02 00:00:00,,,owner
1127,1144,2024-08-30,2775.83,2024-08-30 00:00:00,2024-08-30 00:00:00,,,owner
1128,1145,2024-08-15,3804.63,2024-08-15 00:00:00,2024-08-15 00:00:00,,,owner
1129,1146,2024-08-09,9845.59,2024-08-09 00:00:00,2024-08-09 00:00:00,,,owner
1130,1147,2024-08-15,5220.80,2024-08-15 00:00:00,2024-08-15 00:00:00,,,owner
1131,1148,2024-08-24,4737.68,2024-08-24 00:00:00,2024-08-24 00:00:00,,,owner
1132,1149,2024-08-27,1561.22,2024-08-27 00:00:00,2024-08-27 00:00:00,,,owner
1133,1150,2024-08-15,1297.51,2024-08-15 00:00:00,2024-08-15 00:00:00,,,owner
1134,1151,2024-09-05,5572.74,2024-09-05 00:00:00,2024-09-05 00:00:00,,,owner
1135,1152,2024-08-26,3070.50,2024-08-26 00:00:00,2024-08-26 00:00:00,,,owner
1136,1153,2024-08-16,1771.96,2024-08-16 00:00:00,2024-08-16 00:00:00,,,owner
1137,1154,2024-09-03,2361.17,2024-09-03 00:00:00,2024-09-03 00:00:00,,,owner
1138,1155,2024-08-03,3402.51,2024-08-03 00:00:00,2024-08-03 00:00:00,,,owner
1139,1156,2024-09-01,7585.97,2024-09-01 00:00:00,2024-09-01 00:00:00,,,owner
1140,1157,2024-08-05,3964.86,2024-08-05 00:00:00,2024-08-05 00:00:00,,,owner
1141,1158,2024-08-21,13254.35,2024-08-21 00:00:00,2024-08-21 00:00:00,,,owner
1142,1159,2024-08-22,6201.40,2024-08-22 00:00:00,2024-08-22 00:00:00,,,owner
1143,1160,2024-09-05,2901.38,2024-09-05 00:00:00,2024-09-05 00:00:00,,,owner
1144,1161,2024-08-08,2960.99,2024-08-08 00:00:00,2024-08-08 00:00:00,,,owner
1145,1162,2024-08-05,1645.14,2024-08-05 00:00:00,2024-08-05 00:00:00,,,owner
1146,1163,2024-09-13,6488.04,2024-09-13 00:00:00,2024-09-13 00:00:00,,,owner
1147,1164,2024-09-29,6764.47,2024-09-29 00:00:00,2024-09-29 00:00:00,,,owner
1148,1165,2024-09-03,2407.12,2024-09-03 00:00:00,2024-09-03 00:00:00,,,owner
1149,1166,2024-09-09,2330.59,2024-09-09 00:00:00,2024-09-09 00:00:00,,,owner
1150,1167,2024-09-06,5281.06,2024-09-06 00:00:00,2024-09-06 00:00:00,,,owner
1151,1168,2024-09-22,6127.17,2024-09-22 00:00:00,2024-09-22 00:00:00,,,owner
1152,1169,2024-09-08,3316.15,2024-09-08 00:00:00,2024-09-08 00:00:00,,,owner
1153,1170,2024-09-06,7917.40,2024-09-06 00:00:00,2024-09-06 00:00:00,,,owner
1154,1171,2024-09-11,5317.17,2024-09-11 00:00:00,2024-09-11 00:00:00,,,owner
1155,1172,2024-09-23,2259.68,2024-09-23 00:00:00,2024-09-23 00:00:00,,,owner
1156,1173,2024-09-26,1487.94,2024-09-26 00:00:00,2024-09-26 00:00:00,,,owner
1157,1174,2024-09-11,3708.45,2024-09-11 00:00:00,2024-09-11 00:00:00,,,owner
1158,1175,2024-09-21,7737.76,2024-09-21 00:00:00,2024-09-21 00:00:00,,,owner
1159,1176,2024-09-19,4874.78,2024-09-19 00:00:00,2024-09-19 00:00:00,,,owner
1160,1177,2024-09-30,2502.93,2024-09-30 00:00:00,2024-09-30 00:00:00,,,owner
1161,1178,2024-09-16,2311.61,2024-09-16 00:00:00,2024-09-16 00:00:00,,,owner
1162,1179,2024-09-29,5445.23,2024-09-29 00:00:00,2024-09-29 00:00:00,,,owner
1163,1180,2024-09-16,1930.15,2024-09-16 00:00:00,2024-09-16 00:00:00,,,owner
1164,1181,2024-09-20,2022.32,2024-09-20 00:00:00,2024-09-20 00:00:00,,,owner
1165,1182,2024-09-30,1696.32,2024-09-30 00:00:00,2024-09-30 00:00:00,,,owner
1166,1183,2024-09-03,2569.10,2024-09-03 00:00:00,2024-09-03 00:00:00,,,owner
1167,1184,2024-10-01,8441.90,2024-10-01 00:00:00,2024-10-01 00:00:00,,,owner
1168,1185,2024-09-19,1034.66,2024-09-19 00:00:00,2024-09-19 00:00:00,,,owner
1169,1186,2024-09-05,5031.10,2024-09-05 00:00:00,2024-09-05 00:00:00,,,owner
1170,1187,2024-09-30,3268.92,2024-09-30 00:00:00,2024-09-30 00:00:00,,,owner
1171,1188,2024-09-11,4036.26,2024-09-11 00:00:00,2024-09-11 00:00:00,,,owner
1172,1189,2024-09-28,10542.13,2024-09-28 00:00:00,2024-09-28 00:00:00,,,owner
1173,1190,2024-09-20,2882.19,2024-09-20 00:00:00,2024-09-20 00:00:00,,,owner
1174,1191,2024-10-17,906.77,2024-10-17 00:00:00,2024-10-17 00:00:00,,,owner
1175,1192,2024-10-12,3385.91,2024-10-12 00:00:00,2024-10-12 00:00:00,,,owner
1176,1193,2024-10-29,7192.62,2024-10-29 00:00:00,2024-10-29 00:00:00,,,owner
1177,1194,2024-10-09,725.85,2024-10-09 00:00:00,2024-10-09 00:00:00,,,owner
1178,1195,2024-10-06,4151.12,2024-10-06 00:00:00,2024-10-06 00:00:00,,,owner
1179,1196,2024-10-21,2193.18,2024-10-21 00:00:00,2024-10-21 00:00:00,,,owner
1180,1197,2024-10-23,4415.85,2024-10-23 00:00:00,2024-10-23 00:00:00,,,owner
1181,1198,2024-10-21,3732.81,2024-10-21 00:00:00,2024-10-21 00:00:00,,,owner
1182,1199,2024-10-11,4958.03,2024-10-11 00:00:00,2024-10-11 00:00:00,,,owner
1183,1200,2024-10-17,1117.42,2024-10-17 00:00:00,2024-10-17 00:00:00,,,owner
1184,1202,2024-10-25,1562.47,2024-10-25 00:00:00,2024-10-25 00:00:00,,,owner
1185,1203,2024-10-26,4991.86,2024-10-26 00:00:00,2024-10-26 00:00:00,,,owner
1186,1204,2024-10-05,5146.19,2024-10-05 00:00:00,2024-10-05 00:00:00,,,owner
1187,1205,2024-10-18,5342.56,2024-10-18 00:00:00,2024-10-18 00:00:00,,,owner
1188,1206,2024-10-25,8198.18,2024-10-25 00:00:00,2024-10-25 00:00:00,,,owner
1189,1207,2024-10-26,6272.43,2024-10-26 00:00:00,2024-10-26 00:00:00,,,owner
1190,1208,2024-11-01,3080.70,2024-11-01 00:00:00,2024-11-01 00:00:00,,,owner
1191,1209,2024-10-22,7518.33,2024-10-22 00:00:00,2024-10-22 00:00:00,,,owner
1192,1210,2024-10-27,2021.48,2024-10-27 00:00:00,2024-10-27 00:00:00,,,owner
1193,1211,2024-10-21,1798.91,2024-10-21 00:00:00,2024-10-21 00:00:00,,,owner
1194,1212,2024-10-17,1364.59,2024-10-17 00:00:00,2024-10-17 00:00:00,,,owner
1195,1213,2024-11-03,3352.05,2024-11-03 00:00:00,2024-11-03 00:00:00,,,owner
1196,1214,2024-10-16,3302.76,2024-10-16 00:00:00,2024-10-16 00:00:00,,,owner
1197,1215,2024-11-13,771.86,2024-11-13 00:00:00,2024-11-13 00:00:00,,,owner
1198,1216,2024-11-14,8853.27,2024-11-14 00:00:00,2024-11-14 00:00:00,,,owner
1199,1217,2024-11-24,3951.69,2024-11-24 00:00:00,2024-11-24 00:00:00,,,owner
1200,1218,2024-12-03,2274.73,2024-12-03 00:00:00,2024-12-03 00:00:00,,,owner
1201,1219,2024-11-26,1478.58,2024-11-26 00:00:00,2024-11-26 00:00:00,,,owner
1202,1220,2024-11-26,2128.73,2024-11-26 00:00:00,2024-11-26 00:00:00,,,owner
1203,1221,2024-11-21,3467.77,2024-11-21 00:00:00,2024-11-21 00:00:00,,,owner
1204,1222,2024-11-17,4914.72,2024-11-17 00:00:00,2024-11-17 00:00:00,,,owner
1205,1223,2024-12-01,2912.70,2024-12-01 00:00:00,2024-12-01 00:00:00,,,owner
1206,1224,2024-11-18,2979.06,2024-11-18 00:00:00,2024-11-18 00:00:00,,,owner
1207,1225,2024-11-16,1696.29,2024-11-16 00:00:00,2024-11-16 00:00:00,,,owner
1208,1226,2024-11-12,7578.10,2024-11-12 00:00:00,2024-11-12 00:00:00,,,owner
1209,1227,2024-11-24,4150.83,2024-11-24 00:00:00,2024-11-24 00:00:00,,,owner
1210,1228,2024-11-24,6615.56,2024-11-24 00:00:00,2024-11-24 00:00:00,,,owner
1211,1229,2024-11-30,5437.83,2024-11-30 00:00:00,2024-11-30 00:00:00,,,owner
1212,1230,2024-11-05,3102.81,2024-11-05 00:00:00,2024-11-05 00:00:00,,,owner
1213,1231,2024-11-07,3605.29,2024-11-07 00:00:00,2024-11-07 00:00:00,,,owner
1214,1232,2024-12-06,5908.15,2024-12-06 00:00:00,2024-12-06 00:00:00,,,owner
1215,1233,2024-12-01,5472.75,2024-12-01 00:00:00,2024-12-01 00:00:00,,,owner
1216,1234,2024-11-15,3318.60,2024-11-15 00:00:00,2024-11-15 00:00:00,,,owner
1217,1235,2024-11-23,5883.57,2024-11-23 00:00:00,2024-11-23 00:00:00,,,owner
1218,1236,2024-11-22,4431.09,2024-11-22 00:00:00,2024-11-22 00:00:00,,,owner
1219,1237,2024-11-26,2379.66,2024-11-26 00:00:00,2024-11-26 00:00:00,,,owner
1220,1238,2024-12-08,1698.38,2024-12-08 00:00:00,2024-12-08 00:00:00,,,owner
1221,1239,2025-01-02,1073.26,2025-01-02 00:00:00,2025-01-02 00:00:00,,,owner
1222,1240,2024-12-04,1929.06,2024-12-04 00:00:00,2024-12-04 00:00:00,,,owner
1223,1241,2024-12-05,10817.69,2024-12-05 00:00:00,2024-12-05 00:00:00,,,owner
1224,1242,2024-12-29,3012.38,2024-12-29 00:00:00,2024-12-29 00:00:00,,,owner
1225,1243,2024-12-13,8511.77,2024-12-13 00:00:00,2024-12-13 00:00:00,,,owner
1226,1244,2024-12-15,9000.65,2024-12-15 00:00:00,2024-12-15 00:00:00,,,owner
1227,1245,2024-12-18,3098.68,2024-12-18 00:00:00,2024-12-18 00:00:00,,,owner
1228,1246,2024-12-29,731.71,2024-12-29 00:00:00,2024-12-29 00:00:00,,,owner
1229,1247,2024-12-15,4333.10,2024-12-15 00:00:00,2024-12-15 00:00:00,,,owner
1230,1248,2024-12-29,1713.12,2024-12-29 00:00:00,2024-12-29 00:00:00,,,owner
1231,1249,2025-01-02,7091.09,2025-01-02 00:00:00,2025-01-02 00:00:00,,,owner
1232,1250,2024-12-31,3036.36,2024-12-31 00:00:00,2024-12-31 00:00:00,,,owner
1233,1251,2024-12-11,6060.02,2024-12-11 00:00:00,2024-12-11 00:00:00,,,owner
1234,1252,2025-01-02,4240.80,2025-01-02 00:00:00,2025-01-02 00:00:00,,,owner
1235,1253,2024-12-23,1114.83,2024-12-23 00:00:00,2024-12-23 00:00:00,,,owner
1236,1254,2024-12-12,3720.72,2024-12-12 00:00:00,2024-12-12 00:00:00,,,owner
1237,1255,2024-12-23,4222.56,2024-12-23 00:00:00,2024-12-23 00:00:00,,,owner
1238,1256,2024-12-14,4195.53,2024-12-14 00:00:00,2024-12-14 00:00:00,,,owner
1239,1257,2024-12-29,2788.83,2024-12-29 00:00:00,2024-12-29 00:00:00,,,owner
1240,1258,2024-12-26,5321.10,2024-12-26 00:00:00,2024-12-26 00:00:00,,,owner
1241,1259,2024-12-19,2971.42,2024-12-19 00:00:00,2024-12-19 00:00:00,,,owner
1242,1260,2024-12-07,1492.81,2024-12-07 00:00:00,2024-12-07 00:00:00,,,owner
1243,1261,2024-12-09,5124.13,2024-12-09 00:00:00,2024-12-09 00:00:00,,,owner
1244,1262,2024-12-09,5172.59,2024-12-09 00:00:00,2024-12-09 00:00:00,,,owner
1245,1263,2024-12-21,2131.27,2024-12-21 00:00:00,2024-12-21 00:00:00,,,owner
1246,1264,2024-12-04,5817.10,2024-12-04 00:00:00,2024-12-04 00:00:00,,,owner
1247,1265,2025-01-02,1485.41,2025-01-02 00:00:00,2025-01-02 00:00:00,,,owner
1248,1266,2025-01-15,2584.22,2025-01-15 00:00:00,2025-01-15 00:00:00,,,owner
1249,1267,2025-01-31,9730.90,2025-01-31 00:00:00,2025-01-31 00:00:00,,,owner
1250,1268,2025-02-01,6046.93,2025-02-01 00:00:00,2025-02-01 00:00:00,,,owner
1251,1269,2025-02-09,6052.98,2025-02-09 00:00:00,2025-02-09 00:00:00,,,owner
1252,1270,2025-01-29,7594.69,2025-01-29 00:00:00,2025-01-29 00:00:00,,,owner
1253,1271,2025-01-28,2749.90,2025-01-28 00:00:00,2025-01-28 00:00:00,,,owner
1254,1272,2025-01-31,8361.82,2025-01-31 00:00:00,2025-01-31 00:00:00,,,owner
1255,1273,2025-01-12,3798.30,2025-01-12 00:00:00,2025-01-12 00:00:00,,,owner
1256,1274,2025-01-15,7565.16,2025-01-15 00:00:00,2025-01-15 00:00:00,,,owner
1257,1275,2025-01-06,6645.81,2025-01-06 00:00:00,2025-01-06 00:00:00,,,owner
1258,1276,2025-01-11,9574.86,2025-01-11 00:00:00,2025-01-11 00:00:00,,,owner
1259,1277,2025-01-22,3692.87,2025-01-22 00:00:00,2025-01-22 00:00:00,,,owner
1260,1278,2025-01-29,8693.79,2025-01-29 00:00:00,2025-01-29 00:00:00,,,owner
1261,1279,2025-01-28,8198.14,2025-01-28 00:00:00,2025-01-28 00:00:00,,,owner
1262,1280,2025-01-24,3651.30,2025-01-24 00:00:00,2025-01-24 00:00:00,,,owner
1263,1281,2025-01-13,3956.44,2025-01-13 00:00:00,2025-01-13 00:00:00,,,owner
1264,1282,2025-01-17,3954.33,2025-01-17 00:00:00,2025-01-17 00:00:00,,,owner
1265,1283,2025-01-12,2376.10,2025-01-12 00:00:00,2025-01-12 00:00:00,,,owner
1266,1284,2025-01-08,2625.68,2025-01-08 00:00:00,2025-01-08 00:00:00,,,owner
1267,1285,2025-01-21,1092.71,2025-01-21 00:00:00,2025-01-21 00:00:00,,,owner
1268,1286,2025-01-15,2022.07,2025-01-15 00:00:00,2025-01-15 00:00:00,,,owner
1269,1287,2025-01-25,1800.12,2025-01-25 00:00:00,2025-01-25 00:00:00,,,owner
1270,1288,2025-01-30,4007.51,2025-01-30 00:00:00,2025-01-30 00:00:00,,,owner
1271,1289,2025-01-29,2896.52,2025-01-29 00:00:00,2025-01-29 00:00:00,,,owner
1272,1290,2025-01-17,7126.70,2025-01-17 00:00:00,2025-01-17 00:00:00,,,owner
1273,1291,2025-02-20,4876.99,2025-02-20 00:00:00,2025-02-20 00:00:00,,,owner
1274,1292,2025-02-23,1752.64,2025-02-23 00:00:00,2025-02-23 00:00:00,,,owner
1275,1293,2025-02-27,5400.64,2025-02-27 00:00:00,2025-02-27 00:00:00,,,owner
1276,1294,2025-02-22,5072.64,2025-02-22 00:00:00,2025-02-22 00:00:00,,,owner
1277,1295,2025-02-18,5913.66,2025-02-18 00:00:00,2025-02-18 00:00:00,,,owner
1278,1296,2025-02-22,2720.01,2025-02-22 00:00:00,2025-02-22 00:00:00,,,owner
1279,1297,2025-02-05,6779.93,2025-02-05 00:00:00,2025-02-05 00:00:00,,,owner
1280,1298,2025-03-02,4615.99,2025-03-02 00:00:00,2025-03-02 00:00:00,,,owner
1281,1299,2025-02-26,1998.09,2025-02-26 00:00:00,2025-02-26 00:00:00,,,owner
1282,1300,2025-02-23,6978.13,2025-02-23 00:00:00,2025-02-23 00:00:00,,,owner
1283,1301,2025-02-12,4901.47,2025-02-12 00:00:00,2025-02-12 00:00:00,,,owner
1284,1302,2025-02-22,7655.31,2025-02-22 00:00:00,2025-02-22 00:00:00,,,owner
1285,1303,2025-02-24,2523.02,2025-02-24 00:00:00,2025-02-24 00:00:00,,,owner
1286,1304,2025-02-04,3750.41,2025-02-04 00:00:00,2025-02-04 00:00:00,,,owner
1287,1305,2025-02-09,4800.82,2025-02-09 00:00:00,2025-02-09 00:00:00,,,owner
1288,1306,2025-02-06,2455.72,2025-02-06 00:00:00,2025-02-06 00:00:00,,,owner
1289,1307,2025-02-12,6192.02,2025-02-12 00:00:00,2025-02-12 00:00:00,,,owner
1290,1308,2025-02-09,4341.63,2025-02-09 00:00:00,2025-02-09 00:00:00,,,owner
1291,1309,2025-03-01,3083.75,2025-03-01 00:00:00,2025-03-01 00:00:00,,,owner
1292,1310,2025-02-09,5921.72,2025-02-09 00:00:00,2025-02-09 00:00:00,,,owner
1293,1311,2025-02-28,1563.41,2025-02-28 00:00:00,2025-02-28 00:00:00,,,owner
1294,1312,2025-03-08,3569.25,2025-03-08 00:00:00,2025-03-08 00:00:00,,,owner
1295,1313,2025-03-16,676.82,2025-03-16 00:00:00,2025-03-16 00:00:00,,,owner
1296,1314,2025-03-27,7384.48,2025-03-27 00:00:00,2025-03-27 00:00:00,,,owner
1297,1315,2025-03-07,5030.46,2025-03-07 00:00:00,2025-03-07 00:00:00,,,owner
1298,1316,2025-03-27,1398.05,2025-03-27 00:00:00,2025-03-27 00:00:00,,,owner
1299,1317,2025-03-24,2774.14,2025-03-24 00:00:00,2025-03-24 00:00:00,,,owner
1300,1318,2025-03-27,4893.95,2025-03-27 00:00:00,2025-03-27 00:00:00,,,owner
1301,1319,2025-03-26,2489.94,2025-03-26 00:00:00,2025-03-26 00:00:00,,,owner
1302,1320,2025-03-31,1855.93,2025-03-31 00:00:00,2025-03-31 00:00:00,,,owner
1303,1321,2025-03-13,4079.32,2025-03-13 00:00:00,2025-03-13 00:00:00,,,owner
1304,1322,2025-03-29,6920.00,2025-03-29 00:00:00,2025-03-29 00:00:00,,,owner
1305,1323,2025-03-25,2409.36,2025-03-25 00:00:00,2025-03-25 00:00:00,,,owner
1306,1324,2025-03-27,2534.77,2025-03-27 00:00:00,2025-03-27 00:00:00,,,owner
1307,1325,2025-03-20,1531.28,2025-03-20 00:00:00,2025-03-20 00:00:00,,,owner
1308,1326,2025-04-02,7431.20,2025-04-02 00:00:00,2025-04-02 00:00:00,,,owner
1309,1327,2025-03-07,1490.71,2025-03-07 00:00:00,2025-03-07 00:00:00,,,owner
1310,1328,2025-03-13,4621.09,2025-03-13 00:00:00,2025-03-13 00:00:00,,,owner
1311,1329,2025-03-14,4986.13,2025-03-14 00:00:00,2025-03-14 00:00:00,,,owner
1312,1330,2025-03-03,5594.53,2025-03-03 00:00:00,2025-03-03 00:00:00,,,owner
1313,1331,2025-03-20,904.44,2025-03-20 00:00:00,2025-03-20 00:00:00,,,owner
1314,1332,2025-03-31,1228.16,2025-03-31 00:00:00,2025-03-31 00:00:00,,,owner
1315,1333,2025-03-17,8572.64,2025-03-17 00:00:00,2025-03-17 00:00:00,,,owner
1316,1334,2025-03-07,5265.35,2025-03-07 00:00:00,2025-03-07 00:00:00,,,owner
1317,1335,2025-04-02,6545.27,2025-04-02 00:00:00,2025-04-02 00:00:00,,,owner
1318,1336,2025-03-16,3073.24,2025-03-16 00:00:00,2025-03-16 00:00:00,,,owner
1319,1337,2025-04-10,6033.81,2025-04-10 00:00:00,2025-04-10 00:00:00,,,owner
1320,1338,2025-04-30,2513.19,2025-04-30 00:00:00,2025-04-30 00:00:00,,,owner
1321,1339,2025-04-14,6060.23,2025-04-14 00:00:00,2025-04-14 00:00:00,,,owner
1322,1340,2025-04-19,1293.13,2025-04-19 00:00:00,2025-04-19 00:00:00,,,owner
1323,1341,2025-05-01,3579.78,2025-05-01 00:00:00,2025-05-01 00:00:00,,,owner
1324,1342,2025-05-01,4682.90,2025-05-01 00:00:00,2025-05-01 00:00:00,,,owner
1325,1343,2025-04-28,8526.48,2025-04-28 00:00:00,2025-04-28 00:00:00,,,owner
1326,1344,2025-04-13,1709.56,2025-04-13 00:00:00,2025-04-13 00:00:00,,,owner
1327,1345,2025-04-21,3254.37,2025-04-21 00:00:00,2025-04-21 00:00:00,,,owner
1328,1346,2025-04-17,7813.82,2025-04-17 00:00:00,2025-04-17 00:00:00,,,owner
1329,1347,2025-04-17,3378.14,2025-04-17 00:00:00,2025-04-17 00:00:00,,,owner
1330,1348,2025-04-25,3120.73,2025-04-25 00:00:00,2025-04-25 00:00:00,,,owner
1331,1349,2025-04-14,4211.95,2025-04-14 00:00:00,2025-04-14 00:00:00,,,owner
1332,1350,2025-04-11,2912.92,2025-04-11 00:00:00,2025-04-11 00:00:00,,,owner
1333,1351,2025-04-08,5251.13,2025-04-08 00:00:00,2025-04-08 00:00:00,,,owner
1334,1352,2025-04-17,4552.97,2025-04-17 00:00:00,2025-04-17 00:00:00,,,owner
1335,1353,2025-04-16,4508.74,2025-04-16 00:00:00,2025-04-16 00:00:00,,,owner
1336,1354,2025-05-04,6481.47,2025-05-04 00:00:00,2025-05-04 00:00:00,,,owner
1337,1355,2025-04-08,6613.35,2025-04-08 00:00:00,2025-04-08 00:00:00,,,owner
1338,1356,2025-04-13,9984.42,2025-04-13 00:00:00,2025-04-13 00:00:00,,,owner
1339,1357,2025-04-26,6445.81,2025-04-26 00:00:00,2025-04-26 00:00:00,,,owner
1340,1358,2025-04-24,4586.40,2025-04-24 00:00:00,2025-04-24 00:00:00,,,owner
1341,1359,2025-04-23,4768.37,2025-04-23 00:00:00,2025-04-23 00:00:00,,,owner
1342,1360,2025-04-16,915.57,2025-04-16 00:00:00,2025-04-16 00:00:00,,,owner
1343,1361,2025-04-19,723.78,2025-04-19 00:00:00,2025-04-19 00:00:00,,,owner
1344,1362,2025-04-27,1204.10,2025-04-27 00:00:00,2025-04-27 00:00:00,,,owner
1345,1363,2025-04-30,1771.13,2025-04-30 00:00:00,2025-04-30 00:00:00,,,owner
1346,1364,2025-04-23,6035.98,2025-04-23 00:00:00,2025-04-23 00:00:00,,,owner
1347,1365,2025-04-06,5435.48,2025-04-06 00:00:00,2025-04-06 00:00:00,,,owner
1348,1366,2025-04-06,2530.81,2025-04-06 00:00:00,2025-04-06 00:00:00,,,owner
1349,1367,2025-04-27,5269.25,2025-04-27 00:00:00,2025-04-27 00:00:00,,,owner
1350,1368,2025-04-30,6840.77,2025-04-30 00:00:00,2025-04-30 00:00:00,,,owner
1351,1369,2025-04-15,4005.38,2025-04-15 00:00:00,2025-04-15 00:00:00,,,owner
1352,1370,2025-04-17,692.38,2025-04-17 00:00:00,2025-04-17 00:00:00,,,owner
1353,1371,2025-04-28,3947.45,2025-04-28 00:00:00,2025-04-28 00:00:00,,,owner
1354,1372,2025-06-01,3589.92,2025-06-01 00:00:00,2025-06-01 00:00:00,,,owner
1355,1373,2025-05-08,5175.42,2025-05-08 00:00:00,2025-05-08 00:00:00,,,owner
1356,1374,2025-05-27,2304.62,2025-05-27 00:00:00,2025-05-27 00:00:00,,,owner
1357,1375,2025-05-16,3420.37,2025-05-16 00:00:00,2025-05-16 00:00:00,,,owner
1358,1376,2025-05-15,4120.11,2025-05-15 00:00:00,2025-05-15 00:00:00,,,owner
1359,1377,2025-05-20,937.40,2025-05-20 00:00:00,2025-05-20 00:00:00,,,owner
1360,1378,2025-05-15,4341.68,2025-05-15 00:00:00,2025-05-15 00:00:00,,,owner
1361,1379,2025-05-23,3318.94,2025-05-23 00:00:00,2025-05-23 00:00:00,,,owner
1362,1380,2025-05-25,2825.44,2025-05-25 00:00:00,2025-05-25 00:00:00,,,owner
1363,1381,2025-05-24,4146.22,2025-05-24 00:00:00,2025-05-24 00:00:00,,,owner
1364,1383,2025-05-18,1375.24,2025-05-18 00:00:00,2025-05-18 00:00:00,,,owner
1365,1384,2025-05-09,4533.32,2025-05-09 00:00:00,2025-05-09 00:00:00,,,owner
1366,1385,2025-05-12,6378.97,2025-05-12 00:00:00,2025-05-12 00:00:00,,,owner
1367,1386,2025-06-01,2756.17,2025-06-01 00:00:00,2025-06-01 00:00:00,,,owner
1368,1387,2025-05-22,5235.62,2025-05-22 00:00:00,2025-05-22 00:00:00,,,owner
1369,1388,2025-06-12,4246.02,2025-06-12 00:00:00,2025-06-12 00:00:00,,,owner
1370,1389,2025-05-15,3872.22,2025-05-15 00:00:00,2025-05-15 00:00:00,,,owner
1371,1390,2025-05-14,4194.74,2025-05-14 00:00:00,2025-05-14 00:00:00,,,owner
1372,1391,2025-06-17,1294.93,2025-06-17 00:00:00,2025-06-17 00:00:00,,,owner
1373,1392,2025-06-28,1864.35,2025-06-28 00:00:00,2025-06-28 00:00:00,,,owner
1374,1393,2025-06-30,5620.50,2025-06-30 00:00:00,2025-06-30 00:00:00,,,owner
1375,1394,2025-06-25,4892.54,2025-06-25 00:00:00,2025-06-25 00:00:00,,,owner
1376,1395,2025-06-13,2273.94,2025-06-13 00:00:00,2025-06-13 00:00:00,,,owner
1377,1396,2025-06-09,1438.31,2025-06-09 00:00:00,2025-06-09 00:00:00,,,owner
1378,1397,2025-06-10,1154.40,2025-06-10 00:00:00,2025-06-10 00:00:00,,,owner
1379,1398,2025-06-12,4630.75,2025-06-12 00:00:00,2025-06-12 00:00:00,,,owner
1380,1399,2025-06-16,4099.43,2025-06-16 00:00:00,2025-06-16 00:00:00,,,owner
1381,1400,2025-06-20,3442.53,2025-06-20 00:00:00,2025-06-20 00:00:00,,,owner
1382,1401,2025-06-14,818.97,2025-06-14 00:00:00,2025-06-14 00:00:00,,,owner
1383,1402,2025-06-26,3122.83,2025-06-26 00:00:00,2025-06-26 00:00:00,,,owner
1384,1403,2025-06-26,5841.16,2025-06-26 00:00:00,2025-06-26 00:00:00,,,owner
1385,1404,2025-06-30,2426.95,2025-06-30 00:00:00,2025-06-30 00:00:00,,,owner
1386,1405,2025-06-18,5081.58,2025-06-18 00:00:00,2025-06-18 00:00:00,,,owner
1387,1406,2025-06-14,7212.64,2025-06-14 00:00:00,2025-06-14 00:00:00,,,owner
1388,1407,2025-06-04,1434.05,2025-06-04 00:00:00,2025-06-04 00:00:00,,,owner
1389,1408,2025-06-15,8544.88,2025-06-15 00:00:00,2025-06-15 00:00:00,,,owner
1390,1409,2025-06-28,1835.44,2025-06-28 00:00:00,2025-06-28 00:00:00,,,owner
1391,1410,2025-06-28,1383.38,2025-06-28 00:00:00,2025-06-28 00:00:00,,,owner
1392,1411,2025-06-30,5282.56,2025-06-30 00:00:00,2025-06-30 00:00:00,,,owner
1393,1412,2025-06-25,8394.05,2025-06-25 00:00:00,2025-06-25 00:00:00,,,owner
1394,1413,2025-06-22,5587.99,2025-06-22 00:00:00,2025-06-22 00:00:00,,,owner
1395,1414,2025-06-16,4761.41,2025-06-16 00:00:00,2025-06-16 00:00:00,,,owner
1396,1415,2025-07-07,4494.79,2025-07-07 00:00:00,2025-07-07 00:00:00,,,owner
1397,1417,2025-07-13,1758.31,2025-07-13 00:00:00,2025-07-13 00:00:00,,,owner
1398,1418,2025-07-28,4798.28,2025-07-28 00:00:00,2025-07-28 00:00:00,,,owner
1399,1419,2025-07-07,10555.85,2025-07-07 00:00:00,2025-07-07 00:00:00,,,owner
1400,1420,2025-07-15,2740.96,2025-07-15 00:00:00,2025-07-15 00:00:00,,,owner
1401,1421,2025-07-12,1973.52,2025-07-12 00:00:00,2025-07-12 00:00:00,,,owner
1402,1422,2025-07-11,720.59,2025-07-11 00:00:00,2025-07-11 00:00:00,,,owner
1403,1423,2025-07-12,4168.76,2025-07-12 00:00:00,2025-07-12 00:00:00,,,owner
1404,1424,2025-07-06,4301.23,2025-07-06 00:00:00,2025-07-06 00:00:00,,,owner
1405,1425,2025-07-14,4551.30,2025-07-14 00:00:00,2025-07-14 00:00:00,,,owner
1406,1426,2025-07-29,2945.89,2025-07-29 00:00:00,2025-07-29 00:00:00,,,owner
1407,1427,2025-07-06,4511.02,2025-07-06 00:00:00,2025-07-06 00:00:00,,,owner
1408,1428,2025-07-10,7151.17,2025-07-10 00:00:00,2025-07-10 00:00:00,,,owner
1409,1429,2025-07-06,3024.85,2025-07-06 00:00:00,2025-07-06 00:00:00,,,owner
1410,1430,2025-07-13,4597.62,2025-07-13 00:00:00,2025-07-13 00:00:00,,,owner
1411,1431,2025-08-02,2622.55,2025-08-02 00:00:00,2025-08-02 00:00:00,,,owner
1412,1432,2025-07-30,2762.04,2025-07-30 00:00:00,2025-07-30 00:00:00,,,owner
1413,1433,2025-07-22,1520.53,2025-07-22 00:00:00,2025-07-22 00:00:00,,,owner
1414,1435,2025-08-01,4253.61,2025-08-01 00:00:00,2025-08-01 00:00:00,,,owner
1415,1436,2025-07-16,6988.11,2025-07-16 00:00:00,2025-07-16 00:00:00,,,owner
1416,1437,2025-07-06,3590.57,2025-07-06 00:00:00,2025-07-06 00:00:00,,,owner
1417,1438,2025-07-16,4712.22,2025-07-16 00:00:00,2025-07-16 00:00:00,,,owner
1418,1439,2025-07-19,1598.48,2025-07-19 00:00:00,2025-07-19 00:00:00,,,owner
1419,1440,2025-07-06,5368.71,2025-07-06 00:00:00,2025-07-06 00:00:00,,,owner
1420,1441,2025-07-06,7673.70,2025-07-06 00:00:00,2025-07-06 00:00:00,,,owner
1421,1442,2025-08-20,933.16,2025-08-20 00:00:00,2025-08-20 00:00:00,,,owner
1422,1443,2025-08-22,2378.41,2025-08-22 00:00:00,2025-08-22 00:00:00,,,owner
1423,1444,2025-08-29,4334.54,2025-08-29 00:00:00,2025-08-29 00:00:00,,,owner
1424,1445,2025-08-28,9806.36,2025-08-28 00:00:00,2025-08-28 00:00:00,,,owner
1425,1446,2025-08-22,3812.99,2025-08-22 00:00:00,2025-08-22 00:00:00,,,owner
1426,1447,2025-08-19,8432.46,2025-08-19 00:00:00,2025-08-19 00:00:00,,,owner
1427,1448,2025-09-01,3759.19,2025-09-01 00:00:00,2025-09-01 00:00:00,,,owner
1428,1449,2025-08-27,1935.96,2025-08-27 00:00:00,2025-08-27 00:00:00,,,owner
1429,1450,2025-09-01,1294.79,2025-09-01 00:00:00,2025-09-01 00:00:00,,,owner
1430,1451,2025-08-14,3460.08,2025-08-14 00:00:00,2025-08-14 00:00:00,,,owner
1431,1452,2025-08-16,675.56,2025-08-16 00:00:00,2025-08-16 00:00:00,,,owner
1432,1453,2025-08-07,6840.00,2025-08-07 00:00:00,2025-08-07 00:00:00,,,owner
1433,1454,2025-08-31,1946.48,2025-08-31 00:00:00,2025-08-31 00:00:00,,,owner
1434,1455,2025-08-31,2724.01,2025-08-31 00:00:00,2025-08-31 00:00:00,,,owner
1435,1456,2025-08-27,11857.22,2025-08-27 00:00:00,2025-08-27 00:00:00,,,owner
1436,1457,2025-09-04,6584.95,2025-09-04 00:00:00,2025-09-04 00:00:00,,,owner
1437,1458,2025-08-30,2946.11,2025-08-30 00:00:00,2025-08-30 00:00:00,,,owner
1438,1459,2025-08-06,6257.06,2025-08-06 00:00:00,2025-08-06 00:00:00,,,owner
1439,1460,2025-09-07,4117.67,2025-09-07 00:00:00,2025-09-07 00:00:00,,,owner
1440,1461,2025-08-09,5558.98,2025-08-09 00:00:00,2025-08-09 00:00:00,,,owner
1441,1462,2025-08-28,2929.98,2025-08-28 00:00:00,2025-08-28 00:00:00,,,owner
1442,1463,2025-09-03,3346.50,2025-09-03 00:00:00,2025-09-03 00:00:00,,,owner
1443,1464,2025-09-18,4530.82,2025-09-18 00:00:00,2025-09-18 00:00:00,,,owner
1444,1465,2025-10-01,4286.44,2025-10-01 00:00:00,2025-10-01 00:00:00,,,owner
1445,1466,2025-09-04,1385.16,2025-09-04 00:00:00,2025-09-04 00:00:00,,,owner
1446,1467,2025-09-30,1390.40,2025-09-30 00:00:00,2025-09-30 00:00:00,,,owner
1447,1468,2025-09-23,3481.15,2025-09-23 00:00:00,2025-09-23 00:00:00,,,owner
1448,1469,2025-09-03,2771.94,2025-09-03 00:00:00,2025-09-03 00:00:00,,,owner
1449,1470,2025-09-26,3225.95,2025-09-26 00:00:00,2025-09-26 00:00:00,,,owner
1450,1471,2025-09-25,4205.11,2025-09-25 00:00:00,2025-09-25 00:00:00,,,owner
1451,1472,2025-09-02,2672.56,2025-09-02 00:00:00,2025-09-02 00:00:00,,,owner
1452,1473,2025-09-22,6128.85,2025-09-22 00:00:00,2025-09-22 00:00:00,,,owner
1453,1474,2025-10-04,4808.84,2025-10-04 00:00:00,2025-10-04 00:00:00,,,owner
1454,1475,2025-09-26,7362.94,2025-09-26 00:00:00,2025-09-26 00:00:00,,,owner
1455,1476,2025-10-11,6170.23,2025-10-11 00:00:00,2025-10-11 00:00:00,,,owner
1456,1477,2025-09-25,7387.06,2025-09-25 00:00:00,2025-09-25 00:00:00,,,owner
1457,1478,2025-09-04,6723.11,2025-09-04 00:00:00,2025-09-04 00:00:00,,,owner
1458,1479,2025-09-07,626.80,2025-09-07 00:00:00,2025-09-07 00:00:00,,,owner
1459,1480,2025-09-09,4676.84,2025-09-09 00:00:00,2025-09-09 00:00:00,,,owner
1460,1481,2025-09-13,5217.15,2025-09-13 00:00:00,2025-09-13 00:00:00,,,owner
1461,1482,2025-09-25,2522.85,2025-09-25 00:00:00,2025-09-25 00:00:00,,,owner
1462,1483,2025-09-22,1411.45,2025-09-22 00:00:00,2025-09-22 00:00:00,,,owner
1463,1484,2025-09-16,1724.09,2025-09-16 00:00:00,2025-09-16 00:00:00,,,owner
1464,1485,2025-09-02,9417.41,2025-09-02 00:00:00,2025-09-02 00:00:00,,,owner
1465,1486,2025-09-25,3274.45,2025-09-25 00:00:00,2025-09-25 00:00:00,,,owner
1466,1487,2025-09-19,3295.94,2025-09-19 00:00:00,2025-09-19 00:00:00,,,owner
1467,1488,2025-09-09,4706.55,2025-09-09 00:00:00,2025-09-09 00:00:00,,,owner
1468,1489,2025-11-01,4708.97,2025-11-01 00:00:00,2025-11-01 00:00:00,,,owner
1469,1490,2025-10-15,7358.82,2025-10-15 00:00:00,2025-10-15 00:00:00,,,owner
1470,1491,2025-10-19,3998.00,2025-10-19 00:00:00,2025-10-19 00:00:00,,,owner
1471,1492,2025-10-26,7189.23,2025-10-26 00:00:00,2025-10-26 00:00:00,,,owner
1472,1493,2025-10-20,1686.91,2025-10-20 00:00:00,2025-10-20 00:00:00,,,owner
1473,1494,2025-10-08,4562.28,2025-10-08 00:00:00,2025-10-08 00:00:00,,,owner
1474,1495,2025-10-04,2327.15,2025-10-04 00:00:00,2025-10-04 00:00:00,,,owner
1475,1496,2025-10-14,3015.31,2025-10-14 00:00:00,2025-10-14 00:00:00,,,owner
1476,1497,2025-10-30,1308.52,2025-10-30 00:00:00,2025-10-30 00:00:00,,,owner
1477,1498,2025-10-14,3876.70,2025-10-14 00:00:00,2025-10-14 00:00:00,,,owner
1478,1500,2025-10-04,3606.15,2025-10-04 00:00:00,2025-10-04 00:00:00,,,owner
1479,1501,2025-10-15,1323.26,2025-10-15 00:00:00,2025-10-15 00:00:00,,,owner
1480,1502,2025-10-28,7572.60,2025-10-28 00:00:00,2025-10-28 00:00:00,,,owner
1481,1503,2025-10-03,8708.71,2025-10-03 00:00:00,2025-10-03 00:00:00,,,owner
1482,1504,2025-10-15,3533.51,2025-10-15 00:00:00,2025-10-15 00:00:00,,,owner
1483,1505,2025-10-24,706.19,2025-10-24 00:00:00,2025-10-24 00:00:00,,,owner
1484,1506,2025-10-15,6658.05,2025-10-15 00:00:00,2025-10-15 00:00:00,,,owner
1485,1507,2025-10-05,1695.75,2025-10-05 00:00:00,2025-10-05 00:00:00,,,owner
1486,1508,2025-11-06,8265.64,2025-11-06 00:00:00,2025-11-06 00:00:00,,,owner
1487,1509,2025-10-11,5126.24,2025-10-11 00:00:00,2025-10-11 00:00:00,,,owner
1488,1510,2025-11-05,6845.55,2025-11-05 00:00:00,2025-11-05 00:00:00,,,owner
1489,1511,2025-11-01,1644.31,2025-11-01 00:00:00,2025-11-01 00:00:00,,,owner
1490,1512,2025-10-16,7424.37,2025-10-16 00:00:00,2025-10-16 00:00:00,,,owner
1491,1513,2025-10-05,4339.13,2025-10-05 00:00:00,2025-10-05 00:00:00,,,owner
1492,1514,2025-10-07,4305.03,2025-10-07 00:00:00,2025-10-07 00:00:00,,,owner
1493,1515,2025-10-11,6563.38,2025-10-11 00:00:00,2025-10-11 00:00:00,,,owner
1494,1516,2025-10-07,6802.58,2025-10-07 00:00:00,2025-10-07 00:00:00,,,owner
1495,1517,2025-11-30,3405.76,2025-11-30 00:00:00,2025-11-30 00:00:00,,,owner
1496,1518,2025-11-11,6114.01,2025-11-11 00:00:00,2025-11-11 00:00:00,,,owner
1497,1519,2025-12-03,1340.93,2025-12-03 00:00:00,2025-12-03 00:00:00,,,owner
1498,1520,2025-11-29,5334.42,2025-11-29 00:00:00,2025-11-29 00:00:00,,,owner
1499,1521,2025-11-13,3089.22,2025-11-13 00:00:00,2025-11-13 00:00:00,,,owner
1500,1522,2025-11-09,6665.89,2025-11-09 00:00:00,2025-11-09 00:00:00,,,owner
1501,1523,2025-11-24,2258.81,2025-11-24 00:00:00,2025-11-24 00:00:00,,,owner
1502,1524,2025-11-23,5292.73,2025-11-23 00:00:00,2025-11-23 00:00:00,,,owner
1503,1525,2025-11-11,4246.35,2025-11-11 00:00:00,2025-11-11 00:00:00,,,owner
1504,1526,2025-11-04,1723.56,2025-11-04 00:00:00,2025-11-04 00:00:00,,,owner
1505,1527,2025-11-18,2001.21,2025-11-18 00:00:00,2025-11-18 00:00:00,,,owner
1506,1528,2025-11-29,5904.04,2025-11-29 00:00:00,2025-11-29 00:00:00,,,owner
1507,1529,2025-11-24,7188.01,2025-11-24 00:00:00,2025-11-24 00:00:00,,,owner
1508,1530,2025-11-14,7018.40,2025-11-14 00:00:00,2025-11-14 00:00:00,,,owner
1509,1531,2025-11-06,8571.46,2025-11-06 00:00:00,2025-11-06 00:00:00,,,owner
1510,1532,2025-11-15,3775.55,2025-11-15 00:00:00,2025-11-15 00:00:00,,,owner
1511,1533,2025-11-17,745.50,2025-11-17 00:00:00,2025-11-17 00:00:00,,,owner
1512,1534,2025-11-13,2710.45,2025-11-13 00:00:00,2025-11-13 00:00:00,,,owner
1513,1535,2025-11-25,2063.67,2025-11-25 00:00:00,2025-11-25 00:00:00,,,owner
1514,1536,2025-11-22,3991.27,2025-11-22 00:00:00,2025-11-22 00:00:00,,,owner
1515,1537,2025-11-29,6350.78,2025-11-29 00:00:00,2025-11-29 00:00:00,,,owner
1516,1538,2025-11-25,5312.20,2025-11-25 00:00:00,2025-11-25 00:00:00,,,owner
1517,1540,2025-11-13,4275.15,2025-11-13 00:00:00,2025-11-13 00:00:00,,,owner
1518,1541,2025-11-23,1001.17,2025-11-23 00:00:00,2025-11-23 00:00:00,,,owner
1519,1542,2025-11-17,1944.21,2025-11-17 00:00:00,2025-11-17 00:00:00,,,owner
1520,1543,2025-12-08,3444.17,2025-12-08 00:00:00,2025-12-08 00:00:00,,,owner
1521,1544,2026-01-02,3431.86,2026-01-02 00:00:00,2026-01-02 00:00:00,,,owner
1522,1545,2025-12-26,4202.72,2025-12-26 00:00:00,2025-12-26 00:00:00,,,owner
1523,1546,2025-12-06,1661.35,2025-12-06 00:00:00,2025-12-06 00:00:00,,,owner
1524,1547,2025-12-04,2344.13,2025-12-04 00:00:00,2025-12-04 00:00:00,,,owner
1525,1548,2025-12-23,7327.92,2025-12-23 00:00:00,2025-12-23 00:00:00,,,owner
1526,1549,2025-12-09,5053.68,2025-12-09 00:00:00,2025-12-09 00:00:00,,,owner
1527,1550,2025-12-03,4623.35,2025-12-03 00:00:00,2025-12-03 00:00:00,,,owner
1528,1551,2025-12-09,4242.22,2025-12-09 00:00:00,2025-12-09 00:00:00,,,owner
1529,1552,2025-12-26,2242.61,2025-12-26 00:00:00,2025-12-26 00:00:00,,,owner
1530,1553,2025-12-21,12786.95,2025-12-21 00:00:00,2025-12-21 00:00:00,,,owner
1531,1554,2025-12-04,2113.49,2025-12-04 00:00:00,2025-12-04 00:00:00,,,owner
1532,1555,2025-12-04,6480.46,2025-12-04 00:00:00,2025-12-04 00:00:00,,,owner
1533,1556,2025-12-07,2154.71,2025-12-07 00:00:00,2025-12-07 00:00:00,,,owner
1534,1557,2025-12-23,5830.42,2025-12-23 00:00:00,2025-12-23 00:00:00,,,owner
1535,1558,2025-12-24,3248.22,2025-12-24 00:00:00,2025-12-24 00:00:00,,,owner
1536,1559,2025-12-26,7303.04,2025-12-26 00:00:00,2025-12-26 00:00:00,,,owner
1537,1560,2025-12-20,8703.76,2025-12-20 00:00:00,2025-12-20 00:00:00,,,owner
1538,1561,2025-12-17,1967.12,2025-12-17 00:00:00,2025-12-17 00:00:00,,,owner
1539,1562,2025-12-20,1261.50,2025-12-20 00:00:00,2025-12-20 00:00:00,,,owner
1540,1563,2025-12-29,10942.28,2025-12-29 00:00:00,2025-12-29 00:00:00,,,owner
1541,1564,2025-12-26,2862.99,2025-12-26 00:00:00,2025-12-26 00:00:00,,,owner
1542,1565,2025-12-10,2722.07,2025-12-10 00:00:00,2025-12-10 00:00:00,,,owner
1543,1566,2025-12-31,6895.50,2025-12-31 00:00:00,2025-12-31 00:00:00,,,owner
1544,1567,2025-12-26,9599.70,2025-12-26 00:00:00,2025-12-26 00:00:00,,,owner
1545,1568,2025-12-05,1432.63,2025-12-05 00:00:00,2025-12-05 00:00:00,,,owner
1546,1569,2025-12-17,3878.98,2025-12-17 00:00:00,2025-12-17 00:00:00,,,owner
1547,1570,2025-12-27,2200.72,2025-12-27 00:00:00,2025-12-27 00:00:00,,,owner
1548,1571,2025-12-31,1644.86,2025-12-31 00:00:00,2025-12-31 00:00:00,,,owner
1549,1572,2026-01-12,5645.41,2026-01-12 00:00:00,2026-01-12 00:00:00,,,owner
1550,1573,2026-01-29,2967.06,2026-01-29 00:00:00,2026-01-29 00:00:00,,,owner
1551,1574,2026-01-04,1266.14,2026-01-04 00:00:00,2026-01-04 00:00:00,,,owner
1552,1575,2026-01-29,5950.06,2026-01-29 00:00:00,2026-01-29 00:00:00,,,owner
1553,1576,2026-01-29,9938.40,2026-01-29 00:00:00,2026-01-29 00:00:00,,,owner
1554,1577,2026-01-28,3175.38,2026-01-28 00:00:00,2026-01-28 00:00:00,,,owner
1555,1578,2026-01-24,3911.30,2026-01-24 00:00:00,2026-01-24 00:00:00,,,owner
1556,1579,2026-01-25,6183.91,2026-01-25 00:00:00,2026-01-25 00:00:00,,,owner
1557,1580,2026-01-16,5124.66,2026-01-16 00:00:00,2026-01-16 00:00:00,,,owner
1558,1581,2026-01-23,4837.45,2026-01-23 00:00:00,2026-01-23 00:00:00,,,owner
1559,1582,2026-01-23,4363.74,2026-01-23 00:00:00,2026-01-23 00:00:00,,,owner
1560,1583,2026-02-05,5817.24,2026-02-05 00:00:00,2026-02-05 00:00:00,,,owner
1561,1584,2026-01-12,4570.21,2026-01-12 00:00:00,2026-01-12 00:00:00,,,owner
1562,1585,2026-01-08,703.27,2026-01-08 00:00:00,2026-01-08 00:00:00,,,owner
1563,1586,2026-01-25,1539.98,2026-01-25 00:00:00,2026-01-25 00:00:00,,,owner
1564,1587,2026-02-08,3422.68,2026-02-08 00:00:00,2026-02-08 00:00:00,,,owner
1565,1588,2026-01-26,4648.85,2026-01-26 00:00:00,2026-01-26 00:00:00,,,owner
1566,1589,2026-01-11,1959.71,2026-01-11 00:00:00,2026-01-11 00:00:00,,,owner
1567,1590,2026-01-24,1451.69,2026-01-24 00:00:00,2026-01-24 00:00:00,,,owner
1568,1591,2026-01-29,2985.74,2026-01-29 00:00:00,2026-01-29 00:00:00,,,owner
1569,1592,2026-01-08,5096.05,2026-01-08 00:00:00,2026-01-08 00:00:00,,,owner
1570,1593,2026-01-03,3405.38,2026-01-03 00:00:00,2026-01-03 00:00:00,,,owner
1571,1594,2026-01-09,3787.96,2026-01-09 00:00:00,2026-01-09 00:00:00,,,owner
1572,1595,2026-01-19,1641.97,2026-01-19 00:00:00,2026-01-19 00:00:00,,,owner
1573,1596,2026-01-28,3443.02,2026-01-28 00:00:00,2026-01-28 00:00:00,,,owner
1574,1597,2026-01-07,2223.11,2026-01-07 00:00:00,2026-01-07 00:00:00,,,owner
1575,1598,2026-01-30,3115.68,2026-01-30 00:00:00,2026-01-30 00:00:00,,,owner
1576,1599,2026-03-06,4437.45,2026-03-06 00:00:00,2026-03-06 00:00:00,,,owner
1577,1600,2026-02-16,2626.22,2026-02-16 00:00:00,2026-02-16 00:00:00,,,owner
1578,1601,2026-02-24,4097.76,2026-02-24 00:00:00,2026-02-24 00:00:00,,,owner
1579,1602,2026-03-06,5281.28,2026-03-06 00:00:00,2026-03-06 00:00:00,,,owner
1580,1603,2026-03-05,3017.17,2026-03-05 00:00:00,2026-03-05 00:00:00,,,owner
1581,1604,2026-02-09,6618.23,2026-02-09 00:00:00,2026-02-09 00:00:00,,,owner
1582,1605,2026-02-18,1132.38,2026-02-18 00:00:00,2026-02-18 00:00:00,,,owner
1583,1606,2026-02-07,2331.50,2026-02-07 00:00:00,2026-02-07 00:00:00,,,owner
1584,1607,2026-02-07,2397.89,2026-02-07 00:00:00,2026-02-07 00:00:00,,,owner
1585,1608,2026-02-26,4224.15,2026-02-26 00:00:00,2026-02-26 00:00:00,,,owner
1586,1609,2026-02-08,5705.47,2026-02-08 00:00:00,2026-02-08 00:00:00,,,owner
1587,1610,2026-02-13,5695.68,2026-02-13 00:00:00,2026-02-13 00:00:00,,,owner
1588,1611,2026-03-05,6851.59,2026-03-05 00:00:00,2026-03-05 00:00:00,,,owner
1589,1612,2026-02-03,9987.77,2026-02-03 00:00:00,2026-02-03 00:00:00,,,owner
1590,1613,2026-02-09,4070.75,2026-02-09 00:00:00,2026-02-09 00:00:00,,,owner
1591,1614,2026-02-24,2128.28,2026-02-24 00:00:00,2026-02-24 00:00:00,,,owner
1592,1615,2026-02-21,4415.86,2026-02-21 00:00:00,2026-02-21 00:00:00,,,owner
1593,1616,2026-02-28,6233.52,2026-02-28 00:00:00,2026-02-28 00:00:00,,,owner
1594,1617,2026-02-19,5387.98,2026-02-19 00:00:00,2026-02-19 00:00:00,,,owner
1595,1618,2026-02-21,2474.79,2026-02-21 00:00:00,2026-02-21 00:00:00,,,owner
1596,1619,2026-02-27,4748.17,2026-02-27 00:00:00,2026-02-27 00:00:00,,,owner
1597,1620,2026-02-17,1869.81,2026-02-17 00:00:00,2026-02-17 00:00:00,,,owner
1598,1621,2026-02-25,6665.46,2026-02-25 00:00:00,2026-02-25 00:00:00,,,owner
1599,1622,2026-03-02,5185.73,2026-03-02 00:00:00,2026-03-02 00:00:00,,,owner
1600,1623,2026-02-05,7352.40,2026-02-05 00:00:00,2026-02-05 00:00:00,,,owner
1601,1624,2026-02-24,786.53,2026-02-24 00:00:00,2026-02-24 00:00:00,,,owner
1602,1625,2026-03-27,4189.15,2026-03-27 00:00:00,2026-03-27 00:00:00,,,owner
1603,1626,2026-03-17,6886.15,2026-03-17 00:00:00,2026-03-17 00:00:00,,,owner
1604,1627,2026-03-06,1107.63,2026-03-06 00:00:00,2026-03-06 00:00:00,,,owner
1605,1628,2026-03-31,1448.46,2026-03-31 00:00:00,2026-03-31 00:00:00,,,owner
1606,1629,2026-03-02,5718.95,2026-03-02 00:00:00,2026-03-02 00:00:00,,,owner
1607,1630,2026-03-04,6161.78,2026-03-04 00:00:00,2026-03-04 00:00:00,,,owner
1608,1631,2026-03-20,2087.74,2026-03-20 00:00:00,2026-03-20 00:00:00,,,owner
1609,1632,2026-04-01,4585.35,2026-04-01 00:00:00,2026-04-01 00:00:00,,,owner
1610,1633,2026-03-11,4237.83,2026-03-11 00:00:00,2026-03-11 00:00:00,,,owner
1611,1634,2026-03-17,4834.98,2026-03-17 00:00:00,2026-03-17 00:00:00,,,owner
1612,1635,2026-03-10,1777.64,2026-03-10 00:00:00,2026-03-10 00:00:00,,,owner
1613,1636,2026-04-09,10119.19,2026-04-09 00:00:00,2026-04-09 00:00:00,,,owner
1614,1637,2026-03-28,1166.94,2026-03-28 00:00:00,2026-03-28 00:00:00,,,owner
1615,1638,2026-03-27,6372.56,2026-03-27 00:00:00,2026-03-27 00:00:00,,,owner
1616,1639,2026-03-18,7936.86,2026-03-18 00:00:00,2026-03-18 00:00:00,,,owner
1617,1640,2026-03-30,1346.96,2026-03-30 00:00:00,2026-03-30 00:00:00,,,owner
1618,1641,2026-03-26,3310.19,2026-03-26 00:00:00,2026-03-26 00:00:00,,,owner
1619,1642,2026-03-20,4028.29,2026-03-20 00:00:00,2026-03-20 00:00:00,,,owner
1620,1643,2026-03-06,2374.90,2026-03-06 00:00:00,2026-03-06 00:00:00,,,owner
1621,1644,2026-03-24,7306.95,2026-03-24 00:00:00,2026-03-24 00:00:00,,,owner
1622,1645,2026-03-07,10339.73,2026-03-07 00:00:00,2026-03-07 00:00:00,,,owner
1623,1646,2026-03-28,7484.69,2026-03-28 00:00:00,2026-03-28 00:00:00,,,owner
1624,1647,2026-04-07,7797.21,2026-04-07 00:00:00,2026-04-07 00:00:00,,,owner
1625,1649,2026-04-13,4124.88,2026-04-13 00:00:00,2026-04-13 00:00:00,,,owner
1626,1650,2026-04-13,5831.36,2026-04-13 00:00:00,2026-04-13 00:00:00,,,owner
1627,1651,2026-04-29,4882.56,2026-04-29 00:00:00,2026-04-29 00:00:00,,,owner
1628,1652,2026-04-12,1954.04,2026-04-12 00:00:00,2026-04-12 00:00:00,,,owner
1629,1653,2026-04-15,2980.61,2026-04-15 00:00:00,2026-04-15 00:00:00,,,owner
1630,1654,2026-04-28,1573.79,2026-04-28 00:00:00,2026-04-28 00:00:00,,,owner
1631,1655,2026-04-17,7870.89,2026-04-17 00:00:00,2026-04-17 00:00:00,,,owner
1632,1656,2026-04-17,5028.96,2026-04-17 00:00:00,2026-04-17 00:00:00,,,owner
1633,1657,2026-04-03,1328.00,2026-04-03 00:00:00,2026-04-03 00:00:00,,,owner
1634,1658,2026-04-05,4618.27,2026-04-05 00:00:00,2026-04-05 00:00:00,,,owner
1635,1659,2026-04-26,2223.15,2026-04-26 00:00:00,2026-04-26 00:00:00,,,owner
1636,1660,2026-04-20,6607.34,2026-04-20 00:00:00,2026-04-20 00:00:00,,,owner
1637,1661,2026-04-27,823.03,2026-04-27 00:00:00,2026-04-27 00:00:00,,,owner
1638,1662,2026-04-18,4654.81,2026-04-18 00:00:00,2026-04-18 00:00:00,,,owner
1639,1663,2026-04-20,3433.73,2026-04-20 00:00:00,2026-04-20 00:00:00,,,owner
1640,1664,2026-04-22,4503.03,2026-04-22 00:00:00,2026-04-22 00:00:00,,,owner
1641,1665,2026-04-06,4066.19,2026-04-06 00:00:00,2026-04-06 00:00:00,,,owner
1642,1666,2026-04-09,5361.49,2026-04-09 00:00:00,2026-04-09 00:00:00,,,owner
1643,1667,2026-04-13,5542.68,2026-04-13 00:00:00,2026-04-13 00:00:00,,,owner
1644,1668,2026-04-19,1909.54,2026-04-19 00:00:00,2026-04-19 00:00:00,,,owner
1645,1669,2026-04-14,5991.52,2026-04-14 00:00:00,2026-04-14 00:00:00,,,owner
1646,1671,2026-04-12,5687.88,2026-04-12 00:00:00,2026-04-12 00:00:00,,,owner
1647,1672,2026-05-07,2102.62,2026-05-07 00:00:00,2026-05-07 00:00:00,,,owner
1648,1673,2026-05-07,3524.32,2026-05-07 00:00:00,2026-05-07 00:00:00,,,owner
1649,1674,2026-05-07,4875.11,2026-05-07 00:00:00,2026-05-07 00:00:00,,,owner
1650,1675,2026-05-07,7018.04,2026-05-07 21:28:55,2026-05-07 21:28:55,,,owner
1651,1676,2026-05-05,2092.60,2026-05-05 00:00:00,2026-05-05 00:00:00,,,owner
1652,1677,2026-05-07,1670.00,2026-05-07 21:28:55,2026-05-07 21:28:55,,,owner
1653,1678,2026-05-06,4330.91,2026-05-06 00:00:00,2026-05-06 00:00:00,,,owner
1654,1679,2026-05-07,6314.35,2026-05-07 21:28:55,2026-05-07 21:28:55,,,owner
1655,1680,2026-05-07,4816.33,2026-05-07 21:28:55,2026-05-07 21:28:55,,,owner
1656,1681,2026-05-02,6176.28,2026-05-02 00:00:00,2026-05-02 00:00:00,,,owner
1657,1682,2026-05-07,3366.75,2026-05-07 21:28:55,2026-05-07 21:28:55,,,owner
1658,1683,2026-05-07,4718.58,2026-05-07 21:28:55,2026-05-07 21:28:55,,,owner
1659,1684,2026-05-06,6532.90,2026-05-06 00:00:00,2026-05-06 00:00:00,,,owner
1660,1685,2026-05-07,4697.27,2026-05-07 21:28:55,2026-05-07 21:28:55,,,owner
1661,1686,2026-05-07,1299.85,2026-05-07 21:28:55,2026-05-07 21:28:55,,,owner
1662,1687,2026-05-04,5948.55,2026-05-04 00:00:00,2026-05-04 00:00:00,,,owner
1663,1688,2026-05-04,6410.32,2026-05-04 00:00:00,2026-05-04 00:00:00,,,owner
1664,1689,2026-05-07,5571.15,2026-05-07 21:28:55,2026-05-07 21:28:55,,,owner
1665,1690,2026-05-05,1628.42,2026-05-05 00:00:00,2026-05-05 00:00:00,,,owner
