id,billing_id,lease_id,tenant_id,payment_method,reference_number,amount_paid,proof_image,status,reject_reason,reviewed_by,reviewed_at,created_at,updated_at,payment_category_id
1,1,242,41,Bank Transfer,FRNT-JAN2021-1,24844.00,payment_proofs/sample_proof_3.svg,Confirmed,,4,2021-01-01 00:00:00,2021-01-01 00:00:00,2021-01-01 00:00:00,4
2,3,242,41,Maya,FRNT-MAR2021-3,15425.48,payment_proofs/sample_proof_2.svg,Confirmed,,4,2021-03-01 00:00:00,2021-03-01 00:00:00,2021-03-01 00:00:00,1
3,4,242,41,Bank Transfer,FRNT-APR2021-4,14145.13,payment_proofs/sample_proof_1.svg,Confirmed,,4,2021-04-01 00:00:00,2021-04-01 00:00:00,2021-04-01 00:00:00,4
4,7,24,12,GCash,FRNT-APR2021-7,13830.63,payment_proofs/sample_proof_5.svg,Confirmed,,4,2021-04-01 00:00:00,2021-04-01 00:00:00,2021-04-01 00:00:00,2
5,9,25,12,GCash,FRNT-MAY2021-9,13806.71,payment_proofs/sample_proof_5.svg,Confirmed,,4,2021-05-01 00:00:00,2021-05-01 00:00:00,2021-05-01 00:00:00,2
6,11,292,7,Maya,FRNT-APR2021-11,25626.00,payment_proofs/sample_proof_4.svg,Confirmed,,4,2021-04-01 00:00:00,2021-04-01 00:00:00,2021-04-01 00:00:00,2
7,12,292,7,GCash,FRNT-MAY2021-12,14799.87,payment_proofs/sample_proof_2.svg,Confirmed,,4,2021-05-01 00:00:00,2021-05-01 00:00:00,2021-05-01 00:00:00,1
8,13,292,7,Bank Transfer,FRNT-JUN2021-13,15163.67,payment_proofs/sample_proof_1.svg,Confirmed,,4,2021-06-01 00:00:00,2021-06-01 00:00:00,2021-06-01 00:00:00,3
9,14,292,7,Maya,FRNT-JUL2021-14,14935.01,payment_proofs/sample_proof_5.svg,Confirmed,,4,2021-07-01 00:00:00,2021-07-01 00:00:00,2021-07-01 00:00:00,2
10,15,292,7,Maya,FRNT-AUG2021-15,15019.86,payment_proofs/sample_proof_5.svg,Confirmed,,4,2021-08-01 00:00:00,2021-08-01 00:00:00,2021-08-01 00:00:00,1
11,17,292,7,Maya,FRNT-OCT2021-17,15452.07,payment_proofs/sample_proof_4.svg,Confirmed,,4,2021-10-01 00:00:00,2021-10-01 00:00:00,2021-10-01 00:00:00,2
12,18,292,7,Bank Transfer,FRNT-NOV2021-18,14932.16,payment_proofs/sample_proof_4.svg,Confirmed,,4,2021-11-01 00:00:00,2021-11-01 00:00:00,2021-11-01 00:00:00,3
13,20,292,7,GCash,FRNT-JAN2022-20,14361.03,payment_proofs/sample_proof_5.svg,Confirmed,,4,2022-01-01 00:00:00,2022-01-01 00:00:00,2022-01-01 00:00:00,4
14,21,292,7,GCash,FRNT-FEB2022-21,14777.81,payment_proofs/sample_proof_1.svg,Confirmed,,4,2022-02-01 00:00:00,2022-02-01 00:00:00,2022-02-01 00:00:00,1
15,22,292,7,GCash,FRNT-MAR2022-22,15542.93,payment_proofs/sample_proof_5.svg,Confirmed,,4,2022-03-01 00:00:00,2022-03-01 00:00:00,2022-03-01 00:00:00,3
16,23,292,7,Bank Transfer,FRNT-APR2022-23,14222.87,payment_proofs/sample_proof_1.svg,Confirmed,,4,2022-04-01 00:00:00,2022-04-01 00:00:00,2022-04-01 00:00:00,2
17,25,243,41,Maya,FRNT-MAY2021-25,13952.70,payment_proofs/sample_proof_3.svg,Confirmed,,4,2021-05-01 00:00:00,2021-05-01 00:00:00,2021-05-01 00:00:00,2
18,26,243,41,Bank Transfer,FRNT-JUN2021-26,14155.11,payment_proofs/sample_proof_2.svg,Confirmed,,4,2021-06-01 00:00:00,2021-06-01 00:00:00,2021-06-01 00:00:00,1
19,28,243,41,GCash,FRNT-AUG2021-28,13959.60,payment_proofs/sample_proof_1.svg,Confirmed,,4,2021-08-01 00:00:00,2021-08-01 00:00:00,2021-08-01 00:00:00,4
20,29,243,41,Bank Transfer,FRNT-SEP2021-29,13934.19,payment_proofs/sample_proof_4.svg,Confirmed,,4,2021-09-01 00:00:00,2021-09-01 00:00:00,2021-09-01 00:00:00,3
21,30,243,41,Bank Transfer,FRNT-OCT2021-30,13033.59,payment_proofs/sample_proof_3.svg,Confirmed,,4,2021-10-01 00:00:00,2021-10-01 00:00:00,2021-10-01 00:00:00,2
22,32,26,12,GCash,FRNT-JUN2021-32,13707.39,payment_proofs/sample_proof_4.svg,Confirmed,,4,2021-06-01 00:00:00,2021-06-01 00:00:00,2021-06-01 00:00:00,4
23,34,27,12,Maya,FRNT-JUL2021-34,13522.30,payment_proofs/sample_proof_2.svg,Confirmed,,4,2021-07-01 00:00:00,2021-07-01 00:00:00,2021-07-01 00:00:00,2
24,36,28,12,Maya,FRNT-AUG2021-36,13932.64,payment_proofs/sample_proof_3.svg,Confirmed,,4,2021-08-01 00:00:00,2021-08-01 00:00:00,2021-08-01 00:00:00,4
25,37,28,12,Bank Transfer,FRNT-SEP2021-37,14338.74,payment_proofs/sample_proof_4.svg,Confirmed,,4,2021-09-01 00:00:00,2021-09-01 00:00:00,2021-09-01 00:00:00,2
26,38,28,12,Bank Transfer,FRNT-OCT2021-38,13814.42,payment_proofs/sample_proof_4.svg,Confirmed,,4,2021-10-01 00:00:00,2021-10-01 00:00:00,2021-10-01 00:00:00,3
27,39,28,12,Bank Transfer,FRNT-NOV2021-39,13969.67,payment_proofs/sample_proof_4.svg,Confirmed,,4,2021-11-01 00:00:00,2021-11-01 00:00:00,2021-11-01 00:00:00,3
28,40,28,12,Bank Transfer,FRNT-DEC2021-40,13813.67,payment_proofs/sample_proof_3.svg,Confirmed,,4,2021-12-01 00:00:00,2021-12-01 00:00:00,2021-12-01 00:00:00,4
29,43,266,38,GCash,FRNT-AUG2021-43,25658.00,payment_proofs/sample_proof_5.svg,Confirmed,,4,2021-08-01 00:00:00,2021-08-01 00:00:00,2021-08-01 00:00:00,4
30,46,114,36,GCash,FRNT-AUG2021-46,14174.00,payment_proofs/sample_proof_4.svg,Confirmed,,4,2021-08-01 00:00:00,2021-08-01 00:00:00,2021-08-01 00:00:00,4
31,47,114,36,Bank Transfer,FRNT-SEP2021-47,9834.93,payment_proofs/sample_proof_2.svg,Confirmed,,4,2021-09-01 00:00:00,2021-09-01 00:00:00,2021-09-01 00:00:00,4
32,48,114,36,Bank Transfer,FRNT-OCT2021-48,10395.50,payment_proofs/sample_proof_3.svg,Confirmed,,4,2021-10-01 00:00:00,2021-10-01 00:00:00,2021-10-01 00:00:00,1
33,49,114,36,Bank Transfer,FRNT-NOV2021-49,8652.14,payment_proofs/sample_proof_1.svg,Confirmed,,4,2021-11-01 00:00:00,2021-11-01 00:00:00,2021-11-01 00:00:00,2
34,51,59,33,Bank Transfer,FRNT-SEP2021-51,24592.00,payment_proofs/sample_proof_2.svg,Confirmed,,3,2021-09-01 00:00:00,2021-09-01 00:00:00,2021-09-01 00:00:00,1
35,52,59,33,Bank Transfer,FRNT-OCT2021-52,14962.99,payment_proofs/sample_proof_1.svg,Confirmed,,3,2021-10-01 00:00:00,2021-10-01 00:00:00,2021-10-01 00:00:00,4
36,56,267,38,GCash,FRNT-OCT2021-56,14565.59,payment_proofs/sample_proof_5.svg,Confirmed,,4,2021-10-01 00:00:00,2021-10-01 00:00:00,2021-10-01 00:00:00,2
37,58,244,41,Maya,FRNT-NOV2021-58,15245.03,payment_proofs/sample_proof_4.svg,Confirmed,,4,2021-11-01 00:00:00,2021-11-01 00:00:00,2021-11-01 00:00:00,2
38,59,244,41,GCash,FRNT-DEC2021-59,14494.70,payment_proofs/sample_proof_3.svg,Confirmed,,4,2021-12-01 00:00:00,2021-12-01 00:00:00,2021-12-01 00:00:00,4
39,62,159,17,GCash,FRNT-OCT2021-62,13846.00,payment_proofs/sample_proof_5.svg,Confirmed,,4,2021-10-01 00:00:00,2021-10-01 00:00:00,2021-10-01 00:00:00,3
40,63,159,17,GCash,FRNT-NOV2021-63,8698.27,payment_proofs/sample_proof_5.svg,Confirmed,,4,2021-11-01 00:00:00,2021-11-01 00:00:00,2021-11-01 00:00:00,3
41,64,159,17,GCash,FRNT-DEC2021-64,8202.21,payment_proofs/sample_proof_2.svg,Confirmed,,4,2021-12-01 00:00:00,2021-12-01 00:00:00,2021-12-01 00:00:00,3
42,65,159,17,GCash,FRNT-JAN2022-65,8107.03,payment_proofs/sample_proof_3.svg,Confirmed,,4,2022-01-01 00:00:00,2022-01-01 00:00:00,2022-01-01 00:00:00,2
43,66,159,17,Bank Transfer,FRNT-FEB2022-66,7992.35,payment_proofs/sample_proof_3.svg,Confirmed,,4,2022-02-01 00:00:00,2022-02-01 00:00:00,2022-02-01 00:00:00,2
44,67,159,17,GCash,FRNT-MAR2022-67,7449.24,payment_proofs/sample_proof_5.svg,Confirmed,,4,2022-03-01 00:00:00,2022-03-01 00:00:00,2022-03-01 00:00:00,1
45,68,159,17,Maya,FRNT-APR2022-68,7934.52,payment_proofs/sample_proof_2.svg,Confirmed,,4,2022-04-01 00:00:00,2022-04-01 00:00:00,2022-04-01 00:00:00,3
46,71,159,17,GCash,FRNT-JUL2022-71,7952.21,payment_proofs/sample_proof_3.svg,Confirmed,,4,2022-07-01 00:00:00,2022-07-01 00:00:00,2022-07-01 00:00:00,2
47,72,159,17,GCash,FRNT-AUG2022-72,8091.71,payment_proofs/sample_proof_4.svg,Confirmed,,4,2022-08-01 00:00:00,2022-08-01 00:00:00,2022-08-01 00:00:00,1
48,74,159,17,Bank Transfer,FRNT-OCT2022-74,7627.36,payment_proofs/sample_proof_4.svg,Confirmed,,4,2022-10-01 00:00:00,2022-10-01 00:00:00,2022-10-01 00:00:00,2
49,78,115,36,Maya,FRNT-DEC2021-78,9447.13,payment_proofs/sample_proof_1.svg,Confirmed,,4,2021-12-01 00:00:00,2021-12-01 00:00:00,2021-12-01 00:00:00,4
50,79,115,36,GCash,FRNT-JAN2022-79,8787.23,payment_proofs/sample_proof_4.svg,Confirmed,,4,2022-01-01 00:00:00,2022-01-01 00:00:00,2022-01-01 00:00:00,3
51,80,115,36,Bank Transfer,FRNT-FEB2022-80,9517.11,payment_proofs/sample_proof_4.svg,Confirmed,,4,2022-02-01 00:00:00,2022-02-01 00:00:00,2022-02-01 00:00:00,1
52,82,115,36,Bank Transfer,FRNT-APR2022-82,9196.33,payment_proofs/sample_proof_3.svg,Confirmed,,4,2022-04-01 00:00:00,2022-04-01 00:00:00,2022-04-01 00:00:00,1
53,83,115,36,GCash,FRNT-MAY2022-83,8451.68,payment_proofs/sample_proof_1.svg,Confirmed,,4,2022-05-01 00:00:00,2022-05-01 00:00:00,2022-05-01 00:00:00,1
54,88,269,38,Bank Transfer,FRNT-MAR2022-88,15281.11,payment_proofs/sample_proof_2.svg,Confirmed,,4,2022-03-01 00:00:00,2022-03-01 00:00:00,2022-03-01 00:00:00,4
55,90,269,38,Bank Transfer,FRNT-MAY2022-90,13832.79,payment_proofs/sample_proof_5.svg,Confirmed,,4,2022-05-01 00:00:00,2022-05-01 00:00:00,2022-05-01 00:00:00,1
56,92,281,2,Bank Transfer,FRNT-DEC2021-92,13846.00,payment_proofs/sample_proof_3.svg,Confirmed,,4,2021-12-01 00:00:00,2021-12-01 00:00:00,2021-12-01 00:00:00,1
57,97,60,33,Maya,FRNT-JAN2022-97,13283.68,payment_proofs/sample_proof_3.svg,Confirmed,,3,2022-01-01 00:00:00,2022-01-01 00:00:00,2022-01-01 00:00:00,3
58,98,60,33,Maya,FRNT-FEB2022-98,13238.63,payment_proofs/sample_proof_3.svg,Confirmed,,3,2022-02-01 00:00:00,2022-02-01 00:00:00,2022-02-01 00:00:00,3
59,99,60,33,Bank Transfer,FRNT-MAR2022-99,13641.32,payment_proofs/sample_proof_5.svg,Confirmed,,3,2022-03-01 00:00:00,2022-03-01 00:00:00,2022-03-01 00:00:00,2
60,102,60,33,Maya,FRNT-JUN2022-102,13718.88,payment_proofs/sample_proof_2.svg,Confirmed,,3,2022-06-01 00:00:00,2022-06-01 00:00:00,2022-06-01 00:00:00,1
61,103,60,33,GCash,FRNT-JUL2022-103,13133.41,payment_proofs/sample_proof_5.svg,Confirmed,,3,2022-07-01 00:00:00,2022-07-01 00:00:00,2022-07-01 00:00:00,1
62,104,60,33,GCash,FRNT-AUG2022-104,13364.41,payment_proofs/sample_proof_2.svg,Confirmed,,3,2022-08-01 00:00:00,2022-08-01 00:00:00,2022-08-01 00:00:00,4
63,105,60,33,GCash,FRNT-SEP2022-105,13514.61,payment_proofs/sample_proof_5.svg,Confirmed,,3,2022-09-01 00:00:00,2022-09-01 00:00:00,2022-09-01 00:00:00,2
64,106,60,33,GCash,FRNT-OCT2022-106,13146.48,payment_proofs/sample_proof_5.svg,Confirmed,,3,2022-10-01 00:00:00,2022-10-01 00:00:00,2022-10-01 00:00:00,3
65,107,60,33,Maya,FRNT-NOV2022-107,13513.39,payment_proofs/sample_proof_3.svg,Confirmed,,3,2022-11-01 00:00:00,2022-11-01 00:00:00,2022-11-01 00:00:00,3
66,110,128,19,Bank Transfer,FRNT-JAN2022-110,11390.00,payment_proofs/sample_proof_5.svg,Confirmed,,43,2022-01-01 00:00:00,2022-01-01 00:00:00,2022-01-01 00:00:00,2
67,112,128,19,Bank Transfer,FRNT-MAR2022-112,8893.57,payment_proofs/sample_proof_3.svg,Confirmed,,43,2022-03-01 00:00:00,2022-03-01 00:00:00,2022-03-01 00:00:00,3
68,113,128,19,Maya,FRNT-APR2022-113,7620.09,payment_proofs/sample_proof_1.svg,Confirmed,,43,2022-04-01 00:00:00,2022-04-01 00:00:00,2022-04-01 00:00:00,2
69,117,71,35,Bank Transfer,FRNT-MAR2022-117,14141.32,payment_proofs/sample_proof_5.svg,Confirmed,,3,2022-03-01 00:00:00,2022-03-01 00:00:00,2022-03-01 00:00:00,3
70,118,71,35,Bank Transfer,FRNT-APR2022-118,13537.81,payment_proofs/sample_proof_3.svg,Confirmed,,3,2022-04-01 00:00:00,2022-04-01 00:00:00,2022-04-01 00:00:00,4
71,120,29,12,GCash,FRNT-FEB2022-120,14154.83,payment_proofs/sample_proof_5.svg,Confirmed,,4,2022-02-01 00:00:00,2022-02-01 00:00:00,2022-02-01 00:00:00,4
72,121,29,12,Maya,FRNT-MAR2022-121,13601.53,payment_proofs/sample_proof_3.svg,Confirmed,,4,2022-03-01 00:00:00,2022-03-01 00:00:00,2022-03-01 00:00:00,2
73,122,29,12,GCash,FRNT-APR2022-122,13806.78,payment_proofs/sample_proof_1.svg,Confirmed,,4,2022-04-01 00:00:00,2022-04-01 00:00:00,2022-04-01 00:00:00,2
74,123,29,12,Bank Transfer,FRNT-MAY2022-123,14044.06,payment_proofs/sample_proof_4.svg,Confirmed,,4,2022-05-01 00:00:00,2022-05-01 00:00:00,2022-05-01 00:00:00,2
75,124,29,12,Bank Transfer,FRNT-JUN2022-124,14499.59,payment_proofs/sample_proof_1.svg,Confirmed,,4,2022-06-01 00:00:00,2022-06-01 00:00:00,2022-06-01 00:00:00,2
76,125,29,12,Maya,FRNT-JUL2022-125,12888.25,payment_proofs/sample_proof_4.svg,Confirmed,,4,2022-07-01 00:00:00,2022-07-01 00:00:00,2022-07-01 00:00:00,4
77,127,245,41,Maya,FRNT-FEB2022-127,13888.86,payment_proofs/sample_proof_2.svg,Confirmed,,4,2022-02-01 00:00:00,2022-02-01 00:00:00,2022-02-01 00:00:00,1
78,129,43,16,Maya,FRNT-FEB2022-129,21766.00,payment_proofs/sample_proof_3.svg,Confirmed,,43,2022-02-01 00:00:00,2022-02-01 00:00:00,2022-02-01 00:00:00,2
79,131,43,16,Maya,FRNT-APR2022-131,13032.22,payment_proofs/sample_proof_3.svg,Confirmed,,43,2022-04-01 00:00:00,2022-04-01 00:00:00,2022-04-01 00:00:00,2
80,133,43,16,Maya,FRNT-JUN2022-133,12818.35,payment_proofs/sample_proof_1.svg,Confirmed,,43,2022-06-01 00:00:00,2022-06-01 00:00:00,2022-06-01 00:00:00,1
81,134,43,16,GCash,FRNT-JUL2022-134,13028.69,payment_proofs/sample_proof_1.svg,Confirmed,,43,2022-07-01 00:00:00,2022-07-01 00:00:00,2022-07-01 00:00:00,3
82,135,43,16,Maya,FRNT-AUG2022-135,12672.74,payment_proofs/sample_proof_3.svg,Confirmed,,43,2022-08-01 00:00:00,2022-08-01 00:00:00,2022-08-01 00:00:00,2
83,136,43,16,Maya,FRNT-SEP2022-136,12764.65,payment_proofs/sample_proof_1.svg,Confirmed,,43,2022-09-01 00:00:00,2022-09-01 00:00:00,2022-09-01 00:00:00,1
84,139,43,16,GCash,FRNT-DEC2022-139,12858.21,payment_proofs/sample_proof_3.svg,Confirmed,,43,2022-12-01 00:00:00,2022-12-01 00:00:00,2022-12-01 00:00:00,3
85,140,43,16,GCash,FRNT-JAN2023-140,13136.68,payment_proofs/sample_proof_1.svg,Confirmed,,43,2023-01-01 00:00:00,2023-01-01 00:00:00,2023-01-01 00:00:00,1
86,141,43,16,Maya,FRNT-FEB2023-141,12056.17,payment_proofs/sample_proof_3.svg,Confirmed,,43,2023-02-01 00:00:00,2023-02-01 00:00:00,2023-02-01 00:00:00,4
87,144,246,41,GCash,FRNT-APR2022-144,15680.46,payment_proofs/sample_proof_1.svg,Confirmed,,4,2022-04-01 00:00:00,2022-04-01 00:00:00,2022-04-01 00:00:00,1
88,145,246,41,Bank Transfer,FRNT-MAY2022-145,13859.38,payment_proofs/sample_proof_2.svg,Confirmed,,4,2022-05-01 00:00:00,2022-05-01 00:00:00,2022-05-01 00:00:00,3
89,148,183,24,Maya,FRNT-APR2022-148,8232.20,payment_proofs/sample_proof_4.svg,Confirmed,,42,2022-04-01 00:00:00,2022-04-01 00:00:00,2022-04-01 00:00:00,1
90,149,183,24,Maya,FRNT-MAY2022-149,8424.24,payment_proofs/sample_proof_4.svg,Confirmed,,42,2022-05-01 00:00:00,2022-05-01 00:00:00,2022-05-01 00:00:00,3
91,150,183,24,Bank Transfer,FRNT-JUN2022-150,8763.80,payment_proofs/sample_proof_4.svg,Confirmed,,42,2022-06-01 00:00:00,2022-06-01 00:00:00,2022-06-01 00:00:00,2
92,151,183,24,GCash,FRNT-JUL2022-151,9147.56,payment_proofs/sample_proof_4.svg,Confirmed,,42,2022-07-01 00:00:00,2022-07-01 00:00:00,2022-07-01 00:00:00,1
93,152,183,24,Maya,FRNT-AUG2022-152,9123.96,payment_proofs/sample_proof_3.svg,Confirmed,,42,2022-08-01 00:00:00,2022-08-01 00:00:00,2022-08-01 00:00:00,2
94,153,183,24,GCash,FRNT-SEP2022-153,7380.40,payment_proofs/sample_proof_4.svg,Confirmed,,42,2022-09-01 00:00:00,2022-09-01 00:00:00,2022-09-01 00:00:00,3
95,155,282,2,Bank Transfer,FRNT-APR2022-155,8434.52,payment_proofs/sample_proof_3.svg,Confirmed,,4,2022-04-01 00:00:00,2022-04-01 00:00:00,2022-04-01 00:00:00,2
96,156,282,2,Bank Transfer,FRNT-MAY2022-156,8313.41,payment_proofs/sample_proof_5.svg,Confirmed,,4,2022-05-01 00:00:00,2022-05-01 00:00:00,2022-05-01 00:00:00,4
97,157,282,2,GCash,FRNT-JUN2022-157,8108.99,payment_proofs/sample_proof_1.svg,Confirmed,,4,2022-06-01 00:00:00,2022-06-01 00:00:00,2022-06-01 00:00:00,3
98,159,129,19,GCash,FRNT-MAY2022-159,8051.37,payment_proofs/sample_proof_1.svg,Confirmed,,43,2022-05-01 00:00:00,2022-05-01 00:00:00,2022-05-01 00:00:00,1
99,160,129,19,Maya,FRNT-JUN2022-160,7386.48,payment_proofs/sample_proof_5.svg,Confirmed,,43,2022-06-01 00:00:00,2022-06-01 00:00:00,2022-06-01 00:00:00,2
100,163,129,19,Maya,FRNT-SEP2022-163,7665.77,payment_proofs/sample_proof_3.svg,Confirmed,,43,2022-09-01 00:00:00,2022-09-01 00:00:00,2022-09-01 00:00:00,4
101,166,208,40,GCash,FRNT-APR2022-166,18672.00,payment_proofs/sample_proof_3.svg,Confirmed,,3,2022-04-01 00:00:00,2022-04-01 00:00:00,2022-04-01 00:00:00,3
102,167,208,40,Bank Transfer,FRNT-MAY2022-167,11696.53,payment_proofs/sample_proof_1.svg,Confirmed,,3,2022-05-01 00:00:00,2022-05-01 00:00:00,2022-05-01 00:00:00,1
103,168,208,40,Maya,FRNT-JUN2022-168,11209.77,payment_proofs/sample_proof_1.svg,Confirmed,,3,2022-06-01 00:00:00,2022-06-01 00:00:00,2022-06-01 00:00:00,3
104,169,208,40,GCash,FRNT-JUL2022-169,11078.90,payment_proofs/sample_proof_4.svg,Confirmed,,3,2022-07-01 00:00:00,2022-07-01 00:00:00,2022-07-01 00:00:00,4
105,171,293,7,Maya,FRNT-MAY2022-171,14506.36,payment_proofs/sample_proof_3.svg,Confirmed,,4,2022-05-01 00:00:00,2022-05-01 00:00:00,2022-05-01 00:00:00,3
106,173,72,35,Maya,FRNT-MAY2022-173,13594.48,payment_proofs/sample_proof_2.svg,Confirmed,,3,2022-05-01 00:00:00,2022-05-01 00:00:00,2022-05-01 00:00:00,3
107,175,141,20,Maya,FRNT-APR2022-175,14710.00,payment_proofs/sample_proof_2.svg,Confirmed,,43,2022-04-01 00:00:00,2022-04-01 00:00:00,2022-04-01 00:00:00,2
108,176,141,20,Maya,FRNT-MAY2022-176,8902.94,payment_proofs/sample_proof_3.svg,Confirmed,,43,2022-05-01 00:00:00,2022-05-01 00:00:00,2022-05-01 00:00:00,2
109,178,142,20,GCash,FRNT-JUN2022-178,8709.77,payment_proofs/sample_proof_4.svg,Confirmed,,43,2022-06-01 00:00:00,2022-06-01 00:00:00,2022-06-01 00:00:00,4
110,181,142,20,Maya,FRNT-SEP2022-181,9405.08,payment_proofs/sample_proof_1.svg,Confirmed,,43,2022-09-01 00:00:00,2022-09-01 00:00:00,2022-09-01 00:00:00,1
111,182,142,20,Bank Transfer,FRNT-OCT2022-182,9505.04,payment_proofs/sample_proof_2.svg,Confirmed,,43,2022-10-01 00:00:00,2022-10-01 00:00:00,2022-10-01 00:00:00,2
112,183,142,20,Maya,FRNT-NOV2022-183,9460.68,payment_proofs/sample_proof_2.svg,Confirmed,,43,2022-11-01 00:00:00,2022-11-01 00:00:00,2022-11-01 00:00:00,4
113,184,142,20,Maya,FRNT-DEC2022-184,8964.83,payment_proofs/sample_proof_1.svg,Confirmed,,43,2022-12-01 00:00:00,2022-12-01 00:00:00,2022-12-01 00:00:00,3
114,185,142,20,Bank Transfer,FRNT-JAN2023-185,9589.77,payment_proofs/sample_proof_3.svg,Confirmed,,43,2023-01-01 00:00:00,2023-01-01 00:00:00,2023-01-01 00:00:00,3
115,187,142,20,Bank Transfer,FRNT-MAR2023-187,8256.51,payment_proofs/sample_proof_1.svg,Confirmed,,43,2023-03-01 00:00:00,2023-03-01 00:00:00,2023-03-01 00:00:00,3
116,188,142,20,GCash,FRNT-APR2023-188,8751.76,payment_proofs/sample_proof_4.svg,Confirmed,,43,2023-04-01 00:00:00,2023-04-01 00:00:00,2023-04-01 00:00:00,1
117,189,142,20,GCash,FRNT-MAY2023-189,7900.04,payment_proofs/sample_proof_5.svg,Confirmed,,43,2023-05-01 00:00:00,2023-05-01 00:00:00,2023-05-01 00:00:00,2
118,194,247,41,Bank Transfer,FRNT-SEP2022-194,14648.67,payment_proofs/sample_proof_1.svg,Confirmed,,4,2022-09-01 00:00:00,2022-09-01 00:00:00,2022-09-01 00:00:00,4
119,195,247,41,Bank Transfer,FRNT-OCT2022-195,14264.91,payment_proofs/sample_proof_1.svg,Confirmed,,4,2022-10-01 00:00:00,2022-10-01 00:00:00,2022-10-01 00:00:00,3
120,196,247,41,GCash,FRNT-NOV2022-196,14097.69,payment_proofs/sample_proof_5.svg,Confirmed,,4,2022-11-01 00:00:00,2022-11-01 00:00:00,2022-11-01 00:00:00,1
121,197,247,41,GCash,FRNT-DEC2022-197,14808.77,payment_proofs/sample_proof_3.svg,Confirmed,,4,2022-12-01 00:00:00,2022-12-01 00:00:00,2022-12-01 00:00:00,2
122,198,247,41,Bank Transfer,FRNT-JAN2023-198,13964.54,payment_proofs/sample_proof_5.svg,Confirmed,,4,2023-01-01 00:00:00,2023-01-01 00:00:00,2023-01-01 00:00:00,4
123,199,247,41,Maya,FRNT-FEB2023-199,14390.25,payment_proofs/sample_proof_1.svg,Confirmed,,4,2023-02-01 00:00:00,2023-02-01 00:00:00,2023-02-01 00:00:00,1
124,200,247,41,Maya,FRNT-MAR2023-200,13961.70,payment_proofs/sample_proof_1.svg,Confirmed,,4,2023-03-01 00:00:00,2023-03-01 00:00:00,2023-03-01 00:00:00,1
125,202,247,41,Bank Transfer,FRNT-MAY2023-202,13481.46,payment_proofs/sample_proof_1.svg,Confirmed,,4,2023-05-01 00:00:00,2023-05-01 00:00:00,2023-05-01 00:00:00,1
126,204,270,38,GCash,FRNT-JUN2022-204,14714.75,payment_proofs/sample_proof_4.svg,Confirmed,,4,2022-06-01 00:00:00,2022-06-01 00:00:00,2022-06-01 00:00:00,1
127,206,294,7,GCash,FRNT-JUN2022-206,15800.05,payment_proofs/sample_proof_3.svg,Confirmed,,4,2022-06-01 00:00:00,2022-06-01 00:00:00,2022-06-01 00:00:00,3
128,208,294,7,GCash,FRNT-AUG2022-208,14036.54,payment_proofs/sample_proof_2.svg,Confirmed,,4,2022-08-01 00:00:00,2022-08-01 00:00:00,2022-08-01 00:00:00,3
129,210,150,9,Maya,FRNT-MAY2022-210,21296.00,payment_proofs/sample_proof_1.svg,Confirmed,,3,2022-05-01 00:00:00,2022-05-01 00:00:00,2022-05-01 00:00:00,4
130,211,150,9,Bank Transfer,FRNT-JUN2022-211,12704.21,payment_proofs/sample_proof_3.svg,Confirmed,,3,2022-06-01 00:00:00,2022-06-01 00:00:00,2022-06-01 00:00:00,3
131,213,150,9,GCash,FRNT-AUG2022-213,12086.91,payment_proofs/sample_proof_1.svg,Confirmed,,3,2022-08-01 00:00:00,2022-08-01 00:00:00,2022-08-01 00:00:00,3
132,216,73,35,Bank Transfer,FRNT-JUL2022-216,13133.41,payment_proofs/sample_proof_1.svg,Confirmed,,3,2022-07-01 00:00:00,2022-07-01 00:00:00,2022-07-01 00:00:00,4
133,217,73,35,Maya,FRNT-AUG2022-217,13364.41,payment_proofs/sample_proof_4.svg,Confirmed,,3,2022-08-01 00:00:00,2022-08-01 00:00:00,2022-08-01 00:00:00,2
134,218,73,35,Maya,FRNT-SEP2022-218,13514.61,payment_proofs/sample_proof_2.svg,Confirmed,,3,2022-09-01 00:00:00,2022-09-01 00:00:00,2022-09-01 00:00:00,4
135,219,73,35,Bank Transfer,FRNT-OCT2022-219,13146.48,payment_proofs/sample_proof_5.svg,Confirmed,,3,2022-10-01 00:00:00,2022-10-01 00:00:00,2022-10-01 00:00:00,1
136,220,73,35,Maya,FRNT-NOV2022-220,13513.39,payment_proofs/sample_proof_3.svg,Confirmed,,3,2022-11-01 00:00:00,2022-11-01 00:00:00,2022-11-01 00:00:00,1
137,221,73,35,Bank Transfer,FRNT-DEC2022-221,13079.85,payment_proofs/sample_proof_5.svg,Confirmed,,3,2022-12-01 00:00:00,2022-12-01 00:00:00,2022-12-01 00:00:00,2
138,223,73,35,GCash,FRNT-FEB2023-223,13650.78,payment_proofs/sample_proof_2.svg,Confirmed,,3,2023-02-01 00:00:00,2023-02-01 00:00:00,2023-02-01 00:00:00,4
139,224,73,35,Maya,FRNT-MAR2023-224,13310.46,payment_proofs/sample_proof_1.svg,Confirmed,,3,2023-03-01 00:00:00,2023-03-01 00:00:00,2023-03-01 00:00:00,1
140,226,73,35,Maya,FRNT-MAY2023-226,13012.66,payment_proofs/sample_proof_5.svg,Confirmed,,3,2023-05-01 00:00:00,2023-05-01 00:00:00,2023-05-01 00:00:00,1
141,230,117,36,GCash,FRNT-JUL2022-230,9598.39,payment_proofs/sample_proof_4.svg,Confirmed,,4,2022-07-01 00:00:00,2022-07-01 00:00:00,2022-07-01 00:00:00,1
142,232,117,36,Maya,FRNT-SEP2022-232,8937.67,payment_proofs/sample_proof_3.svg,Confirmed,,4,2022-09-01 00:00:00,2022-09-01 00:00:00,2022-09-01 00:00:00,2
143,234,271,38,Bank Transfer,FRNT-JUL2022-234,14718.66,payment_proofs/sample_proof_3.svg,Confirmed,,4,2022-07-01 00:00:00,2022-07-01 00:00:00,2022-07-01 00:00:00,1
144,235,271,38,GCash,FRNT-AUG2022-235,15474.25,payment_proofs/sample_proof_5.svg,Confirmed,,4,2022-08-01 00:00:00,2022-08-01 00:00:00,2022-08-01 00:00:00,3
145,236,271,38,Bank Transfer,FRNT-SEP2022-236,15557.80,payment_proofs/sample_proof_4.svg,Confirmed,,4,2022-09-01 00:00:00,2022-09-01 00:00:00,2022-09-01 00:00:00,4
146,238,271,38,Maya,FRNT-NOV2022-238,15573.25,payment_proofs/sample_proof_1.svg,Confirmed,,4,2022-11-01 00:00:00,2022-11-01 00:00:00,2022-11-01 00:00:00,1
147,239,271,38,Maya,FRNT-DEC2022-239,15544.54,payment_proofs/sample_proof_2.svg,Confirmed,,4,2022-12-01 00:00:00,2022-12-01 00:00:00,2022-12-01 00:00:00,1
148,240,271,38,Maya,FRNT-JAN2023-240,15270.94,payment_proofs/sample_proof_2.svg,Confirmed,,4,2023-01-01 00:00:00,2023-01-01 00:00:00,2023-01-01 00:00:00,1
149,241,271,38,Bank Transfer,FRNT-FEB2023-241,14763.37,payment_proofs/sample_proof_1.svg,Confirmed,,4,2023-02-01 00:00:00,2023-02-01 00:00:00,2023-02-01 00:00:00,1
150,245,271,38,GCash,FRNT-JUN2023-245,13790.38,payment_proofs/sample_proof_1.svg,Confirmed,,4,2023-06-01 00:00:00,2023-06-01 00:00:00,2023-06-01 00:00:00,4
151,249,283,2,GCash,FRNT-SEP2022-249,8277.15,payment_proofs/sample_proof_1.svg,Confirmed,,4,2022-09-01 00:00:00,2022-09-01 00:00:00,2022-09-01 00:00:00,4
152,251,30,12,GCash,FRNT-AUG2022-251,14985.03,payment_proofs/sample_proof_3.svg,Confirmed,,4,2022-08-01 00:00:00,2022-08-01 00:00:00,2022-08-01 00:00:00,4
153,252,30,12,GCash,FRNT-SEP2022-252,14659.70,payment_proofs/sample_proof_5.svg,Confirmed,,4,2022-09-01 00:00:00,2022-09-01 00:00:00,2022-09-01 00:00:00,4
154,257,209,40,Bank Transfer,FRNT-OCT2022-257,11498.21,payment_proofs/sample_proof_3.svg,Confirmed,,3,2022-10-01 00:00:00,2022-10-01 00:00:00,2022-10-01 00:00:00,2
155,258,209,40,GCash,FRNT-NOV2022-258,11837.70,payment_proofs/sample_proof_4.svg,Confirmed,,3,2022-11-01 00:00:00,2022-11-01 00:00:00,2022-11-01 00:00:00,2
156,260,209,40,GCash,FRNT-JAN2023-260,10525.24,payment_proofs/sample_proof_1.svg,Confirmed,,3,2023-01-01 00:00:00,2023-01-01 00:00:00,2023-01-01 00:00:00,1
157,262,151,9,GCash,FRNT-SEP2022-262,13349.87,payment_proofs/sample_proof_1.svg,Confirmed,,3,2022-09-01 00:00:00,2022-09-01 00:00:00,2022-09-01 00:00:00,1
158,263,151,9,Maya,FRNT-OCT2022-263,13254.33,payment_proofs/sample_proof_4.svg,Confirmed,,3,2022-10-01 00:00:00,2022-10-01 00:00:00,2022-10-01 00:00:00,3
159,264,151,9,GCash,FRNT-NOV2022-264,12599.02,payment_proofs/sample_proof_5.svg,Confirmed,,3,2022-11-01 00:00:00,2022-11-01 00:00:00,2022-11-01 00:00:00,4
160,266,295,7,Maya,FRNT-SEP2022-266,15418.83,payment_proofs/sample_proof_3.svg,Confirmed,,4,2022-09-01 00:00:00,2022-09-01 00:00:00,2022-09-01 00:00:00,4
161,268,295,7,Maya,FRNT-NOV2022-268,14233.22,payment_proofs/sample_proof_2.svg,Confirmed,,4,2022-11-01 00:00:00,2022-11-01 00:00:00,2022-11-01 00:00:00,4
162,270,295,7,GCash,FRNT-JAN2023-270,15352.09,payment_proofs/sample_proof_3.svg,Confirmed,,4,2023-01-01 00:00:00,2023-01-01 00:00:00,2023-01-01 00:00:00,4
163,271,295,7,GCash,FRNT-FEB2023-271,14749.23,payment_proofs/sample_proof_5.svg,Confirmed,,4,2023-02-01 00:00:00,2023-02-01 00:00:00,2023-02-01 00:00:00,2
164,273,295,7,Maya,FRNT-APR2023-273,14055.72,payment_proofs/sample_proof_2.svg,Confirmed,,4,2023-04-01 00:00:00,2023-04-01 00:00:00,2023-04-01 00:00:00,2
165,276,295,7,Maya,FRNT-JUL2023-276,15060.44,payment_proofs/sample_proof_2.svg,Confirmed,,4,2023-07-01 00:00:00,2023-07-01 00:00:00,2023-07-01 00:00:00,2
166,279,118,36,Bank Transfer,FRNT-OCT2022-279,9397.00,payment_proofs/sample_proof_4.svg,Confirmed,,4,2022-10-01 00:00:00,2022-10-01 00:00:00,2022-10-01 00:00:00,2
167,281,118,36,GCash,FRNT-DEC2022-281,8522.33,payment_proofs/sample_proof_1.svg,Confirmed,,4,2022-12-01 00:00:00,2022-12-01 00:00:00,2022-12-01 00:00:00,4
168,282,118,36,GCash,FRNT-JAN2023-282,9136.31,payment_proofs/sample_proof_2.svg,Confirmed,,4,2023-01-01 00:00:00,2023-01-01 00:00:00,2023-01-01 00:00:00,4
169,283,118,36,Bank Transfer,FRNT-FEB2023-283,9540.06,payment_proofs/sample_proof_2.svg,Confirmed,,4,2023-02-01 00:00:00,2023-02-01 00:00:00,2023-02-01 00:00:00,1
170,284,118,36,Maya,FRNT-MAR2023-284,8140.68,payment_proofs/sample_proof_5.svg,Confirmed,,4,2023-03-01 00:00:00,2023-03-01 00:00:00,2023-03-01 00:00:00,4
171,286,184,24,Bank Transfer,FRNT-OCT2022-286,9206.92,payment_proofs/sample_proof_1.svg,Confirmed,,42,2022-10-01 00:00:00,2022-10-01 00:00:00,2022-10-01 00:00:00,4
172,288,184,24,Maya,FRNT-DEC2022-288,9458.22,payment_proofs/sample_proof_2.svg,Confirmed,,42,2022-12-01 00:00:00,2022-12-01 00:00:00,2022-12-01 00:00:00,2
173,289,184,24,Bank Transfer,FRNT-JAN2023-289,8848.09,payment_proofs/sample_proof_1.svg,Confirmed,,42,2023-01-01 00:00:00,2023-01-01 00:00:00,2023-01-01 00:00:00,3
174,290,184,24,Maya,FRNT-FEB2023-290,9604.79,payment_proofs/sample_proof_3.svg,Confirmed,,42,2023-02-01 00:00:00,2023-02-01 00:00:00,2023-02-01 00:00:00,4
175,291,184,24,Bank Transfer,FRNT-MAR2023-291,7674.35,payment_proofs/sample_proof_5.svg,Confirmed,,42,2023-03-01 00:00:00,2023-03-01 00:00:00,2023-03-01 00:00:00,3
176,293,284,2,Maya,FRNT-OCT2022-293,7627.36,payment_proofs/sample_proof_1.svg,Confirmed,,4,2022-10-01 00:00:00,2022-10-01 00:00:00,2022-10-01 00:00:00,2
177,294,284,2,GCash,FRNT-NOV2022-294,7691.59,payment_proofs/sample_proof_3.svg,Confirmed,,4,2022-11-01 00:00:00,2022-11-01 00:00:00,2022-11-01 00:00:00,1
178,295,284,2,GCash,FRNT-DEC2022-295,8166.46,payment_proofs/sample_proof_2.svg,Confirmed,,4,2022-12-01 00:00:00,2022-12-01 00:00:00,2022-12-01 00:00:00,3
179,296,284,2,Maya,FRNT-JAN2023-296,8120.51,payment_proofs/sample_proof_1.svg,Confirmed,,4,2023-01-01 00:00:00,2023-01-01 00:00:00,2023-01-01 00:00:00,4
180,297,284,2,Maya,FRNT-FEB2023-297,7855.15,payment_proofs/sample_proof_3.svg,Confirmed,,4,2023-02-01 00:00:00,2023-02-01 00:00:00,2023-02-01 00:00:00,2
181,298,284,2,Bank Transfer,FRNT-MAR2023-298,7462.58,payment_proofs/sample_proof_2.svg,Confirmed,,4,2023-03-01 00:00:00,2023-03-01 00:00:00,2023-03-01 00:00:00,2
182,300,130,19,Bank Transfer,FRNT-NOV2022-300,7965.17,payment_proofs/sample_proof_4.svg,Confirmed,,43,2022-11-01 00:00:00,2022-11-01 00:00:00,2022-11-01 00:00:00,1
183,302,130,19,Bank Transfer,FRNT-JAN2023-302,6877.92,payment_proofs/sample_proof_4.svg,Confirmed,,43,2023-01-01 00:00:00,2023-01-01 00:00:00,2023-01-01 00:00:00,3
184,304,224,22,GCash,FRNT-OCT2022-304,18624.00,payment_proofs/sample_proof_3.svg,Confirmed,,42,2022-10-01 00:00:00,2022-10-01 00:00:00,2022-10-01 00:00:00,3
185,305,224,22,Bank Transfer,FRNT-NOV2022-305,11368.23,payment_proofs/sample_proof_1.svg,Confirmed,,42,2022-11-01 00:00:00,2022-11-01 00:00:00,2022-11-01 00:00:00,4
186,306,224,22,GCash,FRNT-DEC2022-306,11122.71,payment_proofs/sample_proof_1.svg,Confirmed,,42,2022-12-01 00:00:00,2022-12-01 00:00:00,2022-12-01 00:00:00,1
187,307,224,22,Maya,FRNT-JAN2023-307,10612.97,payment_proofs/sample_proof_2.svg,Confirmed,,42,2023-01-01 00:00:00,2023-01-01 00:00:00,2023-01-01 00:00:00,1
188,309,160,17,Bank Transfer,FRNT-NOV2022-309,7691.59,payment_proofs/sample_proof_3.svg,Confirmed,,4,2022-11-01 00:00:00,2022-11-01 00:00:00,2022-11-01 00:00:00,2
189,310,160,17,Bank Transfer,FRNT-DEC2022-310,8166.46,payment_proofs/sample_proof_5.svg,Confirmed,,4,2022-12-01 00:00:00,2022-12-01 00:00:00,2022-12-01 00:00:00,1
190,312,160,17,Maya,FRNT-FEB2023-312,7855.15,payment_proofs/sample_proof_4.svg,Confirmed,,4,2023-02-01 00:00:00,2023-02-01 00:00:00,2023-02-01 00:00:00,4
191,313,160,17,Bank Transfer,FRNT-MAR2023-313,7462.58,payment_proofs/sample_proof_1.svg,Confirmed,,4,2023-03-01 00:00:00,2023-03-01 00:00:00,2023-03-01 00:00:00,2
192,316,160,17,GCash,FRNT-JUN2023-316,7740.77,payment_proofs/sample_proof_1.svg,Confirmed,,4,2023-06-01 00:00:00,2023-06-01 00:00:00,2023-06-01 00:00:00,4
193,317,160,17,Bank Transfer,FRNT-JUL2023-317,8324.98,payment_proofs/sample_proof_5.svg,Confirmed,,4,2023-07-01 00:00:00,2023-07-01 00:00:00,2023-07-01 00:00:00,2
194,318,160,17,Bank Transfer,FRNT-AUG2023-318,7646.59,payment_proofs/sample_proof_5.svg,Confirmed,,4,2023-08-01 00:00:00,2023-08-01 00:00:00,2023-08-01 00:00:00,2
195,320,160,17,GCash,FRNT-OCT2023-320,7406.64,payment_proofs/sample_proof_4.svg,Confirmed,,4,2023-10-01 00:00:00,2023-10-01 00:00:00,2023-10-01 00:00:00,4
196,322,31,12,Bank Transfer,FRNT-NOV2022-322,14364.88,payment_proofs/sample_proof_5.svg,Confirmed,,4,2022-11-01 00:00:00,2022-11-01 00:00:00,2022-11-01 00:00:00,4
197,323,31,12,GCash,FRNT-DEC2022-323,13890.37,payment_proofs/sample_proof_2.svg,Confirmed,,4,2022-12-01 00:00:00,2022-12-01 00:00:00,2022-12-01 00:00:00,1
198,324,31,12,GCash,FRNT-JAN2023-324,14189.09,payment_proofs/sample_proof_1.svg,Confirmed,,4,2023-01-01 00:00:00,2023-01-01 00:00:00,2023-01-01 00:00:00,2
199,326,31,12,Bank Transfer,FRNT-MAR2023-326,14302.74,payment_proofs/sample_proof_1.svg,Confirmed,,4,2023-03-01 00:00:00,2023-03-01 00:00:00,2023-03-01 00:00:00,4
200,329,31,12,GCash,FRNT-JUN2023-329,14264.89,payment_proofs/sample_proof_5.svg,Confirmed,,4,2023-06-01 00:00:00,2023-06-01 00:00:00,2023-06-01 00:00:00,2
201,331,31,12,Maya,FRNT-AUG2023-331,13500.82,payment_proofs/sample_proof_4.svg,Confirmed,,4,2023-08-01 00:00:00,2023-08-01 00:00:00,2023-08-01 00:00:00,4
202,332,31,12,Bank Transfer,FRNT-SEP2023-332,13797.33,payment_proofs/sample_proof_3.svg,Confirmed,,4,2023-09-01 00:00:00,2023-09-01 00:00:00,2023-09-01 00:00:00,4
203,333,31,12,Bank Transfer,FRNT-OCT2023-333,12934.07,payment_proofs/sample_proof_2.svg,Confirmed,,4,2023-10-01 00:00:00,2023-10-01 00:00:00,2023-10-01 00:00:00,1
204,335,152,9,Maya,FRNT-DEC2022-335,13061.14,payment_proofs/sample_proof_2.svg,Confirmed,,3,2022-12-01 00:00:00,2022-12-01 00:00:00,2022-12-01 00:00:00,2
205,340,152,9,GCash,FRNT-MAY2023-340,11988.43,payment_proofs/sample_proof_2.svg,Confirmed,,3,2023-05-01 00:00:00,2023-05-01 00:00:00,2023-05-01 00:00:00,2
206,342,61,33,GCash,FRNT-JAN2023-342,13607.20,payment_proofs/sample_proof_2.svg,Confirmed,,3,2023-01-01 00:00:00,2023-01-01 00:00:00,2023-01-01 00:00:00,4
207,345,62,33,Bank Transfer,FRNT-MAR2023-345,13310.46,payment_proofs/sample_proof_2.svg,Confirmed,,3,2023-03-01 00:00:00,2023-03-01 00:00:00,2023-03-01 00:00:00,4
208,347,62,33,GCash,FRNT-MAY2023-347,13012.66,payment_proofs/sample_proof_1.svg,Confirmed,,3,2023-05-01 00:00:00,2023-05-01 00:00:00,2023-05-01 00:00:00,1
209,349,62,33,GCash,FRNT-JUL2023-349,12788.45,payment_proofs/sample_proof_5.svg,Confirmed,,3,2023-07-01 00:00:00,2023-07-01 00:00:00,2023-07-01 00:00:00,2
210,350,62,33,GCash,FRNT-AUG2023-350,13307.40,payment_proofs/sample_proof_4.svg,Confirmed,,3,2023-08-01 00:00:00,2023-08-01 00:00:00,2023-08-01 00:00:00,1
211,351,62,33,GCash,FRNT-SEP2023-351,13672.94,payment_proofs/sample_proof_2.svg,Confirmed,,3,2023-09-01 00:00:00,2023-09-01 00:00:00,2023-09-01 00:00:00,3
212,352,62,33,Bank Transfer,FRNT-OCT2023-352,13281.67,payment_proofs/sample_proof_1.svg,Confirmed,,3,2023-10-01 00:00:00,2023-10-01 00:00:00,2023-10-01 00:00:00,3
213,353,62,33,GCash,FRNT-NOV2023-353,13302.54,payment_proofs/sample_proof_2.svg,Confirmed,,3,2023-11-01 00:00:00,2023-11-01 00:00:00,2023-11-01 00:00:00,1
214,354,62,33,Maya,FRNT-DEC2023-354,13225.59,payment_proofs/sample_proof_2.svg,Confirmed,,3,2023-12-01 00:00:00,2023-12-01 00:00:00,2023-12-01 00:00:00,1
215,355,62,33,Bank Transfer,FRNT-JAN2024-355,12872.73,payment_proofs/sample_proof_4.svg,Confirmed,,3,2024-01-01 00:00:00,2024-01-01 00:00:00,2024-01-01 00:00:00,4
216,357,131,19,Bank Transfer,FRNT-FEB2023-357,7383.52,payment_proofs/sample_proof_4.svg,Confirmed,,43,2023-02-01 00:00:00,2023-02-01 00:00:00,2023-02-01 00:00:00,2
217,358,131,19,GCash,FRNT-MAR2023-358,7260.45,payment_proofs/sample_proof_1.svg,Confirmed,,43,2023-03-01 00:00:00,2023-03-01 00:00:00,2023-03-01 00:00:00,4
218,359,131,19,Maya,FRNT-APR2023-359,7934.53,payment_proofs/sample_proof_4.svg,Confirmed,,43,2023-04-01 00:00:00,2023-04-01 00:00:00,2023-04-01 00:00:00,1
219,360,131,19,Bank Transfer,FRNT-MAY2023-360,7975.62,payment_proofs/sample_proof_5.svg,Confirmed,,43,2023-05-01 00:00:00,2023-05-01 00:00:00,2023-05-01 00:00:00,1
220,361,131,19,Maya,FRNT-JUN2023-361,7446.11,payment_proofs/sample_proof_4.svg,Confirmed,,43,2023-06-01 00:00:00,2023-06-01 00:00:00,2023-06-01 00:00:00,3
221,362,131,19,GCash,FRNT-JUL2023-362,6557.88,payment_proofs/sample_proof_5.svg,Confirmed,,43,2023-07-01 00:00:00,2023-07-01 00:00:00,2023-07-01 00:00:00,1
222,364,210,40,GCash,FRNT-FEB2023-364,11157.55,payment_proofs/sample_proof_4.svg,Confirmed,,3,2023-02-01 00:00:00,2023-02-01 00:00:00,2023-02-01 00:00:00,3
223,365,210,40,Maya,FRNT-MAR2023-365,10874.44,payment_proofs/sample_proof_1.svg,Confirmed,,3,2023-03-01 00:00:00,2023-03-01 00:00:00,2023-03-01 00:00:00,2
224,367,210,40,Bank Transfer,FRNT-MAY2023-367,11000.80,payment_proofs/sample_proof_4.svg,Confirmed,,3,2023-05-01 00:00:00,2023-05-01 00:00:00,2023-05-01 00:00:00,3
225,368,210,40,GCash,FRNT-JUN2023-368,12169.31,payment_proofs/sample_proof_3.svg,Confirmed,,3,2023-06-01 00:00:00,2023-06-01 00:00:00,2023-06-01 00:00:00,2
226,370,210,40,GCash,FRNT-AUG2023-370,10283.87,payment_proofs/sample_proof_4.svg,Confirmed,,3,2023-08-01 00:00:00,2023-08-01 00:00:00,2023-08-01 00:00:00,4
227,371,210,40,GCash,FRNT-SEP2023-371,10130.70,payment_proofs/sample_proof_1.svg,Confirmed,,3,2023-09-01 00:00:00,2023-09-01 00:00:00,2023-09-01 00:00:00,3
228,372,210,40,Maya,FRNT-OCT2023-372,10149.08,payment_proofs/sample_proof_5.svg,Confirmed,,3,2023-10-01 00:00:00,2023-10-01 00:00:00,2023-10-01 00:00:00,3
229,373,210,40,Bank Transfer,FRNT-NOV2023-373,10634.02,payment_proofs/sample_proof_3.svg,Confirmed,,3,2023-11-01 00:00:00,2023-11-01 00:00:00,2023-11-01 00:00:00,4
230,375,210,40,Maya,FRNT-JAN2024-375,9737.23,payment_proofs/sample_proof_3.svg,Confirmed,,3,2024-01-01 00:00:00,2024-01-01 00:00:00,2024-01-01 00:00:00,1
231,377,225,22,GCash,FRNT-FEB2023-377,11033.77,payment_proofs/sample_proof_1.svg,Confirmed,,42,2023-02-01 00:00:00,2023-02-01 00:00:00,2023-02-01 00:00:00,2
232,379,86,23,Maya,FRNT-JAN2023-379,27486.00,payment_proofs/sample_proof_3.svg,Confirmed,,43,2023-01-01 00:00:00,2023-01-01 00:00:00,2023-01-01 00:00:00,2
233,381,86,23,Maya,FRNT-MAR2023-381,16867.96,payment_proofs/sample_proof_3.svg,Confirmed,,43,2023-03-01 00:00:00,2023-03-01 00:00:00,2023-03-01 00:00:00,2
234,382,86,23,Bank Transfer,FRNT-APR2023-382,15179.85,payment_proofs/sample_proof_2.svg,Confirmed,,43,2023-04-01 00:00:00,2023-04-01 00:00:00,2023-04-01 00:00:00,2
235,384,44,16,Maya,FRNT-MAR2023-384,13916.18,payment_proofs/sample_proof_2.svg,Confirmed,,43,2023-03-01 00:00:00,2023-03-01 00:00:00,2023-03-01 00:00:00,4
236,385,44,16,Maya,FRNT-APR2023-385,13315.70,payment_proofs/sample_proof_3.svg,Confirmed,,43,2023-04-01 00:00:00,2023-04-01 00:00:00,2023-04-01 00:00:00,1
237,388,226,22,GCash,FRNT-MAR2023-388,10766.52,payment_proofs/sample_proof_2.svg,Confirmed,,42,2023-03-01 00:00:00,2023-03-01 00:00:00,2023-03-01 00:00:00,1
238,393,17,10,GCash,FRNT-APR2023-393,13147.97,payment_proofs/sample_proof_5.svg,Confirmed,,44,2023-04-01 00:00:00,2023-04-01 00:00:00,2023-04-01 00:00:00,2
239,394,17,10,GCash,FRNT-MAY2023-394,12846.37,payment_proofs/sample_proof_4.svg,Confirmed,,44,2023-05-01 00:00:00,2023-05-01 00:00:00,2023-05-01 00:00:00,1
240,395,17,10,GCash,FRNT-JUN2023-395,13673.15,payment_proofs/sample_proof_1.svg,Confirmed,,44,2023-06-01 00:00:00,2023-06-01 00:00:00,2023-06-01 00:00:00,1
241,397,17,10,Bank Transfer,FRNT-AUG2023-397,12521.42,payment_proofs/sample_proof_2.svg,Confirmed,,44,2023-08-01 00:00:00,2023-08-01 00:00:00,2023-08-01 00:00:00,2
242,398,17,10,Bank Transfer,FRNT-SEP2023-398,13587.97,payment_proofs/sample_proof_4.svg,Confirmed,,44,2023-09-01 00:00:00,2023-09-01 00:00:00,2023-09-01 00:00:00,1
243,399,17,10,Maya,FRNT-OCT2023-399,13142.92,payment_proofs/sample_proof_5.svg,Confirmed,,44,2023-10-01 00:00:00,2023-10-01 00:00:00,2023-10-01 00:00:00,4
244,400,17,10,GCash,FRNT-NOV2023-400,12690.99,payment_proofs/sample_proof_5.svg,Confirmed,,44,2023-11-01 00:00:00,2023-11-01 00:00:00,2023-11-01 00:00:00,2
245,401,17,10,GCash,FRNT-DEC2023-401,13552.16,payment_proofs/sample_proof_3.svg,Confirmed,,44,2023-12-01 00:00:00,2023-12-01 00:00:00,2023-12-01 00:00:00,4
246,402,17,10,GCash,FRNT-JAN2024-402,13020.67,payment_proofs/sample_proof_1.svg,Confirmed,,44,2024-01-01 00:00:00,2024-01-01 00:00:00,2024-01-01 00:00:00,1
247,404,17,10,Maya,FRNT-MAR2024-404,12332.72,payment_proofs/sample_proof_4.svg,Confirmed,,44,2024-03-01 00:00:00,2024-03-01 00:00:00,2024-03-01 00:00:00,3
248,407,193,11,Bank Transfer,FRNT-APR2023-407,12525.13,payment_proofs/sample_proof_1.svg,Confirmed,,42,2023-04-01 00:00:00,2023-04-01 00:00:00,2023-04-01 00:00:00,1
249,408,193,11,GCash,FRNT-MAY2023-408,12652.62,payment_proofs/sample_proof_1.svg,Confirmed,,42,2023-05-01 00:00:00,2023-05-01 00:00:00,2023-05-01 00:00:00,3
250,409,193,11,GCash,FRNT-JUN2023-409,12916.51,payment_proofs/sample_proof_5.svg,Confirmed,,42,2023-06-01 00:00:00,2023-06-01 00:00:00,2023-06-01 00:00:00,4
251,410,193,11,Maya,FRNT-JUL2023-410,12015.75,payment_proofs/sample_proof_4.svg,Confirmed,,42,2023-07-01 00:00:00,2023-07-01 00:00:00,2023-07-01 00:00:00,1
252,412,193,11,Maya,FRNT-SEP2023-412,11057.45,payment_proofs/sample_proof_4.svg,Confirmed,,42,2023-09-01 00:00:00,2023-09-01 00:00:00,2023-09-01 00:00:00,2
253,414,202,31,GCash,FRNT-MAR2023-414,14710.00,payment_proofs/sample_proof_4.svg,Confirmed,,43,2023-03-01 00:00:00,2023-03-01 00:00:00,2023-03-01 00:00:00,3
254,415,202,31,GCash,FRNT-APR2023-415,8751.76,payment_proofs/sample_proof_3.svg,Confirmed,,43,2023-04-01 00:00:00,2023-04-01 00:00:00,2023-04-01 00:00:00,3
255,416,202,31,GCash,FRNT-MAY2023-416,7900.04,payment_proofs/sample_proof_5.svg,Confirmed,,43,2023-05-01 00:00:00,2023-05-01 00:00:00,2023-05-01 00:00:00,1
256,417,202,31,Bank Transfer,FRNT-JUN2023-417,8104.62,payment_proofs/sample_proof_4.svg,Confirmed,,43,2023-06-01 00:00:00,2023-06-01 00:00:00,2023-06-01 00:00:00,4
257,419,202,31,Bank Transfer,FRNT-AUG2023-419,8058.25,payment_proofs/sample_proof_3.svg,Confirmed,,43,2023-08-01 00:00:00,2023-08-01 00:00:00,2023-08-01 00:00:00,4
258,420,202,31,Maya,FRNT-SEP2023-420,8680.40,payment_proofs/sample_proof_1.svg,Confirmed,,43,2023-09-01 00:00:00,2023-09-01 00:00:00,2023-09-01 00:00:00,4
259,421,202,31,Maya,FRNT-OCT2023-421,8397.09,payment_proofs/sample_proof_2.svg,Confirmed,,43,2023-10-01 00:00:00,2023-10-01 00:00:00,2023-10-01 00:00:00,2
260,422,202,31,Maya,FRNT-NOV2023-422,8571.63,payment_proofs/sample_proof_5.svg,Confirmed,,43,2023-11-01 00:00:00,2023-11-01 00:00:00,2023-11-01 00:00:00,3
261,425,202,31,GCash,FRNT-FEB2024-425,8248.77,payment_proofs/sample_proof_5.svg,Confirmed,,43,2024-02-01 00:00:00,2024-02-01 00:00:00,2024-02-01 00:00:00,2
262,428,119,36,GCash,FRNT-APR2023-428,10414.12,payment_proofs/sample_proof_4.svg,Confirmed,,4,2023-04-01 00:00:00,2023-04-01 00:00:00,2023-04-01 00:00:00,3
263,429,119,36,GCash,FRNT-MAY2023-429,10150.19,payment_proofs/sample_proof_1.svg,Confirmed,,4,2023-05-01 00:00:00,2023-05-01 00:00:00,2023-05-01 00:00:00,3
264,430,119,36,GCash,FRNT-JUN2023-430,8792.91,payment_proofs/sample_proof_2.svg,Confirmed,,4,2023-06-01 00:00:00,2023-06-01 00:00:00,2023-06-01 00:00:00,1
265,434,227,22,Maya,FRNT-APR2023-434,11138.69,payment_proofs/sample_proof_2.svg,Confirmed,,42,2023-04-01 00:00:00,2023-04-01 00:00:00,2023-04-01 00:00:00,1
266,435,227,22,Maya,FRNT-MAY2023-435,11300.50,payment_proofs/sample_proof_1.svg,Confirmed,,42,2023-05-01 00:00:00,2023-05-01 00:00:00,2023-05-01 00:00:00,4
267,436,227,22,Bank Transfer,FRNT-JUN2023-436,11137.83,payment_proofs/sample_proof_2.svg,Confirmed,,42,2023-06-01 00:00:00,2023-06-01 00:00:00,2023-06-01 00:00:00,3
268,440,87,23,GCash,FRNT-JUL2023-440,14667.65,payment_proofs/sample_proof_5.svg,Confirmed,,43,2023-07-01 00:00:00,2023-07-01 00:00:00,2023-07-01 00:00:00,1
269,441,87,23,GCash,FRNT-AUG2023-441,14877.00,payment_proofs/sample_proof_5.svg,Confirmed,,43,2023-08-01 00:00:00,2023-08-01 00:00:00,2023-08-01 00:00:00,4
270,442,87,23,Maya,FRNT-SEP2023-442,14592.32,payment_proofs/sample_proof_2.svg,Confirmed,,43,2023-09-01 00:00:00,2023-09-01 00:00:00,2023-09-01 00:00:00,4
271,443,87,23,Bank Transfer,FRNT-OCT2023-443,14816.91,payment_proofs/sample_proof_4.svg,Confirmed,,43,2023-10-01 00:00:00,2023-10-01 00:00:00,2023-10-01 00:00:00,1
272,444,87,23,Maya,FRNT-NOV2023-444,14905.43,payment_proofs/sample_proof_4.svg,Confirmed,,43,2023-11-01 00:00:00,2023-11-01 00:00:00,2023-11-01 00:00:00,2
273,445,87,23,GCash,FRNT-DEC2023-445,14919.06,payment_proofs/sample_proof_1.svg,Confirmed,,43,2023-12-01 00:00:00,2023-12-01 00:00:00,2023-12-01 00:00:00,4
274,446,87,23,GCash,FRNT-JAN2024-446,14570.46,payment_proofs/sample_proof_2.svg,Confirmed,,43,2024-01-01 00:00:00,2024-01-01 00:00:00,2024-01-01 00:00:00,4
275,447,87,23,Bank Transfer,FRNT-FEB2024-447,14483.36,payment_proofs/sample_proof_2.svg,Confirmed,,43,2024-02-01 00:00:00,2024-02-01 00:00:00,2024-02-01 00:00:00,2
276,448,87,23,Bank Transfer,FRNT-MAR2024-448,14633.47,payment_proofs/sample_proof_1.svg,Confirmed,,43,2024-03-01 00:00:00,2024-03-01 00:00:00,2024-03-01 00:00:00,1
277,449,87,23,GCash,FRNT-APR2024-449,14377.05,payment_proofs/sample_proof_2.svg,Confirmed,,43,2024-04-01 00:00:00,2024-04-01 00:00:00,2024-04-01 00:00:00,4
278,451,286,2,GCash,FRNT-MAY2023-451,7947.80,payment_proofs/sample_proof_4.svg,Confirmed,,4,2023-05-01 00:00:00,2023-05-01 00:00:00,2023-05-01 00:00:00,3
279,452,286,2,Maya,FRNT-JUN2023-452,7740.77,payment_proofs/sample_proof_5.svg,Confirmed,,4,2023-06-01 00:00:00,2023-06-01 00:00:00,2023-06-01 00:00:00,1
280,453,286,2,Bank Transfer,FRNT-JUL2023-453,8324.98,payment_proofs/sample_proof_3.svg,Confirmed,,4,2023-07-01 00:00:00,2023-07-01 00:00:00,2023-07-01 00:00:00,4
281,455,286,2,Maya,FRNT-SEP2023-455,7705.47,payment_proofs/sample_proof_2.svg,Confirmed,,4,2023-09-01 00:00:00,2023-09-01 00:00:00,2023-09-01 00:00:00,4
282,456,286,2,Bank Transfer,FRNT-OCT2023-456,7406.64,payment_proofs/sample_proof_3.svg,Confirmed,,4,2023-10-01 00:00:00,2023-10-01 00:00:00,2023-10-01 00:00:00,3
283,458,186,24,Maya,FRNT-MAY2023-458,8400.83,payment_proofs/sample_proof_2.svg,Confirmed,,42,2023-05-01 00:00:00,2023-05-01 00:00:00,2023-05-01 00:00:00,3
284,459,186,24,Bank Transfer,FRNT-JUN2023-459,8800.39,payment_proofs/sample_proof_3.svg,Confirmed,,42,2023-06-01 00:00:00,2023-06-01 00:00:00,2023-06-01 00:00:00,4
285,460,186,24,Bank Transfer,FRNT-JUL2023-460,9066.34,payment_proofs/sample_proof_1.svg,Confirmed,,42,2023-07-01 00:00:00,2023-07-01 00:00:00,2023-07-01 00:00:00,4
286,461,186,24,Bank Transfer,FRNT-AUG2023-461,9297.40,payment_proofs/sample_proof_5.svg,Confirmed,,42,2023-08-01 00:00:00,2023-08-01 00:00:00,2023-08-01 00:00:00,1
287,462,186,24,GCash,FRNT-SEP2023-462,8933.02,payment_proofs/sample_proof_2.svg,Confirmed,,42,2023-09-01 00:00:00,2023-09-01 00:00:00,2023-09-01 00:00:00,4
288,463,186,24,GCash,FRNT-OCT2023-463,9474.96,payment_proofs/sample_proof_3.svg,Confirmed,,42,2023-10-01 00:00:00,2023-10-01 00:00:00,2023-10-01 00:00:00,4
289,464,186,24,Bank Transfer,FRNT-NOV2023-464,8905.84,payment_proofs/sample_proof_5.svg,Confirmed,,42,2023-11-01 00:00:00,2023-11-01 00:00:00,2023-11-01 00:00:00,2
290,465,186,24,Maya,FRNT-DEC2023-465,8503.58,payment_proofs/sample_proof_4.svg,Confirmed,,42,2023-12-01 00:00:00,2023-12-01 00:00:00,2023-12-01 00:00:00,1
291,466,186,24,Maya,FRNT-JAN2024-466,8445.81,payment_proofs/sample_proof_4.svg,Confirmed,,42,2024-01-01 00:00:00,2024-01-01 00:00:00,2024-01-01 00:00:00,3
292,467,186,24,Maya,FRNT-FEB2024-467,8420.82,payment_proofs/sample_proof_3.svg,Confirmed,,42,2024-02-01 00:00:00,2024-02-01 00:00:00,2024-02-01 00:00:00,1
293,468,186,24,Bank Transfer,FRNT-MAR2024-468,8395.58,payment_proofs/sample_proof_3.svg,Confirmed,,42,2024-03-01 00:00:00,2024-03-01 00:00:00,2024-03-01 00:00:00,1
294,473,45,16,Bank Transfer,FRNT-JUN2023-473,12183.04,payment_proofs/sample_proof_1.svg,Confirmed,,43,2023-06-01 00:00:00,2023-06-01 00:00:00,2023-06-01 00:00:00,3
295,475,74,35,Maya,FRNT-JUN2023-475,13716.57,payment_proofs/sample_proof_2.svg,Confirmed,,3,2023-06-01 00:00:00,2023-06-01 00:00:00,2023-06-01 00:00:00,3
296,477,97,15,Bank Transfer,FRNT-MAY2023-477,12656.00,payment_proofs/sample_proof_2.svg,Confirmed,,3,2023-05-01 00:00:00,2023-05-01 00:00:00,2023-05-01 00:00:00,3
297,478,97,15,Bank Transfer,FRNT-JUN2023-478,8047.50,payment_proofs/sample_proof_2.svg,Confirmed,,3,2023-06-01 00:00:00,2023-06-01 00:00:00,2023-06-01 00:00:00,3
298,479,97,15,Bank Transfer,FRNT-JUL2023-479,8820.87,payment_proofs/sample_proof_5.svg,Confirmed,,3,2023-07-01 00:00:00,2023-07-01 00:00:00,2023-07-01 00:00:00,1
299,481,97,15,Bank Transfer,FRNT-SEP2023-481,7801.74,payment_proofs/sample_proof_5.svg,Confirmed,,3,2023-09-01 00:00:00,2023-09-01 00:00:00,2023-09-01 00:00:00,1
300,482,97,15,GCash,FRNT-OCT2023-482,8393.52,payment_proofs/sample_proof_3.svg,Confirmed,,3,2023-10-01 00:00:00,2023-10-01 00:00:00,2023-10-01 00:00:00,1
301,483,97,15,GCash,FRNT-NOV2023-483,6944.97,payment_proofs/sample_proof_3.svg,Confirmed,,3,2023-11-01 00:00:00,2023-11-01 00:00:00,2023-11-01 00:00:00,1
302,485,143,20,Maya,FRNT-JUN2023-485,8604.62,payment_proofs/sample_proof_3.svg,Confirmed,,43,2023-06-01 00:00:00,2023-06-01 00:00:00,2023-06-01 00:00:00,1
303,487,153,9,Bank Transfer,FRNT-JUN2023-487,12864.93,payment_proofs/sample_proof_1.svg,Confirmed,,3,2023-06-01 00:00:00,2023-06-01 00:00:00,2023-06-01 00:00:00,1
304,488,153,9,Bank Transfer,FRNT-JUL2023-488,12541.11,payment_proofs/sample_proof_1.svg,Confirmed,,3,2023-07-01 00:00:00,2023-07-01 00:00:00,2023-07-01 00:00:00,2
305,490,153,9,GCash,FRNT-SEP2023-490,13471.59,payment_proofs/sample_proof_4.svg,Confirmed,,3,2023-09-01 00:00:00,2023-09-01 00:00:00,2023-09-01 00:00:00,1
306,491,153,9,Maya,FRNT-OCT2023-491,12700.27,payment_proofs/sample_proof_3.svg,Confirmed,,3,2023-10-01 00:00:00,2023-10-01 00:00:00,2023-10-01 00:00:00,2
307,494,120,36,Bank Transfer,FRNT-JUL2023-494,9745.78,payment_proofs/sample_proof_3.svg,Confirmed,,4,2023-07-01 00:00:00,2023-07-01 00:00:00,2023-07-01 00:00:00,1
308,495,120,36,Maya,FRNT-AUG2023-495,9389.36,payment_proofs/sample_proof_2.svg,Confirmed,,4,2023-08-01 00:00:00,2023-08-01 00:00:00,2023-08-01 00:00:00,2
309,496,120,36,Bank Transfer,FRNT-SEP2023-496,9742.73,payment_proofs/sample_proof_5.svg,Confirmed,,4,2023-09-01 00:00:00,2023-09-01 00:00:00,2023-09-01 00:00:00,4
310,498,120,36,GCash,FRNT-NOV2023-498,8911.23,payment_proofs/sample_proof_2.svg,Confirmed,,4,2023-11-01 00:00:00,2023-11-01 00:00:00,2023-11-01 00:00:00,3
311,499,120,36,GCash,FRNT-DEC2023-499,8136.45,payment_proofs/sample_proof_2.svg,Confirmed,,4,2023-12-01 00:00:00,2023-12-01 00:00:00,2023-12-01 00:00:00,4
312,501,272,38,Maya,FRNT-JUL2023-501,15475.69,payment_proofs/sample_proof_2.svg,Confirmed,,4,2023-07-01 00:00:00,2023-07-01 00:00:00,2023-07-01 00:00:00,2
313,502,272,38,Bank Transfer,FRNT-AUG2023-502,15407.22,payment_proofs/sample_proof_5.svg,Confirmed,,4,2023-08-01 00:00:00,2023-08-01 00:00:00,2023-08-01 00:00:00,1
314,503,272,38,GCash,FRNT-SEP2023-503,14501.66,payment_proofs/sample_proof_4.svg,Confirmed,,4,2023-09-01 00:00:00,2023-09-01 00:00:00,2023-09-01 00:00:00,2
315,505,46,16,GCash,FRNT-JUL2023-505,13812.48,payment_proofs/sample_proof_2.svg,Confirmed,,43,2023-07-01 00:00:00,2023-07-01 00:00:00,2023-07-01 00:00:00,1
316,506,46,16,Bank Transfer,FRNT-AUG2023-506,13875.22,payment_proofs/sample_proof_1.svg,Confirmed,,43,2023-08-01 00:00:00,2023-08-01 00:00:00,2023-08-01 00:00:00,4
317,507,46,16,GCash,FRNT-SEP2023-507,12769.46,payment_proofs/sample_proof_3.svg,Confirmed,,43,2023-09-01 00:00:00,2023-09-01 00:00:00,2023-09-01 00:00:00,1
318,509,75,35,Bank Transfer,FRNT-JUL2023-509,13288.45,payment_proofs/sample_proof_1.svg,Confirmed,,3,2023-07-01 00:00:00,2023-07-01 00:00:00,2023-07-01 00:00:00,3
319,511,228,22,Bank Transfer,FRNT-JUL2023-511,11138.33,payment_proofs/sample_proof_4.svg,Confirmed,,42,2023-07-01 00:00:00,2023-07-01 00:00:00,2023-07-01 00:00:00,4
320,512,228,22,GCash,FRNT-AUG2023-512,11582.31,payment_proofs/sample_proof_5.svg,Confirmed,,42,2023-08-01 00:00:00,2023-08-01 00:00:00,2023-08-01 00:00:00,1
321,513,228,22,GCash,FRNT-SEP2023-513,10671.96,payment_proofs/sample_proof_3.svg,Confirmed,,42,2023-09-01 00:00:00,2023-09-01 00:00:00,2023-09-01 00:00:00,4
322,515,228,22,Bank Transfer,FRNT-NOV2023-515,10613.70,payment_proofs/sample_proof_5.svg,Confirmed,,42,2023-11-01 00:00:00,2023-11-01 00:00:00,2023-11-01 00:00:00,4
323,516,228,22,Bank Transfer,FRNT-DEC2023-516,11578.24,payment_proofs/sample_proof_3.svg,Confirmed,,42,2023-12-01 00:00:00,2023-12-01 00:00:00,2023-12-01 00:00:00,1
324,517,228,22,Bank Transfer,FRNT-JAN2024-517,11191.30,payment_proofs/sample_proof_3.svg,Confirmed,,42,2024-01-01 00:00:00,2024-01-01 00:00:00,2024-01-01 00:00:00,3
325,520,228,22,Maya,FRNT-APR2024-520,11314.66,payment_proofs/sample_proof_1.svg,Confirmed,,42,2024-04-01 00:00:00,2024-04-01 00:00:00,2024-04-01 00:00:00,4
326,521,228,22,Maya,FRNT-MAY2024-521,11775.91,payment_proofs/sample_proof_5.svg,Confirmed,,42,2024-05-01 00:00:00,2024-05-01 00:00:00,2024-05-01 00:00:00,1
327,524,249,41,Bank Transfer,FRNT-JUL2023-524,14856.61,payment_proofs/sample_proof_2.svg,Confirmed,,4,2023-07-01 00:00:00,2023-07-01 00:00:00,2023-07-01 00:00:00,3
328,525,249,41,GCash,FRNT-AUG2023-525,14478.48,payment_proofs/sample_proof_5.svg,Confirmed,,4,2023-08-01 00:00:00,2023-08-01 00:00:00,2023-08-01 00:00:00,2
329,528,249,41,GCash,FRNT-NOV2023-528,14283.84,payment_proofs/sample_proof_1.svg,Confirmed,,4,2023-11-01 00:00:00,2023-11-01 00:00:00,2023-11-01 00:00:00,4
330,531,144,20,GCash,FRNT-JUL2023-531,8151.09,payment_proofs/sample_proof_4.svg,Confirmed,,43,2023-07-01 00:00:00,2023-07-01 00:00:00,2023-07-01 00:00:00,4
331,533,144,20,Maya,FRNT-SEP2023-533,8680.40,payment_proofs/sample_proof_1.svg,Confirmed,,43,2023-09-01 00:00:00,2023-09-01 00:00:00,2023-09-01 00:00:00,2
332,534,144,20,Maya,FRNT-OCT2023-534,8397.09,payment_proofs/sample_proof_4.svg,Confirmed,,43,2023-10-01 00:00:00,2023-10-01 00:00:00,2023-10-01 00:00:00,2
333,535,144,20,Maya,FRNT-NOV2023-535,8571.63,payment_proofs/sample_proof_2.svg,Confirmed,,43,2023-11-01 00:00:00,2023-11-01 00:00:00,2023-11-01 00:00:00,2
334,538,132,19,Bank Transfer,FRNT-AUG2023-538,7899.21,payment_proofs/sample_proof_1.svg,Confirmed,,43,2023-08-01 00:00:00,2023-08-01 00:00:00,2023-08-01 00:00:00,2
335,539,132,19,Bank Transfer,FRNT-SEP2023-539,8275.41,payment_proofs/sample_proof_1.svg,Confirmed,,43,2023-09-01 00:00:00,2023-09-01 00:00:00,2023-09-01 00:00:00,2
336,541,132,19,Bank Transfer,FRNT-NOV2023-541,7248.56,payment_proofs/sample_proof_2.svg,Confirmed,,43,2023-11-01 00:00:00,2023-11-01 00:00:00,2023-11-01 00:00:00,4
337,542,132,19,Maya,FRNT-DEC2023-542,8186.04,payment_proofs/sample_proof_1.svg,Confirmed,,43,2023-12-01 00:00:00,2023-12-01 00:00:00,2023-12-01 00:00:00,3
338,544,132,19,Bank Transfer,FRNT-FEB2024-544,7820.33,payment_proofs/sample_proof_3.svg,Confirmed,,43,2024-02-01 00:00:00,2024-02-01 00:00:00,2024-02-01 00:00:00,3
339,545,132,19,Maya,FRNT-MAR2024-545,7284.81,payment_proofs/sample_proof_3.svg,Confirmed,,43,2024-03-01 00:00:00,2024-03-01 00:00:00,2024-03-01 00:00:00,2
340,546,132,19,Bank Transfer,FRNT-APR2024-546,7304.78,payment_proofs/sample_proof_4.svg,Confirmed,,43,2024-04-01 00:00:00,2024-04-01 00:00:00,2024-04-01 00:00:00,4
341,547,132,19,GCash,FRNT-MAY2024-547,7976.08,payment_proofs/sample_proof_4.svg,Confirmed,,43,2024-05-01 00:00:00,2024-05-01 00:00:00,2024-05-01 00:00:00,2
342,551,53,18,GCash,FRNT-JUL2023-551,18672.00,payment_proofs/sample_proof_1.svg,Confirmed,,3,2023-07-01 00:00:00,2023-07-01 00:00:00,2023-07-01 00:00:00,2
343,552,53,18,GCash,FRNT-AUG2023-552,10783.87,payment_proofs/sample_proof_3.svg,Confirmed,,3,2023-08-01 00:00:00,2023-08-01 00:00:00,2023-08-01 00:00:00,1
344,553,53,18,Maya,FRNT-SEP2023-553,10630.70,payment_proofs/sample_proof_1.svg,Confirmed,,3,2023-09-01 00:00:00,2023-09-01 00:00:00,2023-09-01 00:00:00,3
345,554,53,18,Maya,FRNT-OCT2023-554,10649.08,payment_proofs/sample_proof_2.svg,Confirmed,,3,2023-10-01 00:00:00,2023-10-01 00:00:00,2023-10-01 00:00:00,1
346,557,76,35,GCash,FRNT-SEP2023-557,13672.94,payment_proofs/sample_proof_2.svg,Confirmed,,3,2023-09-01 00:00:00,2023-09-01 00:00:00,2023-09-01 00:00:00,1
347,558,76,35,GCash,FRNT-OCT2023-558,13281.67,payment_proofs/sample_proof_5.svg,Confirmed,,3,2023-10-01 00:00:00,2023-10-01 00:00:00,2023-10-01 00:00:00,4
348,561,76,35,GCash,FRNT-JAN2024-561,12872.73,payment_proofs/sample_proof_3.svg,Confirmed,,3,2024-01-01 00:00:00,2024-01-01 00:00:00,2024-01-01 00:00:00,3
349,565,180,37,Maya,FRNT-SEP2023-565,14592.32,payment_proofs/sample_proof_4.svg,Confirmed,,43,2023-09-01 00:00:00,2023-09-01 00:00:00,2023-09-01 00:00:00,1
350,566,180,37,Maya,FRNT-OCT2023-566,14816.91,payment_proofs/sample_proof_1.svg,Confirmed,,43,2023-10-01 00:00:00,2023-10-01 00:00:00,2023-10-01 00:00:00,1
351,567,180,37,Maya,FRNT-NOV2023-567,14905.43,payment_proofs/sample_proof_3.svg,Confirmed,,43,2023-11-01 00:00:00,2023-11-01 00:00:00,2023-11-01 00:00:00,4
352,568,180,37,Maya,FRNT-DEC2023-568,14919.06,payment_proofs/sample_proof_2.svg,Confirmed,,43,2023-12-01 00:00:00,2023-12-01 00:00:00,2023-12-01 00:00:00,1
353,569,180,37,Maya,FRNT-JAN2024-569,14570.46,payment_proofs/sample_proof_3.svg,Confirmed,,43,2024-01-01 00:00:00,2024-01-01 00:00:00,2024-01-01 00:00:00,1
354,570,180,37,Maya,FRNT-FEB2024-570,14483.36,payment_proofs/sample_proof_1.svg,Confirmed,,43,2024-02-01 00:00:00,2024-02-01 00:00:00,2024-02-01 00:00:00,4
355,571,180,37,Bank Transfer,FRNT-MAR2024-571,14633.47,payment_proofs/sample_proof_5.svg,Confirmed,,43,2024-03-01 00:00:00,2024-03-01 00:00:00,2024-03-01 00:00:00,1
356,573,180,37,Maya,FRNT-MAY2024-573,14558.02,payment_proofs/sample_proof_5.svg,Confirmed,,43,2024-05-01 00:00:00,2024-05-01 00:00:00,2024-05-01 00:00:00,1
357,574,180,37,Bank Transfer,FRNT-JUN2024-574,14658.06,payment_proofs/sample_proof_3.svg,Confirmed,,43,2024-06-01 00:00:00,2024-06-01 00:00:00,2024-06-01 00:00:00,4
358,575,180,37,GCash,FRNT-JUL2024-575,14295.78,payment_proofs/sample_proof_2.svg,Confirmed,,43,2024-07-01 00:00:00,2024-07-01 00:00:00,2024-07-01 00:00:00,1
359,577,296,7,GCash,FRNT-SEP2023-577,14164.06,payment_proofs/sample_proof_5.svg,Confirmed,,4,2023-09-01 00:00:00,2023-09-01 00:00:00,2023-09-01 00:00:00,3
360,579,297,7,GCash,FRNT-OCT2023-579,14597.28,payment_proofs/sample_proof_5.svg,Confirmed,,4,2023-10-01 00:00:00,2023-10-01 00:00:00,2023-10-01 00:00:00,1
361,580,297,7,Maya,FRNT-NOV2023-580,15844.08,payment_proofs/sample_proof_3.svg,Confirmed,,4,2023-11-01 00:00:00,2023-11-01 00:00:00,2023-11-01 00:00:00,4
362,581,297,7,Bank Transfer,FRNT-DEC2023-581,14289.95,payment_proofs/sample_proof_1.svg,Confirmed,,4,2023-12-01 00:00:00,2023-12-01 00:00:00,2023-12-01 00:00:00,2
363,585,92,25,Maya,FRNT-SEP2023-585,24302.00,payment_proofs/sample_proof_2.svg,Confirmed,,44,2023-09-01 00:00:00,2023-09-01 00:00:00,2023-09-01 00:00:00,4
364,590,47,16,GCash,FRNT-DEC2023-590,12168.62,payment_proofs/sample_proof_4.svg,Confirmed,,43,2023-12-01 00:00:00,2023-12-01 00:00:00,2023-12-01 00:00:00,3
365,592,273,38,GCash,FRNT-OCT2023-592,15331.39,payment_proofs/sample_proof_3.svg,Confirmed,,4,2023-10-01 00:00:00,2023-10-01 00:00:00,2023-10-01 00:00:00,3
366,593,273,38,Maya,FRNT-NOV2023-593,14143.72,payment_proofs/sample_proof_2.svg,Confirmed,,4,2023-11-01 00:00:00,2023-11-01 00:00:00,2023-11-01 00:00:00,1
367,594,273,38,Maya,FRNT-DEC2023-594,14450.57,payment_proofs/sample_proof_3.svg,Confirmed,,4,2023-12-01 00:00:00,2023-12-01 00:00:00,2023-12-01 00:00:00,3
368,595,273,38,Bank Transfer,FRNT-JAN2024-595,14517.90,payment_proofs/sample_proof_3.svg,Confirmed,,4,2024-01-01 00:00:00,2024-01-01 00:00:00,2024-01-01 00:00:00,4
369,597,273,38,Bank Transfer,FRNT-MAR2024-597,14488.17,payment_proofs/sample_proof_4.svg,Confirmed,,4,2024-03-01 00:00:00,2024-03-01 00:00:00,2024-03-01 00:00:00,4
370,598,273,38,Bank Transfer,FRNT-APR2024-598,14920.03,payment_proofs/sample_proof_1.svg,Confirmed,,4,2024-04-01 00:00:00,2024-04-01 00:00:00,2024-04-01 00:00:00,1
371,599,273,38,GCash,FRNT-MAY2024-599,13872.90,payment_proofs/sample_proof_3.svg,Confirmed,,4,2024-05-01 00:00:00,2024-05-01 00:00:00,2024-05-01 00:00:00,3
372,600,273,38,Maya,FRNT-JUN2024-600,13345.47,payment_proofs/sample_proof_1.svg,Confirmed,,4,2024-06-01 00:00:00,2024-06-01 00:00:00,2024-06-01 00:00:00,2
373,603,273,38,Bank Transfer,FRNT-SEP2024-603,13262.03,payment_proofs/sample_proof_5.svg,Confirmed,,4,2024-09-01 00:00:00,2024-09-01 00:00:00,2024-09-01 00:00:00,2
374,605,161,17,Maya,FRNT-NOV2023-605,8134.08,payment_proofs/sample_proof_2.svg,Confirmed,,4,2023-11-01 00:00:00,2023-11-01 00:00:00,2023-11-01 00:00:00,3
375,610,287,2,GCash,FRNT-FEB2024-610,7721.88,payment_proofs/sample_proof_5.svg,Confirmed,,4,2024-02-01 00:00:00,2024-02-01 00:00:00,2024-02-01 00:00:00,4
376,611,287,2,Maya,FRNT-MAR2024-611,7900.71,payment_proofs/sample_proof_5.svg,Confirmed,,4,2024-03-01 00:00:00,2024-03-01 00:00:00,2024-03-01 00:00:00,1
377,612,287,2,Bank Transfer,FRNT-APR2024-612,8139.14,payment_proofs/sample_proof_3.svg,Confirmed,,4,2024-04-01 00:00:00,2024-04-01 00:00:00,2024-04-01 00:00:00,4
378,613,287,2,GCash,FRNT-MAY2024-613,8016.01,payment_proofs/sample_proof_3.svg,Confirmed,,4,2024-05-01 00:00:00,2024-05-01 00:00:00,2024-05-01 00:00:00,4
379,614,287,2,Maya,FRNT-JUN2024-614,8067.20,payment_proofs/sample_proof_5.svg,Confirmed,,4,2024-06-01 00:00:00,2024-06-01 00:00:00,2024-06-01 00:00:00,3
380,615,287,2,GCash,FRNT-JUL2024-615,7895.69,payment_proofs/sample_proof_4.svg,Confirmed,,4,2024-07-01 00:00:00,2024-07-01 00:00:00,2024-07-01 00:00:00,2
381,616,287,2,Maya,FRNT-AUG2024-616,7557.43,payment_proofs/sample_proof_2.svg,Confirmed,,4,2024-08-01 00:00:00,2024-08-01 00:00:00,2024-08-01 00:00:00,4
382,617,287,2,Bank Transfer,FRNT-SEP2024-617,7807.59,payment_proofs/sample_proof_3.svg,Confirmed,,4,2024-09-01 00:00:00,2024-09-01 00:00:00,2024-09-01 00:00:00,3
383,622,32,12,Bank Transfer,FRNT-NOV2023-622,14338.39,payment_proofs/sample_proof_1.svg,Confirmed,,4,2023-11-01 00:00:00,2023-11-01 00:00:00,2023-11-01 00:00:00,4
384,623,32,12,GCash,FRNT-DEC2023-623,14190.02,payment_proofs/sample_proof_1.svg,Confirmed,,4,2023-12-01 00:00:00,2023-12-01 00:00:00,2023-12-01 00:00:00,4
385,624,32,12,GCash,FRNT-JAN2024-624,13542.99,payment_proofs/sample_proof_4.svg,Confirmed,,4,2024-01-01 00:00:00,2024-01-01 00:00:00,2024-01-01 00:00:00,4
386,625,32,12,Bank Transfer,FRNT-FEB2024-625,14355.52,payment_proofs/sample_proof_4.svg,Confirmed,,4,2024-02-01 00:00:00,2024-02-01 00:00:00,2024-02-01 00:00:00,2
387,626,32,12,Maya,FRNT-MAR2024-626,13521.17,payment_proofs/sample_proof_2.svg,Confirmed,,4,2024-03-01 00:00:00,2024-03-01 00:00:00,2024-03-01 00:00:00,3
388,627,32,12,Maya,FRNT-APR2024-627,13303.39,payment_proofs/sample_proof_3.svg,Confirmed,,4,2024-04-01 00:00:00,2024-04-01 00:00:00,2024-04-01 00:00:00,2
389,633,54,18,Bank Transfer,FRNT-MAR2024-633,10081.48,payment_proofs/sample_proof_4.svg,Confirmed,,3,2024-03-01 00:00:00,2024-03-01 00:00:00,2024-03-01 00:00:00,2
390,635,54,18,Bank Transfer,FRNT-MAY2024-635,10033.12,payment_proofs/sample_proof_4.svg,Confirmed,,3,2024-05-01 00:00:00,2024-05-01 00:00:00,2024-05-01 00:00:00,3
391,638,54,18,Bank Transfer,FRNT-AUG2024-638,9924.01,payment_proofs/sample_proof_3.svg,Confirmed,,3,2024-08-01 00:00:00,2024-08-01 00:00:00,2024-08-01 00:00:00,1
392,639,54,18,GCash,FRNT-SEP2024-639,10053.93,payment_proofs/sample_proof_3.svg,Confirmed,,3,2024-09-01 00:00:00,2024-09-01 00:00:00,2024-09-01 00:00:00,4
393,642,93,25,Bank Transfer,FRNT-NOV2023-642,14817.80,payment_proofs/sample_proof_4.svg,Confirmed,,44,2023-11-01 00:00:00,2023-11-01 00:00:00,2023-11-01 00:00:00,4
394,643,93,25,Maya,FRNT-DEC2023-643,14542.12,payment_proofs/sample_proof_5.svg,Confirmed,,44,2023-12-01 00:00:00,2023-12-01 00:00:00,2023-12-01 00:00:00,3
395,645,93,25,Bank Transfer,FRNT-FEB2024-645,13701.18,payment_proofs/sample_proof_5.svg,Confirmed,,44,2024-02-01 00:00:00,2024-02-01 00:00:00,2024-02-01 00:00:00,1
396,646,93,25,Maya,FRNT-MAR2024-646,13846.02,payment_proofs/sample_proof_2.svg,Confirmed,,44,2024-03-01 00:00:00,2024-03-01 00:00:00,2024-03-01 00:00:00,2
397,647,93,25,GCash,FRNT-APR2024-647,13513.80,payment_proofs/sample_proof_2.svg,Confirmed,,44,2024-04-01 00:00:00,2024-04-01 00:00:00,2024-04-01 00:00:00,4
398,649,98,15,GCash,FRNT-DEC2023-649,7864.72,payment_proofs/sample_proof_5.svg,Confirmed,,3,2023-12-01 00:00:00,2023-12-01 00:00:00,2023-12-01 00:00:00,3
399,650,98,15,GCash,FRNT-JAN2024-650,8715.86,payment_proofs/sample_proof_4.svg,Confirmed,,3,2024-01-01 00:00:00,2024-01-01 00:00:00,2024-01-01 00:00:00,1
400,651,98,15,Bank Transfer,FRNT-FEB2024-651,8227.98,payment_proofs/sample_proof_3.svg,Confirmed,,3,2024-02-01 00:00:00,2024-02-01 00:00:00,2024-02-01 00:00:00,2
401,653,98,15,Maya,FRNT-APR2024-653,8621.89,payment_proofs/sample_proof_1.svg,Confirmed,,3,2024-04-01 00:00:00,2024-04-01 00:00:00,2024-04-01 00:00:00,2
402,654,98,15,GCash,FRNT-MAY2024-654,7592.88,payment_proofs/sample_proof_3.svg,Confirmed,,3,2024-05-01 00:00:00,2024-05-01 00:00:00,2024-05-01 00:00:00,1
403,657,154,9,Bank Transfer,FRNT-JAN2024-657,12947.24,payment_proofs/sample_proof_1.svg,Confirmed,,3,2024-01-01 00:00:00,2024-01-01 00:00:00,2024-01-01 00:00:00,2
404,658,154,9,Maya,FRNT-FEB2024-658,12190.25,payment_proofs/sample_proof_1.svg,Confirmed,,3,2024-02-01 00:00:00,2024-02-01 00:00:00,2024-02-01 00:00:00,4
405,660,162,17,Bank Transfer,FRNT-DEC2023-660,7677.56,payment_proofs/sample_proof_5.svg,Confirmed,,4,2023-12-01 00:00:00,2023-12-01 00:00:00,2023-12-01 00:00:00,2
406,661,162,17,GCash,FRNT-JAN2024-661,7591.17,payment_proofs/sample_proof_1.svg,Confirmed,,4,2024-01-01 00:00:00,2024-01-01 00:00:00,2024-01-01 00:00:00,2
407,662,162,17,GCash,FRNT-FEB2024-662,7721.88,payment_proofs/sample_proof_5.svg,Confirmed,,4,2024-02-01 00:00:00,2024-02-01 00:00:00,2024-02-01 00:00:00,1
408,663,162,17,GCash,FRNT-MAR2024-663,7900.71,payment_proofs/sample_proof_2.svg,Confirmed,,4,2024-03-01 00:00:00,2024-03-01 00:00:00,2024-03-01 00:00:00,4
409,665,162,17,Bank Transfer,FRNT-MAY2024-665,8016.01,payment_proofs/sample_proof_1.svg,Confirmed,,4,2024-05-01 00:00:00,2024-05-01 00:00:00,2024-05-01 00:00:00,1
410,666,162,17,Maya,FRNT-JUN2024-666,8067.20,payment_proofs/sample_proof_1.svg,Confirmed,,4,2024-06-01 00:00:00,2024-06-01 00:00:00,2024-06-01 00:00:00,3
411,668,162,17,Bank Transfer,FRNT-AUG2024-668,7557.43,payment_proofs/sample_proof_4.svg,Confirmed,,4,2024-08-01 00:00:00,2024-08-01 00:00:00,2024-08-01 00:00:00,4
412,669,162,17,Maya,FRNT-SEP2024-669,7807.59,payment_proofs/sample_proof_4.svg,Confirmed,,4,2024-09-01 00:00:00,2024-09-01 00:00:00,2024-09-01 00:00:00,4
413,670,162,17,Maya,FRNT-OCT2024-670,7631.65,payment_proofs/sample_proof_2.svg,Confirmed,,4,2024-10-01 00:00:00,2024-10-01 00:00:00,2024-10-01 00:00:00,4
414,671,162,17,Maya,FRNT-NOV2024-671,7363.47,payment_proofs/sample_proof_1.svg,Confirmed,,4,2024-11-01 00:00:00,2024-11-01 00:00:00,2024-11-01 00:00:00,2
415,673,196,11,Maya,FRNT-DEC2023-673,12317.98,payment_proofs/sample_proof_3.svg,Confirmed,,42,2023-12-01 00:00:00,2023-12-01 00:00:00,2023-12-01 00:00:00,2
416,674,196,11,GCash,FRNT-JAN2024-674,13655.70,payment_proofs/sample_proof_2.svg,Confirmed,,42,2024-01-01 00:00:00,2024-01-01 00:00:00,2024-01-01 00:00:00,1
417,675,196,11,Maya,FRNT-FEB2024-675,11560.79,payment_proofs/sample_proof_5.svg,Confirmed,,42,2024-02-01 00:00:00,2024-02-01 00:00:00,2024-02-01 00:00:00,1
418,678,298,7,Maya,FRNT-FEB2024-678,15610.31,payment_proofs/sample_proof_1.svg,Confirmed,,4,2024-02-01 00:00:00,2024-02-01 00:00:00,2024-02-01 00:00:00,1
419,679,298,7,GCash,FRNT-MAR2024-679,14694.61,payment_proofs/sample_proof_2.svg,Confirmed,,4,2024-03-01 00:00:00,2024-03-01 00:00:00,2024-03-01 00:00:00,3
420,681,121,36,Maya,FRNT-JAN2024-681,8921.45,payment_proofs/sample_proof_2.svg,Confirmed,,4,2024-01-01 00:00:00,2024-01-01 00:00:00,2024-01-01 00:00:00,2
421,683,121,36,Maya,FRNT-MAR2024-683,9279.85,payment_proofs/sample_proof_5.svg,Confirmed,,4,2024-03-01 00:00:00,2024-03-01 00:00:00,2024-03-01 00:00:00,4
422,685,121,36,GCash,FRNT-MAY2024-685,9353.86,payment_proofs/sample_proof_5.svg,Confirmed,,4,2024-05-01 00:00:00,2024-05-01 00:00:00,2024-05-01 00:00:00,1
423,686,121,36,Maya,FRNT-JUN2024-686,8307.05,payment_proofs/sample_proof_4.svg,Confirmed,,4,2024-06-01 00:00:00,2024-06-01 00:00:00,2024-06-01 00:00:00,1
424,688,48,16,GCash,FRNT-JAN2024-688,12416.58,payment_proofs/sample_proof_2.svg,Confirmed,,43,2024-01-01 00:00:00,2024-01-01 00:00:00,2024-01-01 00:00:00,2
425,689,48,16,Bank Transfer,FRNT-FEB2024-689,12697.71,payment_proofs/sample_proof_5.svg,Confirmed,,43,2024-02-01 00:00:00,2024-02-01 00:00:00,2024-02-01 00:00:00,3
426,691,48,16,GCash,FRNT-APR2024-691,13186.93,payment_proofs/sample_proof_2.svg,Confirmed,,43,2024-04-01 00:00:00,2024-04-01 00:00:00,2024-04-01 00:00:00,3
427,693,48,16,Maya,FRNT-JUN2024-693,12114.01,payment_proofs/sample_proof_3.svg,Confirmed,,43,2024-06-01 00:00:00,2024-06-01 00:00:00,2024-06-01 00:00:00,4
428,695,145,20,Maya,FRNT-JAN2024-695,8505.07,payment_proofs/sample_proof_5.svg,Confirmed,,43,2024-01-01 00:00:00,2024-01-01 00:00:00,2024-01-01 00:00:00,4
429,696,145,20,GCash,FRNT-FEB2024-696,8248.77,payment_proofs/sample_proof_1.svg,Confirmed,,43,2024-02-01 00:00:00,2024-02-01 00:00:00,2024-02-01 00:00:00,1
430,697,145,20,GCash,FRNT-MAR2024-697,7974.42,payment_proofs/sample_proof_4.svg,Confirmed,,43,2024-03-01 00:00:00,2024-03-01 00:00:00,2024-03-01 00:00:00,3
431,699,145,20,GCash,FRNT-MAY2024-699,8599.06,payment_proofs/sample_proof_4.svg,Confirmed,,43,2024-05-01 00:00:00,2024-05-01 00:00:00,2024-05-01 00:00:00,4
432,700,145,20,Maya,FRNT-JUN2024-700,8070.60,payment_proofs/sample_proof_5.svg,Confirmed,,43,2024-06-01 00:00:00,2024-06-01 00:00:00,2024-06-01 00:00:00,2
433,701,145,20,Maya,FRNT-JUL2024-701,7883.36,payment_proofs/sample_proof_4.svg,Confirmed,,43,2024-07-01 00:00:00,2024-07-01 00:00:00,2024-07-01 00:00:00,3
434,702,145,20,Bank Transfer,FRNT-AUG2024-702,8531.18,payment_proofs/sample_proof_5.svg,Confirmed,,43,2024-08-01 00:00:00,2024-08-01 00:00:00,2024-08-01 00:00:00,4
435,703,145,20,GCash,FRNT-SEP2024-703,8307.71,payment_proofs/sample_proof_4.svg,Confirmed,,43,2024-09-01 00:00:00,2024-09-01 00:00:00,2024-09-01 00:00:00,3
436,704,145,20,Bank Transfer,FRNT-OCT2024-704,8273.01,payment_proofs/sample_proof_4.svg,Confirmed,,43,2024-10-01 00:00:00,2024-10-01 00:00:00,2024-10-01 00:00:00,3
437,705,145,20,Bank Transfer,FRNT-NOV2024-705,8407.77,payment_proofs/sample_proof_5.svg,Confirmed,,43,2024-11-01 00:00:00,2024-11-01 00:00:00,2024-11-01 00:00:00,4
438,706,145,20,GCash,FRNT-DEC2024-706,7945.87,payment_proofs/sample_proof_1.svg,Confirmed,,43,2024-12-01 00:00:00,2024-12-01 00:00:00,2024-12-01 00:00:00,1
439,708,250,41,Bank Transfer,FRNT-JAN2024-708,14227.01,payment_proofs/sample_proof_4.svg,Confirmed,,4,2024-01-01 00:00:00,2024-01-01 00:00:00,2024-01-01 00:00:00,2
440,709,250,41,Maya,FRNT-FEB2024-709,14000.23,payment_proofs/sample_proof_3.svg,Confirmed,,4,2024-02-01 00:00:00,2024-02-01 00:00:00,2024-02-01 00:00:00,3
441,710,250,41,GCash,FRNT-MAR2024-710,14787.43,payment_proofs/sample_proof_3.svg,Confirmed,,4,2024-03-01 00:00:00,2024-03-01 00:00:00,2024-03-01 00:00:00,1
442,711,250,41,Maya,FRNT-APR2024-711,14659.21,payment_proofs/sample_proof_2.svg,Confirmed,,4,2024-04-01 00:00:00,2024-04-01 00:00:00,2024-04-01 00:00:00,2
443,712,250,41,GCash,FRNT-MAY2024-712,15019.95,payment_proofs/sample_proof_5.svg,Confirmed,,4,2024-05-01 00:00:00,2024-05-01 00:00:00,2024-05-01 00:00:00,1
444,713,250,41,Maya,FRNT-JUN2024-713,13837.79,payment_proofs/sample_proof_5.svg,Confirmed,,4,2024-06-01 00:00:00,2024-06-01 00:00:00,2024-06-01 00:00:00,4
445,715,211,40,GCash,FRNT-FEB2024-715,10573.99,payment_proofs/sample_proof_1.svg,Confirmed,,3,2024-02-01 00:00:00,2024-02-01 00:00:00,2024-02-01 00:00:00,1
446,717,211,40,GCash,FRNT-APR2024-717,10448.72,payment_proofs/sample_proof_4.svg,Confirmed,,3,2024-04-01 00:00:00,2024-04-01 00:00:00,2024-04-01 00:00:00,3
447,719,103,30,Maya,FRNT-JAN2024-719,18672.00,payment_proofs/sample_proof_2.svg,Confirmed,,3,2024-01-01 00:00:00,2024-01-01 00:00:00,2024-01-01 00:00:00,3
448,720,103,30,GCash,FRNT-FEB2024-720,10073.99,payment_proofs/sample_proof_4.svg,Confirmed,,3,2024-02-01 00:00:00,2024-02-01 00:00:00,2024-02-01 00:00:00,3
449,721,103,30,Bank Transfer,FRNT-MAR2024-721,10081.48,payment_proofs/sample_proof_5.svg,Confirmed,,3,2024-03-01 00:00:00,2024-03-01 00:00:00,2024-03-01 00:00:00,2
450,722,103,30,Bank Transfer,FRNT-APR2024-722,9948.72,payment_proofs/sample_proof_4.svg,Confirmed,,3,2024-04-01 00:00:00,2024-04-01 00:00:00,2024-04-01 00:00:00,1
451,724,103,30,Bank Transfer,FRNT-JUN2024-724,9903.80,payment_proofs/sample_proof_4.svg,Confirmed,,3,2024-06-01 00:00:00,2024-06-01 00:00:00,2024-06-01 00:00:00,2
452,725,103,30,GCash,FRNT-JUL2024-725,9871.60,payment_proofs/sample_proof_1.svg,Confirmed,,3,2024-07-01 00:00:00,2024-07-01 00:00:00,2024-07-01 00:00:00,1
453,727,77,35,GCash,FRNT-FEB2024-727,13387.10,payment_proofs/sample_proof_4.svg,Confirmed,,3,2024-02-01 00:00:00,2024-02-01 00:00:00,2024-02-01 00:00:00,2
454,728,77,35,GCash,FRNT-MAR2024-728,13418.34,payment_proofs/sample_proof_3.svg,Confirmed,,3,2024-03-01 00:00:00,2024-03-01 00:00:00,2024-03-01 00:00:00,4
455,730,77,35,GCash,FRNT-MAY2024-730,13052.66,payment_proofs/sample_proof_5.svg,Confirmed,,3,2024-05-01 00:00:00,2024-05-01 00:00:00,2024-05-01 00:00:00,2
456,731,77,35,Bank Transfer,FRNT-JUN2024-731,13442.81,payment_proofs/sample_proof_2.svg,Confirmed,,3,2024-06-01 00:00:00,2024-06-01 00:00:00,2024-06-01 00:00:00,3
457,732,77,35,Bank Transfer,FRNT-JUL2024-732,13712.86,payment_proofs/sample_proof_1.svg,Confirmed,,3,2024-07-01 00:00:00,2024-07-01 00:00:00,2024-07-01 00:00:00,2
458,733,77,35,GCash,FRNT-AUG2024-733,13375.61,payment_proofs/sample_proof_4.svg,Confirmed,,3,2024-08-01 00:00:00,2024-08-01 00:00:00,2024-08-01 00:00:00,3
459,734,77,35,GCash,FRNT-SEP2024-734,13557.52,payment_proofs/sample_proof_2.svg,Confirmed,,3,2024-09-01 00:00:00,2024-09-01 00:00:00,2024-09-01 00:00:00,2
460,736,77,35,GCash,FRNT-NOV2024-736,12704.57,payment_proofs/sample_proof_3.svg,Confirmed,,3,2024-11-01 00:00:00,2024-11-01 00:00:00,2024-11-01 00:00:00,4
461,738,77,35,GCash,FRNT-JAN2025-738,12858.09,payment_proofs/sample_proof_3.svg,Confirmed,,3,2025-01-01 00:00:00,2025-01-01 00:00:00,2025-01-01 00:00:00,2
462,740,10,8,Maya,FRNT-JAN2024-740,14482.00,payment_proofs/sample_proof_5.svg,Confirmed,,43,2024-01-01 00:00:00,2024-01-01 00:00:00,2024-01-01 00:00:00,1
463,743,63,33,Bank Transfer,FRNT-FEB2024-743,13887.10,payment_proofs/sample_proof_5.svg,Confirmed,,3,2024-02-01 00:00:00,2024-02-01 00:00:00,2024-02-01 00:00:00,4
464,744,63,33,GCash,FRNT-MAR2024-744,13918.34,payment_proofs/sample_proof_3.svg,Confirmed,,3,2024-03-01 00:00:00,2024-03-01 00:00:00,2024-03-01 00:00:00,3
465,747,197,11,Bank Transfer,FRNT-MAR2024-747,11829.93,payment_proofs/sample_proof_1.svg,Confirmed,,42,2024-03-01 00:00:00,2024-03-01 00:00:00,2024-03-01 00:00:00,1
466,749,197,11,Maya,FRNT-MAY2024-749,12028.25,payment_proofs/sample_proof_5.svg,Confirmed,,42,2024-05-01 00:00:00,2024-05-01 00:00:00,2024-05-01 00:00:00,3
467,750,197,11,GCash,FRNT-JUN2024-750,12222.56,payment_proofs/sample_proof_5.svg,Confirmed,,42,2024-06-01 00:00:00,2024-06-01 00:00:00,2024-06-01 00:00:00,3
468,751,197,11,Maya,FRNT-JUL2024-751,11914.65,payment_proofs/sample_proof_5.svg,Confirmed,,42,2024-07-01 00:00:00,2024-07-01 00:00:00,2024-07-01 00:00:00,2
469,752,197,11,Maya,FRNT-AUG2024-752,10919.14,payment_proofs/sample_proof_5.svg,Confirmed,,42,2024-08-01 00:00:00,2024-08-01 00:00:00,2024-08-01 00:00:00,1
470,755,11,8,GCash,FRNT-APR2024-755,9921.49,payment_proofs/sample_proof_2.svg,Confirmed,,43,2024-04-01 00:00:00,2024-04-01 00:00:00,2024-04-01 00:00:00,2
471,756,11,8,GCash,FRNT-MAY2024-756,8734.14,payment_proofs/sample_proof_4.svg,Confirmed,,43,2024-05-01 00:00:00,2024-05-01 00:00:00,2024-05-01 00:00:00,1
472,758,155,9,Maya,FRNT-MAR2024-758,13533.95,payment_proofs/sample_proof_5.svg,Confirmed,,3,2024-03-01 00:00:00,2024-03-01 00:00:00,2024-03-01 00:00:00,2
473,759,155,9,Bank Transfer,FRNT-APR2024-759,13117.71,payment_proofs/sample_proof_3.svg,Confirmed,,3,2024-04-01 00:00:00,2024-04-01 00:00:00,2024-04-01 00:00:00,3
474,760,155,9,Maya,FRNT-MAY2024-760,12373.18,payment_proofs/sample_proof_3.svg,Confirmed,,3,2024-05-01 00:00:00,2024-05-01 00:00:00,2024-05-01 00:00:00,2
475,762,203,31,Bank Transfer,FRNT-APR2024-762,8686.44,payment_proofs/sample_proof_3.svg,Confirmed,,43,2024-04-01 00:00:00,2024-04-01 00:00:00,2024-04-01 00:00:00,2
476,763,203,31,GCash,FRNT-MAY2024-763,9099.06,payment_proofs/sample_proof_4.svg,Confirmed,,43,2024-05-01 00:00:00,2024-05-01 00:00:00,2024-05-01 00:00:00,3
477,766,3,6,Maya,FRNT-MAR2024-766,22130.00,payment_proofs/sample_proof_4.svg,Confirmed,,4,2024-03-01 00:00:00,2024-03-01 00:00:00,2024-03-01 00:00:00,2
478,767,3,6,GCash,FRNT-APR2024-767,12126.55,payment_proofs/sample_proof_4.svg,Confirmed,,4,2024-04-01 00:00:00,2024-04-01 00:00:00,2024-04-01 00:00:00,1
479,769,299,7,Maya,FRNT-APR2024-769,14326.55,payment_proofs/sample_proof_2.svg,Confirmed,,4,2024-04-01 00:00:00,2024-04-01 00:00:00,2024-04-01 00:00:00,2
480,770,299,7,GCash,FRNT-MAY2024-770,14600.09,payment_proofs/sample_proof_2.svg,Confirmed,,4,2024-05-01 00:00:00,2024-05-01 00:00:00,2024-05-01 00:00:00,1
481,774,299,7,GCash,FRNT-SEP2024-774,13739.33,payment_proofs/sample_proof_4.svg,Confirmed,,4,2024-09-01 00:00:00,2024-09-01 00:00:00,2024-09-01 00:00:00,4
482,776,18,10,Maya,FRNT-APR2024-776,13482.75,payment_proofs/sample_proof_4.svg,Confirmed,,44,2024-04-01 00:00:00,2024-04-01 00:00:00,2024-04-01 00:00:00,3
483,777,18,10,Bank Transfer,FRNT-MAY2024-777,12878.18,payment_proofs/sample_proof_2.svg,Confirmed,,44,2024-05-01 00:00:00,2024-05-01 00:00:00,2024-05-01 00:00:00,4
484,778,18,10,Bank Transfer,FRNT-JUN2024-778,12738.38,payment_proofs/sample_proof_5.svg,Confirmed,,44,2024-06-01 00:00:00,2024-06-01 00:00:00,2024-06-01 00:00:00,2
485,779,18,10,Maya,FRNT-JUL2024-779,12775.90,payment_proofs/sample_proof_1.svg,Confirmed,,44,2024-07-01 00:00:00,2024-07-01 00:00:00,2024-07-01 00:00:00,2
486,780,18,10,Maya,FRNT-AUG2024-780,13394.24,payment_proofs/sample_proof_4.svg,Confirmed,,44,2024-08-01 00:00:00,2024-08-01 00:00:00,2024-08-01 00:00:00,2
487,783,172,29,Maya,FRNT-MAR2024-783,22130.00,payment_proofs/sample_proof_3.svg,Confirmed,,4,2024-03-01 00:00:00,2024-03-01 00:00:00,2024-03-01 00:00:00,4
488,784,172,29,Maya,FRNT-APR2024-784,12126.55,payment_proofs/sample_proof_4.svg,Confirmed,,4,2024-04-01 00:00:00,2024-04-01 00:00:00,2024-04-01 00:00:00,2
489,786,64,33,Maya,FRNT-MAY2024-786,13552.66,payment_proofs/sample_proof_2.svg,Confirmed,,3,2024-05-01 00:00:00,2024-05-01 00:00:00,2024-05-01 00:00:00,1
490,789,187,24,Maya,FRNT-JUN2024-789,8582.61,payment_proofs/sample_proof_4.svg,Confirmed,,42,2024-06-01 00:00:00,2024-06-01 00:00:00,2024-06-01 00:00:00,4
491,790,187,24,GCash,FRNT-JUL2024-790,8037.73,payment_proofs/sample_proof_2.svg,Confirmed,,42,2024-07-01 00:00:00,2024-07-01 00:00:00,2024-07-01 00:00:00,4
492,793,94,25,Maya,FRNT-JUN2024-793,14469.31,payment_proofs/sample_proof_3.svg,Confirmed,,44,2024-06-01 00:00:00,2024-06-01 00:00:00,2024-06-01 00:00:00,2
493,794,94,25,Maya,FRNT-JUL2024-794,14399.90,payment_proofs/sample_proof_1.svg,Confirmed,,44,2024-07-01 00:00:00,2024-07-01 00:00:00,2024-07-01 00:00:00,2
494,795,94,25,Maya,FRNT-AUG2024-795,14235.86,payment_proofs/sample_proof_3.svg,Confirmed,,44,2024-08-01 00:00:00,2024-08-01 00:00:00,2024-08-01 00:00:00,2
495,796,94,25,GCash,FRNT-SEP2024-796,14431.51,payment_proofs/sample_proof_3.svg,Confirmed,,44,2024-09-01 00:00:00,2024-09-01 00:00:00,2024-09-01 00:00:00,4
496,797,94,25,Maya,FRNT-OCT2024-797,13267.62,payment_proofs/sample_proof_2.svg,Confirmed,,44,2024-10-01 00:00:00,2024-10-01 00:00:00,2024-10-01 00:00:00,1
497,799,173,29,Maya,FRNT-MAY2024-799,11712.65,payment_proofs/sample_proof_2.svg,Confirmed,,4,2024-05-01 00:00:00,2024-05-01 00:00:00,2024-05-01 00:00:00,2
498,800,173,29,Bank Transfer,FRNT-JUN2024-800,11964.05,payment_proofs/sample_proof_2.svg,Confirmed,,4,2024-06-01 00:00:00,2024-06-01 00:00:00,2024-06-01 00:00:00,3
499,801,173,29,Bank Transfer,FRNT-JUL2024-801,11786.62,payment_proofs/sample_proof_4.svg,Confirmed,,4,2024-07-01 00:00:00,2024-07-01 00:00:00,2024-07-01 00:00:00,4
500,802,173,29,Bank Transfer,FRNT-AUG2024-802,12505.99,payment_proofs/sample_proof_5.svg,Confirmed,,4,2024-08-01 00:00:00,2024-08-01 00:00:00,2024-08-01 00:00:00,2
501,803,173,29,GCash,FRNT-SEP2024-803,12487.36,payment_proofs/sample_proof_3.svg,Confirmed,,4,2024-09-01 00:00:00,2024-09-01 00:00:00,2024-09-01 00:00:00,3
502,806,4,6,Bank Transfer,FRNT-MAY2024-806,12212.65,payment_proofs/sample_proof_3.svg,Confirmed,,4,2024-05-01 00:00:00,2024-05-01 00:00:00,2024-05-01 00:00:00,2
503,809,88,23,GCash,FRNT-JUN2024-809,14658.06,payment_proofs/sample_proof_4.svg,Confirmed,,43,2024-06-01 00:00:00,2024-06-01 00:00:00,2024-06-01 00:00:00,1
504,810,88,23,Bank Transfer,FRNT-JUL2024-810,14295.78,payment_proofs/sample_proof_1.svg,Confirmed,,43,2024-07-01 00:00:00,2024-07-01 00:00:00,2024-07-01 00:00:00,3
505,812,88,23,GCash,FRNT-SEP2024-812,14676.06,payment_proofs/sample_proof_2.svg,Confirmed,,43,2024-09-01 00:00:00,2024-09-01 00:00:00,2024-09-01 00:00:00,1
506,813,88,23,GCash,FRNT-OCT2024-813,14297.15,payment_proofs/sample_proof_3.svg,Confirmed,,43,2024-10-01 00:00:00,2024-10-01 00:00:00,2024-10-01 00:00:00,4
507,816,212,40,Bank Transfer,FRNT-JUN2024-816,10403.80,payment_proofs/sample_proof_3.svg,Confirmed,,3,2024-06-01 00:00:00,2024-06-01 00:00:00,2024-06-01 00:00:00,1
508,817,212,40,Bank Transfer,FRNT-JUL2024-817,10371.60,payment_proofs/sample_proof_4.svg,Confirmed,,3,2024-07-01 00:00:00,2024-07-01 00:00:00,2024-07-01 00:00:00,1
509,820,33,12,Maya,FRNT-JUN2024-820,14125.66,payment_proofs/sample_proof_3.svg,Confirmed,,4,2024-06-01 00:00:00,2024-06-01 00:00:00,2024-06-01 00:00:00,2
510,823,99,15,Maya,FRNT-JUN2024-823,7696.12,payment_proofs/sample_proof_1.svg,Confirmed,,3,2024-06-01 00:00:00,2024-06-01 00:00:00,2024-06-01 00:00:00,3
511,825,12,8,GCash,FRNT-JUN2024-825,8831.37,payment_proofs/sample_proof_1.svg,Confirmed,,43,2024-06-01 00:00:00,2024-06-01 00:00:00,2024-06-01 00:00:00,1
512,826,12,8,Bank Transfer,FRNT-JUL2024-826,9573.71,payment_proofs/sample_proof_2.svg,Confirmed,,43,2024-07-01 00:00:00,2024-07-01 00:00:00,2024-07-01 00:00:00,4
513,828,12,8,Maya,FRNT-SEP2024-828,8779.00,payment_proofs/sample_proof_3.svg,Confirmed,,43,2024-09-01 00:00:00,2024-09-01 00:00:00,2024-09-01 00:00:00,4
514,829,12,8,GCash,FRNT-OCT2024-829,9592.53,payment_proofs/sample_proof_1.svg,Confirmed,,43,2024-10-01 00:00:00,2024-10-01 00:00:00,2024-10-01 00:00:00,2
515,830,12,8,Maya,FRNT-NOV2024-830,7925.37,payment_proofs/sample_proof_5.svg,Confirmed,,43,2024-11-01 00:00:00,2024-11-01 00:00:00,2024-11-01 00:00:00,2
516,832,5,6,Bank Transfer,FRNT-JUN2024-832,11964.05,payment_proofs/sample_proof_5.svg,Confirmed,,4,2024-06-01 00:00:00,2024-06-01 00:00:00,2024-06-01 00:00:00,1
517,834,5,6,GCash,FRNT-AUG2024-834,12505.99,payment_proofs/sample_proof_2.svg,Confirmed,,4,2024-08-01 00:00:00,2024-08-01 00:00:00,2024-08-01 00:00:00,1
518,835,5,6,GCash,FRNT-SEP2024-835,12487.36,payment_proofs/sample_proof_5.svg,Confirmed,,4,2024-09-01 00:00:00,2024-09-01 00:00:00,2024-09-01 00:00:00,4
519,837,5,6,GCash,FRNT-NOV2024-837,11907.18,payment_proofs/sample_proof_2.svg,Confirmed,,4,2024-11-01 00:00:00,2024-11-01 00:00:00,2024-11-01 00:00:00,4
520,838,5,6,Maya,FRNT-DEC2024-838,12411.08,payment_proofs/sample_proof_2.svg,Confirmed,,4,2024-12-01 00:00:00,2024-12-01 00:00:00,2024-12-01 00:00:00,3
521,840,5,6,GCash,FRNT-FEB2025-840,11915.61,payment_proofs/sample_proof_3.svg,Confirmed,,4,2025-02-01 00:00:00,2025-02-01 00:00:00,2025-02-01 00:00:00,4
522,841,5,6,GCash,FRNT-MAR2025-841,12148.97,payment_proofs/sample_proof_2.svg,Confirmed,,4,2025-03-01 00:00:00,2025-03-01 00:00:00,2025-03-01 00:00:00,3
523,842,5,6,GCash,FRNT-APR2025-842,11916.36,payment_proofs/sample_proof_1.svg,Confirmed,,4,2025-04-01 00:00:00,2025-04-01 00:00:00,2025-04-01 00:00:00,3
524,843,5,6,Maya,FRNT-MAY2025-843,11658.46,payment_proofs/sample_proof_3.svg,Confirmed,,4,2025-05-01 00:00:00,2025-05-01 00:00:00,2025-05-01 00:00:00,2
525,845,156,9,GCash,FRNT-JUN2024-845,12940.76,payment_proofs/sample_proof_5.svg,Confirmed,,3,2024-06-01 00:00:00,2024-06-01 00:00:00,2024-06-01 00:00:00,3
526,849,156,9,Bank Transfer,FRNT-OCT2024-849,12934.12,payment_proofs/sample_proof_1.svg,Confirmed,,3,2024-10-01 00:00:00,2024-10-01 00:00:00,2024-10-01 00:00:00,1
527,850,156,9,Maya,FRNT-NOV2024-850,12496.54,payment_proofs/sample_proof_3.svg,Confirmed,,3,2024-11-01 00:00:00,2024-11-01 00:00:00,2024-11-01 00:00:00,2
528,851,156,9,Maya,FRNT-DEC2024-851,12962.48,payment_proofs/sample_proof_1.svg,Confirmed,,3,2024-12-01 00:00:00,2024-12-01 00:00:00,2024-12-01 00:00:00,4
529,853,156,9,Bank Transfer,FRNT-FEB2025-853,12485.42,payment_proofs/sample_proof_3.svg,Confirmed,,3,2025-02-01 00:00:00,2025-02-01 00:00:00,2025-02-01 00:00:00,1
530,854,156,9,Bank Transfer,FRNT-MAR2025-854,12830.88,payment_proofs/sample_proof_2.svg,Confirmed,,3,2025-03-01 00:00:00,2025-03-01 00:00:00,2025-03-01 00:00:00,1
531,855,156,9,GCash,FRNT-APR2025-855,12849.42,payment_proofs/sample_proof_5.svg,Confirmed,,3,2025-04-01 00:00:00,2025-04-01 00:00:00,2025-04-01 00:00:00,3
532,858,65,33,Maya,FRNT-JUN2024-858,13442.81,payment_proofs/sample_proof_3.svg,Confirmed,,3,2024-06-01 00:00:00,2024-06-01 00:00:00,2024-06-01 00:00:00,3
533,859,65,33,Bank Transfer,FRNT-JUL2024-859,13712.86,payment_proofs/sample_proof_2.svg,Confirmed,,3,2024-07-01 00:00:00,2024-07-01 00:00:00,2024-07-01 00:00:00,3
534,860,65,33,Maya,FRNT-AUG2024-860,13375.61,payment_proofs/sample_proof_3.svg,Confirmed,,3,2024-08-01 00:00:00,2024-08-01 00:00:00,2024-08-01 00:00:00,1
535,861,65,33,Maya,FRNT-SEP2024-861,13557.52,payment_proofs/sample_proof_2.svg,Confirmed,,3,2024-09-01 00:00:00,2024-09-01 00:00:00,2024-09-01 00:00:00,4
536,862,65,33,Maya,FRNT-OCT2024-862,12966.75,payment_proofs/sample_proof_4.svg,Confirmed,,3,2024-10-01 00:00:00,2024-10-01 00:00:00,2024-10-01 00:00:00,3
537,863,65,33,Bank Transfer,FRNT-NOV2024-863,12704.57,payment_proofs/sample_proof_4.svg,Confirmed,,3,2024-11-01 00:00:00,2024-11-01 00:00:00,2024-11-01 00:00:00,1
538,865,236,26,GCash,FRNT-MAY2024-865,25658.00,payment_proofs/sample_proof_4.svg,Confirmed,,4,2024-05-01 00:00:00,2024-05-01 00:00:00,2024-05-01 00:00:00,4
539,866,236,26,GCash,FRNT-JUN2024-866,13845.47,payment_proofs/sample_proof_2.svg,Confirmed,,4,2024-06-01 00:00:00,2024-06-01 00:00:00,2024-06-01 00:00:00,2
540,868,251,41,GCash,FRNT-JUL2024-868,15458.76,payment_proofs/sample_proof_2.svg,Confirmed,,4,2024-07-01 00:00:00,2024-07-01 00:00:00,2024-07-01 00:00:00,2
541,869,251,41,GCash,FRNT-AUG2024-869,15141.04,payment_proofs/sample_proof_3.svg,Confirmed,,4,2024-08-01 00:00:00,2024-08-01 00:00:00,2024-08-01 00:00:00,4
542,870,251,41,Maya,FRNT-SEP2024-870,13667.47,payment_proofs/sample_proof_1.svg,Confirmed,,4,2024-09-01 00:00:00,2024-09-01 00:00:00,2024-09-01 00:00:00,4
543,872,122,36,Bank Transfer,FRNT-JUL2024-872,8517.88,payment_proofs/sample_proof_2.svg,Confirmed,,4,2024-07-01 00:00:00,2024-07-01 00:00:00,2024-07-01 00:00:00,3
544,876,100,15,Maya,FRNT-JUL2024-876,8880.85,payment_proofs/sample_proof_4.svg,Confirmed,,3,2024-07-01 00:00:00,2024-07-01 00:00:00,2024-07-01 00:00:00,2
545,877,100,15,Maya,FRNT-AUG2024-877,8095.88,payment_proofs/sample_proof_2.svg,Confirmed,,3,2024-08-01 00:00:00,2024-08-01 00:00:00,2024-08-01 00:00:00,2
546,878,100,15,Bank Transfer,FRNT-SEP2024-878,8232.96,payment_proofs/sample_proof_1.svg,Confirmed,,3,2024-09-01 00:00:00,2024-09-01 00:00:00,2024-09-01 00:00:00,2
547,880,100,15,GCash,FRNT-NOV2024-880,8052.98,payment_proofs/sample_proof_1.svg,Confirmed,,3,2024-11-01 00:00:00,2024-11-01 00:00:00,2024-11-01 00:00:00,4
548,881,100,15,Bank Transfer,FRNT-DEC2024-881,8128.36,payment_proofs/sample_proof_1.svg,Confirmed,,3,2024-12-01 00:00:00,2024-12-01 00:00:00,2024-12-01 00:00:00,2
549,883,100,15,GCash,FRNT-FEB2025-883,8165.61,payment_proofs/sample_proof_1.svg,Confirmed,,3,2025-02-01 00:00:00,2025-02-01 00:00:00,2025-02-01 00:00:00,1
550,885,100,15,Maya,FRNT-APR2025-885,8467.49,payment_proofs/sample_proof_5.svg,Confirmed,,3,2025-04-01 00:00:00,2025-04-01 00:00:00,2025-04-01 00:00:00,2
551,886,100,15,Maya,FRNT-MAY2025-886,8504.05,payment_proofs/sample_proof_3.svg,Confirmed,,3,2025-05-01 00:00:00,2025-05-01 00:00:00,2025-05-01 00:00:00,3
552,887,100,15,Bank Transfer,FRNT-JUN2025-887,7445.06,payment_proofs/sample_proof_5.svg,Confirmed,,3,2025-06-01 00:00:00,2025-06-01 00:00:00,2025-06-01 00:00:00,3
553,889,237,26,Maya,FRNT-JUL2024-889,14218.39,payment_proofs/sample_proof_1.svg,Confirmed,,4,2024-07-01 00:00:00,2024-07-01 00:00:00,2024-07-01 00:00:00,4
554,891,237,26,GCash,FRNT-SEP2024-891,13262.03,payment_proofs/sample_proof_1.svg,Confirmed,,4,2024-09-01 00:00:00,2024-09-01 00:00:00,2024-09-01 00:00:00,4
555,892,237,26,GCash,FRNT-OCT2024-892,13948.10,payment_proofs/sample_proof_2.svg,Confirmed,,4,2024-10-01 00:00:00,2024-10-01 00:00:00,2024-10-01 00:00:00,1
556,893,237,26,GCash,FRNT-NOV2024-893,13832.32,payment_proofs/sample_proof_4.svg,Confirmed,,4,2024-11-01 00:00:00,2024-11-01 00:00:00,2024-11-01 00:00:00,4
557,894,237,26,GCash,FRNT-DEC2024-894,13684.47,payment_proofs/sample_proof_3.svg,Confirmed,,4,2024-12-01 00:00:00,2024-12-01 00:00:00,2024-12-01 00:00:00,1
558,895,237,26,Maya,FRNT-JAN2025-895,13608.45,payment_proofs/sample_proof_3.svg,Confirmed,,4,2025-01-01 00:00:00,2025-01-01 00:00:00,2025-01-01 00:00:00,4
559,898,237,26,Bank Transfer,FRNT-APR2025-898,13359.81,payment_proofs/sample_proof_2.svg,Confirmed,,4,2025-04-01 00:00:00,2025-04-01 00:00:00,2025-04-01 00:00:00,1
560,899,237,26,GCash,FRNT-MAY2025-899,13707.64,payment_proofs/sample_proof_2.svg,Confirmed,,4,2025-05-01 00:00:00,2025-05-01 00:00:00,2025-05-01 00:00:00,1
561,900,237,26,Maya,FRNT-JUN2025-900,13597.44,payment_proofs/sample_proof_4.svg,Confirmed,,4,2025-06-01 00:00:00,2025-06-01 00:00:00,2025-06-01 00:00:00,1
562,902,204,31,GCash,FRNT-JUL2024-902,8383.36,payment_proofs/sample_proof_3.svg,Confirmed,,43,2024-07-01 00:00:00,2024-07-01 00:00:00,2024-07-01 00:00:00,1
563,904,229,22,GCash,FRNT-JUL2024-904,11718.55,payment_proofs/sample_proof_4.svg,Confirmed,,42,2024-07-01 00:00:00,2024-07-01 00:00:00,2024-07-01 00:00:00,3
564,905,229,22,GCash,FRNT-AUG2024-905,11813.98,payment_proofs/sample_proof_5.svg,Confirmed,,42,2024-08-01 00:00:00,2024-08-01 00:00:00,2024-08-01 00:00:00,3
565,908,188,24,Bank Transfer,FRNT-AUG2024-908,8287.61,payment_proofs/sample_proof_2.svg,Confirmed,,42,2024-08-01 00:00:00,2024-08-01 00:00:00,2024-08-01 00:00:00,3
566,909,188,24,GCash,FRNT-SEP2024-909,8586.10,payment_proofs/sample_proof_2.svg,Confirmed,,42,2024-09-01 00:00:00,2024-09-01 00:00:00,2024-09-01 00:00:00,1
567,910,188,24,Maya,FRNT-OCT2024-910,8323.50,payment_proofs/sample_proof_5.svg,Confirmed,,42,2024-10-01 00:00:00,2024-10-01 00:00:00,2024-10-01 00:00:00,4
568,911,188,24,GCash,FRNT-NOV2024-911,8539.08,payment_proofs/sample_proof_1.svg,Confirmed,,42,2024-11-01 00:00:00,2024-11-01 00:00:00,2024-11-01 00:00:00,3
569,912,188,24,Maya,FRNT-DEC2024-912,9394.46,payment_proofs/sample_proof_5.svg,Confirmed,,42,2024-12-01 00:00:00,2024-12-01 00:00:00,2024-12-01 00:00:00,1
570,913,188,24,GCash,FRNT-JAN2025-913,8056.56,payment_proofs/sample_proof_4.svg,Confirmed,,42,2025-01-01 00:00:00,2025-01-01 00:00:00,2025-01-01 00:00:00,2
571,916,181,37,Maya,FRNT-SEP2024-916,14676.06,payment_proofs/sample_proof_4.svg,Confirmed,,43,2024-09-01 00:00:00,2024-09-01 00:00:00,2024-09-01 00:00:00,4
572,917,181,37,Maya,FRNT-OCT2024-917,14297.15,payment_proofs/sample_proof_3.svg,Confirmed,,43,2024-10-01 00:00:00,2024-10-01 00:00:00,2024-10-01 00:00:00,1
573,918,181,37,GCash,FRNT-NOV2024-918,14560.28,payment_proofs/sample_proof_1.svg,Confirmed,,43,2024-11-01 00:00:00,2024-11-01 00:00:00,2024-11-01 00:00:00,2
574,919,181,37,Bank Transfer,FRNT-DEC2024-919,14843.43,payment_proofs/sample_proof_4.svg,Confirmed,,43,2024-12-01 00:00:00,2024-12-01 00:00:00,2024-12-01 00:00:00,3
575,920,181,37,Maya,FRNT-JAN2025-920,14803.96,payment_proofs/sample_proof_2.svg,Confirmed,,43,2025-01-01 00:00:00,2025-01-01 00:00:00,2025-01-01 00:00:00,1
576,921,181,37,Maya,FRNT-FEB2025-921,14821.35,payment_proofs/sample_proof_5.svg,Confirmed,,43,2025-02-01 00:00:00,2025-02-01 00:00:00,2025-02-01 00:00:00,4
577,922,181,37,Bank Transfer,FRNT-MAR2025-922,14733.87,payment_proofs/sample_proof_1.svg,Confirmed,,43,2025-03-01 00:00:00,2025-03-01 00:00:00,2025-03-01 00:00:00,1
578,923,181,37,Bank Transfer,FRNT-APR2025-923,14448.74,payment_proofs/sample_proof_1.svg,Confirmed,,43,2025-04-01 00:00:00,2025-04-01 00:00:00,2025-04-01 00:00:00,2
579,925,181,37,GCash,FRNT-JUN2025-925,14513.24,payment_proofs/sample_proof_1.svg,Confirmed,,43,2025-06-01 00:00:00,2025-06-01 00:00:00,2025-06-01 00:00:00,3
580,926,181,37,GCash,FRNT-JUL2025-926,14616.10,payment_proofs/sample_proof_3.svg,Confirmed,,43,2025-07-01 00:00:00,2025-07-01 00:00:00,2025-07-01 00:00:00,2
581,928,213,40,Bank Transfer,FRNT-AUG2024-928,10424.01,payment_proofs/sample_proof_3.svg,Confirmed,,3,2024-08-01 00:00:00,2024-08-01 00:00:00,2024-08-01 00:00:00,1
582,930,213,40,Bank Transfer,FRNT-OCT2024-930,10088.56,payment_proofs/sample_proof_3.svg,Confirmed,,3,2024-10-01 00:00:00,2024-10-01 00:00:00,2024-10-01 00:00:00,2
583,934,104,30,Maya,FRNT-OCT2024-934,10088.56,payment_proofs/sample_proof_5.svg,Confirmed,,3,2024-10-01 00:00:00,2024-10-01 00:00:00,2024-10-01 00:00:00,2
584,936,34,12,Maya,FRNT-AUG2024-936,14377.50,payment_proofs/sample_proof_3.svg,Confirmed,,4,2024-08-01 00:00:00,2024-08-01 00:00:00,2024-08-01 00:00:00,4
585,937,34,12,Bank Transfer,FRNT-SEP2024-937,14109.54,payment_proofs/sample_proof_3.svg,Confirmed,,4,2024-09-01 00:00:00,2024-09-01 00:00:00,2024-09-01 00:00:00,3
586,938,34,12,Maya,FRNT-OCT2024-938,13920.51,payment_proofs/sample_proof_1.svg,Confirmed,,4,2024-10-01 00:00:00,2024-10-01 00:00:00,2024-10-01 00:00:00,3
587,939,34,12,GCash,FRNT-NOV2024-939,14015.87,payment_proofs/sample_proof_1.svg,Confirmed,,4,2024-11-01 00:00:00,2024-11-01 00:00:00,2024-11-01 00:00:00,4
588,943,205,31,Bank Transfer,FRNT-AUG2024-943,9031.18,payment_proofs/sample_proof_2.svg,Confirmed,,43,2024-08-01 00:00:00,2024-08-01 00:00:00,2024-08-01 00:00:00,4
589,944,205,31,Maya,FRNT-SEP2024-944,8807.71,payment_proofs/sample_proof_4.svg,Confirmed,,43,2024-09-01 00:00:00,2024-09-01 00:00:00,2024-09-01 00:00:00,4
590,945,205,31,Bank Transfer,FRNT-OCT2024-945,8773.01,payment_proofs/sample_proof_1.svg,Confirmed,,43,2024-10-01 00:00:00,2024-10-01 00:00:00,2024-10-01 00:00:00,4
591,947,133,19,Maya,FRNT-AUG2024-947,7420.52,payment_proofs/sample_proof_1.svg,Confirmed,,43,2024-08-01 00:00:00,2024-08-01 00:00:00,2024-08-01 00:00:00,3
592,948,133,19,GCash,FRNT-SEP2024-948,8418.94,payment_proofs/sample_proof_1.svg,Confirmed,,43,2024-09-01 00:00:00,2024-09-01 00:00:00,2024-09-01 00:00:00,3
593,949,133,19,Bank Transfer,FRNT-OCT2024-949,8154.39,payment_proofs/sample_proof_4.svg,Confirmed,,43,2024-10-01 00:00:00,2024-10-01 00:00:00,2024-10-01 00:00:00,2
594,950,133,19,Maya,FRNT-NOV2024-950,8018.41,payment_proofs/sample_proof_2.svg,Confirmed,,43,2024-11-01 00:00:00,2024-11-01 00:00:00,2024-11-01 00:00:00,2
595,951,133,19,GCash,FRNT-DEC2024-951,8140.95,payment_proofs/sample_proof_3.svg,Confirmed,,43,2024-12-01 00:00:00,2024-12-01 00:00:00,2024-12-01 00:00:00,3
596,952,133,19,Maya,FRNT-JAN2025-952,8014.39,payment_proofs/sample_proof_2.svg,Confirmed,,43,2025-01-01 00:00:00,2025-01-01 00:00:00,2025-01-01 00:00:00,1
597,953,133,19,GCash,FRNT-FEB2025-953,7823.45,payment_proofs/sample_proof_1.svg,Confirmed,,43,2025-02-01 00:00:00,2025-02-01 00:00:00,2025-02-01 00:00:00,1
598,955,133,19,Maya,FRNT-APR2025-955,8115.21,payment_proofs/sample_proof_1.svg,Confirmed,,43,2025-04-01 00:00:00,2025-04-01 00:00:00,2025-04-01 00:00:00,3
599,956,133,19,Bank Transfer,FRNT-MAY2025-956,8174.19,payment_proofs/sample_proof_5.svg,Confirmed,,43,2025-05-01 00:00:00,2025-05-01 00:00:00,2025-05-01 00:00:00,4
600,957,133,19,Maya,FRNT-JUN2025-957,8329.82,payment_proofs/sample_proof_5.svg,Confirmed,,43,2025-06-01 00:00:00,2025-06-01 00:00:00,2025-06-01 00:00:00,3
601,958,133,19,GCash,FRNT-JUL2025-958,6594.79,payment_proofs/sample_proof_3.svg,Confirmed,,43,2025-07-01 00:00:00,2025-07-01 00:00:00,2025-07-01 00:00:00,1
602,960,123,36,Bank Transfer,FRNT-AUG2024-960,8574.47,payment_proofs/sample_proof_3.svg,Confirmed,,4,2024-08-01 00:00:00,2024-08-01 00:00:00,2024-08-01 00:00:00,4
603,962,50,16,Bank Transfer,FRNT-AUG2024-962,13659.45,payment_proofs/sample_proof_4.svg,Confirmed,,43,2024-08-01 00:00:00,2024-08-01 00:00:00,2024-08-01 00:00:00,2
604,963,50,16,Bank Transfer,FRNT-SEP2024-963,12920.01,payment_proofs/sample_proof_4.svg,Confirmed,,43,2024-09-01 00:00:00,2024-09-01 00:00:00,2024-09-01 00:00:00,2
605,964,50,16,Maya,FRNT-OCT2024-964,12849.70,payment_proofs/sample_proof_4.svg,Confirmed,,43,2024-10-01 00:00:00,2024-10-01 00:00:00,2024-10-01 00:00:00,3
606,965,50,16,Maya,FRNT-NOV2024-965,12869.30,payment_proofs/sample_proof_2.svg,Confirmed,,43,2024-11-01 00:00:00,2024-11-01 00:00:00,2024-11-01 00:00:00,3
607,966,50,16,GCash,FRNT-DEC2024-966,13675.61,payment_proofs/sample_proof_1.svg,Confirmed,,43,2024-12-01 00:00:00,2024-12-01 00:00:00,2024-12-01 00:00:00,1
608,967,50,16,Bank Transfer,FRNT-JAN2025-967,12476.36,payment_proofs/sample_proof_4.svg,Confirmed,,43,2025-01-01 00:00:00,2025-01-01 00:00:00,2025-01-01 00:00:00,1
609,968,50,16,Bank Transfer,FRNT-FEB2025-968,13285.27,payment_proofs/sample_proof_4.svg,Confirmed,,43,2025-02-01 00:00:00,2025-02-01 00:00:00,2025-02-01 00:00:00,2
610,969,50,16,GCash,FRNT-MAR2025-969,13701.80,payment_proofs/sample_proof_2.svg,Confirmed,,43,2025-03-01 00:00:00,2025-03-01 00:00:00,2025-03-01 00:00:00,3
611,970,50,16,Maya,FRNT-APR2025-970,12845.19,payment_proofs/sample_proof_5.svg,Confirmed,,43,2025-04-01 00:00:00,2025-04-01 00:00:00,2025-04-01 00:00:00,1
612,971,50,16,Bank Transfer,FRNT-MAY2025-971,12795.16,payment_proofs/sample_proof_2.svg,Confirmed,,43,2025-05-01 00:00:00,2025-05-01 00:00:00,2025-05-01 00:00:00,2
613,972,50,16,Bank Transfer,FRNT-JUN2025-972,12483.56,payment_proofs/sample_proof_4.svg,Confirmed,,43,2025-06-01 00:00:00,2025-06-01 00:00:00,2025-06-01 00:00:00,2
614,973,50,16,GCash,FRNT-JUL2025-973,11885.51,payment_proofs/sample_proof_3.svg,Confirmed,,43,2025-07-01 00:00:00,2025-07-01 00:00:00,2025-07-01 00:00:00,3
615,975,198,11,GCash,FRNT-SEP2024-975,11853.16,payment_proofs/sample_proof_4.svg,Confirmed,,42,2024-09-01 00:00:00,2024-09-01 00:00:00,2024-09-01 00:00:00,1
616,976,198,11,Maya,FRNT-OCT2024-976,12331.24,payment_proofs/sample_proof_5.svg,Confirmed,,42,2024-10-01 00:00:00,2024-10-01 00:00:00,2024-10-01 00:00:00,2
617,977,198,11,Bank Transfer,FRNT-NOV2024-977,12498.06,payment_proofs/sample_proof_2.svg,Confirmed,,42,2024-11-01 00:00:00,2024-11-01 00:00:00,2024-11-01 00:00:00,2
618,978,198,11,Bank Transfer,FRNT-DEC2024-978,12249.58,payment_proofs/sample_proof_4.svg,Confirmed,,42,2024-12-01 00:00:00,2024-12-01 00:00:00,2024-12-01 00:00:00,3
619,979,198,11,Bank Transfer,FRNT-JAN2025-979,11416.79,payment_proofs/sample_proof_4.svg,Confirmed,,42,2025-01-01 00:00:00,2025-01-01 00:00:00,2025-01-01 00:00:00,1
620,983,124,36,Maya,FRNT-OCT2024-983,9277.39,payment_proofs/sample_proof_3.svg,Confirmed,,4,2024-10-01 00:00:00,2024-10-01 00:00:00,2024-10-01 00:00:00,2
621,986,274,38,Bank Transfer,FRNT-OCT2024-986,14448.10,payment_proofs/sample_proof_5.svg,Confirmed,,4,2024-10-01 00:00:00,2024-10-01 00:00:00,2024-10-01 00:00:00,3
622,988,274,38,Bank Transfer,FRNT-DEC2024-988,14184.47,payment_proofs/sample_proof_4.svg,Confirmed,,4,2024-12-01 00:00:00,2024-12-01 00:00:00,2024-12-01 00:00:00,4
623,992,252,41,Bank Transfer,FRNT-OCT2024-992,14491.22,payment_proofs/sample_proof_4.svg,Confirmed,,4,2024-10-01 00:00:00,2024-10-01 00:00:00,2024-10-01 00:00:00,3
624,993,252,41,Bank Transfer,FRNT-NOV2024-993,14562.61,payment_proofs/sample_proof_2.svg,Confirmed,,4,2024-11-01 00:00:00,2024-11-01 00:00:00,2024-11-01 00:00:00,3
625,994,252,41,GCash,FRNT-DEC2024-994,14673.33,payment_proofs/sample_proof_3.svg,Confirmed,,4,2024-12-01 00:00:00,2024-12-01 00:00:00,2024-12-01 00:00:00,4
626,995,252,41,Maya,FRNT-JAN2025-995,14440.90,payment_proofs/sample_proof_1.svg,Confirmed,,4,2025-01-01 00:00:00,2025-01-01 00:00:00,2025-01-01 00:00:00,4
627,996,252,41,GCash,FRNT-FEB2025-996,15107.21,payment_proofs/sample_proof_4.svg,Confirmed,,4,2025-02-01 00:00:00,2025-02-01 00:00:00,2025-02-01 00:00:00,2
628,997,252,41,Bank Transfer,FRNT-MAR2025-997,13076.92,payment_proofs/sample_proof_2.svg,Confirmed,,4,2025-03-01 00:00:00,2025-03-01 00:00:00,2025-03-01 00:00:00,4
629,999,230,22,Bank Transfer,FRNT-OCT2024-999,12403.27,payment_proofs/sample_proof_5.svg,Confirmed,,42,2024-10-01 00:00:00,2024-10-01 00:00:00,2024-10-01 00:00:00,3
630,1003,300,7,Maya,FRNT-OCT2024-1003,14296.14,payment_proofs/sample_proof_4.svg,Confirmed,,4,2024-10-01 00:00:00,2024-10-01 00:00:00,2024-10-01 00:00:00,2
631,1005,95,25,GCash,FRNT-NOV2024-1005,14798.48,payment_proofs/sample_proof_4.svg,Confirmed,,44,2024-11-01 00:00:00,2024-11-01 00:00:00,2024-11-01 00:00:00,1
632,1006,95,25,Bank Transfer,FRNT-DEC2024-1006,14772.25,payment_proofs/sample_proof_3.svg,Confirmed,,44,2024-12-01 00:00:00,2024-12-01 00:00:00,2024-12-01 00:00:00,1
633,1007,95,25,GCash,FRNT-JAN2025-1007,14836.18,payment_proofs/sample_proof_4.svg,Confirmed,,44,2025-01-01 00:00:00,2025-01-01 00:00:00,2025-01-01 00:00:00,3
634,1009,95,25,Maya,FRNT-MAR2025-1009,14611.07,payment_proofs/sample_proof_1.svg,Confirmed,,44,2025-03-01 00:00:00,2025-03-01 00:00:00,2025-03-01 00:00:00,3
635,1011,95,25,Maya,FRNT-MAY2025-1011,14867.46,payment_proofs/sample_proof_3.svg,Confirmed,,44,2025-05-01 00:00:00,2025-05-01 00:00:00,2025-05-01 00:00:00,3
636,1013,95,25,Bank Transfer,FRNT-JUL2025-1013,13934.22,payment_proofs/sample_proof_2.svg,Confirmed,,44,2025-07-01 00:00:00,2025-07-01 00:00:00,2025-07-01 00:00:00,1
637,1014,95,25,GCash,FRNT-AUG2025-1014,14574.33,payment_proofs/sample_proof_4.svg,Confirmed,,44,2025-08-01 00:00:00,2025-08-01 00:00:00,2025-08-01 00:00:00,2
638,1015,95,25,Bank Transfer,FRNT-SEP2025-1015,13820.06,payment_proofs/sample_proof_5.svg,Confirmed,,44,2025-09-01 00:00:00,2025-09-01 00:00:00,2025-09-01 00:00:00,3
639,1016,95,25,Maya,FRNT-OCT2025-1016,13117.23,payment_proofs/sample_proof_2.svg,Confirmed,,44,2025-10-01 00:00:00,2025-10-01 00:00:00,2025-10-01 00:00:00,2
640,1018,214,40,Maya,FRNT-NOV2024-1018,10190.68,payment_proofs/sample_proof_2.svg,Confirmed,,3,2024-11-01 00:00:00,2024-11-01 00:00:00,2024-11-01 00:00:00,3
641,1020,105,30,Maya,FRNT-NOV2024-1020,10190.68,payment_proofs/sample_proof_4.svg,Confirmed,,3,2024-11-01 00:00:00,2024-11-01 00:00:00,2024-11-01 00:00:00,4
642,1021,105,30,Maya,FRNT-DEC2024-1021,10558.89,payment_proofs/sample_proof_1.svg,Confirmed,,3,2024-12-01 00:00:00,2024-12-01 00:00:00,2024-12-01 00:00:00,4
643,1022,105,30,GCash,FRNT-JAN2025-1022,10313.28,payment_proofs/sample_proof_5.svg,Confirmed,,3,2025-01-01 00:00:00,2025-01-01 00:00:00,2025-01-01 00:00:00,3
644,1024,174,29,Bank Transfer,FRNT-NOV2024-1024,12407.18,payment_proofs/sample_proof_1.svg,Confirmed,,4,2024-11-01 00:00:00,2024-11-01 00:00:00,2024-11-01 00:00:00,4
645,1026,301,7,GCash,FRNT-NOV2024-1026,14706.76,payment_proofs/sample_proof_5.svg,Confirmed,,4,2024-11-01 00:00:00,2024-11-01 00:00:00,2024-11-01 00:00:00,3
646,1028,301,7,Maya,FRNT-JAN2025-1028,14811.52,payment_proofs/sample_proof_4.svg,Confirmed,,4,2025-01-01 00:00:00,2025-01-01 00:00:00,2025-01-01 00:00:00,4
647,1031,301,7,Bank Transfer,FRNT-APR2025-1031,13864.33,payment_proofs/sample_proof_4.svg,Confirmed,,4,2025-04-01 00:00:00,2025-04-01 00:00:00,2025-04-01 00:00:00,2
648,1032,301,7,Maya,FRNT-MAY2025-1032,13460.20,payment_proofs/sample_proof_5.svg,Confirmed,,4,2025-05-01 00:00:00,2025-05-01 00:00:00,2025-05-01 00:00:00,4
649,1033,301,7,GCash,FRNT-JUN2025-1033,13647.93,payment_proofs/sample_proof_3.svg,Confirmed,,4,2025-06-01 00:00:00,2025-06-01 00:00:00,2025-06-01 00:00:00,4
650,1034,301,7,Bank Transfer,FRNT-JUL2025-1034,13777.12,payment_proofs/sample_proof_4.svg,Confirmed,,4,2025-07-01 00:00:00,2025-07-01 00:00:00,2025-07-01 00:00:00,2
651,1035,301,7,Bank Transfer,FRNT-AUG2025-1035,13830.05,payment_proofs/sample_proof_4.svg,Confirmed,,4,2025-08-01 00:00:00,2025-08-01 00:00:00,2025-08-01 00:00:00,2
652,1036,301,7,Bank Transfer,FRNT-SEP2025-1036,13761.46,payment_proofs/sample_proof_4.svg,Confirmed,,4,2025-09-01 00:00:00,2025-09-01 00:00:00,2025-09-01 00:00:00,2
653,1037,301,7,GCash,FRNT-OCT2025-1037,13572.83,payment_proofs/sample_proof_5.svg,Confirmed,,4,2025-10-01 00:00:00,2025-10-01 00:00:00,2025-10-01 00:00:00,3
654,1040,89,23,Bank Transfer,FRNT-DEC2024-1040,14843.43,payment_proofs/sample_proof_2.svg,Confirmed,,43,2024-12-01 00:00:00,2024-12-01 00:00:00,2024-12-01 00:00:00,3
655,1041,89,23,Bank Transfer,FRNT-JAN2025-1041,14803.96,payment_proofs/sample_proof_2.svg,Confirmed,,43,2025-01-01 00:00:00,2025-01-01 00:00:00,2025-01-01 00:00:00,1
656,1042,89,23,Bank Transfer,FRNT-FEB2025-1042,14821.35,payment_proofs/sample_proof_5.svg,Confirmed,,43,2025-02-01 00:00:00,2025-02-01 00:00:00,2025-02-01 00:00:00,4
657,1046,206,31,GCash,FRNT-NOV2024-1046,8407.77,payment_proofs/sample_proof_2.svg,Confirmed,,43,2024-11-01 00:00:00,2024-11-01 00:00:00,2024-11-01 00:00:00,2
658,1047,206,31,Maya,FRNT-DEC2024-1047,7945.87,payment_proofs/sample_proof_2.svg,Confirmed,,43,2024-12-01 00:00:00,2024-12-01 00:00:00,2024-12-01 00:00:00,3
659,1048,206,31,GCash,FRNT-JAN2025-1048,8120.70,payment_proofs/sample_proof_4.svg,Confirmed,,43,2025-01-01 00:00:00,2025-01-01 00:00:00,2025-01-01 00:00:00,1
660,1050,206,31,Bank Transfer,FRNT-MAR2025-1050,8107.22,payment_proofs/sample_proof_1.svg,Confirmed,,43,2025-03-01 00:00:00,2025-03-01 00:00:00,2025-03-01 00:00:00,3
661,1051,206,31,Bank Transfer,FRNT-APR2025-1051,8540.30,payment_proofs/sample_proof_4.svg,Confirmed,,43,2025-04-01 00:00:00,2025-04-01 00:00:00,2025-04-01 00:00:00,1
662,1054,206,31,GCash,FRNT-JUL2025-1054,8165.10,payment_proofs/sample_proof_5.svg,Confirmed,,43,2025-07-01 00:00:00,2025-07-01 00:00:00,2025-07-01 00:00:00,4
663,1061,20,10,Maya,FRNT-NOV2024-1061,12707.00,payment_proofs/sample_proof_3.svg,Confirmed,,44,2024-11-01 00:00:00,2024-11-01 00:00:00,2024-11-01 00:00:00,2
664,1062,20,10,GCash,FRNT-DEC2024-1062,13430.61,payment_proofs/sample_proof_4.svg,Confirmed,,44,2024-12-01 00:00:00,2024-12-01 00:00:00,2024-12-01 00:00:00,2
665,1063,20,10,Bank Transfer,FRNT-JAN2025-1063,12475.90,payment_proofs/sample_proof_1.svg,Confirmed,,44,2025-01-01 00:00:00,2025-01-01 00:00:00,2025-01-01 00:00:00,1
666,1064,20,10,Bank Transfer,FRNT-FEB2025-1064,12746.00,payment_proofs/sample_proof_5.svg,Confirmed,,44,2025-02-01 00:00:00,2025-02-01 00:00:00,2025-02-01 00:00:00,4
667,1065,20,10,Bank Transfer,FRNT-MAR2025-1065,12659.84,payment_proofs/sample_proof_2.svg,Confirmed,,44,2025-03-01 00:00:00,2025-03-01 00:00:00,2025-03-01 00:00:00,4
668,1066,20,10,GCash,FRNT-APR2025-1066,11888.27,payment_proofs/sample_proof_3.svg,Confirmed,,44,2025-04-01 00:00:00,2025-04-01 00:00:00,2025-04-01 00:00:00,4
669,1068,55,18,Maya,FRNT-NOV2024-1068,10190.68,payment_proofs/sample_proof_4.svg,Confirmed,,3,2024-11-01 00:00:00,2024-11-01 00:00:00,2024-11-01 00:00:00,2
670,1074,66,33,Bank Transfer,FRNT-DEC2024-1074,14022.04,payment_proofs/sample_proof_1.svg,Confirmed,,3,2024-12-01 00:00:00,2024-12-01 00:00:00,2024-12-01 00:00:00,1
671,1075,66,33,GCash,FRNT-JAN2025-1075,13358.09,payment_proofs/sample_proof_3.svg,Confirmed,,3,2025-01-01 00:00:00,2025-01-01 00:00:00,2025-01-01 00:00:00,1
672,1076,66,33,GCash,FRNT-FEB2025-1076,13736.88,payment_proofs/sample_proof_5.svg,Confirmed,,3,2025-02-01 00:00:00,2025-02-01 00:00:00,2025-02-01 00:00:00,4
673,1081,56,18,GCash,FRNT-MAR2025-1081,9978.37,payment_proofs/sample_proof_2.svg,Confirmed,,3,2025-03-01 00:00:00,2025-03-01 00:00:00,2025-03-01 00:00:00,4
674,1082,56,18,Maya,FRNT-APR2025-1082,9918.80,payment_proofs/sample_proof_4.svg,Confirmed,,3,2025-04-01 00:00:00,2025-04-01 00:00:00,2025-04-01 00:00:00,1
675,1085,175,29,Maya,FRNT-DEC2024-1085,12911.08,payment_proofs/sample_proof_2.svg,Confirmed,,4,2024-12-01 00:00:00,2024-12-01 00:00:00,2024-12-01 00:00:00,4
676,1086,175,29,GCash,FRNT-JAN2025-1086,12208.32,payment_proofs/sample_proof_4.svg,Confirmed,,4,2025-01-01 00:00:00,2025-01-01 00:00:00,2025-01-01 00:00:00,3
677,1087,175,29,GCash,FRNT-FEB2025-1087,12415.61,payment_proofs/sample_proof_5.svg,Confirmed,,4,2025-02-01 00:00:00,2025-02-01 00:00:00,2025-02-01 00:00:00,2
678,1090,13,8,Bank Transfer,FRNT-JAN2025-1090,10099.30,payment_proofs/sample_proof_5.svg,Confirmed,,43,2025-01-01 00:00:00,2025-01-01 00:00:00,2025-01-01 00:00:00,1
679,1091,13,8,Bank Transfer,FRNT-FEB2025-1091,8794.66,payment_proofs/sample_proof_4.svg,Confirmed,,43,2025-02-01 00:00:00,2025-02-01 00:00:00,2025-02-01 00:00:00,3
680,1093,125,36,Bank Transfer,FRNT-DEC2024-1093,9792.01,payment_proofs/sample_proof_4.svg,Confirmed,,4,2024-12-01 00:00:00,2024-12-01 00:00:00,2024-12-01 00:00:00,4
681,1094,125,36,Bank Transfer,FRNT-JAN2025-1094,9218.57,payment_proofs/sample_proof_2.svg,Confirmed,,4,2025-01-01 00:00:00,2025-01-01 00:00:00,2025-01-01 00:00:00,4
682,1095,125,36,GCash,FRNT-FEB2025-1095,8975.13,payment_proofs/sample_proof_4.svg,Confirmed,,4,2025-02-01 00:00:00,2025-02-01 00:00:00,2025-02-01 00:00:00,4
683,1096,125,36,Maya,FRNT-MAR2025-1096,9609.99,payment_proofs/sample_proof_4.svg,Confirmed,,4,2025-03-01 00:00:00,2025-03-01 00:00:00,2025-03-01 00:00:00,2
684,1097,125,36,Maya,FRNT-APR2025-1097,9674.69,payment_proofs/sample_proof_5.svg,Confirmed,,4,2025-04-01 00:00:00,2025-04-01 00:00:00,2025-04-01 00:00:00,2
685,1098,125,36,GCash,FRNT-MAY2025-1098,8584.87,payment_proofs/sample_proof_4.svg,Confirmed,,4,2025-05-01 00:00:00,2025-05-01 00:00:00,2025-05-01 00:00:00,3
686,1099,125,36,Bank Transfer,FRNT-JUN2025-1099,8816.84,payment_proofs/sample_proof_2.svg,Confirmed,,4,2025-06-01 00:00:00,2025-06-01 00:00:00,2025-06-01 00:00:00,3
687,1100,125,36,GCash,FRNT-JUL2025-1100,9690.89,payment_proofs/sample_proof_5.svg,Confirmed,,4,2025-07-01 00:00:00,2025-07-01 00:00:00,2025-07-01 00:00:00,4
688,1101,125,36,GCash,FRNT-AUG2025-1101,8574.02,payment_proofs/sample_proof_1.svg,Confirmed,,4,2025-08-01 00:00:00,2025-08-01 00:00:00,2025-08-01 00:00:00,2
689,1103,125,36,GCash,FRNT-OCT2025-1103,8955.77,payment_proofs/sample_proof_1.svg,Confirmed,,4,2025-10-01 00:00:00,2025-10-01 00:00:00,2025-10-01 00:00:00,1
690,1104,125,36,GCash,FRNT-NOV2025-1104,7948.09,payment_proofs/sample_proof_2.svg,Confirmed,,4,2025-11-01 00:00:00,2025-11-01 00:00:00,2025-11-01 00:00:00,1
691,1107,82,28,Bank Transfer,FRNT-DEC2024-1107,13878.54,payment_proofs/sample_proof_1.svg,Confirmed,,43,2024-12-01 00:00:00,2024-12-01 00:00:00,2024-12-01 00:00:00,1
692,1108,82,28,Bank Transfer,FRNT-JAN2025-1108,14129.43,payment_proofs/sample_proof_2.svg,Confirmed,,43,2025-01-01 00:00:00,2025-01-01 00:00:00,2025-01-01 00:00:00,4
693,1109,82,28,Maya,FRNT-FEB2025-1109,13849.10,payment_proofs/sample_proof_4.svg,Confirmed,,43,2025-02-01 00:00:00,2025-02-01 00:00:00,2025-02-01 00:00:00,1
694,1110,82,28,Bank Transfer,FRNT-MAR2025-1110,13271.86,payment_proofs/sample_proof_5.svg,Confirmed,,43,2025-03-01 00:00:00,2025-03-01 00:00:00,2025-03-01 00:00:00,1
695,1111,82,28,Maya,FRNT-APR2025-1111,14105.11,payment_proofs/sample_proof_3.svg,Confirmed,,43,2025-04-01 00:00:00,2025-04-01 00:00:00,2025-04-01 00:00:00,1
696,1112,82,28,Bank Transfer,FRNT-MAY2025-1112,14110.23,payment_proofs/sample_proof_5.svg,Confirmed,,43,2025-05-01 00:00:00,2025-05-01 00:00:00,2025-05-01 00:00:00,2
697,1114,82,28,Maya,FRNT-JUL2025-1114,14658.71,payment_proofs/sample_proof_2.svg,Confirmed,,43,2025-07-01 00:00:00,2025-07-01 00:00:00,2025-07-01 00:00:00,3
698,1115,82,28,GCash,FRNT-AUG2025-1115,13788.78,payment_proofs/sample_proof_1.svg,Confirmed,,43,2025-08-01 00:00:00,2025-08-01 00:00:00,2025-08-01 00:00:00,2
699,1116,82,28,Maya,FRNT-SEP2025-1116,14149.14,payment_proofs/sample_proof_2.svg,Confirmed,,43,2025-09-01 00:00:00,2025-09-01 00:00:00,2025-09-01 00:00:00,4
700,1118,82,28,Bank Transfer,FRNT-NOV2025-1118,12758.22,payment_proofs/sample_proof_4.svg,Confirmed,,43,2025-11-01 00:00:00,2025-11-01 00:00:00,2025-11-01 00:00:00,4
701,1122,275,38,Maya,FRNT-JAN2025-1122,14108.45,payment_proofs/sample_proof_4.svg,Confirmed,,4,2025-01-01 00:00:00,2025-01-01 00:00:00,2025-01-01 00:00:00,3
702,1124,146,20,Bank Transfer,FRNT-JAN2025-1124,8120.70,payment_proofs/sample_proof_5.svg,Confirmed,,43,2025-01-01 00:00:00,2025-01-01 00:00:00,2025-01-01 00:00:00,3
703,1125,146,20,Bank Transfer,FRNT-FEB2025-1125,8516.44,payment_proofs/sample_proof_5.svg,Confirmed,,43,2025-02-01 00:00:00,2025-02-01 00:00:00,2025-02-01 00:00:00,3
704,1126,146,20,GCash,FRNT-MAR2025-1126,8107.22,payment_proofs/sample_proof_5.svg,Confirmed,,43,2025-03-01 00:00:00,2025-03-01 00:00:00,2025-03-01 00:00:00,4
705,1128,146,20,GCash,FRNT-MAY2025-1128,8581.82,payment_proofs/sample_proof_3.svg,Confirmed,,43,2025-05-01 00:00:00,2025-05-01 00:00:00,2025-05-01 00:00:00,3
706,1129,146,20,Maya,FRNT-JUN2025-1129,8293.82,payment_proofs/sample_proof_4.svg,Confirmed,,43,2025-06-01 00:00:00,2025-06-01 00:00:00,2025-06-01 00:00:00,4
707,1130,146,20,Maya,FRNT-JUL2025-1130,8165.10,payment_proofs/sample_proof_4.svg,Confirmed,,43,2025-07-01 00:00:00,2025-07-01 00:00:00,2025-07-01 00:00:00,3
708,1131,146,20,Maya,FRNT-AUG2025-1131,8439.72,payment_proofs/sample_proof_4.svg,Confirmed,,43,2025-08-01 00:00:00,2025-08-01 00:00:00,2025-08-01 00:00:00,3
709,1132,146,20,Maya,FRNT-SEP2025-1132,8185.36,payment_proofs/sample_proof_2.svg,Confirmed,,43,2025-09-01 00:00:00,2025-09-01 00:00:00,2025-09-01 00:00:00,1
710,1133,146,20,Bank Transfer,FRNT-OCT2025-1133,7944.11,payment_proofs/sample_proof_2.svg,Confirmed,,43,2025-10-01 00:00:00,2025-10-01 00:00:00,2025-10-01 00:00:00,2
711,1135,146,20,Maya,FRNT-DEC2025-1135,8079.30,payment_proofs/sample_proof_4.svg,Confirmed,,43,2025-12-01 00:00:00,2025-12-01 00:00:00,2025-12-01 00:00:00,1
712,1138,136,32,Maya,FRNT-JAN2025-1138,7823.03,payment_proofs/sample_proof_1.svg,Confirmed,,4,2025-01-01 00:00:00,2025-01-01 00:00:00,2025-01-01 00:00:00,1
713,1139,136,32,Maya,FRNT-FEB2025-1139,7720.56,payment_proofs/sample_proof_1.svg,Confirmed,,4,2025-02-01 00:00:00,2025-02-01 00:00:00,2025-02-01 00:00:00,4
714,1140,136,32,GCash,FRNT-MAR2025-1140,7454.38,payment_proofs/sample_proof_4.svg,Confirmed,,4,2025-03-01 00:00:00,2025-03-01 00:00:00,2025-03-01 00:00:00,1
715,1141,136,32,Bank Transfer,FRNT-APR2025-1141,7628.27,payment_proofs/sample_proof_2.svg,Confirmed,,4,2025-04-01 00:00:00,2025-04-01 00:00:00,2025-04-01 00:00:00,1
716,1142,136,32,GCash,FRNT-MAY2025-1142,7685.13,payment_proofs/sample_proof_5.svg,Confirmed,,4,2025-05-01 00:00:00,2025-05-01 00:00:00,2025-05-01 00:00:00,3
717,1145,164,17,Maya,FRNT-JAN2025-1145,8323.03,payment_proofs/sample_proof_2.svg,Confirmed,,4,2025-01-01 00:00:00,2025-01-01 00:00:00,2025-01-01 00:00:00,3
718,1146,164,17,Maya,FRNT-FEB2025-1146,8220.56,payment_proofs/sample_proof_4.svg,Confirmed,,4,2025-02-01 00:00:00,2025-02-01 00:00:00,2025-02-01 00:00:00,3
719,1149,290,2,GCash,FRNT-JAN2025-1149,7823.03,payment_proofs/sample_proof_3.svg,Confirmed,,4,2025-01-01 00:00:00,2025-01-01 00:00:00,2025-01-01 00:00:00,1
720,1150,290,2,Bank Transfer,FRNT-FEB2025-1150,7720.56,payment_proofs/sample_proof_1.svg,Confirmed,,4,2025-02-01 00:00:00,2025-02-01 00:00:00,2025-02-01 00:00:00,4
721,1151,290,2,Bank Transfer,FRNT-MAR2025-1151,7454.38,payment_proofs/sample_proof_3.svg,Confirmed,,4,2025-03-01 00:00:00,2025-03-01 00:00:00,2025-03-01 00:00:00,4
722,1152,290,2,GCash,FRNT-APR2025-1152,7628.27,payment_proofs/sample_proof_3.svg,Confirmed,,4,2025-04-01 00:00:00,2025-04-01 00:00:00,2025-04-01 00:00:00,1
723,1153,290,2,Bank Transfer,FRNT-MAY2025-1153,7685.13,payment_proofs/sample_proof_4.svg,Confirmed,,4,2025-05-01 00:00:00,2025-05-01 00:00:00,2025-05-01 00:00:00,3
724,1154,290,2,Maya,FRNT-JUN2025-1154,7443.74,payment_proofs/sample_proof_2.svg,Confirmed,,4,2025-06-01 00:00:00,2025-06-01 00:00:00,2025-06-01 00:00:00,1
725,1155,290,2,Maya,FRNT-JUL2025-1155,7673.82,payment_proofs/sample_proof_5.svg,Confirmed,,4,2025-07-01 00:00:00,2025-07-01 00:00:00,2025-07-01 00:00:00,4
726,1156,290,2,Bank Transfer,FRNT-AUG2025-1156,7660.06,payment_proofs/sample_proof_2.svg,Confirmed,,4,2025-08-01 00:00:00,2025-08-01 00:00:00,2025-08-01 00:00:00,3
727,1158,290,2,Maya,FRNT-OCT2025-1158,7420.60,payment_proofs/sample_proof_5.svg,Confirmed,,4,2025-10-01 00:00:00,2025-10-01 00:00:00,2025-10-01 00:00:00,2
728,1159,290,2,Maya,FRNT-NOV2025-1159,7481.38,payment_proofs/sample_proof_3.svg,Confirmed,,4,2025-11-01 00:00:00,2025-11-01 00:00:00,2025-11-01 00:00:00,3
729,1160,290,2,Bank Transfer,FRNT-DEC2025-1160,7487.20,payment_proofs/sample_proof_5.svg,Confirmed,,4,2025-12-01 00:00:00,2025-12-01 00:00:00,2025-12-01 00:00:00,2
730,1162,216,40,Bank Transfer,FRNT-JAN2025-1162,9813.28,payment_proofs/sample_proof_1.svg,Confirmed,,3,2025-01-01 00:00:00,2025-01-01 00:00:00,2025-01-01 00:00:00,1
731,1163,216,40,Bank Transfer,FRNT-FEB2025-1163,10132.47,payment_proofs/sample_proof_2.svg,Confirmed,,3,2025-02-01 00:00:00,2025-02-01 00:00:00,2025-02-01 00:00:00,4
732,1164,216,40,GCash,FRNT-MAR2025-1164,9978.37,payment_proofs/sample_proof_2.svg,Confirmed,,3,2025-03-01 00:00:00,2025-03-01 00:00:00,2025-03-01 00:00:00,4
733,1166,216,40,Maya,FRNT-MAY2025-1166,9941.82,payment_proofs/sample_proof_4.svg,Confirmed,,3,2025-05-01 00:00:00,2025-05-01 00:00:00,2025-05-01 00:00:00,2
734,1167,216,40,Bank Transfer,FRNT-JUN2025-1167,9881.32,payment_proofs/sample_proof_2.svg,Confirmed,,3,2025-06-01 00:00:00,2025-06-01 00:00:00,2025-06-01 00:00:00,4
735,1168,216,40,Bank Transfer,FRNT-JUL2025-1168,9980.70,payment_proofs/sample_proof_2.svg,Confirmed,,3,2025-07-01 00:00:00,2025-07-01 00:00:00,2025-07-01 00:00:00,1
736,1170,216,40,Bank Transfer,FRNT-SEP2025-1170,10208.40,payment_proofs/sample_proof_2.svg,Confirmed,,3,2025-09-01 00:00:00,2025-09-01 00:00:00,2025-09-01 00:00:00,4
737,1171,216,40,Bank Transfer,FRNT-OCT2025-1171,10012.55,payment_proofs/sample_proof_2.svg,Confirmed,,3,2025-10-01 00:00:00,2025-10-01 00:00:00,2025-10-01 00:00:00,2
738,1173,216,40,Maya,FRNT-DEC2025-1173,9955.02,payment_proofs/sample_proof_5.svg,Confirmed,,3,2025-12-01 00:00:00,2025-12-01 00:00:00,2025-12-01 00:00:00,4
739,1175,257,34,Bank Transfer,FRNT-DEC2024-1175,26338.00,payment_proofs/sample_proof_2.svg,Confirmed,,44,2024-12-01 00:00:00,2024-12-01 00:00:00,2024-12-01 00:00:00,2
740,1176,257,34,GCash,FRNT-JAN2025-1176,16476.48,payment_proofs/sample_proof_5.svg,Confirmed,,44,2025-01-01 00:00:00,2025-01-01 00:00:00,2025-01-01 00:00:00,3
741,1177,257,34,Maya,FRNT-FEB2025-1177,16262.53,payment_proofs/sample_proof_1.svg,Confirmed,,44,2025-02-01 00:00:00,2025-02-01 00:00:00,2025-02-01 00:00:00,3
742,1180,231,22,Bank Transfer,FRNT-JAN2025-1180,11986.47,payment_proofs/sample_proof_2.svg,Confirmed,,42,2025-01-01 00:00:00,2025-01-01 00:00:00,2025-01-01 00:00:00,3
743,1181,231,22,Bank Transfer,FRNT-FEB2025-1181,12064.16,payment_proofs/sample_proof_2.svg,Confirmed,,42,2025-02-01 00:00:00,2025-02-01 00:00:00,2025-02-01 00:00:00,3
744,1182,231,22,GCash,FRNT-MAR2025-1182,10963.61,payment_proofs/sample_proof_1.svg,Confirmed,,42,2025-03-01 00:00:00,2025-03-01 00:00:00,2025-03-01 00:00:00,4
745,1184,189,24,GCash,FRNT-FEB2025-1184,9908.38,payment_proofs/sample_proof_5.svg,Confirmed,,42,2025-02-01 00:00:00,2025-02-01 00:00:00,2025-02-01 00:00:00,3
746,1185,189,24,Maya,FRNT-MAR2025-1185,9286.42,payment_proofs/sample_proof_4.svg,Confirmed,,42,2025-03-01 00:00:00,2025-03-01 00:00:00,2025-03-01 00:00:00,1
747,1186,189,24,Bank Transfer,FRNT-APR2025-1186,7938.90,payment_proofs/sample_proof_5.svg,Confirmed,,42,2025-04-01 00:00:00,2025-04-01 00:00:00,2025-04-01 00:00:00,3
748,1189,106,30,Maya,FRNT-MAR2025-1189,10478.37,payment_proofs/sample_proof_2.svg,Confirmed,,3,2025-03-01 00:00:00,2025-03-01 00:00:00,2025-03-01 00:00:00,3
749,1190,106,30,Bank Transfer,FRNT-APR2025-1190,10418.80,payment_proofs/sample_proof_5.svg,Confirmed,,3,2025-04-01 00:00:00,2025-04-01 00:00:00,2025-04-01 00:00:00,3
750,1192,39,14,Maya,FRNT-JAN2025-1192,22694.00,payment_proofs/sample_proof_5.svg,Confirmed,,42,2025-01-01 00:00:00,2025-01-01 00:00:00,2025-01-01 00:00:00,4
751,1195,276,38,GCash,FRNT-FEB2025-1195,14537.84,payment_proofs/sample_proof_1.svg,Confirmed,,4,2025-02-01 00:00:00,2025-02-01 00:00:00,2025-02-01 00:00:00,2
752,1197,276,38,GCash,FRNT-APR2025-1197,13859.81,payment_proofs/sample_proof_5.svg,Confirmed,,4,2025-04-01 00:00:00,2025-04-01 00:00:00,2025-04-01 00:00:00,1
753,1200,35,12,Bank Transfer,FRNT-MAR2025-1200,13778.30,payment_proofs/sample_proof_5.svg,Confirmed,,4,2025-03-01 00:00:00,2025-03-01 00:00:00,2025-03-01 00:00:00,4
754,1201,35,12,Maya,FRNT-APR2025-1201,13415.28,payment_proofs/sample_proof_1.svg,Confirmed,,4,2025-04-01 00:00:00,2025-04-01 00:00:00,2025-04-01 00:00:00,1
755,1202,35,12,GCash,FRNT-MAY2025-1202,14073.71,payment_proofs/sample_proof_2.svg,Confirmed,,4,2025-05-01 00:00:00,2025-05-01 00:00:00,2025-05-01 00:00:00,2
756,1203,35,12,Maya,FRNT-JUN2025-1203,13335.83,payment_proofs/sample_proof_1.svg,Confirmed,,4,2025-06-01 00:00:00,2025-06-01 00:00:00,2025-06-01 00:00:00,1
757,1205,35,12,Bank Transfer,FRNT-AUG2025-1205,14192.03,payment_proofs/sample_proof_1.svg,Confirmed,,4,2025-08-01 00:00:00,2025-08-01 00:00:00,2025-08-01 00:00:00,1
758,1206,35,12,Bank Transfer,FRNT-SEP2025-1206,13848.37,payment_proofs/sample_proof_4.svg,Confirmed,,4,2025-09-01 00:00:00,2025-09-01 00:00:00,2025-09-01 00:00:00,3
759,1207,35,12,Maya,FRNT-OCT2025-1207,13680.15,payment_proofs/sample_proof_4.svg,Confirmed,,4,2025-10-01 00:00:00,2025-10-01 00:00:00,2025-10-01 00:00:00,4
760,1209,35,12,Bank Transfer,FRNT-DEC2025-1209,13730.34,payment_proofs/sample_proof_3.svg,Confirmed,,4,2025-12-01 00:00:00,2025-12-01 00:00:00,2025-12-01 00:00:00,2
761,1213,78,35,Bank Transfer,FRNT-MAR2025-1213,13425.67,payment_proofs/sample_proof_1.svg,Confirmed,,3,2025-03-01 00:00:00,2025-03-01 00:00:00,2025-03-01 00:00:00,4
762,1214,78,35,Maya,FRNT-APR2025-1214,13243.43,payment_proofs/sample_proof_3.svg,Confirmed,,3,2025-04-01 00:00:00,2025-04-01 00:00:00,2025-04-01 00:00:00,3
763,1218,67,33,GCash,FRNT-MAY2025-1218,13173.67,payment_proofs/sample_proof_1.svg,Confirmed,,3,2025-05-01 00:00:00,2025-05-01 00:00:00,2025-05-01 00:00:00,1
764,1220,176,29,GCash,FRNT-MAR2025-1220,12148.97,payment_proofs/sample_proof_1.svg,Confirmed,,4,2025-03-01 00:00:00,2025-03-01 00:00:00,2025-03-01 00:00:00,3
765,1222,176,29,GCash,FRNT-MAY2025-1222,11658.46,payment_proofs/sample_proof_3.svg,Confirmed,,4,2025-05-01 00:00:00,2025-05-01 00:00:00,2025-05-01 00:00:00,3
766,1223,176,29,Bank Transfer,FRNT-JUN2025-1223,11732.05,payment_proofs/sample_proof_5.svg,Confirmed,,4,2025-06-01 00:00:00,2025-06-01 00:00:00,2025-06-01 00:00:00,4
767,1225,176,29,Maya,FRNT-AUG2025-1225,11367.43,payment_proofs/sample_proof_2.svg,Confirmed,,4,2025-08-01 00:00:00,2025-08-01 00:00:00,2025-08-01 00:00:00,3
768,1227,199,11,Bank Transfer,FRNT-MAR2025-1227,12948.02,payment_proofs/sample_proof_2.svg,Confirmed,,42,2025-03-01 00:00:00,2025-03-01 00:00:00,2025-03-01 00:00:00,2
769,1228,199,11,GCash,FRNT-APR2025-1228,12025.75,payment_proofs/sample_proof_3.svg,Confirmed,,42,2025-04-01 00:00:00,2025-04-01 00:00:00,2025-04-01 00:00:00,2
770,1229,199,11,Bank Transfer,FRNT-MAY2025-1229,11728.02,payment_proofs/sample_proof_3.svg,Confirmed,,42,2025-05-01 00:00:00,2025-05-01 00:00:00,2025-05-01 00:00:00,2
771,1231,40,14,Bank Transfer,FRNT-MAR2025-1231,14267.80,payment_proofs/sample_proof_1.svg,Confirmed,,42,2025-03-01 00:00:00,2025-03-01 00:00:00,2025-03-01 00:00:00,2
772,1232,40,14,Maya,FRNT-APR2025-1232,14050.34,payment_proofs/sample_proof_2.svg,Confirmed,,42,2025-04-01 00:00:00,2025-04-01 00:00:00,2025-04-01 00:00:00,2
773,1233,40,14,GCash,FRNT-MAY2025-1233,12776.12,payment_proofs/sample_proof_3.svg,Confirmed,,42,2025-05-01 00:00:00,2025-05-01 00:00:00,2025-05-01 00:00:00,1
774,1235,169,39,Bank Transfer,FRNT-FEB2025-1235,25626.00,payment_proofs/sample_proof_4.svg,Confirmed,,4,2025-02-01 00:00:00,2025-02-01 00:00:00,2025-02-01 00:00:00,3
775,1236,169,39,GCash,FRNT-MAR2025-1236,14379.44,payment_proofs/sample_proof_3.svg,Confirmed,,4,2025-03-01 00:00:00,2025-03-01 00:00:00,2025-03-01 00:00:00,3
776,1238,169,39,Bank Transfer,FRNT-MAY2025-1238,13960.20,payment_proofs/sample_proof_2.svg,Confirmed,,4,2025-05-01 00:00:00,2025-05-01 00:00:00,2025-05-01 00:00:00,4
777,1240,14,8,Bank Transfer,FRNT-MAR2025-1240,9270.15,payment_proofs/sample_proof_4.svg,Confirmed,,43,2025-03-01 00:00:00,2025-03-01 00:00:00,2025-03-01 00:00:00,4
778,1241,14,8,Maya,FRNT-APR2025-1241,8657.09,payment_proofs/sample_proof_1.svg,Confirmed,,43,2025-04-01 00:00:00,2025-04-01 00:00:00,2025-04-01 00:00:00,1
779,1242,14,8,Maya,FRNT-MAY2025-1242,8959.13,payment_proofs/sample_proof_2.svg,Confirmed,,43,2025-05-01 00:00:00,2025-05-01 00:00:00,2025-05-01 00:00:00,3
780,1244,14,8,Maya,FRNT-JUL2025-1244,9154.27,payment_proofs/sample_proof_3.svg,Confirmed,,43,2025-07-01 00:00:00,2025-07-01 00:00:00,2025-07-01 00:00:00,1
781,1245,14,8,GCash,FRNT-AUG2025-1245,8297.50,payment_proofs/sample_proof_1.svg,Confirmed,,43,2025-08-01 00:00:00,2025-08-01 00:00:00,2025-08-01 00:00:00,4
782,1250,258,34,Bank Transfer,FRNT-JUL2025-1250,15478.53,payment_proofs/sample_proof_2.svg,Confirmed,,44,2025-07-01 00:00:00,2025-07-01 00:00:00,2025-07-01 00:00:00,3
783,1257,112,27,Maya,FRNT-APR2025-1257,12743.43,payment_proofs/sample_proof_3.svg,Confirmed,,3,2025-04-01 00:00:00,2025-04-01 00:00:00,2025-04-01 00:00:00,4
784,1258,112,27,Maya,FRNT-MAY2025-1258,12673.67,payment_proofs/sample_proof_4.svg,Confirmed,,3,2025-05-01 00:00:00,2025-05-01 00:00:00,2025-05-01 00:00:00,2
785,1259,112,27,Bank Transfer,FRNT-JUN2025-1259,13058.56,payment_proofs/sample_proof_1.svg,Confirmed,,3,2025-06-01 00:00:00,2025-06-01 00:00:00,2025-06-01 00:00:00,2
786,1261,112,27,GCash,FRNT-AUG2025-1261,12972.08,payment_proofs/sample_proof_4.svg,Confirmed,,3,2025-08-01 00:00:00,2025-08-01 00:00:00,2025-08-01 00:00:00,1
787,1262,112,27,Maya,FRNT-SEP2025-1262,12633.83,payment_proofs/sample_proof_1.svg,Confirmed,,3,2025-09-01 00:00:00,2025-09-01 00:00:00,2025-09-01 00:00:00,4
788,1264,165,17,Bank Transfer,FRNT-APR2025-1264,7628.27,payment_proofs/sample_proof_4.svg,Confirmed,,4,2025-04-01 00:00:00,2025-04-01 00:00:00,2025-04-01 00:00:00,2
789,1265,165,17,Maya,FRNT-MAY2025-1265,7685.13,payment_proofs/sample_proof_3.svg,Confirmed,,4,2025-05-01 00:00:00,2025-05-01 00:00:00,2025-05-01 00:00:00,1
790,1267,165,17,Bank Transfer,FRNT-JUL2025-1267,7673.82,payment_proofs/sample_proof_4.svg,Confirmed,,4,2025-07-01 00:00:00,2025-07-01 00:00:00,2025-07-01 00:00:00,3
791,1268,165,17,Bank Transfer,FRNT-AUG2025-1268,7660.06,payment_proofs/sample_proof_4.svg,Confirmed,,4,2025-08-01 00:00:00,2025-08-01 00:00:00,2025-08-01 00:00:00,1
792,1269,165,17,Bank Transfer,FRNT-SEP2025-1269,7731.26,payment_proofs/sample_proof_2.svg,Confirmed,,4,2025-09-01 00:00:00,2025-09-01 00:00:00,2025-09-01 00:00:00,4
793,1271,165,17,Bank Transfer,FRNT-NOV2025-1271,7481.38,payment_proofs/sample_proof_3.svg,Confirmed,,4,2025-11-01 00:00:00,2025-11-01 00:00:00,2025-11-01 00:00:00,1
794,1272,165,17,GCash,FRNT-DEC2025-1272,7487.20,payment_proofs/sample_proof_5.svg,Confirmed,,4,2025-12-01 00:00:00,2025-12-01 00:00:00,2025-12-01 00:00:00,4
795,1273,165,17,Bank Transfer,FRNT-JAN2026-1273,7732.60,payment_proofs/sample_proof_1.svg,Confirmed,,4,2026-01-01 00:00:00,2026-01-01 00:00:00,2026-01-01 00:00:00,4
796,1274,165,17,Maya,FRNT-FEB2026-1274,7759.10,payment_proofs/sample_proof_2.svg,Confirmed,,4,2026-02-01 00:00:00,2026-02-01 00:00:00,2026-02-01 00:00:00,3
797,1275,165,17,Bank Transfer,FRNT-MAR2026-1275,7229.72,payment_proofs/sample_proof_4.svg,Confirmed,,4,2026-03-01 00:00:00,2026-03-01 00:00:00,2026-03-01 00:00:00,3
798,1277,232,22,Maya,FRNT-APR2025-1277,11407.18,payment_proofs/sample_proof_5.svg,Confirmed,,42,2025-04-01 00:00:00,2025-04-01 00:00:00,2025-04-01 00:00:00,3
799,1278,232,22,Bank Transfer,FRNT-MAY2025-1278,11302.64,payment_proofs/sample_proof_2.svg,Confirmed,,42,2025-05-01 00:00:00,2025-05-01 00:00:00,2025-05-01 00:00:00,1
800,1280,232,22,GCash,FRNT-JUL2025-1280,11128.35,payment_proofs/sample_proof_4.svg,Confirmed,,42,2025-07-01 00:00:00,2025-07-01 00:00:00,2025-07-01 00:00:00,1
801,1281,232,22,Maya,FRNT-AUG2025-1281,11169.91,payment_proofs/sample_proof_4.svg,Confirmed,,42,2025-08-01 00:00:00,2025-08-01 00:00:00,2025-08-01 00:00:00,2
802,1282,232,22,GCash,FRNT-SEP2025-1282,10169.46,payment_proofs/sample_proof_5.svg,Confirmed,,42,2025-09-01 00:00:00,2025-09-01 00:00:00,2025-09-01 00:00:00,4
803,1285,190,24,Maya,FRNT-JUN2025-1285,8725.06,payment_proofs/sample_proof_2.svg,Confirmed,,42,2025-06-01 00:00:00,2025-06-01 00:00:00,2025-06-01 00:00:00,1
804,1286,190,24,GCash,FRNT-JUL2025-1286,8885.07,payment_proofs/sample_proof_1.svg,Confirmed,,42,2025-07-01 00:00:00,2025-07-01 00:00:00,2025-07-01 00:00:00,4
805,1288,190,24,GCash,FRNT-SEP2025-1288,8509.98,payment_proofs/sample_proof_2.svg,Confirmed,,42,2025-09-01 00:00:00,2025-09-01 00:00:00,2025-09-01 00:00:00,3
806,1289,190,24,Maya,FRNT-OCT2025-1289,7551.08,payment_proofs/sample_proof_2.svg,Confirmed,,42,2025-10-01 00:00:00,2025-10-01 00:00:00,2025-10-01 00:00:00,4
807,1291,277,38,Maya,FRNT-MAY2025-1291,14207.64,payment_proofs/sample_proof_5.svg,Confirmed,,4,2025-05-01 00:00:00,2025-05-01 00:00:00,2025-05-01 00:00:00,2
808,1293,277,38,Bank Transfer,FRNT-JUL2025-1293,14108.86,payment_proofs/sample_proof_3.svg,Confirmed,,4,2025-07-01 00:00:00,2025-07-01 00:00:00,2025-07-01 00:00:00,4
809,1295,79,35,GCash,FRNT-MAY2025-1295,13173.67,payment_proofs/sample_proof_1.svg,Confirmed,,3,2025-05-01 00:00:00,2025-05-01 00:00:00,2025-05-01 00:00:00,1
810,1296,79,35,GCash,FRNT-JUN2025-1296,13558.56,payment_proofs/sample_proof_1.svg,Confirmed,,3,2025-06-01 00:00:00,2025-06-01 00:00:00,2025-06-01 00:00:00,1
811,1297,79,35,Maya,FRNT-JUL2025-1297,13207.05,payment_proofs/sample_proof_4.svg,Confirmed,,3,2025-07-01 00:00:00,2025-07-01 00:00:00,2025-07-01 00:00:00,2
812,1300,21,10,GCash,FRNT-JUN2025-1300,13302.58,payment_proofs/sample_proof_2.svg,Confirmed,,44,2025-06-01 00:00:00,2025-06-01 00:00:00,2025-06-01 00:00:00,3
813,1304,21,10,Bank Transfer,FRNT-OCT2025-1304,12942.44,payment_proofs/sample_proof_3.svg,Confirmed,,44,2025-10-01 00:00:00,2025-10-01 00:00:00,2025-10-01 00:00:00,2
814,1305,21,10,Maya,FRNT-NOV2025-1305,13961.48,payment_proofs/sample_proof_2.svg,Confirmed,,44,2025-11-01 00:00:00,2025-11-01 00:00:00,2025-11-01 00:00:00,4
815,1307,21,10,GCash,FRNT-JAN2026-1307,13051.34,payment_proofs/sample_proof_3.svg,Confirmed,,44,2026-01-01 00:00:00,2026-01-01 00:00:00,2026-01-01 00:00:00,4
816,1308,21,10,GCash,FRNT-FEB2026-1308,12835.30,payment_proofs/sample_proof_4.svg,Confirmed,,44,2026-02-01 00:00:00,2026-02-01 00:00:00,2026-02-01 00:00:00,4
817,1309,21,10,GCash,FRNT-MAR2026-1309,13155.71,payment_proofs/sample_proof_5.svg,Confirmed,,44,2026-03-01 00:00:00,2026-03-01 00:00:00,2026-03-01 00:00:00,1
818,1312,254,41,Maya,FRNT-MAY2025-1312,15006.80,payment_proofs/sample_proof_4.svg,Confirmed,,4,2025-05-01 00:00:00,2025-05-01 00:00:00,2025-05-01 00:00:00,4
819,1314,254,41,Maya,FRNT-JUL2025-1314,14190.84,payment_proofs/sample_proof_1.svg,Confirmed,,4,2025-07-01 00:00:00,2025-07-01 00:00:00,2025-07-01 00:00:00,3
820,1316,107,30,GCash,FRNT-MAY2025-1316,9941.82,payment_proofs/sample_proof_1.svg,Confirmed,,3,2025-05-01 00:00:00,2025-05-01 00:00:00,2025-05-01 00:00:00,1
821,1317,107,30,Bank Transfer,FRNT-JUN2025-1317,9881.32,payment_proofs/sample_proof_3.svg,Confirmed,,3,2025-06-01 00:00:00,2025-06-01 00:00:00,2025-06-01 00:00:00,2
822,1319,107,30,GCash,FRNT-AUG2025-1319,10208.36,payment_proofs/sample_proof_4.svg,Confirmed,,3,2025-08-01 00:00:00,2025-08-01 00:00:00,2025-08-01 00:00:00,1
823,1320,107,30,Maya,FRNT-SEP2025-1320,10208.40,payment_proofs/sample_proof_4.svg,Confirmed,,3,2025-09-01 00:00:00,2025-09-01 00:00:00,2025-09-01 00:00:00,3
824,1321,107,30,Maya,FRNT-OCT2025-1321,10012.55,payment_proofs/sample_proof_4.svg,Confirmed,,3,2025-10-01 00:00:00,2025-10-01 00:00:00,2025-10-01 00:00:00,3
825,1323,90,23,GCash,FRNT-MAY2025-1323,14813.28,payment_proofs/sample_proof_5.svg,Confirmed,,43,2025-05-01 00:00:00,2025-05-01 00:00:00,2025-05-01 00:00:00,1
826,1327,90,23,GCash,FRNT-SEP2025-1327,14509.06,payment_proofs/sample_proof_1.svg,Confirmed,,43,2025-09-01 00:00:00,2025-09-01 00:00:00,2025-09-01 00:00:00,3
827,1328,90,23,Bank Transfer,FRNT-OCT2025-1328,14412.85,payment_proofs/sample_proof_2.svg,Confirmed,,43,2025-10-01 00:00:00,2025-10-01 00:00:00,2025-10-01 00:00:00,1
828,1329,90,23,Bank Transfer,FRNT-NOV2025-1329,14788.87,payment_proofs/sample_proof_3.svg,Confirmed,,43,2025-11-01 00:00:00,2025-11-01 00:00:00,2025-11-01 00:00:00,2
829,1330,90,23,Maya,FRNT-DEC2025-1330,14821.96,payment_proofs/sample_proof_4.svg,Confirmed,,43,2025-12-01 00:00:00,2025-12-01 00:00:00,2025-12-01 00:00:00,2
830,1331,90,23,Maya,FRNT-JAN2026-1331,14559.14,payment_proofs/sample_proof_1.svg,Confirmed,,43,2026-01-01 00:00:00,2026-01-01 00:00:00,2026-01-01 00:00:00,4
831,1332,90,23,Maya,FRNT-FEB2026-1332,14760.14,payment_proofs/sample_proof_1.svg,Confirmed,,43,2026-02-01 00:00:00,2026-02-01 00:00:00,2026-02-01 00:00:00,4
832,1333,90,23,GCash,FRNT-MAR2026-1333,14681.71,payment_proofs/sample_proof_4.svg,Confirmed,,43,2026-03-01 00:00:00,2026-03-01 00:00:00,2026-03-01 00:00:00,3
833,1337,200,11,Bank Transfer,FRNT-JUL2025-1337,11390.69,payment_proofs/sample_proof_1.svg,Confirmed,,42,2025-07-01 00:00:00,2025-07-01 00:00:00,2025-07-01 00:00:00,2
834,1338,200,11,Maya,FRNT-AUG2025-1338,12093.70,payment_proofs/sample_proof_5.svg,Confirmed,,42,2025-08-01 00:00:00,2025-08-01 00:00:00,2025-08-01 00:00:00,2
835,1339,200,11,Bank Transfer,FRNT-SEP2025-1339,12593.28,payment_proofs/sample_proof_5.svg,Confirmed,,42,2025-09-01 00:00:00,2025-09-01 00:00:00,2025-09-01 00:00:00,2
836,1340,200,11,Maya,FRNT-OCT2025-1340,12839.64,payment_proofs/sample_proof_4.svg,Confirmed,,42,2025-10-01 00:00:00,2025-10-01 00:00:00,2025-10-01 00:00:00,4
837,1341,200,11,Bank Transfer,FRNT-NOV2025-1341,12002.84,payment_proofs/sample_proof_5.svg,Confirmed,,42,2025-11-01 00:00:00,2025-11-01 00:00:00,2025-11-01 00:00:00,2
838,1342,200,11,GCash,FRNT-DEC2025-1342,11510.77,payment_proofs/sample_proof_4.svg,Confirmed,,42,2025-12-01 00:00:00,2025-12-01 00:00:00,2025-12-01 00:00:00,1
839,1343,200,11,Bank Transfer,FRNT-JAN2026-1343,12442.63,payment_proofs/sample_proof_2.svg,Confirmed,,42,2026-01-01 00:00:00,2026-01-01 00:00:00,2026-01-01 00:00:00,1
840,1346,200,11,Bank Transfer,FRNT-APR2026-1346,12342.30,payment_proofs/sample_proof_2.svg,Confirmed,,42,2026-04-01 00:00:00,2026-04-01 00:00:00,2026-04-01 00:00:00,2
841,1347,200,11,Maya,FRNT-MAY2026-1347,10987.46,payment_proofs/sample_proof_2.svg,Confirmed,,42,2026-05-01 00:00:00,2026-05-01 00:00:00,2026-05-01 00:00:00,3
842,1349,68,33,Maya,FRNT-JUN2025-1349,13058.56,payment_proofs/sample_proof_2.svg,Confirmed,,3,2025-06-01 00:00:00,2025-06-01 00:00:00,2025-06-01 00:00:00,1
843,1350,68,33,Maya,FRNT-JUL2025-1350,12707.05,payment_proofs/sample_proof_5.svg,Confirmed,,3,2025-07-01 00:00:00,2025-07-01 00:00:00,2025-07-01 00:00:00,1
844,1351,68,33,Bank Transfer,FRNT-AUG2025-1351,12972.08,payment_proofs/sample_proof_5.svg,Confirmed,,3,2025-08-01 00:00:00,2025-08-01 00:00:00,2025-08-01 00:00:00,4
845,1352,68,33,Maya,FRNT-SEP2025-1352,12633.83,payment_proofs/sample_proof_5.svg,Confirmed,,3,2025-09-01 00:00:00,2025-09-01 00:00:00,2025-09-01 00:00:00,3
846,1353,68,33,GCash,FRNT-OCT2025-1353,12897.78,payment_proofs/sample_proof_4.svg,Confirmed,,3,2025-10-01 00:00:00,2025-10-01 00:00:00,2025-10-01 00:00:00,2
847,1354,68,33,GCash,FRNT-NOV2025-1354,12638.69,payment_proofs/sample_proof_1.svg,Confirmed,,3,2025-11-01 00:00:00,2025-11-01 00:00:00,2025-11-01 00:00:00,4
848,1356,170,39,GCash,FRNT-JUN2025-1356,13647.93,payment_proofs/sample_proof_5.svg,Confirmed,,4,2025-06-01 00:00:00,2025-06-01 00:00:00,2025-06-01 00:00:00,3
849,1357,170,39,Maya,FRNT-JUL2025-1357,13777.12,payment_proofs/sample_proof_4.svg,Confirmed,,4,2025-07-01 00:00:00,2025-07-01 00:00:00,2025-07-01 00:00:00,3
850,1358,170,39,Bank Transfer,FRNT-AUG2025-1358,13830.05,payment_proofs/sample_proof_2.svg,Confirmed,,4,2025-08-01 00:00:00,2025-08-01 00:00:00,2025-08-01 00:00:00,4
851,1359,170,39,GCash,FRNT-SEP2025-1359,13761.46,payment_proofs/sample_proof_4.svg,Confirmed,,4,2025-09-01 00:00:00,2025-09-01 00:00:00,2025-09-01 00:00:00,1
852,1363,170,39,Maya,FRNT-JAN2026-1363,13788.29,payment_proofs/sample_proof_2.svg,Confirmed,,4,2026-01-01 00:00:00,2026-01-01 00:00:00,2026-01-01 00:00:00,1
853,1364,170,39,Bank Transfer,FRNT-FEB2026-1364,13753.12,payment_proofs/sample_proof_5.svg,Confirmed,,4,2026-02-01 00:00:00,2026-02-01 00:00:00,2026-02-01 00:00:00,2
854,1366,170,39,Maya,FRNT-APR2026-1366,13755.70,payment_proofs/sample_proof_4.svg,Confirmed,,4,2026-04-01 00:00:00,2026-04-01 00:00:00,2026-04-01 00:00:00,3
855,1367,170,39,Bank Transfer,FRNT-MAY2026-1367,13393.08,payment_proofs/sample_proof_3.svg,Confirmed,,4,2026-05-01 00:00:00,2026-05-01 00:00:00,2026-05-01 00:00:00,3
856,1369,6,6,Bank Transfer,FRNT-JUN2025-1369,12232.05,payment_proofs/sample_proof_1.svg,Confirmed,,4,2025-06-01 00:00:00,2025-06-01 00:00:00,2025-06-01 00:00:00,4
857,1371,157,9,Maya,FRNT-JUN2025-1371,12933.47,payment_proofs/sample_proof_5.svg,Confirmed,,3,2025-06-01 00:00:00,2025-06-01 00:00:00,2025-06-01 00:00:00,2
858,1372,157,9,Maya,FRNT-JUL2025-1372,12457.28,payment_proofs/sample_proof_3.svg,Confirmed,,3,2025-07-01 00:00:00,2025-07-01 00:00:00,2025-07-01 00:00:00,3
859,1376,157,9,GCash,FRNT-NOV2025-1376,13095.83,payment_proofs/sample_proof_1.svg,Confirmed,,3,2025-11-01 00:00:00,2025-11-01 00:00:00,2025-11-01 00:00:00,3
860,1377,157,9,GCash,FRNT-DEC2025-1377,13110.68,payment_proofs/sample_proof_3.svg,Confirmed,,3,2025-12-01 00:00:00,2025-12-01 00:00:00,2025-12-01 00:00:00,4
861,1378,157,9,GCash,FRNT-JAN2026-1378,13519.25,payment_proofs/sample_proof_1.svg,Confirmed,,3,2026-01-01 00:00:00,2026-01-01 00:00:00,2026-01-01 00:00:00,1
862,1379,157,9,GCash,FRNT-FEB2026-1379,12654.71,payment_proofs/sample_proof_5.svg,Confirmed,,3,2026-02-01 00:00:00,2026-02-01 00:00:00,2026-02-01 00:00:00,4
863,1380,157,9,Bank Transfer,FRNT-MAR2026-1380,12457.94,payment_proofs/sample_proof_2.svg,Confirmed,,3,2026-03-01 00:00:00,2026-03-01 00:00:00,2026-03-01 00:00:00,4
864,1381,157,9,GCash,FRNT-APR2026-1381,12021.15,payment_proofs/sample_proof_4.svg,Confirmed,,3,2026-04-01 00:00:00,2026-04-01 00:00:00,2026-04-01 00:00:00,2
865,1382,157,9,Maya,FRNT-MAY2026-1382,11786.37,payment_proofs/sample_proof_5.svg,Confirmed,,3,2026-05-01 00:00:00,2026-05-01 00:00:00,2026-05-01 00:00:00,1
866,1384,57,18,GCash,FRNT-JUN2025-1384,10381.32,payment_proofs/sample_proof_1.svg,Confirmed,,3,2025-06-01 00:00:00,2025-06-01 00:00:00,2025-06-01 00:00:00,4
867,1390,137,32,Bank Transfer,FRNT-JUL2025-1390,7673.82,payment_proofs/sample_proof_5.svg,Confirmed,,4,2025-07-01 00:00:00,2025-07-01 00:00:00,2025-07-01 00:00:00,1
868,1391,137,32,Bank Transfer,FRNT-AUG2025-1391,7660.06,payment_proofs/sample_proof_3.svg,Confirmed,,4,2025-08-01 00:00:00,2025-08-01 00:00:00,2025-08-01 00:00:00,3
869,1392,137,32,GCash,FRNT-SEP2025-1392,7731.26,payment_proofs/sample_proof_4.svg,Confirmed,,4,2025-09-01 00:00:00,2025-09-01 00:00:00,2025-09-01 00:00:00,4
870,1393,137,32,Maya,FRNT-OCT2025-1393,7420.60,payment_proofs/sample_proof_5.svg,Confirmed,,4,2025-10-01 00:00:00,2025-10-01 00:00:00,2025-10-01 00:00:00,4
871,1394,137,32,GCash,FRNT-NOV2025-1394,7481.38,payment_proofs/sample_proof_1.svg,Confirmed,,4,2025-11-01 00:00:00,2025-11-01 00:00:00,2025-11-01 00:00:00,4
872,1397,7,6,Maya,FRNT-JUL2025-1397,12028.72,payment_proofs/sample_proof_2.svg,Confirmed,,4,2025-07-01 00:00:00,2025-07-01 00:00:00,2025-07-01 00:00:00,1
873,1399,101,15,Bank Transfer,FRNT-JUL2025-1399,8789.32,payment_proofs/sample_proof_2.svg,Confirmed,,3,2025-07-01 00:00:00,2025-07-01 00:00:00,2025-07-01 00:00:00,2
874,1402,101,15,GCash,FRNT-OCT2025-1402,8462.14,payment_proofs/sample_proof_3.svg,Confirmed,,3,2025-10-01 00:00:00,2025-10-01 00:00:00,2025-10-01 00:00:00,2
875,1403,101,15,GCash,FRNT-NOV2025-1403,8035.96,payment_proofs/sample_proof_5.svg,Confirmed,,3,2025-11-01 00:00:00,2025-11-01 00:00:00,2025-11-01 00:00:00,3
876,1404,101,15,Bank Transfer,FRNT-DEC2025-1404,7419.96,payment_proofs/sample_proof_4.svg,Confirmed,,3,2025-12-01 00:00:00,2025-12-01 00:00:00,2025-12-01 00:00:00,2
877,1406,238,26,Bank Transfer,FRNT-JUL2025-1406,13608.86,payment_proofs/sample_proof_2.svg,Confirmed,,4,2025-07-01 00:00:00,2025-07-01 00:00:00,2025-07-01 00:00:00,1
878,1407,238,26,Bank Transfer,FRNT-AUG2025-1407,13814.97,payment_proofs/sample_proof_4.svg,Confirmed,,4,2025-08-01 00:00:00,2025-08-01 00:00:00,2025-08-01 00:00:00,4
879,1409,238,26,Maya,FRNT-OCT2025-1409,13547.43,payment_proofs/sample_proof_3.svg,Confirmed,,4,2025-10-01 00:00:00,2025-10-01 00:00:00,2025-10-01 00:00:00,1
880,1410,238,26,Maya,FRNT-NOV2025-1410,13930.81,payment_proofs/sample_proof_1.svg,Confirmed,,4,2025-11-01 00:00:00,2025-11-01 00:00:00,2025-11-01 00:00:00,3
881,1411,238,26,GCash,FRNT-DEC2025-1411,13715.92,payment_proofs/sample_proof_1.svg,Confirmed,,4,2025-12-01 00:00:00,2025-12-01 00:00:00,2025-12-01 00:00:00,1
882,1413,58,18,GCash,FRNT-JUL2025-1413,9980.70,payment_proofs/sample_proof_2.svg,Confirmed,,3,2025-07-01 00:00:00,2025-07-01 00:00:00,2025-07-01 00:00:00,4
883,1414,58,18,Maya,FRNT-AUG2025-1414,10208.36,payment_proofs/sample_proof_5.svg,Confirmed,,3,2025-08-01 00:00:00,2025-08-01 00:00:00,2025-08-01 00:00:00,4
884,1416,58,18,GCash,FRNT-OCT2025-1416,10012.55,payment_proofs/sample_proof_2.svg,Confirmed,,3,2025-10-01 00:00:00,2025-10-01 00:00:00,2025-10-01 00:00:00,3
885,1417,58,18,GCash,FRNT-NOV2025-1417,9937.31,payment_proofs/sample_proof_5.svg,Confirmed,,3,2025-11-01 00:00:00,2025-11-01 00:00:00,2025-11-01 00:00:00,2
886,1418,58,18,GCash,FRNT-DEC2025-1418,9955.02,payment_proofs/sample_proof_3.svg,Confirmed,,3,2025-12-01 00:00:00,2025-12-01 00:00:00,2025-12-01 00:00:00,2
887,1419,58,18,Bank Transfer,FRNT-JAN2026-1419,9812.92,payment_proofs/sample_proof_2.svg,Confirmed,,3,2026-01-01 00:00:00,2026-01-01 00:00:00,2026-01-01 00:00:00,2
888,1420,58,18,Maya,FRNT-FEB2026-1420,10138.48,payment_proofs/sample_proof_2.svg,Confirmed,,3,2026-02-01 00:00:00,2026-02-01 00:00:00,2026-02-01 00:00:00,3
889,1421,58,18,GCash,FRNT-MAR2026-1421,9884.82,payment_proofs/sample_proof_4.svg,Confirmed,,3,2026-03-01 00:00:00,2026-03-01 00:00:00,2026-03-01 00:00:00,3
890,1423,58,18,Bank Transfer,FRNT-MAY2026-1423,9791.40,payment_proofs/sample_proof_1.svg,Confirmed,,3,2026-05-01 00:00:00,2026-05-01 00:00:00,2026-05-01 00:00:00,2
891,1424,8,6,Bank Transfer,FRNT-AUG2025-1424,11367.43,payment_proofs/sample_proof_4.svg,Confirmed,,4,2025-08-01 00:00:00,2025-08-01 00:00:00,2025-08-01 00:00:00,4
892,1425,8,6,Maya,FRNT-SEP2025-1425,11515.37,payment_proofs/sample_proof_3.svg,Confirmed,,4,2025-09-01 00:00:00,2025-09-01 00:00:00,2025-09-01 00:00:00,3
893,1426,8,6,Maya,FRNT-OCT2025-1426,11540.29,payment_proofs/sample_proof_3.svg,Confirmed,,4,2025-10-01 00:00:00,2025-10-01 00:00:00,2025-10-01 00:00:00,3
894,1427,8,6,GCash,FRNT-NOV2025-1427,11706.89,payment_proofs/sample_proof_2.svg,Confirmed,,4,2025-11-01 00:00:00,2025-11-01 00:00:00,2025-11-01 00:00:00,1
895,1428,8,6,Bank Transfer,FRNT-DEC2025-1428,11779.92,payment_proofs/sample_proof_3.svg,Confirmed,,4,2025-12-01 00:00:00,2025-12-01 00:00:00,2025-12-01 00:00:00,2
896,1429,8,6,GCash,FRNT-JAN2026-1429,11542.70,payment_proofs/sample_proof_4.svg,Confirmed,,4,2026-01-01 00:00:00,2026-01-01 00:00:00,2026-01-01 00:00:00,4
897,1431,255,41,Maya,FRNT-AUG2025-1431,15014.60,payment_proofs/sample_proof_2.svg,Confirmed,,4,2025-08-01 00:00:00,2025-08-01 00:00:00,2025-08-01 00:00:00,3
898,1432,255,41,Maya,FRNT-SEP2025-1432,15047.85,payment_proofs/sample_proof_1.svg,Confirmed,,4,2025-09-01 00:00:00,2025-09-01 00:00:00,2025-09-01 00:00:00,3
899,1433,255,41,GCash,FRNT-OCT2025-1433,14151.50,payment_proofs/sample_proof_4.svg,Confirmed,,4,2025-10-01 00:00:00,2025-10-01 00:00:00,2025-10-01 00:00:00,1
900,1437,80,35,GCash,FRNT-AUG2025-1437,12972.08,payment_proofs/sample_proof_1.svg,Confirmed,,3,2025-08-01 00:00:00,2025-08-01 00:00:00,2025-08-01 00:00:00,3
901,1438,80,35,Bank Transfer,FRNT-SEP2025-1438,12633.83,payment_proofs/sample_proof_3.svg,Confirmed,,3,2025-09-01 00:00:00,2025-09-01 00:00:00,2025-09-01 00:00:00,1
902,1439,80,35,Maya,FRNT-OCT2025-1439,12897.78,payment_proofs/sample_proof_3.svg,Confirmed,,3,2025-10-01 00:00:00,2025-10-01 00:00:00,2025-10-01 00:00:00,1
903,1440,80,35,Maya,FRNT-NOV2025-1440,12638.69,payment_proofs/sample_proof_4.svg,Confirmed,,3,2025-11-01 00:00:00,2025-11-01 00:00:00,2025-11-01 00:00:00,1
904,1441,80,35,GCash,FRNT-DEC2025-1441,12704.62,payment_proofs/sample_proof_2.svg,Confirmed,,3,2025-12-01 00:00:00,2025-12-01 00:00:00,2025-12-01 00:00:00,2
905,1442,80,35,Maya,FRNT-JAN2026-1442,12895.10,payment_proofs/sample_proof_3.svg,Confirmed,,3,2026-01-01 00:00:00,2026-01-01 00:00:00,2026-01-01 00:00:00,2
906,1446,51,16,Maya,FRNT-OCT2025-1446,12405.68,payment_proofs/sample_proof_1.svg,Confirmed,,43,2025-10-01 00:00:00,2025-10-01 00:00:00,2025-10-01 00:00:00,4
907,1448,278,38,GCash,FRNT-AUG2025-1448,13814.97,payment_proofs/sample_proof_4.svg,Confirmed,,4,2025-08-01 00:00:00,2025-08-01 00:00:00,2025-08-01 00:00:00,2
908,1449,278,38,Bank Transfer,FRNT-SEP2025-1449,13708.69,payment_proofs/sample_proof_4.svg,Confirmed,,4,2025-09-01 00:00:00,2025-09-01 00:00:00,2025-09-01 00:00:00,2
909,1451,278,38,Bank Transfer,FRNT-NOV2025-1451,13930.81,payment_proofs/sample_proof_1.svg,Confirmed,,4,2025-11-01 00:00:00,2025-11-01 00:00:00,2025-11-01 00:00:00,1
910,1452,278,38,Maya,FRNT-DEC2025-1452,13715.92,payment_proofs/sample_proof_1.svg,Confirmed,,4,2025-12-01 00:00:00,2025-12-01 00:00:00,2025-12-01 00:00:00,2
911,1453,278,38,GCash,FRNT-JAN2026-1453,13411.31,payment_proofs/sample_proof_4.svg,Confirmed,,4,2026-01-01 00:00:00,2026-01-01 00:00:00,2026-01-01 00:00:00,4
912,1455,262,21,GCash,FRNT-JUL2025-1455,22130.00,payment_proofs/sample_proof_2.svg,Confirmed,,4,2025-07-01 00:00:00,2025-07-01 00:00:00,2025-07-01 00:00:00,3
913,1456,262,21,GCash,FRNT-AUG2025-1456,11867.43,payment_proofs/sample_proof_1.svg,Confirmed,,4,2025-08-01 00:00:00,2025-08-01 00:00:00,2025-08-01 00:00:00,4
914,1457,262,21,GCash,FRNT-SEP2025-1457,12015.37,payment_proofs/sample_proof_3.svg,Confirmed,,4,2025-09-01 00:00:00,2025-09-01 00:00:00,2025-09-01 00:00:00,4
915,1458,262,21,Bank Transfer,FRNT-OCT2025-1458,12040.29,payment_proofs/sample_proof_1.svg,Confirmed,,4,2025-10-01 00:00:00,2025-10-01 00:00:00,2025-10-01 00:00:00,4
916,1460,182,37,Maya,FRNT-AUG2025-1460,14638.76,payment_proofs/sample_proof_1.svg,Confirmed,,43,2025-08-01 00:00:00,2025-08-01 00:00:00,2025-08-01 00:00:00,2
917,1461,182,37,GCash,FRNT-SEP2025-1461,14509.06,payment_proofs/sample_proof_1.svg,Confirmed,,43,2025-09-01 00:00:00,2025-09-01 00:00:00,2025-09-01 00:00:00,2
918,1462,182,37,GCash,FRNT-OCT2025-1462,14412.85,payment_proofs/sample_proof_3.svg,Confirmed,,43,2025-10-01 00:00:00,2025-10-01 00:00:00,2025-10-01 00:00:00,4
919,1464,182,37,GCash,FRNT-DEC2025-1464,14821.96,payment_proofs/sample_proof_1.svg,Confirmed,,43,2025-12-01 00:00:00,2025-12-01 00:00:00,2025-12-01 00:00:00,4
920,1465,182,37,Bank Transfer,FRNT-JAN2026-1465,14559.14,payment_proofs/sample_proof_3.svg,Confirmed,,43,2026-01-01 00:00:00,2026-01-01 00:00:00,2026-01-01 00:00:00,2
921,1466,182,37,Maya,FRNT-FEB2026-1466,14760.14,payment_proofs/sample_proof_2.svg,Confirmed,,43,2026-02-01 00:00:00,2026-02-01 00:00:00,2026-02-01 00:00:00,1
922,1467,182,37,Bank Transfer,FRNT-MAR2026-1467,14681.71,payment_proofs/sample_proof_4.svg,Confirmed,,43,2026-03-01 00:00:00,2026-03-01 00:00:00,2026-03-01 00:00:00,2
923,1468,182,37,Bank Transfer,FRNT-APR2026-1468,14564.31,payment_proofs/sample_proof_1.svg,Confirmed,,43,2026-04-01 00:00:00,2026-04-01 00:00:00,2026-04-01 00:00:00,2
924,1469,182,37,Maya,FRNT-MAY2026-1469,14586.43,payment_proofs/sample_proof_2.svg,Confirmed,,43,2026-05-01 00:00:00,2026-05-01 00:00:00,2026-05-01 00:00:00,1
925,1470,42,14,Bank Transfer,FRNT-SEP2025-1470,13259.68,payment_proofs/sample_proof_4.svg,Confirmed,,42,2025-09-01 00:00:00,2025-09-01 00:00:00,2025-09-01 00:00:00,2
926,1471,42,14,Bank Transfer,FRNT-OCT2025-1471,12769.31,payment_proofs/sample_proof_2.svg,Confirmed,,42,2025-10-01 00:00:00,2025-10-01 00:00:00,2025-10-01 00:00:00,3
927,1474,42,14,Maya,FRNT-JAN2026-1474,13706.89,payment_proofs/sample_proof_5.svg,Confirmed,,42,2026-01-01 00:00:00,2026-01-01 00:00:00,2026-01-01 00:00:00,3
928,1475,42,14,Maya,FRNT-FEB2026-1475,13114.98,payment_proofs/sample_proof_3.svg,Confirmed,,42,2026-02-01 00:00:00,2026-02-01 00:00:00,2026-02-01 00:00:00,4
929,1476,42,14,Bank Transfer,FRNT-MAR2026-1476,12851.77,payment_proofs/sample_proof_5.svg,Confirmed,,42,2026-03-01 00:00:00,2026-03-01 00:00:00,2026-03-01 00:00:00,3
930,1477,42,14,Maya,FRNT-APR2026-1477,14155.22,payment_proofs/sample_proof_2.svg,Confirmed,,42,2026-04-01 00:00:00,2026-04-01 00:00:00,2026-04-01 00:00:00,1
931,1478,42,14,Bank Transfer,FRNT-MAY2026-1478,12763.30,payment_proofs/sample_proof_4.svg,Confirmed,,42,2026-05-01 00:00:00,2026-05-01 00:00:00,2026-05-01 00:00:00,2
932,1479,15,8,Maya,FRNT-SEP2025-1479,8941.65,payment_proofs/sample_proof_2.svg,Confirmed,,43,2025-09-01 00:00:00,2025-09-01 00:00:00,2025-09-01 00:00:00,3
933,1486,135,19,Maya,FRNT-DEC2025-1486,7571.75,payment_proofs/sample_proof_1.svg,Confirmed,,43,2025-12-01 00:00:00,2025-12-01 00:00:00,2025-12-01 00:00:00,2
934,1487,135,19,Maya,FRNT-JAN2026-1487,8038.44,payment_proofs/sample_proof_2.svg,Confirmed,,43,2026-01-01 00:00:00,2026-01-01 00:00:00,2026-01-01 00:00:00,4
935,1488,135,19,Bank Transfer,FRNT-FEB2026-1488,8096.41,payment_proofs/sample_proof_4.svg,Confirmed,,43,2026-02-01 00:00:00,2026-02-01 00:00:00,2026-02-01 00:00:00,1
936,1489,135,19,Bank Transfer,FRNT-MAR2026-1489,7885.31,payment_proofs/sample_proof_4.svg,Confirmed,,43,2026-03-01 00:00:00,2026-03-01 00:00:00,2026-03-01 00:00:00,4
937,1490,135,19,Maya,FRNT-APR2026-1490,8411.61,payment_proofs/sample_proof_3.svg,Confirmed,,43,2026-04-01 00:00:00,2026-04-01 00:00:00,2026-04-01 00:00:00,1
938,1491,135,19,GCash,FRNT-MAY2026-1491,7232.92,payment_proofs/sample_proof_5.svg,Confirmed,,43,2026-05-01 00:00:00,2026-05-01 00:00:00,2026-05-01 00:00:00,4
939,1494,259,34,Bank Transfer,FRNT-OCT2025-1494,14809.39,payment_proofs/sample_proof_2.svg,Confirmed,,44,2025-10-01 00:00:00,2025-10-01 00:00:00,2025-10-01 00:00:00,2
940,1498,233,22,Maya,FRNT-DEC2025-1498,11375.27,payment_proofs/sample_proof_4.svg,Confirmed,,42,2025-12-01 00:00:00,2025-12-01 00:00:00,2025-12-01 00:00:00,4
941,1501,233,22,Bank Transfer,FRNT-MAR2026-1501,10543.11,payment_proofs/sample_proof_2.svg,Confirmed,,42,2026-03-01 00:00:00,2026-03-01 00:00:00,2026-03-01 00:00:00,1
942,1503,113,27,Bank Transfer,FRNT-OCT2025-1503,12897.78,payment_proofs/sample_proof_5.svg,Confirmed,,3,2025-10-01 00:00:00,2025-10-01 00:00:00,2025-10-01 00:00:00,4
943,1504,113,27,Bank Transfer,FRNT-NOV2025-1504,12638.69,payment_proofs/sample_proof_2.svg,Confirmed,,3,2025-11-01 00:00:00,2025-11-01 00:00:00,2025-11-01 00:00:00,3
944,1505,113,27,Bank Transfer,FRNT-DEC2025-1505,12704.62,payment_proofs/sample_proof_5.svg,Confirmed,,3,2025-12-01 00:00:00,2025-12-01 00:00:00,2025-12-01 00:00:00,1
945,1507,113,27,Maya,FRNT-FEB2026-1507,13099.34,payment_proofs/sample_proof_5.svg,Confirmed,,3,2026-02-01 00:00:00,2026-02-01 00:00:00,2026-02-01 00:00:00,3
946,1508,113,27,Maya,FRNT-MAR2026-1508,13129.76,payment_proofs/sample_proof_3.svg,Confirmed,,3,2026-03-01 00:00:00,2026-03-01 00:00:00,2026-03-01 00:00:00,4
947,1509,113,27,GCash,FRNT-APR2026-1509,12705.66,payment_proofs/sample_proof_5.svg,Confirmed,,3,2026-04-01 00:00:00,2026-04-01 00:00:00,2026-04-01 00:00:00,1
948,1510,113,27,Maya,FRNT-MAY2026-1510,12799.12,payment_proofs/sample_proof_5.svg,Confirmed,,3,2026-05-01 00:00:00,2026-05-01 00:00:00,2026-05-01 00:00:00,3
949,1511,178,29,GCash,FRNT-OCT2025-1511,12040.29,payment_proofs/sample_proof_1.svg,Confirmed,,4,2025-10-01 00:00:00,2025-10-01 00:00:00,2025-10-01 00:00:00,3
950,1513,178,29,GCash,FRNT-DEC2025-1513,12279.92,payment_proofs/sample_proof_1.svg,Confirmed,,4,2025-12-01 00:00:00,2025-12-01 00:00:00,2025-12-01 00:00:00,4
951,1515,302,7,GCash,FRNT-NOV2025-1515,13818.49,payment_proofs/sample_proof_3.svg,Confirmed,,4,2025-11-01 00:00:00,2025-11-01 00:00:00,2025-11-01 00:00:00,4
952,1516,302,7,GCash,FRNT-DEC2025-1516,13575.79,payment_proofs/sample_proof_5.svg,Confirmed,,4,2025-12-01 00:00:00,2025-12-01 00:00:00,2025-12-01 00:00:00,3
953,1518,302,7,Bank Transfer,FRNT-FEB2026-1518,13753.12,payment_proofs/sample_proof_4.svg,Confirmed,,4,2026-02-01 00:00:00,2026-02-01 00:00:00,2026-02-01 00:00:00,4
954,1519,302,7,Maya,FRNT-MAR2026-1519,14003.45,payment_proofs/sample_proof_4.svg,Confirmed,,4,2026-03-01 00:00:00,2026-03-01 00:00:00,2026-03-01 00:00:00,3
955,1522,52,16,GCash,FRNT-NOV2025-1522,12446.87,payment_proofs/sample_proof_3.svg,Confirmed,,43,2025-11-01 00:00:00,2025-11-01 00:00:00,2025-11-01 00:00:00,4
956,1523,52,16,GCash,FRNT-DEC2025-1523,12777.67,payment_proofs/sample_proof_1.svg,Confirmed,,43,2025-12-01 00:00:00,2025-12-01 00:00:00,2025-12-01 00:00:00,1
957,1524,52,16,Bank Transfer,FRNT-JAN2026-1524,12501.92,payment_proofs/sample_proof_2.svg,Confirmed,,43,2026-01-01 00:00:00,2026-01-01 00:00:00,2026-01-01 00:00:00,2
958,1525,52,16,Bank Transfer,FRNT-FEB2026-1525,12433.11,payment_proofs/sample_proof_3.svg,Confirmed,,43,2026-02-01 00:00:00,2026-02-01 00:00:00,2026-02-01 00:00:00,4
959,1526,52,16,Maya,FRNT-MAR2026-1526,12608.26,payment_proofs/sample_proof_3.svg,Confirmed,,43,2026-03-01 00:00:00,2026-03-01 00:00:00,2026-03-01 00:00:00,4
960,1527,52,16,Maya,FRNT-APR2026-1527,13157.53,payment_proofs/sample_proof_2.svg,Confirmed,,43,2026-04-01 00:00:00,2026-04-01 00:00:00,2026-04-01 00:00:00,2
961,1529,96,25,Maya,FRNT-NOV2025-1529,14601.18,payment_proofs/sample_proof_4.svg,Confirmed,,44,2025-11-01 00:00:00,2025-11-01 00:00:00,2025-11-01 00:00:00,3
962,1531,96,25,Maya,FRNT-JAN2026-1531,14173.15,payment_proofs/sample_proof_1.svg,Confirmed,,44,2026-01-01 00:00:00,2026-01-01 00:00:00,2026-01-01 00:00:00,4
963,1532,96,25,GCash,FRNT-FEB2026-1532,14554.27,payment_proofs/sample_proof_2.svg,Confirmed,,44,2026-02-01 00:00:00,2026-02-01 00:00:00,2026-02-01 00:00:00,3
964,1533,96,25,GCash,FRNT-MAR2026-1533,14119.98,payment_proofs/sample_proof_1.svg,Confirmed,,44,2026-03-01 00:00:00,2026-03-01 00:00:00,2026-03-01 00:00:00,4
965,1534,96,25,Maya,FRNT-APR2026-1534,14218.49,payment_proofs/sample_proof_3.svg,Confirmed,,44,2026-04-01 00:00:00,2026-04-01 00:00:00,2026-04-01 00:00:00,1
966,1537,108,30,Maya,FRNT-DEC2025-1537,10455.02,payment_proofs/sample_proof_5.svg,Confirmed,,3,2025-12-01 00:00:00,2025-12-01 00:00:00,2025-12-01 00:00:00,3
967,1542,191,24,GCash,FRNT-JAN2026-1542,8427.25,payment_proofs/sample_proof_3.svg,Confirmed,,42,2026-01-01 00:00:00,2026-01-01 00:00:00,2026-01-01 00:00:00,3
968,1544,207,31,Maya,FRNT-NOV2025-1544,8463.02,payment_proofs/sample_proof_2.svg,Confirmed,,43,2025-11-01 00:00:00,2025-11-01 00:00:00,2025-11-01 00:00:00,1
969,1545,207,31,Bank Transfer,FRNT-DEC2025-1545,8079.30,payment_proofs/sample_proof_1.svg,Confirmed,,43,2025-12-01 00:00:00,2025-12-01 00:00:00,2025-12-01 00:00:00,4
970,1546,207,31,Bank Transfer,FRNT-JAN2026-1546,8100.36,payment_proofs/sample_proof_3.svg,Confirmed,,43,2026-01-01 00:00:00,2026-01-01 00:00:00,2026-01-01 00:00:00,1
971,1547,207,31,Bank Transfer,FRNT-FEB2026-1547,8557.17,payment_proofs/sample_proof_4.svg,Confirmed,,43,2026-02-01 00:00:00,2026-02-01 00:00:00,2026-02-01 00:00:00,2
972,1548,207,31,Bank Transfer,FRNT-MAR2026-1548,8138.61,payment_proofs/sample_proof_5.svg,Confirmed,,43,2026-03-01 00:00:00,2026-03-01 00:00:00,2026-03-01 00:00:00,2
973,1549,207,31,Bank Transfer,FRNT-APR2026-1549,8009.70,payment_proofs/sample_proof_4.svg,Confirmed,,43,2026-04-01 00:00:00,2026-04-01 00:00:00,2026-04-01 00:00:00,3
974,1550,207,31,Maya,FRNT-MAY2026-1550,8467.48,payment_proofs/sample_proof_2.svg,Confirmed,,43,2026-05-01 00:00:00,2026-05-01 00:00:00,2026-05-01 00:00:00,3
975,1551,256,41,Maya,FRNT-NOV2025-1551,13666.83,payment_proofs/sample_proof_3.svg,Confirmed,,4,2025-11-01 00:00:00,2025-11-01 00:00:00,2025-11-01 00:00:00,2
976,1552,256,41,Maya,FRNT-DEC2025-1552,15025.63,payment_proofs/sample_proof_3.svg,Confirmed,,4,2025-12-01 00:00:00,2025-12-01 00:00:00,2025-12-01 00:00:00,1
977,1553,256,41,GCash,FRNT-JAN2026-1553,15140.39,payment_proofs/sample_proof_1.svg,Confirmed,,4,2026-01-01 00:00:00,2026-01-01 00:00:00,2026-01-01 00:00:00,3
978,1554,256,41,Maya,FRNT-FEB2026-1554,14545.17,payment_proofs/sample_proof_2.svg,Confirmed,,4,2026-02-01 00:00:00,2026-02-01 00:00:00,2026-02-01 00:00:00,4
979,1555,256,41,GCash,FRNT-MAR2026-1555,14592.12,payment_proofs/sample_proof_4.svg,Confirmed,,4,2026-03-01 00:00:00,2026-03-01 00:00:00,2026-03-01 00:00:00,4
980,1556,256,41,Maya,FRNT-APR2026-1556,14504.38,payment_proofs/sample_proof_3.svg,Confirmed,,4,2026-04-01 00:00:00,2026-04-01 00:00:00,2026-04-01 00:00:00,4
981,1557,256,41,Maya,MY-RFU0118,14159.37,payment_proofs/sample_proof_5.svg,Pending,,,,2026-05-06 00:00:00,2026-05-06 00:00:00,3
982,1559,260,34,GCash,FRNT-DEC2025-1558,16226.25,payment_proofs/sample_proof_3.svg,Confirmed,,44,2025-12-01 00:00:00,2025-12-01 00:00:00,2025-12-01 00:00:00,3
983,1560,260,34,GCash,FRNT-JAN2026-1559,14771.15,payment_proofs/sample_proof_4.svg,Confirmed,,44,2026-01-01 00:00:00,2026-01-01 00:00:00,2026-01-01 00:00:00,3
984,1562,263,21,Maya,FRNT-NOV2025-1561,11706.89,payment_proofs/sample_proof_5.svg,Confirmed,,4,2025-11-01 00:00:00,2025-11-01 00:00:00,2025-11-01 00:00:00,1
985,1563,263,21,GCash,FRNT-DEC2025-1562,11779.92,payment_proofs/sample_proof_1.svg,Confirmed,,4,2025-12-01 00:00:00,2025-12-01 00:00:00,2025-12-01 00:00:00,3
986,1564,263,21,GCash,FRNT-JAN2026-1563,11542.70,payment_proofs/sample_proof_1.svg,Confirmed,,4,2026-01-01 00:00:00,2026-01-01 00:00:00,2026-01-01 00:00:00,2
987,1565,263,21,Maya,FRNT-FEB2026-1564,11712.24,payment_proofs/sample_proof_1.svg,Confirmed,,4,2026-02-01 00:00:00,2026-02-01 00:00:00,2026-02-01 00:00:00,2
988,1566,263,21,Maya,FRNT-MAR2026-1565,11542.75,payment_proofs/sample_proof_1.svg,Confirmed,,4,2026-03-01 00:00:00,2026-03-01 00:00:00,2026-03-01 00:00:00,1
989,1569,69,33,Bank Transfer,FRNT-DEC2025-1568,12704.62,payment_proofs/sample_proof_3.svg,Confirmed,,3,2025-12-01 00:00:00,2025-12-01 00:00:00,2025-12-01 00:00:00,3
990,1570,69,33,GCash,FRNT-JAN2026-1569,12895.10,payment_proofs/sample_proof_5.svg,Confirmed,,3,2026-01-01 00:00:00,2026-01-01 00:00:00,2026-01-01 00:00:00,4
991,1571,69,33,Maya,FRNT-FEB2026-1570,13099.34,payment_proofs/sample_proof_4.svg,Confirmed,,3,2026-02-01 00:00:00,2026-02-01 00:00:00,2026-02-01 00:00:00,4
992,1572,69,33,GCash,FRNT-MAR2026-1571,13129.76,payment_proofs/sample_proof_4.svg,Confirmed,,3,2026-03-01 00:00:00,2026-03-01 00:00:00,2026-03-01 00:00:00,2
993,1573,69,33,GCash,FRNT-APR2026-1572,12705.66,payment_proofs/sample_proof_2.svg,Confirmed,,3,2026-04-01 00:00:00,2026-04-01 00:00:00,2026-04-01 00:00:00,2
994,1576,16,8,GCash,FRNT-DEC2025-1575,9465.32,payment_proofs/sample_proof_4.svg,Confirmed,,43,2025-12-01 00:00:00,2025-12-01 00:00:00,2025-12-01 00:00:00,1
995,1578,16,8,Bank Transfer,FRNT-FEB2026-1577,8613.68,payment_proofs/sample_proof_2.svg,Confirmed,,43,2026-02-01 00:00:00,2026-02-01 00:00:00,2026-02-01 00:00:00,3
996,1579,16,8,GCash,FRNT-MAR2026-1578,8549.84,payment_proofs/sample_proof_4.svg,Confirmed,,43,2026-03-01 00:00:00,2026-03-01 00:00:00,2026-03-01 00:00:00,2
997,1580,16,8,Bank Transfer,FRNT-APR2026-1579,9940.76,payment_proofs/sample_proof_4.svg,Confirmed,,43,2026-04-01 00:00:00,2026-04-01 00:00:00,2026-04-01 00:00:00,4
998,1581,16,8,GCash,FRNT-MAY2026-1580,9114.36,payment_proofs/sample_proof_5.svg,Confirmed,,43,2026-05-01 00:00:00,2026-05-01 00:00:00,2026-05-01 00:00:00,4
999,1582,126,36,Bank Transfer,FRNT-DEC2025-1581,9522.44,payment_proofs/sample_proof_4.svg,Confirmed,,4,2025-12-01 00:00:00,2025-12-01 00:00:00,2025-12-01 00:00:00,2
1000,1585,126,36,GCash,FRNT-MAR2026-1584,9693.07,payment_proofs/sample_proof_5.svg,Confirmed,,4,2026-03-01 00:00:00,2026-03-01 00:00:00,2026-03-01 00:00:00,4
1001,1586,126,36,GCash,FRNT-APR2026-1585,9605.87,payment_proofs/sample_proof_3.svg,Confirmed,,4,2026-04-01 00:00:00,2026-04-01 00:00:00,2026-04-01 00:00:00,4
1002,1587,126,36,GCash,FRNT-MAY2026-1586,8050.32,payment_proofs/sample_proof_4.svg,Confirmed,,4,2026-05-01 00:00:00,2026-05-01 00:00:00,2026-05-01 00:00:00,1
1003,1592,138,32,Maya,FRNT-FEB2026-1591,8259.10,payment_proofs/sample_proof_5.svg,Confirmed,,4,2026-02-01 00:00:00,2026-02-01 00:00:00,2026-02-01 00:00:00,3
1004,1593,138,32,Bank Transfer,FRNT-MAR2026-1592,7729.72,payment_proofs/sample_proof_2.svg,Confirmed,,4,2026-03-01 00:00:00,2026-03-01 00:00:00,2026-03-01 00:00:00,4
1005,1595,239,26,Maya,FRNT-JAN2026-1594,13911.31,payment_proofs/sample_proof_5.svg,Confirmed,,4,2026-01-01 00:00:00,2026-01-01 00:00:00,2026-01-01 00:00:00,1
1006,1599,84,28,Bank Transfer,FRNT-JAN2026-1598,14185.17,payment_proofs/sample_proof_3.svg,Confirmed,,43,2026-01-01 00:00:00,2026-01-01 00:00:00,2026-01-01 00:00:00,4
1007,1601,84,28,GCash,FRNT-MAR2026-1600,13544.44,payment_proofs/sample_proof_1.svg,Confirmed,,43,2026-03-01 00:00:00,2026-03-01 00:00:00,2026-03-01 00:00:00,2
1008,1603,102,15,GCash,FRNT-JAN2026-1602,8730.51,payment_proofs/sample_proof_4.svg,Confirmed,,3,2026-01-01 00:00:00,2026-01-01 00:00:00,2026-01-01 00:00:00,2
1009,1604,102,15,Bank Transfer,FRNT-FEB2026-1603,8228.67,payment_proofs/sample_proof_1.svg,Confirmed,,3,2026-02-01 00:00:00,2026-02-01 00:00:00,2026-02-01 00:00:00,1
1010,1605,102,15,Bank Transfer,FRNT-MAR2026-1604,8693.97,payment_proofs/sample_proof_5.svg,Confirmed,,3,2026-03-01 00:00:00,2026-03-01 00:00:00,2026-03-01 00:00:00,3
1011,1606,102,15,GCash,FRNT-APR2026-1605,8614.89,payment_proofs/sample_proof_3.svg,Confirmed,,3,2026-04-01 00:00:00,2026-04-01 00:00:00,2026-04-01 00:00:00,3
1012,1607,102,15,Maya,MY-RST6681,8482.96,payment_proofs/sample_proof_4.svg,Pending,,,,2026-05-04 00:00:00,2026-05-04 00:00:00,1
1013,1608,147,20,Maya,FRNT-JAN2026-1606,8600.36,payment_proofs/sample_proof_3.svg,Confirmed,,43,2026-01-01 00:00:00,2026-01-01 00:00:00,2026-01-01 00:00:00,3
1014,1609,147,20,GCash,FRNT-FEB2026-1607,9057.17,payment_proofs/sample_proof_1.svg,Confirmed,,43,2026-02-01 00:00:00,2026-02-01 00:00:00,2026-02-01 00:00:00,1
1015,1610,147,20,GCash,FRNT-MAR2026-1608,8638.61,payment_proofs/sample_proof_4.svg,Confirmed,,43,2026-03-01 00:00:00,2026-03-01 00:00:00,2026-03-01 00:00:00,2
1016,1612,291,2,Bank Transfer,FRNT-JAN2026-1610,7732.60,payment_proofs/sample_proof_5.svg,Confirmed,,4,2026-01-01 00:00:00,2026-01-01 00:00:00,2026-01-01 00:00:00,1
1017,1613,291,2,Bank Transfer,FRNT-FEB2026-1611,7759.10,payment_proofs/sample_proof_2.svg,Confirmed,,4,2026-02-01 00:00:00,2026-02-01 00:00:00,2026-02-01 00:00:00,3
1018,1614,291,2,Bank Transfer,FRNT-MAR2026-1612,7229.72,payment_proofs/sample_proof_5.svg,Confirmed,,4,2026-03-01 00:00:00,2026-03-01 00:00:00,2026-03-01 00:00:00,3
1019,1615,291,2,Bank Transfer,BT-IBP3123,9467.96,payment_proofs/sample_proof_4.svg,Pending,,,,2026-04-05 00:00:00,2026-04-05 00:00:00,4
1020,1616,291,2,GCash,GC-QNR4399,7358.72,payment_proofs/sample_proof_4.svg,Pending,,,,2026-05-05 00:00:00,2026-05-05 00:00:00,4
1021,1617,179,29,Maya,FRNT-JAN2026-1613,11542.70,payment_proofs/sample_proof_2.svg,Confirmed,,4,2026-01-01 00:00:00,2026-01-01 00:00:00,2026-01-01 00:00:00,2
1022,1618,179,29,GCash,FRNT-FEB2026-1614,11712.24,payment_proofs/sample_proof_5.svg,Confirmed,,4,2026-02-01 00:00:00,2026-02-01 00:00:00,2026-02-01 00:00:00,1
1023,1619,179,29,Bank Transfer,FRNT-MAR2026-1615,11542.75,payment_proofs/sample_proof_2.svg,Confirmed,,4,2026-03-01 00:00:00,2026-03-01 00:00:00,2026-03-01 00:00:00,4
1024,1623,261,34,GCash,FRNT-MAR2026-1619,15243.76,payment_proofs/sample_proof_4.svg,Confirmed,,44,2026-03-01 00:00:00,2026-03-01 00:00:00,2026-03-01 00:00:00,4
1025,1624,261,34,GCash,FRNT-APR2026-1620,14727.14,payment_proofs/sample_proof_4.svg,Confirmed,,44,2026-04-01 00:00:00,2026-04-01 00:00:00,2026-04-01 00:00:00,1
1026,1625,261,34,Bank Transfer,FRNT-MAY2026-1621,14933.54,payment_proofs/sample_proof_2.svg,Confirmed,,44,2026-05-01 00:00:00,2026-05-01 00:00:00,2026-05-01 00:00:00,4
1027,1626,279,38,Maya,FRNT-FEB2026-1622,13823.04,payment_proofs/sample_proof_2.svg,Confirmed,,4,2026-02-01 00:00:00,2026-02-01 00:00:00,2026-02-01 00:00:00,2
1028,1628,9,6,GCash,FRNT-FEB2026-1624,11712.24,payment_proofs/sample_proof_2.svg,Confirmed,,4,2026-02-01 00:00:00,2026-02-01 00:00:00,2026-02-01 00:00:00,1
1029,1629,9,6,Maya,FRNT-MAR2026-1625,11542.75,payment_proofs/sample_proof_3.svg,Confirmed,,4,2026-03-01 00:00:00,2026-03-01 00:00:00,2026-03-01 00:00:00,1
1030,1630,9,6,Maya,FRNT-APR2026-1626,11436.19,payment_proofs/sample_proof_5.svg,Confirmed,,4,2026-04-01 00:00:00,2026-04-01 00:00:00,2026-04-01 00:00:00,1
1031,1631,9,6,Maya,FRNT-MAY2026-1627,11427.44,payment_proofs/sample_proof_2.svg,Confirmed,,4,2026-05-01 00:00:00,2026-05-01 00:00:00,2026-05-01 00:00:00,3
1032,1633,218,40,Bank Transfer,FRNT-MAR2026-1629,10384.82,payment_proofs/sample_proof_2.svg,Confirmed,,3,2026-03-01 00:00:00,2026-03-01 00:00:00,2026-03-01 00:00:00,1
1033,1634,218,40,GCash,FRNT-APR2026-1630,10086.03,payment_proofs/sample_proof_4.svg,Confirmed,,3,2026-04-01 00:00:00,2026-04-01 00:00:00,2026-04-01 00:00:00,4
1034,1636,36,12,Bank Transfer,FRNT-FEB2026-1632,13751.26,payment_proofs/sample_proof_5.svg,Confirmed,,4,2026-02-01 00:00:00,2026-02-01 00:00:00,2026-02-01 00:00:00,3
1035,1637,36,12,Maya,FRNT-MAR2026-1633,13946.20,payment_proofs/sample_proof_5.svg,Confirmed,,4,2026-03-01 00:00:00,2026-03-01 00:00:00,2026-03-01 00:00:00,3
1036,1638,36,12,Bank Transfer,FRNT-APR2026-1634,13307.66,payment_proofs/sample_proof_2.svg,Confirmed,,4,2026-04-01 00:00:00,2026-04-01 00:00:00,2026-04-01 00:00:00,2
1037,1641,192,24,Bank Transfer,FRNT-MAR2026-1637,9193.50,payment_proofs/sample_proof_3.svg,Confirmed,,42,2026-03-01 00:00:00,2026-03-01 00:00:00,2026-03-01 00:00:00,2
1038,1642,192,24,Bank Transfer,FRNT-APR2026-1638,8728.16,payment_proofs/sample_proof_1.svg,Confirmed,,42,2026-04-01 00:00:00,2026-04-01 00:00:00,2026-04-01 00:00:00,4
1039,1643,192,24,Maya,MY-KWU1131,8204.06,payment_proofs/sample_proof_2.svg,Pending,,,,2026-05-04 00:00:00,2026-05-04 00:00:00,2
1040,1645,1,1,Bank Transfer,FRNT-FEB2026-1640,6876.30,payment_proofs/sample_proof_1.svg,Confirmed,,42,2026-02-01 00:00:00,2026-02-01 00:00:00,2026-02-01 00:00:00,1
1041,1650,81,35,GCash,GC-MOK4993,12799.12,payment_proofs/sample_proof_1.svg,Pending,,,,2026-05-03 00:00:00,2026-05-03 00:00:00,1
1042,1651,109,30,Maya,FRNT-FEB2026-1645,10638.48,payment_proofs/sample_proof_4.svg,Confirmed,,3,2026-02-01 00:00:00,2026-02-01 00:00:00,2026-02-01 00:00:00,4
1043,1652,109,30,GCash,FRNT-MAR2026-1646,10384.82,payment_proofs/sample_proof_1.svg,Confirmed,,3,2026-03-01 00:00:00,2026-03-01 00:00:00,2026-03-01 00:00:00,4
1044,1653,109,30,Bank Transfer,BT-VAO6955,12980.19,payment_proofs/sample_proof_1.svg,Pending,,,,2026-04-05 00:00:00,2026-04-05 00:00:00,1
1045,1655,240,26,Bank Transfer,FRNT-FEB2026-1648,13823.04,payment_proofs/sample_proof_5.svg,Confirmed,,4,2026-02-01 00:00:00,2026-02-01 00:00:00,2026-02-01 00:00:00,3
1046,1657,241,26,GCash,FRNT-MAR2026-1650,14106.40,payment_proofs/sample_proof_2.svg,Confirmed,,4,2026-03-01 00:00:00,2026-03-01 00:00:00,2026-03-01 00:00:00,4
1047,1660,280,38,GCash,FRNT-MAR2026-1653,14106.40,payment_proofs/sample_proof_1.svg,Confirmed,,4,2026-03-01 00:00:00,2026-03-01 00:00:00,2026-03-01 00:00:00,3
1048,1661,280,38,GCash,FRNT-APR2026-1654,14073.83,payment_proofs/sample_proof_2.svg,Confirmed,,4,2026-04-01 00:00:00,2026-04-01 00:00:00,2026-04-01 00:00:00,1
1049,1662,280,38,Maya,FRNT-MAY2026-1655,13835.19,payment_proofs/sample_proof_1.svg,Confirmed,,4,2026-05-01 00:00:00,2026-05-01 00:00:00,2026-05-01 00:00:00,1
1050,1663,2,1,Maya,FRNT-MAR2026-1656,7929.68,payment_proofs/sample_proof_1.svg,Confirmed,,42,2026-03-01 00:00:00,2026-03-01 00:00:00,2026-03-01 00:00:00,4
1051,1665,2,1,Maya,FRNT-MAY2026-1658,7590.29,payment_proofs/sample_proof_3.svg,Confirmed,,42,2026-05-01 00:00:00,2026-05-01 00:00:00,2026-05-01 00:00:00,4
1052,1668,234,22,Bank Transfer,FRNT-APR2026-1661,10596.31,payment_proofs/sample_proof_5.svg,Confirmed,,42,2026-04-01 00:00:00,2026-04-01 00:00:00,2026-04-01 00:00:00,4
1053,1670,221,13,GCash,FRNT-MAR2026-1663,26932.00,payment_proofs/sample_proof_1.svg,Confirmed,,42,2026-03-01 00:00:00,2026-03-01 00:00:00,2026-03-01 00:00:00,3
1054,1671,221,13,Bank Transfer,FRNT-APR2026-1664,15300.07,payment_proofs/sample_proof_2.svg,Confirmed,,42,2026-04-01 00:00:00,2026-04-01 00:00:00,2026-04-01 00:00:00,1
1055,1673,148,20,GCash,FRNT-APR2026-1666,8509.70,payment_proofs/sample_proof_3.svg,Confirmed,,43,2026-04-01 00:00:00,2026-04-01 00:00:00,2026-04-01 00:00:00,2
1056,1675,139,32,GCash,FRNT-APR2026-1668,7821.83,payment_proofs/sample_proof_1.svg,Confirmed,,4,2026-04-01 00:00:00,2026-04-01 00:00:00,2026-04-01 00:00:00,1
1057,1677,85,28,Maya,FRNT-APR2026-1670,14403.79,payment_proofs/sample_proof_3.svg,Confirmed,,43,2026-04-01 00:00:00,2026-04-01 00:00:00,2026-04-01 00:00:00,2
1058,1678,85,28,GCash,GC-VRB8512,13918.39,payment_proofs/sample_proof_3.svg,Pending,,,,2026-05-04 00:00:00,2026-05-04 00:00:00,4
1059,1679,167,17,Maya,MY-ZUT2119,7858.72,payment_proofs/sample_proof_5.svg,Pending,,,,2026-05-03 00:00:00,2026-05-03 00:00:00,2
1060,1683,235,22,Bank Transfer,BT-AOE1940,11117.27,payment_proofs/sample_proof_5.svg,Pending,,,,2026-05-04 00:00:00,2026-05-04 00:00:00,1
1061,1686,91,23,GCash,GC-KUL6978,15086.43,payment_proofs/sample_proof_1.svg,Pending,,,,2026-05-03 00:00:00,2026-05-03 00:00:00,4
1062,1687,149,20,GCash,FRNT-MAY2026-1676,8967.48,payment_proofs/sample_proof_5.svg,Confirmed,,43,2026-05-01 00:00:00,2026-05-01 00:00:00,2026-05-01 00:00:00,1
1063,1688,22,10,Maya,FRNT-MAY2026-1677,12634.26,payment_proofs/sample_proof_2.svg,Confirmed,,44,2026-05-01 00:00:00,2026-05-01 00:00:00,2026-05-01 00:00:00,3
1064,1692,110,30,Maya,FRNT-MAY2026-1681,10291.40,payment_proofs/sample_proof_3.svg,Confirmed,,3,2026-05-01 00:00:00,2026-05-01 00:00:00,2026-05-01 00:00:00,3
1065,1694,222,13,GCash,FRNT-MAY2026-1683,14872.56,payment_proofs/sample_proof_5.svg,Confirmed,,42,2026-05-01 00:00:00,2026-05-01 00:00:00,2026-05-01 00:00:00,2
1066,1696,140,32,Maya,MY-XIK5871,7858.72,payment_proofs/sample_proof_1.svg,Pending,,,,2026-05-02 00:00:00,2026-05-02 00:00:00,2
