transaction_id,billing_id,name,reference_number,transaction_type,category,transaction_date,amount,is_recurring,created_at,updated_at,deleted_at,payment_method,or_number
1,1,Move-In Payment - Billing #1,FRNT-JAN2021-1,Credit,Rent Payment,2021-01-01,24844.00,f,2026-05-07 21:28:48,2026-05-07 21:28:48,,Bank Transfer,OR-20210101-1
2,2,Rent Payment - Billing #2,FRNT-FEB2021-2,Credit,Rent Payment,2021-02-01,15165.35,f,2026-05-07 21:28:48,2026-05-07 21:28:48,,Cash,OR-20210201-2
3,3,Rent Payment - Billing #3,FRNT-MAR2021-3,Credit,Rent Payment,2021-03-01,15425.48,f,2026-05-07 21:28:48,2026-05-07 21:28:48,,Maya,OR-20210301-3
4,4,Rent Payment - Billing #4,FRNT-APR2021-4,Credit,Rent Payment,2021-04-01,14145.13,f,2026-05-07 21:28:48,2026-05-07 21:28:48,,Bank Transfer,OR-20210401-4
5,5,Move-Out Settlement - Billing #5,FRNT-APR2021-5,Credit,Rent Payment,2021-04-01,-11198.87,f,2026-05-07 21:28:48,2026-05-07 21:28:48,,Bank Transfer,OR-20210401-5
6,6,Move-In Payment - Billing #6,FRNT-MAR2021-6,Credit,Rent Payment,2021-03-01,24008.00,f,2026-05-07 21:28:48,2026-05-07 21:28:48,,Cash,OR-20210301-6
7,7,Rent Payment - Billing #7,FRNT-APR2021-7,Credit,Rent Payment,2021-04-01,13830.63,f,2026-05-07 21:28:48,2026-05-07 21:28:48,,GCash,OR-20210401-7
8,8,Move-Out Settlement - Billing #8,FRNT-APR2021-8,Credit,Rent Payment,2021-04-01,-10677.37,f,2026-05-07 21:28:48,2026-05-07 21:28:48,,Cash,OR-20210401-8
9,9,Rent Payment - Billing #9,FRNT-MAY2021-9,Credit,Rent Payment,2021-05-01,13806.71,f,2026-05-07 21:28:48,2026-05-07 21:28:48,,GCash,OR-20210501-9
10,10,Move-Out Settlement - Billing #10,FRNT-MAY2021-10,Credit,Rent Payment,2021-05-01,-10701.29,f,2026-05-07 21:28:48,2026-05-07 21:28:48,,Cash,OR-20210501-10
11,11,Move-In Payment - Billing #11,FRNT-APR2021-11,Credit,Rent Payment,2021-04-01,25626.00,f,2026-05-07 21:28:48,2026-05-07 21:28:48,,Maya,OR-20210401-11
12,12,Rent Payment - Billing #12,FRNT-MAY2021-12,Credit,Rent Payment,2021-05-01,14799.87,f,2026-05-07 21:28:48,2026-05-07 21:28:48,,GCash,OR-20210501-12
13,13,Rent Payment - Billing #13,FRNT-JUN2021-13,Credit,Rent Payment,2021-06-01,15163.67,f,2026-05-07 21:28:48,2026-05-07 21:28:48,,Bank Transfer,OR-20210601-13
14,14,Rent Payment - Billing #14,FRNT-JUL2021-14,Credit,Rent Payment,2021-07-01,14935.01,f,2026-05-07 21:28:48,2026-05-07 21:28:48,,Maya,OR-20210701-14
15,15,Rent Payment - Billing #15,FRNT-AUG2021-15,Credit,Rent Payment,2021-08-01,15019.86,f,2026-05-07 21:28:48,2026-05-07 21:28:48,,Maya,OR-20210801-15
16,16,Rent Payment - Billing #16,FRNT-SEP2021-16,Credit,Rent Payment,2021-09-01,14752.17,f,2026-05-07 21:28:48,2026-05-07 21:28:48,,Cash,OR-20210901-16
17,17,Rent Payment - Billing #17,FRNT-OCT2021-17,Credit,Rent Payment,2021-10-01,15452.07,f,2026-05-07 21:28:48,2026-05-07 21:28:48,,Maya,OR-20211001-17
18,18,Rent Payment - Billing #18,FRNT-NOV2021-18,Credit,Rent Payment,2021-11-01,14932.16,f,2026-05-07 21:28:48,2026-05-07 21:28:48,,Bank Transfer,OR-20211101-18
19,19,Rent Payment - Billing #19,FRNT-DEC2021-19,Credit,Rent Payment,2021-12-01,14025.81,f,2026-05-07 21:28:48,2026-05-07 21:28:48,,Cash,OR-20211201-19
20,20,Rent Payment - Billing #20,FRNT-JAN2022-20,Credit,Rent Payment,2022-01-01,14361.03,f,2026-05-07 21:28:48,2026-05-07 21:28:48,,GCash,OR-20220101-20
21,21,Rent Payment - Billing #21,FRNT-FEB2022-21,Credit,Rent Payment,2022-02-01,14777.81,f,2026-05-07 21:28:48,2026-05-07 21:28:48,,GCash,OR-20220201-21
22,22,Rent Payment - Billing #22,FRNT-MAR2022-22,Credit,Rent Payment,2022-03-01,15542.93,f,2026-05-07 21:28:48,2026-05-07 21:28:48,,GCash,OR-20220301-22
23,23,Rent Payment - Billing #23,FRNT-APR2022-23,Credit,Rent Payment,2022-04-01,14222.87,f,2026-05-07 21:28:48,2026-05-07 21:28:48,,Bank Transfer,OR-20220401-23
24,24,Move-Out Settlement - Billing #24,FRNT-APR2022-24,Credit,Rent Payment,2022-04-01,-11403.13,f,2026-05-07 21:28:48,2026-05-07 21:28:48,,Bank Transfer,OR-20220401-24
25,25,Rent Payment - Billing #25,FRNT-MAY2021-25,Credit,Rent Payment,2021-05-01,13952.70,f,2026-05-07 21:28:48,2026-05-07 21:28:48,,Maya,OR-20210501-25
26,26,Rent Payment - Billing #26,FRNT-JUN2021-26,Credit,Rent Payment,2021-06-01,14155.11,f,2026-05-07 21:28:48,2026-05-07 21:28:48,,Bank Transfer,OR-20210601-26
27,27,Rent Payment - Billing #27,FRNT-JUL2021-27,Credit,Rent Payment,2021-07-01,14588.78,f,2026-05-07 21:28:48,2026-05-07 21:28:48,,Cash,OR-20210701-27
28,28,Rent Payment - Billing #28,FRNT-AUG2021-28,Credit,Rent Payment,2021-08-01,13959.60,f,2026-05-07 21:28:48,2026-05-07 21:28:48,,GCash,OR-20210801-28
29,29,Rent Payment - Billing #29,FRNT-SEP2021-29,Credit,Rent Payment,2021-09-01,13934.19,f,2026-05-07 21:28:48,2026-05-07 21:28:48,,Bank Transfer,OR-20210901-29
30,30,Rent Payment - Billing #30,FRNT-OCT2021-30,Credit,Rent Payment,2021-10-01,13033.59,f,2026-05-07 21:28:48,2026-05-07 21:28:48,,Bank Transfer,OR-20211001-30
31,31,Move-Out Settlement - Billing #31,FRNT-OCT2021-31,Credit,Rent Payment,2021-10-01,-11810.41,f,2026-05-07 21:28:48,2026-05-07 21:28:48,,Maya,OR-20211001-31
32,32,Rent Payment - Billing #32,FRNT-JUN2021-32,Credit,Rent Payment,2021-06-01,13707.39,f,2026-05-07 21:28:48,2026-05-07 21:28:48,,GCash,OR-20210601-32
33,33,Move-Out Settlement - Billing #33,FRNT-JUN2021-33,Credit,Rent Payment,2021-06-01,-10800.61,f,2026-05-07 21:28:48,2026-05-07 21:28:48,,GCash,OR-20210601-33
34,34,Rent Payment - Billing #34,FRNT-JUL2021-34,Credit,Rent Payment,2021-07-01,13522.30,f,2026-05-07 21:28:48,2026-05-07 21:28:48,,Maya,OR-20210701-34
35,35,Move-Out Settlement - Billing #35,FRNT-JUL2021-35,Credit,Rent Payment,2021-07-01,-10985.70,f,2026-05-07 21:28:48,2026-05-07 21:28:48,,Maya,OR-20210701-35
36,36,Rent Payment - Billing #36,FRNT-AUG2021-36,Credit,Rent Payment,2021-08-01,13932.64,f,2026-05-07 21:28:48,2026-05-07 21:28:48,,Maya,OR-20210801-36
37,37,Rent Payment - Billing #37,FRNT-SEP2021-37,Credit,Rent Payment,2021-09-01,14338.74,f,2026-05-07 21:28:48,2026-05-07 21:28:48,,Bank Transfer,OR-20210901-37
38,38,Rent Payment - Billing #38,FRNT-OCT2021-38,Credit,Rent Payment,2021-10-01,13814.42,f,2026-05-07 21:28:48,2026-05-07 21:28:48,,Bank Transfer,OR-20211001-38
39,39,Rent Payment - Billing #39,FRNT-NOV2021-39,Credit,Rent Payment,2021-11-01,13969.67,f,2026-05-07 21:28:48,2026-05-07 21:28:48,,Bank Transfer,OR-20211101-39
40,40,Rent Payment - Billing #40,FRNT-DEC2021-40,Credit,Rent Payment,2021-12-01,13813.67,f,2026-05-07 21:28:48,2026-05-07 21:28:48,,Bank Transfer,OR-20211201-40
41,41,Rent Payment - Billing #41,FRNT-JAN2022-41,Credit,Rent Payment,2022-01-01,13010.71,f,2026-05-07 21:28:48,2026-05-07 21:28:48,,Cash,OR-20220101-41
42,42,Move-Out Settlement - Billing #42,FRNT-JAN2022-42,Credit,Rent Payment,2022-01-01,-10997.29,f,2026-05-07 21:28:48,2026-05-07 21:28:48,,Cash,OR-20220101-42
43,43,Move-In Payment - Billing #43,FRNT-AUG2021-43,Credit,Rent Payment,2021-08-01,25658.00,f,2026-05-07 21:28:48,2026-05-07 21:28:48,,GCash,OR-20210801-43
44,44,Rent Payment - Billing #44,FRNT-SEP2021-44,Credit,Rent Payment,2021-09-01,14608.55,f,2026-05-07 21:28:48,2026-05-07 21:28:48,,Cash,OR-20210901-44
45,45,Move-Out Settlement - Billing #45,FRNT-SEP2021-45,Credit,Rent Payment,2021-09-01,-11549.45,f,2026-05-07 21:28:48,2026-05-07 21:28:48,,Bank Transfer,OR-20210901-45
46,46,Move-In Payment - Billing #46,FRNT-AUG2021-46,Credit,Rent Payment,2021-08-01,14174.00,f,2026-05-07 21:28:48,2026-05-07 21:28:48,,GCash,OR-20210801-46
47,47,Rent Payment - Billing #47,FRNT-SEP2021-47,Credit,Rent Payment,2021-09-01,9834.93,f,2026-05-07 21:28:48,2026-05-07 21:28:48,,Bank Transfer,OR-20210901-47
48,48,Rent Payment - Billing #48,FRNT-OCT2021-48,Credit,Rent Payment,2021-10-01,10395.50,f,2026-05-07 21:28:48,2026-05-07 21:28:48,,Bank Transfer,OR-20211001-48
49,49,Rent Payment - Billing #49,FRNT-NOV2021-49,Credit,Rent Payment,2021-11-01,8652.14,f,2026-05-07 21:28:48,2026-05-07 21:28:48,,Bank Transfer,OR-20211101-49
50,50,Move-Out Settlement - Billing #50,FRNT-NOV2021-50,Credit,Rent Payment,2021-11-01,-6021.86,f,2026-05-07 21:28:48,2026-05-07 21:28:48,,Maya,OR-20211101-50
51,51,Move-In Payment - Billing #51,FRNT-SEP2021-51,Credit,Rent Payment,2021-09-01,24592.00,f,2026-05-07 21:28:48,2026-05-07 21:28:48,,Bank Transfer,OR-20210901-51
52,52,Rent Payment - Billing #52,FRNT-OCT2021-52,Credit,Rent Payment,2021-10-01,14962.99,f,2026-05-07 21:28:48,2026-05-07 21:28:48,,Bank Transfer,OR-20211001-52
53,53,Rent Payment - Billing #53,FRNT-NOV2021-53,Credit,Rent Payment,2021-11-01,15221.47,f,2026-05-07 21:28:48,2026-05-07 21:28:48,,Cash,OR-20211101-53
54,54,Rent Payment - Billing #54,FRNT-DEC2021-54,Credit,Rent Payment,2021-12-01,13654.67,f,2026-05-07 21:28:48,2026-05-07 21:28:48,,Cash,OR-20211201-54
55,55,Move-Out Settlement - Billing #55,FRNT-DEC2021-55,Credit,Rent Payment,2021-12-01,-11437.33,f,2026-05-07 21:28:48,2026-05-07 21:28:48,,Bank Transfer,OR-20211201-55
56,56,Rent Payment - Billing #56,FRNT-OCT2021-56,Credit,Rent Payment,2021-10-01,14565.59,f,2026-05-07 21:28:48,2026-05-07 21:28:48,,GCash,OR-20211001-56
57,57,Move-Out Settlement - Billing #57,FRNT-OCT2021-57,Credit,Rent Payment,2021-10-01,-11592.41,f,2026-05-07 21:28:48,2026-05-07 21:28:48,,Bank Transfer,OR-20211001-57
58,58,Rent Payment - Billing #58,FRNT-NOV2021-58,Credit,Rent Payment,2021-11-01,15245.03,f,2026-05-07 21:28:48,2026-05-07 21:28:48,,Maya,OR-20211101-58
59,59,Rent Payment - Billing #59,FRNT-DEC2021-59,Credit,Rent Payment,2021-12-01,14494.70,f,2026-05-07 21:28:48,2026-05-07 21:28:48,,GCash,OR-20211201-59
60,60,Rent Payment - Billing #60,FRNT-JAN2022-60,Credit,Rent Payment,2022-01-01,14283.87,f,2026-05-07 21:28:48,2026-05-07 21:28:48,,Cash,OR-20220101-60
61,61,Move-Out Settlement - Billing #61,FRNT-JAN2022-61,Credit,Rent Payment,2022-01-01,-11060.13,f,2026-05-07 21:28:48,2026-05-07 21:28:48,,Bank Transfer,OR-20220101-61
62,62,Move-In Payment - Billing #62,FRNT-OCT2021-62,Credit,Rent Payment,2021-10-01,13846.00,f,2026-05-07 21:28:48,2026-05-07 21:28:48,,GCash,OR-20211001-62
63,63,Rent Payment - Billing #63,FRNT-NOV2021-63,Credit,Rent Payment,2021-11-01,8698.27,f,2026-05-07 21:28:48,2026-05-07 21:28:48,,GCash,OR-20211101-63
64,64,Rent Payment - Billing #64,FRNT-DEC2021-64,Credit,Rent Payment,2021-12-01,8202.21,f,2026-05-07 21:28:48,2026-05-07 21:28:48,,GCash,OR-20211201-64
65,65,Rent Payment - Billing #65,FRNT-JAN2022-65,Credit,Rent Payment,2022-01-01,8107.03,f,2026-05-07 21:28:48,2026-05-07 21:28:48,,GCash,OR-20220101-65
66,66,Rent Payment - Billing #66,FRNT-FEB2022-66,Credit,Rent Payment,2022-02-01,7992.35,f,2026-05-07 21:28:48,2026-05-07 21:28:48,,Bank Transfer,OR-20220201-66
67,67,Rent Payment - Billing #67,FRNT-MAR2022-67,Credit,Rent Payment,2022-03-01,7449.24,f,2026-05-07 21:28:48,2026-05-07 21:28:48,,GCash,OR-20220301-67
68,68,Rent Payment - Billing #68,FRNT-APR2022-68,Credit,Rent Payment,2022-04-01,7934.52,f,2026-05-07 21:28:48,2026-05-07 21:28:48,,Maya,OR-20220401-68
69,69,Rent Payment - Billing #69,FRNT-MAY2022-69,Credit,Rent Payment,2022-05-01,7813.41,f,2026-05-07 21:28:48,2026-05-07 21:28:48,,Cash,OR-20220501-69
70,70,Rent Payment - Billing #70,FRNT-JUN2022-70,Credit,Rent Payment,2022-06-01,7608.99,f,2026-05-07 21:28:48,2026-05-07 21:28:48,,Cash,OR-20220601-70
71,71,Rent Payment - Billing #71,FRNT-JUL2022-71,Credit,Rent Payment,2022-07-01,7952.21,f,2026-05-07 21:28:48,2026-05-07 21:28:48,,GCash,OR-20220701-71
72,72,Rent Payment - Billing #72,FRNT-AUG2022-72,Credit,Rent Payment,2022-08-01,8091.71,f,2026-05-07 21:28:48,2026-05-07 21:28:48,,GCash,OR-20220801-72
73,73,Rent Payment - Billing #73,FRNT-SEP2022-73,Credit,Rent Payment,2022-09-01,7777.15,f,2026-05-07 21:28:48,2026-05-07 21:28:48,,Cash,OR-20220901-73
74,74,Rent Payment - Billing #74,FRNT-OCT2022-74,Credit,Rent Payment,2022-10-01,7627.36,f,2026-05-07 21:28:48,2026-05-07 21:28:48,,Bank Transfer,OR-20221001-74
75,75,Move-Out Settlement - Billing #75,FRNT-OCT2022-75,Credit,Rent Payment,2022-10-01,-6218.64,f,2026-05-07 21:28:48,2026-05-07 21:28:48,,GCash,OR-20221001-75
76,76,Rent Payment - Billing #76,FRNT-NOV2021-76,Credit,Rent Payment,2021-11-01,14444.27,f,2026-05-07 21:28:48,2026-05-07 21:28:48,,Cash,OR-20211101-76
77,77,Move-Out Settlement - Billing #77,FRNT-NOV2021-77,Credit,Rent Payment,2021-11-01,-11713.73,f,2026-05-07 21:28:48,2026-05-07 21:28:48,,GCash,OR-20211101-77
78,78,Rent Payment - Billing #78,FRNT-DEC2021-78,Credit,Rent Payment,2021-12-01,9447.13,f,2026-05-07 21:28:48,2026-05-07 21:28:48,,Maya,OR-20211201-78
79,79,Rent Payment - Billing #79,FRNT-JAN2022-79,Credit,Rent Payment,2022-01-01,8787.23,f,2026-05-07 21:28:48,2026-05-07 21:28:48,,GCash,OR-20220101-79
80,80,Rent Payment - Billing #80,FRNT-FEB2022-80,Credit,Rent Payment,2022-02-01,9517.11,f,2026-05-07 21:28:48,2026-05-07 21:28:48,,Bank Transfer,OR-20220201-80
81,81,Rent Payment - Billing #81,FRNT-MAR2022-81,Credit,Rent Payment,2022-03-01,8544.05,f,2026-05-07 21:28:48,2026-05-07 21:28:48,,Cash,OR-20220301-81
82,82,Rent Payment - Billing #82,FRNT-APR2022-82,Credit,Rent Payment,2022-04-01,9196.33,f,2026-05-07 21:28:48,2026-05-07 21:28:48,,Bank Transfer,OR-20220401-82
83,83,Rent Payment - Billing #83,FRNT-MAY2022-83,Credit,Rent Payment,2022-05-01,8451.68,f,2026-05-07 21:28:48,2026-05-07 21:28:48,,GCash,OR-20220501-83
84,84,Move-Out Settlement - Billing #84,FRNT-MAY2022-84,Credit,Rent Payment,2022-05-01,-5722.32,f,2026-05-07 21:28:48,2026-05-07 21:28:48,,GCash,OR-20220501-84
85,85,Rent Payment - Billing #85,FRNT-DEC2021-85,Credit,Rent Payment,2021-12-01,15516.54,f,2026-05-07 21:28:48,2026-05-07 21:28:48,,Cash,OR-20211201-85
86,86,Rent Payment - Billing #86,FRNT-JAN2022-86,Credit,Rent Payment,2022-01-01,14824.56,f,2026-05-07 21:28:48,2026-05-07 21:28:48,,Cash,OR-20220101-86
87,87,Rent Payment - Billing #87,FRNT-FEB2022-87,Credit,Rent Payment,2022-02-01,14356.06,f,2026-05-07 21:28:48,2026-05-07 21:28:48,,Cash,OR-20220201-87
88,88,Rent Payment - Billing #88,FRNT-MAR2022-88,Credit,Rent Payment,2022-03-01,15281.11,f,2026-05-07 21:28:48,2026-05-07 21:28:48,,Bank Transfer,OR-20220301-88
89,89,Rent Payment - Billing #89,FRNT-APR2022-89,Credit,Rent Payment,2022-04-01,14877.98,f,2026-05-07 21:28:48,2026-05-07 21:28:48,,Cash,OR-20220401-89
90,90,Rent Payment - Billing #90,FRNT-MAY2022-90,Credit,Rent Payment,2022-05-01,13832.79,f,2026-05-07 21:28:48,2026-05-07 21:28:48,,Bank Transfer,OR-20220501-90
91,91,Move-Out Settlement - Billing #91,FRNT-MAY2022-91,Credit,Rent Payment,2022-05-01,-11825.21,f,2026-05-07 21:28:48,2026-05-07 21:28:48,,GCash,OR-20220501-91
92,92,Move-In Payment - Billing #92,FRNT-DEC2021-92,Credit,Rent Payment,2021-12-01,13846.00,f,2026-05-07 21:28:48,2026-05-07 21:28:48,,Bank Transfer,OR-20211201-92
93,93,Rent Payment - Billing #93,FRNT-JAN2022-93,Credit,Rent Payment,2022-01-01,8607.03,f,2026-05-07 21:28:48,2026-05-07 21:28:48,,Cash,OR-20220101-93
94,94,Rent Payment - Billing #94,FRNT-FEB2022-94,Credit,Rent Payment,2022-02-01,8492.35,f,2026-05-07 21:28:48,2026-05-07 21:28:48,,Cash,OR-20220201-94
95,95,Rent Payment - Billing #95,FRNT-MAR2022-95,Credit,Rent Payment,2022-03-01,7949.24,f,2026-05-07 21:28:48,2026-05-07 21:28:48,,Cash,OR-20220301-95
96,96,Move-Out Settlement - Billing #96,FRNT-MAR2022-96,Credit,Rent Payment,2022-03-01,-6396.76,f,2026-05-07 21:28:48,2026-05-07 21:28:48,,Maya,OR-20220301-96
97,97,Rent Payment - Billing #97,FRNT-JAN2022-97,Credit,Rent Payment,2022-01-01,13283.68,f,2026-05-07 21:28:48,2026-05-07 21:28:48,,Maya,OR-20220101-97
98,98,Rent Payment - Billing #98,FRNT-FEB2022-98,Credit,Rent Payment,2022-02-01,13238.63,f,2026-05-07 21:28:48,2026-05-07 21:28:48,,Maya,OR-20220201-98
99,99,Rent Payment - Billing #99,FRNT-MAR2022-99,Credit,Rent Payment,2022-03-01,13641.32,f,2026-05-07 21:28:48,2026-05-07 21:28:48,,Bank Transfer,OR-20220301-99
100,100,Rent Payment - Billing #100,FRNT-APR2022-100,Credit,Rent Payment,2022-04-01,13037.81,f,2026-05-07 21:28:48,2026-05-07 21:28:48,,Cash,OR-20220401-100
101,101,Rent Payment - Billing #101,FRNT-MAY2022-101,Credit,Rent Payment,2022-05-01,13094.48,f,2026-05-07 21:28:48,2026-05-07 21:28:48,,Cash,OR-20220501-101
102,102,Rent Payment - Billing #102,FRNT-JUN2022-102,Credit,Rent Payment,2022-06-01,13718.88,f,2026-05-07 21:28:48,2026-05-07 21:28:48,,Maya,OR-20220601-102
103,103,Rent Payment - Billing #103,FRNT-JUL2022-103,Credit,Rent Payment,2022-07-01,13133.41,f,2026-05-07 21:28:48,2026-05-07 21:28:48,,GCash,OR-20220701-103
104,104,Rent Payment - Billing #104,FRNT-AUG2022-104,Credit,Rent Payment,2022-08-01,13364.41,f,2026-05-07 21:28:48,2026-05-07 21:28:48,,GCash,OR-20220801-104
105,105,Rent Payment - Billing #105,FRNT-SEP2022-105,Credit,Rent Payment,2022-09-01,13514.61,f,2026-05-07 21:28:48,2026-05-07 21:28:48,,GCash,OR-20220901-105
106,106,Rent Payment - Billing #106,FRNT-OCT2022-106,Credit,Rent Payment,2022-10-01,13146.48,f,2026-05-07 21:28:48,2026-05-07 21:28:48,,GCash,OR-20221001-106
107,107,Rent Payment - Billing #107,FRNT-NOV2022-107,Credit,Rent Payment,2022-11-01,13513.39,f,2026-05-07 21:28:48,2026-05-07 21:28:48,,Maya,OR-20221101-107
108,108,Rent Payment - Billing #108,FRNT-DEC2022-108,Credit,Rent Payment,2022-12-01,13079.85,f,2026-05-07 21:28:48,2026-05-07 21:28:48,,Cash,OR-20221201-108
109,109,Move-Out Settlement - Billing #109,FRNT-DEC2022-109,Credit,Rent Payment,2022-12-01,-11512.15,f,2026-05-07 21:28:48,2026-05-07 21:28:48,,GCash,OR-20221201-109
110,110,Move-In Payment - Billing #110,FRNT-JAN2022-110,Credit,Rent Payment,2022-01-01,11390.00,f,2026-05-07 21:28:48,2026-05-07 21:28:48,,Bank Transfer,OR-20220101-110
111,111,Rent Payment - Billing #111,FRNT-FEB2022-111,Credit,Rent Payment,2022-02-01,7700.07,f,2026-05-07 21:28:48,2026-05-07 21:28:48,,Cash,OR-20220201-111
112,112,Rent Payment - Billing #112,FRNT-MAR2022-112,Credit,Rent Payment,2022-03-01,8893.57,f,2026-05-07 21:28:48,2026-05-07 21:28:48,,Bank Transfer,OR-20220301-112
113,113,Rent Payment - Billing #113,FRNT-APR2022-113,Credit,Rent Payment,2022-04-01,7620.09,f,2026-05-07 21:28:48,2026-05-07 21:28:48,,Maya,OR-20220401-113
114,114,Move-Out Settlement - Billing #114,FRNT-APR2022-114,Credit,Rent Payment,2022-04-01,-4269.91,f,2026-05-07 21:28:48,2026-05-07 21:28:48,,Maya,OR-20220401-114
115,115,Move-In Payment - Billing #115,FRNT-JAN2022-115,Credit,Rent Payment,2022-01-01,24592.00,f,2026-05-07 21:28:48,2026-05-07 21:28:48,,Cash,OR-20220101-115
116,116,Rent Payment - Billing #116,FRNT-FEB2022-116,Credit,Rent Payment,2022-02-01,13738.63,f,2026-05-07 21:28:48,2026-05-07 21:28:48,,Cash,OR-20220201-116
117,117,Rent Payment - Billing #117,FRNT-MAR2022-117,Credit,Rent Payment,2022-03-01,14141.32,f,2026-05-07 21:28:48,2026-05-07 21:28:48,,Bank Transfer,OR-20220301-117
118,118,Rent Payment - Billing #118,FRNT-APR2022-118,Credit,Rent Payment,2022-04-01,13537.81,f,2026-05-07 21:28:48,2026-05-07 21:28:48,,Bank Transfer,OR-20220401-118
119,119,Move-Out Settlement - Billing #119,FRNT-APR2022-119,Credit,Rent Payment,2022-04-01,-11554.19,f,2026-05-07 21:28:48,2026-05-07 21:28:48,,GCash,OR-20220401-119
120,120,Rent Payment - Billing #120,FRNT-FEB2022-120,Credit,Rent Payment,2022-02-01,14154.83,f,2026-05-07 21:28:48,2026-05-07 21:28:48,,GCash,OR-20220201-120
121,121,Rent Payment - Billing #121,FRNT-MAR2022-121,Credit,Rent Payment,2022-03-01,13601.53,f,2026-05-07 21:28:48,2026-05-07 21:28:48,,Maya,OR-20220301-121
122,122,Rent Payment - Billing #122,FRNT-APR2022-122,Credit,Rent Payment,2022-04-01,13806.78,f,2026-05-07 21:28:48,2026-05-07 21:28:48,,GCash,OR-20220401-122
123,123,Rent Payment - Billing #123,FRNT-MAY2022-123,Credit,Rent Payment,2022-05-01,14044.06,f,2026-05-07 21:28:48,2026-05-07 21:28:48,,Bank Transfer,OR-20220501-123
124,124,Rent Payment - Billing #124,FRNT-JUN2022-124,Credit,Rent Payment,2022-06-01,14499.59,f,2026-05-07 21:28:48,2026-05-07 21:28:48,,Bank Transfer,OR-20220601-124
125,125,Rent Payment - Billing #125,FRNT-JUL2022-125,Credit,Rent Payment,2022-07-01,12888.25,f,2026-05-07 21:28:48,2026-05-07 21:28:48,,Maya,OR-20220701-125
126,126,Move-Out Settlement - Billing #126,FRNT-JUL2022-126,Credit,Rent Payment,2022-07-01,-11119.75,f,2026-05-07 21:28:48,2026-05-07 21:28:48,,Bank Transfer,OR-20220701-126
127,127,Rent Payment - Billing #127,FRNT-FEB2022-127,Credit,Rent Payment,2022-02-01,13888.86,f,2026-05-07 21:28:48,2026-05-07 21:28:48,,Maya,OR-20220201-127
128,128,Move-Out Settlement - Billing #128,FRNT-FEB2022-128,Credit,Rent Payment,2022-02-01,-11455.14,f,2026-05-07 21:28:48,2026-05-07 21:28:48,,Cash,OR-20220201-128
129,129,Move-In Payment - Billing #129,FRNT-FEB2022-129,Credit,Rent Payment,2022-02-01,21766.00,f,2026-05-07 21:28:48,2026-05-07 21:28:48,,Maya,OR-20220201-129
130,130,Rent Payment - Billing #130,FRNT-MAR2022-130,Credit,Rent Payment,2022-03-01,12920.18,f,2026-05-07 21:28:48,2026-05-07 21:28:48,,Cash,OR-20220301-130
131,131,Rent Payment - Billing #131,FRNT-APR2022-131,Credit,Rent Payment,2022-04-01,13032.22,f,2026-05-07 21:28:48,2026-05-07 21:28:48,,Maya,OR-20220401-131
132,132,Rent Payment - Billing #132,FRNT-MAY2022-132,Credit,Rent Payment,2022-05-01,12729.47,f,2026-05-07 21:28:48,2026-05-07 21:28:48,,Cash,OR-20220501-132
133,133,Rent Payment - Billing #133,FRNT-JUN2022-133,Credit,Rent Payment,2022-06-01,12818.35,f,2026-05-07 21:28:48,2026-05-07 21:28:48,,Maya,OR-20220601-133
134,134,Rent Payment - Billing #134,FRNT-JUL2022-134,Credit,Rent Payment,2022-07-01,13028.69,f,2026-05-07 21:28:48,2026-05-07 21:28:48,,GCash,OR-20220701-134
135,135,Rent Payment - Billing #135,FRNT-AUG2022-135,Credit,Rent Payment,2022-08-01,12672.74,f,2026-05-07 21:28:48,2026-05-07 21:28:48,,Maya,OR-20220801-135
136,136,Rent Payment - Billing #136,FRNT-SEP2022-136,Credit,Rent Payment,2022-09-01,12764.65,f,2026-05-07 21:28:48,2026-05-07 21:28:48,,Maya,OR-20220901-136
137,137,Rent Payment - Billing #137,FRNT-OCT2022-137,Credit,Rent Payment,2022-10-01,12649.74,f,2026-05-07 21:28:49,2026-05-07 21:28:49,,Cash,OR-20221001-137
138,138,Rent Payment - Billing #138,FRNT-NOV2022-138,Credit,Rent Payment,2022-11-01,13138.27,f,2026-05-07 21:28:49,2026-05-07 21:28:49,,Cash,OR-20221101-138
139,139,Rent Payment - Billing #139,FRNT-DEC2022-139,Credit,Rent Payment,2022-12-01,12858.21,f,2026-05-07 21:28:49,2026-05-07 21:28:49,,GCash,OR-20221201-139
140,140,Rent Payment - Billing #140,FRNT-JAN2023-140,Credit,Rent Payment,2023-01-01,13136.68,f,2026-05-07 21:28:49,2026-05-07 21:28:49,,GCash,OR-20230101-140
141,141,Rent Payment - Billing #141,FRNT-FEB2023-141,Credit,Rent Payment,2023-02-01,12056.17,f,2026-05-07 21:28:49,2026-05-07 21:28:49,,Maya,OR-20230201-141
142,142,Move-Out Settlement - Billing #142,FRNT-FEB2023-142,Credit,Rent Payment,2023-02-01,-9709.83,f,2026-05-07 21:28:49,2026-05-07 21:28:49,,Cash,OR-20230201-142
143,143,Rent Payment - Billing #143,FRNT-MAR2022-143,Credit,Rent Payment,2022-03-01,15629.42,f,2026-05-07 21:28:49,2026-05-07 21:28:49,,Cash,OR-20220301-143
144,144,Rent Payment - Billing #144,FRNT-APR2022-144,Credit,Rent Payment,2022-04-01,15680.46,f,2026-05-07 21:28:49,2026-05-07 21:28:49,,GCash,OR-20220401-144
145,145,Rent Payment - Billing #145,FRNT-MAY2022-145,Credit,Rent Payment,2022-05-01,13859.38,f,2026-05-07 21:28:49,2026-05-07 21:28:49,,Bank Transfer,OR-20220501-145
146,146,Move-Out Settlement - Billing #146,FRNT-MAY2022-146,Credit,Rent Payment,2022-05-01,-11484.62,f,2026-05-07 21:28:49,2026-05-07 21:28:49,,Cash,OR-20220501-146
147,147,Move-In Payment - Billing #147,FRNT-MAR2022-147,Credit,Rent Payment,2022-03-01,13436.00,f,2026-05-07 21:28:49,2026-05-07 21:28:49,,Cash,OR-20220301-147
148,148,Rent Payment - Billing #148,FRNT-APR2022-148,Credit,Rent Payment,2022-04-01,8232.20,f,2026-05-07 21:28:49,2026-05-07 21:28:49,,Maya,OR-20220401-148
149,149,Rent Payment - Billing #149,FRNT-MAY2022-149,Credit,Rent Payment,2022-05-01,8424.24,f,2026-05-07 21:28:49,2026-05-07 21:28:49,,Maya,OR-20220501-149
150,150,Rent Payment - Billing #150,FRNT-JUN2022-150,Credit,Rent Payment,2022-06-01,8763.80,f,2026-05-07 21:28:49,2026-05-07 21:28:49,,Bank Transfer,OR-20220601-150
151,151,Rent Payment - Billing #151,FRNT-JUL2022-151,Credit,Rent Payment,2022-07-01,9147.56,f,2026-05-07 21:28:49,2026-05-07 21:28:49,,GCash,OR-20220701-151
152,152,Rent Payment - Billing #152,FRNT-AUG2022-152,Credit,Rent Payment,2022-08-01,9123.96,f,2026-05-07 21:28:49,2026-05-07 21:28:49,,Maya,OR-20220801-152
153,153,Rent Payment - Billing #153,FRNT-SEP2022-153,Credit,Rent Payment,2022-09-01,7380.40,f,2026-05-07 21:28:49,2026-05-07 21:28:49,,GCash,OR-20220901-153
154,154,Move-Out Settlement - Billing #154,FRNT-SEP2022-154,Credit,Rent Payment,2022-09-01,-6055.60,f,2026-05-07 21:28:49,2026-05-07 21:28:49,,Bank Transfer,OR-20220901-154
155,155,Rent Payment - Billing #155,FRNT-APR2022-155,Credit,Rent Payment,2022-04-01,8434.52,f,2026-05-07 21:28:49,2026-05-07 21:28:49,,Bank Transfer,OR-20220401-155
156,156,Rent Payment - Billing #156,FRNT-MAY2022-156,Credit,Rent Payment,2022-05-01,8313.41,f,2026-05-07 21:28:49,2026-05-07 21:28:49,,Bank Transfer,OR-20220501-156
157,157,Rent Payment - Billing #157,FRNT-JUN2022-157,Credit,Rent Payment,2022-06-01,8108.99,f,2026-05-07 21:28:49,2026-05-07 21:28:49,,GCash,OR-20220601-157
158,158,Move-Out Settlement - Billing #158,FRNT-JUN2022-158,Credit,Rent Payment,2022-06-01,-6237.01,f,2026-05-07 21:28:49,2026-05-07 21:28:49,,Maya,OR-20220601-158
159,159,Rent Payment - Billing #159,FRNT-MAY2022-159,Credit,Rent Payment,2022-05-01,8051.37,f,2026-05-07 21:28:49,2026-05-07 21:28:49,,GCash,OR-20220501-159
160,160,Rent Payment - Billing #160,FRNT-JUN2022-160,Credit,Rent Payment,2022-06-01,7386.48,f,2026-05-07 21:28:49,2026-05-07 21:28:49,,Maya,OR-20220601-160
161,161,Rent Payment - Billing #161,FRNT-JUL2022-161,Credit,Rent Payment,2022-07-01,8381.81,f,2026-05-07 21:28:49,2026-05-07 21:28:49,,Cash,OR-20220701-161
162,162,Rent Payment - Billing #162,FRNT-AUG2022-162,Credit,Rent Payment,2022-08-01,7738.19,f,2026-05-07 21:28:49,2026-05-07 21:28:49,,Cash,OR-20220801-162
163,163,Rent Payment - Billing #163,FRNT-SEP2022-163,Credit,Rent Payment,2022-09-01,7665.77,f,2026-05-07 21:28:49,2026-05-07 21:28:49,,Maya,OR-20220901-163
164,164,Rent Payment - Billing #164,FRNT-OCT2022-164,Credit,Rent Payment,2022-10-01,6724.33,f,2026-05-07 21:28:49,2026-05-07 21:28:49,,Cash,OR-20221001-164
165,165,Move-Out Settlement - Billing #165,FRNT-OCT2022-165,Credit,Rent Payment,2022-10-01,-4665.67,f,2026-05-07 21:28:49,2026-05-07 21:28:49,,Cash,OR-20221001-165
166,166,Move-In Payment - Billing #166,FRNT-APR2022-166,Credit,Rent Payment,2022-04-01,18672.00,f,2026-05-07 21:28:49,2026-05-07 21:28:49,,GCash,OR-20220401-166
167,167,Rent Payment - Billing #167,FRNT-MAY2022-167,Credit,Rent Payment,2022-05-01,11696.53,f,2026-05-07 21:28:49,2026-05-07 21:28:49,,Bank Transfer,OR-20220501-167
168,168,Rent Payment - Billing #168,FRNT-JUN2022-168,Credit,Rent Payment,2022-06-01,11209.77,f,2026-05-07 21:28:49,2026-05-07 21:28:49,,Maya,OR-20220601-168
169,169,Rent Payment - Billing #169,FRNT-JUL2022-169,Credit,Rent Payment,2022-07-01,11078.90,f,2026-05-07 21:28:49,2026-05-07 21:28:49,,GCash,OR-20220701-169
170,170,Move-Out Settlement - Billing #170,FRNT-JUL2022-170,Credit,Rent Payment,2022-07-01,-8093.10,f,2026-05-07 21:28:49,2026-05-07 21:28:49,,Cash,OR-20220701-170
171,171,Rent Payment - Billing #171,FRNT-MAY2022-171,Credit,Rent Payment,2022-05-01,14506.36,f,2026-05-07 21:28:49,2026-05-07 21:28:49,,Maya,OR-20220501-171
172,172,Move-Out Settlement - Billing #172,FRNT-MAY2022-172,Credit,Rent Payment,2022-05-01,-11619.64,f,2026-05-07 21:28:49,2026-05-07 21:28:49,,Cash,OR-20220501-172
173,173,Rent Payment - Billing #173,FRNT-MAY2022-173,Credit,Rent Payment,2022-05-01,13594.48,f,2026-05-07 21:28:49,2026-05-07 21:28:49,,Maya,OR-20220501-173
174,174,Move-Out Settlement - Billing #174,FRNT-MAY2022-174,Credit,Rent Payment,2022-05-01,-11497.52,f,2026-05-07 21:28:49,2026-05-07 21:28:49,,Cash,OR-20220501-174
175,175,Move-In Payment - Billing #175,FRNT-APR2022-175,Credit,Rent Payment,2022-04-01,14710.00,f,2026-05-07 21:28:49,2026-05-07 21:28:49,,Maya,OR-20220401-175
176,176,Rent Payment - Billing #176,FRNT-MAY2022-176,Credit,Rent Payment,2022-05-01,8902.94,f,2026-05-07 21:28:49,2026-05-07 21:28:49,,Maya,OR-20220501-176
177,177,Move-Out Settlement - Billing #177,FRNT-MAY2022-177,Credit,Rent Payment,2022-05-01,-6307.06,f,2026-05-07 21:28:49,2026-05-07 21:28:49,,Bank Transfer,OR-20220501-177
178,178,Rent Payment - Billing #178,FRNT-JUN2022-178,Credit,Rent Payment,2022-06-01,8709.77,f,2026-05-07 21:28:49,2026-05-07 21:28:49,,GCash,OR-20220601-178
179,179,Rent Payment - Billing #179,FRNT-JUL2022-179,Credit,Rent Payment,2022-07-01,9385.54,f,2026-05-07 21:28:49,2026-05-07 21:28:49,,Cash,OR-20220701-179
180,180,Rent Payment - Billing #180,FRNT-AUG2022-180,Credit,Rent Payment,2022-08-01,8936.77,f,2026-05-07 21:28:49,2026-05-07 21:28:49,,Cash,OR-20220801-180
181,181,Rent Payment - Billing #181,FRNT-SEP2022-181,Credit,Rent Payment,2022-09-01,9405.08,f,2026-05-07 21:28:49,2026-05-07 21:28:49,,Maya,OR-20220901-181
182,182,Rent Payment - Billing #182,FRNT-OCT2022-182,Credit,Rent Payment,2022-10-01,9505.04,f,2026-05-07 21:28:49,2026-05-07 21:28:49,,Bank Transfer,OR-20221001-182
183,183,Rent Payment - Billing #183,FRNT-NOV2022-183,Credit,Rent Payment,2022-11-01,9460.68,f,2026-05-07 21:28:49,2026-05-07 21:28:49,,Maya,OR-20221101-183
184,184,Rent Payment - Billing #184,FRNT-DEC2022-184,Credit,Rent Payment,2022-12-01,8964.83,f,2026-05-07 21:28:49,2026-05-07 21:28:49,,Maya,OR-20221201-184
185,185,Rent Payment - Billing #185,FRNT-JAN2023-185,Credit,Rent Payment,2023-01-01,9589.77,f,2026-05-07 21:28:49,2026-05-07 21:28:49,,Bank Transfer,OR-20230101-185
186,186,Rent Payment - Billing #186,FRNT-FEB2023-186,Credit,Rent Payment,2023-02-01,8906.50,f,2026-05-07 21:28:49,2026-05-07 21:28:49,,Cash,OR-20230201-186
187,187,Rent Payment - Billing #187,FRNT-MAR2023-187,Credit,Rent Payment,2023-03-01,8256.51,f,2026-05-07 21:28:49,2026-05-07 21:28:49,,Bank Transfer,OR-20230301-187
188,188,Rent Payment - Billing #188,FRNT-APR2023-188,Credit,Rent Payment,2023-04-01,8751.76,f,2026-05-07 21:28:49,2026-05-07 21:28:49,,GCash,OR-20230401-188
189,189,Rent Payment - Billing #189,FRNT-MAY2023-189,Credit,Rent Payment,2023-05-01,7900.04,f,2026-05-07 21:28:49,2026-05-07 21:28:49,,GCash,OR-20230501-189
190,190,Move-Out Settlement - Billing #190,FRNT-MAY2023-190,Credit,Rent Payment,2023-05-01,-6809.96,f,2026-05-07 21:28:49,2026-05-07 21:28:49,,Cash,OR-20230501-190
191,191,Rent Payment - Billing #191,FRNT-JUN2022-191,Credit,Rent Payment,2022-06-01,14484.87,f,2026-05-07 21:28:49,2026-05-07 21:28:49,,Cash,OR-20220601-191
192,192,Rent Payment - Billing #192,FRNT-JUL2022-192,Credit,Rent Payment,2022-07-01,14412.77,f,2026-05-07 21:28:49,2026-05-07 21:28:49,,Cash,OR-20220701-192
193,193,Rent Payment - Billing #193,FRNT-AUG2022-193,Credit,Rent Payment,2022-08-01,13682.45,f,2026-05-07 21:28:49,2026-05-07 21:28:49,,Cash,OR-20220801-193
194,194,Rent Payment - Billing #194,FRNT-SEP2022-194,Credit,Rent Payment,2022-09-01,14648.67,f,2026-05-07 21:28:49,2026-05-07 21:28:49,,Bank Transfer,OR-20220901-194
195,195,Rent Payment - Billing #195,FRNT-OCT2022-195,Credit,Rent Payment,2022-10-01,14264.91,f,2026-05-07 21:28:49,2026-05-07 21:28:49,,Bank Transfer,OR-20221001-195
196,196,Rent Payment - Billing #196,FRNT-NOV2022-196,Credit,Rent Payment,2022-11-01,14097.69,f,2026-05-07 21:28:49,2026-05-07 21:28:49,,GCash,OR-20221101-196
197,197,Rent Payment - Billing #197,FRNT-DEC2022-197,Credit,Rent Payment,2022-12-01,14808.77,f,2026-05-07 21:28:49,2026-05-07 21:28:49,,GCash,OR-20221201-197
198,198,Rent Payment - Billing #198,FRNT-JAN2023-198,Credit,Rent Payment,2023-01-01,13964.54,f,2026-05-07 21:28:49,2026-05-07 21:28:49,,Bank Transfer,OR-20230101-198
199,199,Rent Payment - Billing #199,FRNT-FEB2023-199,Credit,Rent Payment,2023-02-01,14390.25,f,2026-05-07 21:28:49,2026-05-07 21:28:49,,Maya,OR-20230201-199
200,200,Rent Payment - Billing #200,FRNT-MAR2023-200,Credit,Rent Payment,2023-03-01,13961.70,f,2026-05-07 21:28:49,2026-05-07 21:28:49,,Maya,OR-20230301-200
201,201,Rent Payment - Billing #201,FRNT-APR2023-201,Credit,Rent Payment,2023-04-01,14182.57,f,2026-05-07 21:28:49,2026-05-07 21:28:49,,Cash,OR-20230401-201
202,202,Rent Payment - Billing #202,FRNT-MAY2023-202,Credit,Rent Payment,2023-05-01,13481.46,f,2026-05-07 21:28:49,2026-05-07 21:28:49,,Bank Transfer,OR-20230501-202
203,203,Move-Out Settlement - Billing #203,FRNT-MAY2023-203,Credit,Rent Payment,2023-05-01,-11362.54,f,2026-05-07 21:28:49,2026-05-07 21:28:49,,Maya,OR-20230501-203
204,204,Rent Payment - Billing #204,FRNT-JUN2022-204,Credit,Rent Payment,2022-06-01,14714.75,f,2026-05-07 21:28:49,2026-05-07 21:28:49,,GCash,OR-20220601-204
205,205,Move-Out Settlement - Billing #205,FRNT-JUN2022-205,Credit,Rent Payment,2022-06-01,-11443.25,f,2026-05-07 21:28:49,2026-05-07 21:28:49,,Maya,OR-20220601-205
206,206,Rent Payment - Billing #206,FRNT-JUN2022-206,Credit,Rent Payment,2022-06-01,15800.05,f,2026-05-07 21:28:49,2026-05-07 21:28:49,,GCash,OR-20220601-206
207,207,Rent Payment - Billing #207,FRNT-JUL2022-207,Credit,Rent Payment,2022-07-01,15324.17,f,2026-05-07 21:28:49,2026-05-07 21:28:49,,Cash,OR-20220701-207
208,208,Rent Payment - Billing #208,FRNT-AUG2022-208,Credit,Rent Payment,2022-08-01,14036.54,f,2026-05-07 21:28:49,2026-05-07 21:28:49,,GCash,OR-20220801-208
209,209,Move-Out Settlement - Billing #209,FRNT-AUG2022-209,Credit,Rent Payment,2022-08-01,-12089.46,f,2026-05-07 21:28:49,2026-05-07 21:28:49,,Maya,OR-20220801-209
210,210,Move-In Payment - Billing #210,FRNT-MAY2022-210,Credit,Rent Payment,2022-05-01,21296.00,f,2026-05-07 21:28:49,2026-05-07 21:28:49,,Maya,OR-20220501-210
211,211,Rent Payment - Billing #211,FRNT-JUN2022-211,Credit,Rent Payment,2022-06-01,12704.21,f,2026-05-07 21:28:49,2026-05-07 21:28:49,,Bank Transfer,OR-20220601-211
212,212,Rent Payment - Billing #212,FRNT-JUL2022-212,Credit,Rent Payment,2022-07-01,12882.79,f,2026-05-07 21:28:49,2026-05-07 21:28:49,,Cash,OR-20220701-212
213,213,Rent Payment - Billing #213,FRNT-AUG2022-213,Credit,Rent Payment,2022-08-01,12086.91,f,2026-05-07 21:28:49,2026-05-07 21:28:49,,GCash,OR-20220801-213
214,214,Move-Out Settlement - Billing #214,FRNT-AUG2022-214,Credit,Rent Payment,2022-08-01,-9709.09,f,2026-05-07 21:28:49,2026-05-07 21:28:49,,GCash,OR-20220801-214
215,215,Rent Payment - Billing #215,FRNT-JUN2022-215,Credit,Rent Payment,2022-06-01,13718.88,f,2026-05-07 21:28:49,2026-05-07 21:28:49,,Cash,OR-20220601-215
216,216,Rent Payment - Billing #216,FRNT-JUL2022-216,Credit,Rent Payment,2022-07-01,13133.41,f,2026-05-07 21:28:49,2026-05-07 21:28:49,,Bank Transfer,OR-20220701-216
217,217,Rent Payment - Billing #217,FRNT-AUG2022-217,Credit,Rent Payment,2022-08-01,13364.41,f,2026-05-07 21:28:49,2026-05-07 21:28:49,,Maya,OR-20220801-217
218,218,Rent Payment - Billing #218,FRNT-SEP2022-218,Credit,Rent Payment,2022-09-01,13514.61,f,2026-05-07 21:28:49,2026-05-07 21:28:49,,Maya,OR-20220901-218
219,219,Rent Payment - Billing #219,FRNT-OCT2022-219,Credit,Rent Payment,2022-10-01,13146.48,f,2026-05-07 21:28:49,2026-05-07 21:28:49,,Bank Transfer,OR-20221001-219
220,220,Rent Payment - Billing #220,FRNT-NOV2022-220,Credit,Rent Payment,2022-11-01,13513.39,f,2026-05-07 21:28:49,2026-05-07 21:28:49,,Maya,OR-20221101-220
221,221,Rent Payment - Billing #221,FRNT-DEC2022-221,Credit,Rent Payment,2022-12-01,13079.85,f,2026-05-07 21:28:49,2026-05-07 21:28:49,,Bank Transfer,OR-20221201-221
222,222,Rent Payment - Billing #222,FRNT-JAN2023-222,Credit,Rent Payment,2023-01-01,13107.20,f,2026-05-07 21:28:49,2026-05-07 21:28:49,,Cash,OR-20230101-222
223,223,Rent Payment - Billing #223,FRNT-FEB2023-223,Credit,Rent Payment,2023-02-01,13650.78,f,2026-05-07 21:28:49,2026-05-07 21:28:49,,GCash,OR-20230201-223
224,224,Rent Payment - Billing #224,FRNT-MAR2023-224,Credit,Rent Payment,2023-03-01,13310.46,f,2026-05-07 21:28:49,2026-05-07 21:28:49,,Maya,OR-20230301-224
225,225,Rent Payment - Billing #225,FRNT-APR2023-225,Credit,Rent Payment,2023-04-01,13328.29,f,2026-05-07 21:28:49,2026-05-07 21:28:49,,Cash,OR-20230401-225
226,226,Rent Payment - Billing #226,FRNT-MAY2023-226,Credit,Rent Payment,2023-05-01,13012.66,f,2026-05-07 21:28:49,2026-05-07 21:28:49,,Maya,OR-20230501-226
227,227,Move-Out Settlement - Billing #227,FRNT-MAY2023-227,Credit,Rent Payment,2023-05-01,-11579.34,f,2026-05-07 21:28:49,2026-05-07 21:28:49,,Bank Transfer,OR-20230501-227
228,228,Rent Payment - Billing #228,FRNT-JUN2022-228,Credit,Rent Payment,2022-06-01,8417.62,f,2026-05-07 21:28:49,2026-05-07 21:28:49,,Cash,OR-20220601-228
229,229,Move-Out Settlement - Billing #229,FRNT-JUN2022-229,Credit,Rent Payment,2022-06-01,-6256.38,f,2026-05-07 21:28:49,2026-05-07 21:28:49,,GCash,OR-20220601-229
230,230,Rent Payment - Billing #230,FRNT-JUL2022-230,Credit,Rent Payment,2022-07-01,9598.39,f,2026-05-07 21:28:49,2026-05-07 21:28:49,,GCash,OR-20220701-230
231,231,Rent Payment - Billing #231,FRNT-AUG2022-231,Credit,Rent Payment,2022-08-01,10187.97,f,2026-05-07 21:28:49,2026-05-07 21:28:49,,Cash,OR-20220801-231
232,232,Rent Payment - Billing #232,FRNT-SEP2022-232,Credit,Rent Payment,2022-09-01,8937.67,f,2026-05-07 21:28:49,2026-05-07 21:28:49,,Maya,OR-20220901-232
233,233,Move-Out Settlement - Billing #233,FRNT-SEP2022-233,Credit,Rent Payment,2022-09-01,-5736.33,f,2026-05-07 21:28:49,2026-05-07 21:28:49,,Maya,OR-20220901-233
234,234,Rent Payment - Billing #234,FRNT-JUL2022-234,Credit,Rent Payment,2022-07-01,14718.66,f,2026-05-07 21:28:49,2026-05-07 21:28:49,,Bank Transfer,OR-20220701-234
235,235,Rent Payment - Billing #235,FRNT-AUG2022-235,Credit,Rent Payment,2022-08-01,15474.25,f,2026-05-07 21:28:49,2026-05-07 21:28:49,,GCash,OR-20220801-235
236,236,Rent Payment - Billing #236,FRNT-SEP2022-236,Credit,Rent Payment,2022-09-01,15557.80,f,2026-05-07 21:28:49,2026-05-07 21:28:49,,Bank Transfer,OR-20220901-236
237,237,Rent Payment - Billing #237,FRNT-OCT2022-237,Credit,Rent Payment,2022-10-01,14301.25,f,2026-05-07 21:28:49,2026-05-07 21:28:49,,Cash,OR-20221001-237
238,238,Rent Payment - Billing #238,FRNT-NOV2022-238,Credit,Rent Payment,2022-11-01,15573.25,f,2026-05-07 21:28:49,2026-05-07 21:28:49,,Maya,OR-20221101-238
239,239,Rent Payment - Billing #239,FRNT-DEC2022-239,Credit,Rent Payment,2022-12-01,15544.54,f,2026-05-07 21:28:49,2026-05-07 21:28:49,,Maya,OR-20221201-239
240,240,Rent Payment - Billing #240,FRNT-JAN2023-240,Credit,Rent Payment,2023-01-01,15270.94,f,2026-05-07 21:28:49,2026-05-07 21:28:49,,Maya,OR-20230101-240
241,241,Rent Payment - Billing #241,FRNT-FEB2023-241,Credit,Rent Payment,2023-02-01,14763.37,f,2026-05-07 21:28:49,2026-05-07 21:28:49,,Bank Transfer,OR-20230201-241
242,242,Rent Payment - Billing #242,FRNT-MAR2023-242,Credit,Rent Payment,2023-03-01,15272.17,f,2026-05-07 21:28:49,2026-05-07 21:28:49,,Cash,OR-20230301-242
243,243,Rent Payment - Billing #243,FRNT-APR2023-243,Credit,Rent Payment,2023-04-01,14892.49,f,2026-05-07 21:28:49,2026-05-07 21:28:49,,Cash,OR-20230401-243
244,244,Rent Payment - Billing #244,FRNT-MAY2023-244,Credit,Rent Payment,2023-05-01,14341.82,f,2026-05-07 21:28:49,2026-05-07 21:28:49,,Cash,OR-20230501-244
245,245,Rent Payment - Billing #245,FRNT-JUN2023-245,Credit,Rent Payment,2023-06-01,13790.38,f,2026-05-07 21:28:49,2026-05-07 21:28:49,,GCash,OR-20230601-245
246,246,Move-Out Settlement - Billing #246,FRNT-JUN2023-246,Credit,Rent Payment,2023-06-01,-11867.62,f,2026-05-07 21:28:49,2026-05-07 21:28:49,,Maya,OR-20230601-246
247,247,Rent Payment - Billing #247,FRNT-JUL2022-247,Credit,Rent Payment,2022-07-01,8452.21,f,2026-05-07 21:28:49,2026-05-07 21:28:49,,Cash,OR-20220701-247
248,248,Rent Payment - Billing #248,FRNT-AUG2022-248,Credit,Rent Payment,2022-08-01,8591.71,f,2026-05-07 21:28:49,2026-05-07 21:28:49,,Cash,OR-20220801-248
249,249,Rent Payment - Billing #249,FRNT-SEP2022-249,Credit,Rent Payment,2022-09-01,8277.15,f,2026-05-07 21:28:49,2026-05-07 21:28:49,,GCash,OR-20220901-249
250,250,Move-Out Settlement - Billing #250,FRNT-SEP2022-250,Credit,Rent Payment,2022-09-01,-6068.85,f,2026-05-07 21:28:49,2026-05-07 21:28:49,,Cash,OR-20220901-250
251,251,Rent Payment - Billing #251,FRNT-AUG2022-251,Credit,Rent Payment,2022-08-01,14985.03,f,2026-05-07 21:28:49,2026-05-07 21:28:49,,GCash,OR-20220801-251
252,252,Rent Payment - Billing #252,FRNT-SEP2022-252,Credit,Rent Payment,2022-09-01,14659.70,f,2026-05-07 21:28:49,2026-05-07 21:28:49,,GCash,OR-20220901-252
253,253,Rent Payment - Billing #253,FRNT-OCT2022-253,Credit,Rent Payment,2022-10-01,13681.99,f,2026-05-07 21:28:49,2026-05-07 21:28:49,,Cash,OR-20221001-253
254,254,Move-Out Settlement - Billing #254,FRNT-OCT2022-254,Credit,Rent Payment,2022-10-01,-10826.01,f,2026-05-07 21:28:49,2026-05-07 21:28:49,,GCash,OR-20221001-254
255,255,Rent Payment - Billing #255,FRNT-AUG2022-255,Credit,Rent Payment,2022-08-01,11118.07,f,2026-05-07 21:28:49,2026-05-07 21:28:49,,Cash,OR-20220801-255
256,256,Rent Payment - Billing #256,FRNT-SEP2022-256,Credit,Rent Payment,2022-09-01,11214.20,f,2026-05-07 21:28:49,2026-05-07 21:28:49,,Cash,OR-20220901-256
257,257,Rent Payment - Billing #257,FRNT-OCT2022-257,Credit,Rent Payment,2022-10-01,11498.21,f,2026-05-07 21:28:49,2026-05-07 21:28:49,,Bank Transfer,OR-20221001-257
258,258,Rent Payment - Billing #258,FRNT-NOV2022-258,Credit,Rent Payment,2022-11-01,11837.70,f,2026-05-07 21:28:49,2026-05-07 21:28:49,,GCash,OR-20221101-258
259,259,Rent Payment - Billing #259,FRNT-DEC2022-259,Credit,Rent Payment,2022-12-01,12259.42,f,2026-05-07 21:28:49,2026-05-07 21:28:49,,Cash,OR-20221201-259
260,260,Rent Payment - Billing #260,FRNT-JAN2023-260,Credit,Rent Payment,2023-01-01,10525.24,f,2026-05-07 21:28:49,2026-05-07 21:28:49,,GCash,OR-20230101-260
261,261,Move-Out Settlement - Billing #261,FRNT-JAN2023-261,Credit,Rent Payment,2023-01-01,-8146.76,f,2026-05-07 21:28:49,2026-05-07 21:28:49,,GCash,OR-20230101-261
262,262,Rent Payment - Billing #262,FRNT-SEP2022-262,Credit,Rent Payment,2022-09-01,13349.87,f,2026-05-07 21:28:49,2026-05-07 21:28:49,,GCash,OR-20220901-262
263,263,Rent Payment - Billing #263,FRNT-OCT2022-263,Credit,Rent Payment,2022-10-01,13254.33,f,2026-05-07 21:28:49,2026-05-07 21:28:49,,Maya,OR-20221001-263
264,264,Rent Payment - Billing #264,FRNT-NOV2022-264,Credit,Rent Payment,2022-11-01,12599.02,f,2026-05-07 21:28:49,2026-05-07 21:28:49,,GCash,OR-20221101-264
265,265,Move-Out Settlement - Billing #265,FRNT-NOV2022-265,Credit,Rent Payment,2022-11-01,-9196.98,f,2026-05-07 21:28:49,2026-05-07 21:28:49,,Bank Transfer,OR-20221101-265
266,266,Rent Payment - Billing #266,FRNT-SEP2022-266,Credit,Rent Payment,2022-09-01,15418.83,f,2026-05-07 21:28:49,2026-05-07 21:28:49,,Maya,OR-20220901-266
267,267,Rent Payment - Billing #267,FRNT-OCT2022-267,Credit,Rent Payment,2022-10-01,15154.79,f,2026-05-07 21:28:49,2026-05-07 21:28:49,,Cash,OR-20221001-267
268,268,Rent Payment - Billing #268,FRNT-NOV2022-268,Credit,Rent Payment,2022-11-01,14233.22,f,2026-05-07 21:28:49,2026-05-07 21:28:49,,Maya,OR-20221101-268
269,269,Rent Payment - Billing #269,FRNT-DEC2022-269,Credit,Rent Payment,2022-12-01,14459.29,f,2026-05-07 21:28:49,2026-05-07 21:28:49,,Cash,OR-20221201-269
270,270,Rent Payment - Billing #270,FRNT-JAN2023-270,Credit,Rent Payment,2023-01-01,15352.09,f,2026-05-07 21:28:49,2026-05-07 21:28:49,,GCash,OR-20230101-270
271,271,Rent Payment - Billing #271,FRNT-FEB2023-271,Credit,Rent Payment,2023-02-01,14749.23,f,2026-05-07 21:28:49,2026-05-07 21:28:49,,GCash,OR-20230201-271
272,272,Rent Payment - Billing #272,FRNT-MAR2023-272,Credit,Rent Payment,2023-03-01,14642.11,f,2026-05-07 21:28:49,2026-05-07 21:28:49,,Cash,OR-20230301-272
273,273,Rent Payment - Billing #273,FRNT-APR2023-273,Credit,Rent Payment,2023-04-01,14055.72,f,2026-05-07 21:28:49,2026-05-07 21:28:49,,Maya,OR-20230401-273
274,274,Rent Payment - Billing #274,FRNT-MAY2023-274,Credit,Rent Payment,2023-05-01,14787.14,f,2026-05-07 21:28:49,2026-05-07 21:28:49,,Cash,OR-20230501-274
275,275,Rent Payment - Billing #275,FRNT-JUN2023-275,Credit,Rent Payment,2023-06-01,14963.75,f,2026-05-07 21:28:49,2026-05-07 21:28:49,,Cash,OR-20230601-275
276,276,Rent Payment - Billing #276,FRNT-JUL2023-276,Credit,Rent Payment,2023-07-01,15060.44,f,2026-05-07 21:28:49,2026-05-07 21:28:49,,Maya,OR-20230701-276
277,277,Rent Payment - Billing #277,FRNT-AUG2023-277,Credit,Rent Payment,2023-08-01,14153.30,f,2026-05-07 21:28:49,2026-05-07 21:28:49,,Cash,OR-20230801-277
278,278,Move-Out Settlement - Billing #278,FRNT-AUG2023-278,Credit,Rent Payment,2023-08-01,-11472.70,f,2026-05-07 21:28:49,2026-05-07 21:28:49,,Cash,OR-20230801-278
279,279,Rent Payment - Billing #279,FRNT-OCT2022-279,Credit,Rent Payment,2022-10-01,9397.00,f,2026-05-07 21:28:49,2026-05-07 21:28:49,,Bank Transfer,OR-20221001-279
280,280,Rent Payment - Billing #280,FRNT-NOV2022-280,Credit,Rent Payment,2022-11-01,9277.92,f,2026-05-07 21:28:49,2026-05-07 21:28:49,,Cash,OR-20221101-280
281,281,Rent Payment - Billing #281,FRNT-DEC2022-281,Credit,Rent Payment,2022-12-01,8522.33,f,2026-05-07 21:28:49,2026-05-07 21:28:49,,GCash,OR-20221201-281
282,282,Rent Payment - Billing #282,FRNT-JAN2023-282,Credit,Rent Payment,2023-01-01,9136.31,f,2026-05-07 21:28:49,2026-05-07 21:28:49,,GCash,OR-20230101-282
283,283,Rent Payment - Billing #283,FRNT-FEB2023-283,Credit,Rent Payment,2023-02-01,9540.06,f,2026-05-07 21:28:49,2026-05-07 21:28:49,,Bank Transfer,OR-20230201-283
284,284,Rent Payment - Billing #284,FRNT-MAR2023-284,Credit,Rent Payment,2023-03-01,8140.68,f,2026-05-07 21:28:49,2026-05-07 21:28:49,,Maya,OR-20230301-284
285,285,Move-Out Settlement - Billing #285,FRNT-MAR2023-285,Credit,Rent Payment,2023-03-01,-6033.32,f,2026-05-07 21:28:49,2026-05-07 21:28:49,,Cash,OR-20230301-285
286,286,Rent Payment - Billing #286,FRNT-OCT2022-286,Credit,Rent Payment,2022-10-01,9206.92,f,2026-05-07 21:28:49,2026-05-07 21:28:49,,Bank Transfer,OR-20221001-286
287,287,Rent Payment - Billing #287,FRNT-NOV2022-287,Credit,Rent Payment,2022-11-01,9096.38,f,2026-05-07 21:28:49,2026-05-07 21:28:49,,Cash,OR-20221101-287
288,288,Rent Payment - Billing #288,FRNT-DEC2022-288,Credit,Rent Payment,2022-12-01,9458.22,f,2026-05-07 21:28:49,2026-05-07 21:28:49,,Maya,OR-20221201-288
289,289,Rent Payment - Billing #289,FRNT-JAN2023-289,Credit,Rent Payment,2023-01-01,8848.09,f,2026-05-07 21:28:49,2026-05-07 21:28:49,,Bank Transfer,OR-20230101-289
290,290,Rent Payment - Billing #290,FRNT-FEB2023-290,Credit,Rent Payment,2023-02-01,9604.79,f,2026-05-07 21:28:49,2026-05-07 21:28:49,,Maya,OR-20230201-290
291,291,Rent Payment - Billing #291,FRNT-MAR2023-291,Credit,Rent Payment,2023-03-01,7674.35,f,2026-05-07 21:28:49,2026-05-07 21:28:49,,Bank Transfer,OR-20230301-291
292,292,Move-Out Settlement - Billing #292,FRNT-MAR2023-292,Credit,Rent Payment,2023-03-01,-5761.65,f,2026-05-07 21:28:49,2026-05-07 21:28:49,,GCash,OR-20230301-292
293,293,Rent Payment - Billing #293,FRNT-OCT2022-293,Credit,Rent Payment,2022-10-01,7627.36,f,2026-05-07 21:28:49,2026-05-07 21:28:49,,Maya,OR-20221001-293
294,294,Rent Payment - Billing #294,FRNT-NOV2022-294,Credit,Rent Payment,2022-11-01,7691.59,f,2026-05-07 21:28:49,2026-05-07 21:28:49,,GCash,OR-20221101-294
295,295,Rent Payment - Billing #295,FRNT-DEC2022-295,Credit,Rent Payment,2022-12-01,8166.46,f,2026-05-07 21:28:49,2026-05-07 21:28:49,,GCash,OR-20221201-295
296,296,Rent Payment - Billing #296,FRNT-JAN2023-296,Credit,Rent Payment,2023-01-01,8120.51,f,2026-05-07 21:28:49,2026-05-07 21:28:49,,Maya,OR-20230101-296
297,297,Rent Payment - Billing #297,FRNT-FEB2023-297,Credit,Rent Payment,2023-02-01,7855.15,f,2026-05-07 21:28:49,2026-05-07 21:28:49,,Maya,OR-20230201-297
298,298,Rent Payment - Billing #298,FRNT-MAR2023-298,Credit,Rent Payment,2023-03-01,7462.58,f,2026-05-07 21:28:49,2026-05-07 21:28:49,,Bank Transfer,OR-20230301-298
299,299,Move-Out Settlement - Billing #299,FRNT-MAR2023-299,Credit,Rent Payment,2023-03-01,-6383.42,f,2026-05-07 21:28:49,2026-05-07 21:28:49,,Cash,OR-20230301-299
300,300,Rent Payment - Billing #300,FRNT-NOV2022-300,Credit,Rent Payment,2022-11-01,7965.17,f,2026-05-07 21:28:49,2026-05-07 21:28:49,,Bank Transfer,OR-20221101-300
301,301,Rent Payment - Billing #301,FRNT-DEC2022-301,Credit,Rent Payment,2022-12-01,8264.53,f,2026-05-07 21:28:49,2026-05-07 21:28:49,,Cash,OR-20221201-301
302,302,Rent Payment - Billing #302,FRNT-JAN2023-302,Credit,Rent Payment,2023-01-01,6877.92,f,2026-05-07 21:28:49,2026-05-07 21:28:49,,Bank Transfer,OR-20230101-302
303,303,Move-Out Settlement - Billing #303,FRNT-JAN2023-303,Credit,Rent Payment,2023-01-01,-5012.08,f,2026-05-07 21:28:49,2026-05-07 21:28:49,,Cash,OR-20230101-303
304,304,Move-In Payment - Billing #304,FRNT-OCT2022-304,Credit,Rent Payment,2022-10-01,18624.00,f,2026-05-07 21:28:49,2026-05-07 21:28:49,,GCash,OR-20221001-304
305,305,Rent Payment - Billing #305,FRNT-NOV2022-305,Credit,Rent Payment,2022-11-01,11368.23,f,2026-05-07 21:28:49,2026-05-07 21:28:49,,Bank Transfer,OR-20221101-305
306,306,Rent Payment - Billing #306,FRNT-DEC2022-306,Credit,Rent Payment,2022-12-01,11122.71,f,2026-05-07 21:28:49,2026-05-07 21:28:49,,GCash,OR-20221201-306
307,307,Rent Payment - Billing #307,FRNT-JAN2023-307,Credit,Rent Payment,2023-01-01,10612.97,f,2026-05-07 21:28:49,2026-05-07 21:28:49,,Maya,OR-20230101-307
308,308,Move-Out Settlement - Billing #308,FRNT-JAN2023-308,Credit,Rent Payment,2023-01-01,-8511.03,f,2026-05-07 21:28:49,2026-05-07 21:28:49,,Bank Transfer,OR-20230101-308
309,309,Rent Payment - Billing #309,FRNT-NOV2022-309,Credit,Rent Payment,2022-11-01,7691.59,f,2026-05-07 21:28:49,2026-05-07 21:28:49,,Bank Transfer,OR-20221101-309
310,310,Rent Payment - Billing #310,FRNT-DEC2022-310,Credit,Rent Payment,2022-12-01,8166.46,f,2026-05-07 21:28:49,2026-05-07 21:28:49,,Bank Transfer,OR-20221201-310
311,311,Rent Payment - Billing #311,FRNT-JAN2023-311,Credit,Rent Payment,2023-01-01,8120.51,f,2026-05-07 21:28:49,2026-05-07 21:28:49,,Cash,OR-20230101-311
312,312,Rent Payment - Billing #312,FRNT-FEB2023-312,Credit,Rent Payment,2023-02-01,7855.15,f,2026-05-07 21:28:49,2026-05-07 21:28:49,,Maya,OR-20230201-312
313,313,Rent Payment - Billing #313,FRNT-MAR2023-313,Credit,Rent Payment,2023-03-01,7462.58,f,2026-05-07 21:28:49,2026-05-07 21:28:49,,Bank Transfer,OR-20230301-313
314,314,Rent Payment - Billing #314,FRNT-APR2023-314,Credit,Rent Payment,2023-04-01,7702.83,f,2026-05-07 21:28:49,2026-05-07 21:28:49,,Cash,OR-20230401-314
315,315,Rent Payment - Billing #315,FRNT-MAY2023-315,Credit,Rent Payment,2023-05-01,7947.80,f,2026-05-07 21:28:49,2026-05-07 21:28:49,,Cash,OR-20230501-315
316,316,Rent Payment - Billing #316,FRNT-JUN2023-316,Credit,Rent Payment,2023-06-01,7740.77,f,2026-05-07 21:28:49,2026-05-07 21:28:49,,GCash,OR-20230601-316
317,317,Rent Payment - Billing #317,FRNT-JUL2023-317,Credit,Rent Payment,2023-07-01,8324.98,f,2026-05-07 21:28:49,2026-05-07 21:28:49,,Bank Transfer,OR-20230701-317
318,318,Rent Payment - Billing #318,FRNT-AUG2023-318,Credit,Rent Payment,2023-08-01,7646.59,f,2026-05-07 21:28:49,2026-05-07 21:28:49,,Bank Transfer,OR-20230801-318
319,319,Rent Payment - Billing #319,FRNT-SEP2023-319,Credit,Rent Payment,2023-09-01,7705.47,f,2026-05-07 21:28:49,2026-05-07 21:28:49,,Cash,OR-20230901-319
320,320,Rent Payment - Billing #320,FRNT-OCT2023-320,Credit,Rent Payment,2023-10-01,7406.64,f,2026-05-07 21:28:49,2026-05-07 21:28:49,,GCash,OR-20231001-320
321,321,Move-Out Settlement - Billing #321,FRNT-OCT2023-321,Credit,Rent Payment,2023-10-01,-6439.36,f,2026-05-07 21:28:49,2026-05-07 21:28:49,,Bank Transfer,OR-20231001-321
322,322,Rent Payment - Billing #322,FRNT-NOV2022-322,Credit,Rent Payment,2022-11-01,14364.88,f,2026-05-07 21:28:49,2026-05-07 21:28:49,,Bank Transfer,OR-20221101-322
323,323,Rent Payment - Billing #323,FRNT-DEC2022-323,Credit,Rent Payment,2022-12-01,13890.37,f,2026-05-07 21:28:49,2026-05-07 21:28:49,,GCash,OR-20221201-323
324,324,Rent Payment - Billing #324,FRNT-JAN2023-324,Credit,Rent Payment,2023-01-01,14189.09,f,2026-05-07 21:28:49,2026-05-07 21:28:49,,GCash,OR-20230101-324
325,325,Rent Payment - Billing #325,FRNT-FEB2023-325,Credit,Rent Payment,2023-02-01,14175.93,f,2026-05-07 21:28:49,2026-05-07 21:28:49,,Cash,OR-20230201-325
326,326,Rent Payment - Billing #326,FRNT-MAR2023-326,Credit,Rent Payment,2023-03-01,14302.74,f,2026-05-07 21:28:49,2026-05-07 21:28:49,,Bank Transfer,OR-20230301-326
327,327,Rent Payment - Billing #327,FRNT-APR2023-327,Credit,Rent Payment,2023-04-01,14148.77,f,2026-05-07 21:28:49,2026-05-07 21:28:49,,Cash,OR-20230401-327
328,328,Rent Payment - Billing #328,FRNT-MAY2023-328,Credit,Rent Payment,2023-05-01,14174.40,f,2026-05-07 21:28:49,2026-05-07 21:28:49,,Cash,OR-20230501-328
329,329,Rent Payment - Billing #329,FRNT-JUN2023-329,Credit,Rent Payment,2023-06-01,14264.89,f,2026-05-07 21:28:49,2026-05-07 21:28:49,,GCash,OR-20230601-329
330,330,Rent Payment - Billing #330,FRNT-JUL2023-330,Credit,Rent Payment,2023-07-01,14455.21,f,2026-05-07 21:28:49,2026-05-07 21:28:49,,Cash,OR-20230701-330
331,331,Rent Payment - Billing #331,FRNT-AUG2023-331,Credit,Rent Payment,2023-08-01,13500.82,f,2026-05-07 21:28:49,2026-05-07 21:28:49,,Maya,OR-20230801-331
332,332,Rent Payment - Billing #332,FRNT-SEP2023-332,Credit,Rent Payment,2023-09-01,13797.33,f,2026-05-07 21:28:49,2026-05-07 21:28:49,,Bank Transfer,OR-20230901-332
333,333,Rent Payment - Billing #333,FRNT-OCT2023-333,Credit,Rent Payment,2023-10-01,12934.07,f,2026-05-07 21:28:49,2026-05-07 21:28:49,,Bank Transfer,OR-20231001-333
334,334,Move-Out Settlement - Billing #334,FRNT-OCT2023-334,Credit,Rent Payment,2023-10-01,-11073.93,f,2026-05-07 21:28:49,2026-05-07 21:28:49,,Cash,OR-20231001-334
335,335,Rent Payment - Billing #335,FRNT-DEC2022-335,Credit,Rent Payment,2022-12-01,13061.14,f,2026-05-07 21:28:49,2026-05-07 21:28:49,,Maya,OR-20221201-335
336,336,Rent Payment - Billing #336,FRNT-JAN2023-336,Credit,Rent Payment,2023-01-01,13154.50,f,2026-05-07 21:28:49,2026-05-07 21:28:49,,Cash,OR-20230101-336
337,337,Rent Payment - Billing #337,FRNT-FEB2023-337,Credit,Rent Payment,2023-02-01,12286.14,f,2026-05-07 21:28:49,2026-05-07 21:28:49,,Cash,OR-20230201-337
338,338,Rent Payment - Billing #338,FRNT-MAR2023-338,Credit,Rent Payment,2023-03-01,13615.98,f,2026-05-07 21:28:49,2026-05-07 21:28:49,,Cash,OR-20230301-338
339,339,Rent Payment - Billing #339,FRNT-APR2023-339,Credit,Rent Payment,2023-04-01,12973.04,f,2026-05-07 21:28:49,2026-05-07 21:28:49,,Cash,OR-20230401-339
340,340,Rent Payment - Billing #340,FRNT-MAY2023-340,Credit,Rent Payment,2023-05-01,11988.43,f,2026-05-07 21:28:49,2026-05-07 21:28:49,,GCash,OR-20230501-340
341,341,Move-Out Settlement - Billing #341,FRNT-MAY2023-341,Credit,Rent Payment,2023-05-01,-9307.57,f,2026-05-07 21:28:49,2026-05-07 21:28:49,,Bank Transfer,OR-20230501-341
342,342,Rent Payment - Billing #342,FRNT-JAN2023-342,Credit,Rent Payment,2023-01-01,13607.20,f,2026-05-07 21:28:49,2026-05-07 21:28:49,,GCash,OR-20230101-342
343,343,Move-Out Settlement - Billing #343,FRNT-JAN2023-343,Credit,Rent Payment,2023-01-01,-11484.80,f,2026-05-07 21:28:49,2026-05-07 21:28:49,,Maya,OR-20230101-343
344,344,Rent Payment - Billing #344,FRNT-FEB2023-344,Credit,Rent Payment,2023-02-01,13650.78,f,2026-05-07 21:28:49,2026-05-07 21:28:49,,Cash,OR-20230201-344
345,345,Rent Payment - Billing #345,FRNT-MAR2023-345,Credit,Rent Payment,2023-03-01,13310.46,f,2026-05-07 21:28:49,2026-05-07 21:28:49,,Bank Transfer,OR-20230301-345
346,346,Rent Payment - Billing #346,FRNT-APR2023-346,Credit,Rent Payment,2023-04-01,13328.29,f,2026-05-07 21:28:49,2026-05-07 21:28:49,,Cash,OR-20230401-346
347,347,Rent Payment - Billing #347,FRNT-MAY2023-347,Credit,Rent Payment,2023-05-01,13012.66,f,2026-05-07 21:28:49,2026-05-07 21:28:49,,GCash,OR-20230501-347
348,348,Rent Payment - Billing #348,FRNT-JUN2023-348,Credit,Rent Payment,2023-06-01,13216.57,f,2026-05-07 21:28:49,2026-05-07 21:28:49,,Cash,OR-20230601-348
349,349,Rent Payment - Billing #349,FRNT-JUL2023-349,Credit,Rent Payment,2023-07-01,12788.45,f,2026-05-07 21:28:49,2026-05-07 21:28:49,,GCash,OR-20230701-349
350,350,Rent Payment - Billing #350,FRNT-AUG2023-350,Credit,Rent Payment,2023-08-01,13307.40,f,2026-05-07 21:28:49,2026-05-07 21:28:49,,GCash,OR-20230801-350
351,351,Rent Payment - Billing #351,FRNT-SEP2023-351,Credit,Rent Payment,2023-09-01,13672.94,f,2026-05-07 21:28:49,2026-05-07 21:28:49,,GCash,OR-20230901-351
352,352,Rent Payment - Billing #352,FRNT-OCT2023-352,Credit,Rent Payment,2023-10-01,13281.67,f,2026-05-07 21:28:49,2026-05-07 21:28:49,,Bank Transfer,OR-20231001-352
353,353,Rent Payment - Billing #353,FRNT-NOV2023-353,Credit,Rent Payment,2023-11-01,13302.54,f,2026-05-07 21:28:49,2026-05-07 21:28:49,,GCash,OR-20231101-353
354,354,Rent Payment - Billing #354,FRNT-DEC2023-354,Credit,Rent Payment,2023-12-01,13225.59,f,2026-05-07 21:28:49,2026-05-07 21:28:49,,Maya,OR-20231201-354
355,355,Rent Payment - Billing #355,FRNT-JAN2024-355,Credit,Rent Payment,2024-01-01,12872.73,f,2026-05-07 21:28:49,2026-05-07 21:28:49,,Bank Transfer,OR-20240101-355
356,356,Move-Out Settlement - Billing #356,FRNT-JAN2024-356,Credit,Rent Payment,2024-01-01,-11719.27,f,2026-05-07 21:28:49,2026-05-07 21:28:49,,Bank Transfer,OR-20240101-356
357,357,Rent Payment - Billing #357,FRNT-FEB2023-357,Credit,Rent Payment,2023-02-01,7383.52,f,2026-05-07 21:28:49,2026-05-07 21:28:49,,Bank Transfer,OR-20230201-357
358,358,Rent Payment - Billing #358,FRNT-MAR2023-358,Credit,Rent Payment,2023-03-01,7260.45,f,2026-05-07 21:28:49,2026-05-07 21:28:49,,GCash,OR-20230301-358
359,359,Rent Payment - Billing #359,FRNT-APR2023-359,Credit,Rent Payment,2023-04-01,7934.53,f,2026-05-07 21:28:49,2026-05-07 21:28:49,,Maya,OR-20230401-359
360,360,Rent Payment - Billing #360,FRNT-MAY2023-360,Credit,Rent Payment,2023-05-01,7975.62,f,2026-05-07 21:28:49,2026-05-07 21:28:49,,Bank Transfer,OR-20230501-360
361,361,Rent Payment - Billing #361,FRNT-JUN2023-361,Credit,Rent Payment,2023-06-01,7446.11,f,2026-05-07 21:28:49,2026-05-07 21:28:49,,Maya,OR-20230601-361
362,362,Rent Payment - Billing #362,FRNT-JUL2023-362,Credit,Rent Payment,2023-07-01,6557.88,f,2026-05-07 21:28:49,2026-05-07 21:28:49,,GCash,OR-20230701-362
363,363,Move-Out Settlement - Billing #363,FRNT-JUL2023-363,Credit,Rent Payment,2023-07-01,-4832.12,f,2026-05-07 21:28:49,2026-05-07 21:28:49,,Cash,OR-20230701-363
364,364,Rent Payment - Billing #364,FRNT-FEB2023-364,Credit,Rent Payment,2023-02-01,11157.55,f,2026-05-07 21:28:49,2026-05-07 21:28:49,,GCash,OR-20230201-364
365,365,Rent Payment - Billing #365,FRNT-MAR2023-365,Credit,Rent Payment,2023-03-01,10874.44,f,2026-05-07 21:28:49,2026-05-07 21:28:49,,Maya,OR-20230301-365
366,366,Rent Payment - Billing #366,FRNT-APR2023-366,Credit,Rent Payment,2023-04-01,11696.09,f,2026-05-07 21:28:49,2026-05-07 21:28:49,,Cash,OR-20230401-366
367,367,Rent Payment - Billing #367,FRNT-MAY2023-367,Credit,Rent Payment,2023-05-01,11000.80,f,2026-05-07 21:28:49,2026-05-07 21:28:49,,Bank Transfer,OR-20230501-367
368,368,Rent Payment - Billing #368,FRNT-JUN2023-368,Credit,Rent Payment,2023-06-01,12169.31,f,2026-05-07 21:28:49,2026-05-07 21:28:49,,GCash,OR-20230601-368
369,369,Rent Payment - Billing #369,FRNT-JUL2023-369,Credit,Rent Payment,2023-07-01,10048.09,f,2026-05-07 21:28:49,2026-05-07 21:28:49,,Cash,OR-20230701-369
370,370,Rent Payment - Billing #370,FRNT-AUG2023-370,Credit,Rent Payment,2023-08-01,10283.87,f,2026-05-07 21:28:49,2026-05-07 21:28:49,,GCash,OR-20230801-370
371,371,Rent Payment - Billing #371,FRNT-SEP2023-371,Credit,Rent Payment,2023-09-01,10130.70,f,2026-05-07 21:28:49,2026-05-07 21:28:49,,GCash,OR-20230901-371
372,372,Rent Payment - Billing #372,FRNT-OCT2023-372,Credit,Rent Payment,2023-10-01,10149.08,f,2026-05-07 21:28:49,2026-05-07 21:28:49,,Maya,OR-20231001-372
373,373,Rent Payment - Billing #373,FRNT-NOV2023-373,Credit,Rent Payment,2023-11-01,10634.02,f,2026-05-07 21:28:49,2026-05-07 21:28:49,,Bank Transfer,OR-20231101-373
374,374,Rent Payment - Billing #374,FRNT-DEC2023-374,Credit,Rent Payment,2023-12-01,10275.95,f,2026-05-07 21:28:49,2026-05-07 21:28:49,,Cash,OR-20231201-374
375,375,Rent Payment - Billing #375,FRNT-JAN2024-375,Credit,Rent Payment,2024-01-01,9737.23,f,2026-05-07 21:28:49,2026-05-07 21:28:49,,Maya,OR-20240101-375
376,376,Move-Out Settlement - Billing #376,FRNT-JAN2024-376,Credit,Rent Payment,2024-01-01,-8934.77,f,2026-05-07 21:28:49,2026-05-07 21:28:49,,Cash,OR-20240101-376
377,377,Rent Payment - Billing #377,FRNT-FEB2023-377,Credit,Rent Payment,2023-02-01,11033.77,f,2026-05-07 21:28:49,2026-05-07 21:28:49,,GCash,OR-20230201-377
378,378,Move-Out Settlement - Billing #378,FRNT-FEB2023-378,Credit,Rent Payment,2023-02-01,-8090.23,f,2026-05-07 21:28:49,2026-05-07 21:28:49,,Cash,OR-20230201-378
379,379,Move-In Payment - Billing #379,FRNT-JAN2023-379,Credit,Rent Payment,2023-01-01,27486.00,f,2026-05-07 21:28:49,2026-05-07 21:28:49,,Maya,OR-20230101-379
380,380,Rent Payment - Billing #380,FRNT-FEB2023-380,Credit,Rent Payment,2023-02-01,16382.65,f,2026-05-07 21:28:49,2026-05-07 21:28:49,,Cash,OR-20230201-380
381,381,Rent Payment - Billing #381,FRNT-MAR2023-381,Credit,Rent Payment,2023-03-01,16867.96,f,2026-05-07 21:28:49,2026-05-07 21:28:49,,Maya,OR-20230301-381
382,382,Rent Payment - Billing #382,FRNT-APR2023-382,Credit,Rent Payment,2023-04-01,15179.85,f,2026-05-07 21:28:49,2026-05-07 21:28:49,,Bank Transfer,OR-20230401-382
383,383,Move-Out Settlement - Billing #383,FRNT-APR2023-383,Credit,Rent Payment,2023-04-01,-12806.15,f,2026-05-07 21:28:49,2026-05-07 21:28:49,,Maya,OR-20230401-383
384,384,Rent Payment - Billing #384,FRNT-MAR2023-384,Credit,Rent Payment,2023-03-01,13916.18,f,2026-05-07 21:28:49,2026-05-07 21:28:49,,Maya,OR-20230301-384
385,385,Rent Payment - Billing #385,FRNT-APR2023-385,Credit,Rent Payment,2023-04-01,13315.70,f,2026-05-07 21:28:49,2026-05-07 21:28:49,,Maya,OR-20230401-385
386,386,Rent Payment - Billing #386,FRNT-MAY2023-386,Credit,Rent Payment,2023-05-01,12121.23,f,2026-05-07 21:28:49,2026-05-07 21:28:49,,Cash,OR-20230501-386
387,387,Move-Out Settlement - Billing #387,FRNT-MAY2023-387,Credit,Rent Payment,2023-05-01,-10144.77,f,2026-05-07 21:28:49,2026-05-07 21:28:49,,GCash,OR-20230501-387
388,388,Rent Payment - Billing #388,FRNT-MAR2023-388,Credit,Rent Payment,2023-03-01,10766.52,f,2026-05-07 21:28:49,2026-05-07 21:28:49,,GCash,OR-20230301-388
389,389,Move-Out Settlement - Billing #389,FRNT-MAR2023-389,Credit,Rent Payment,2023-03-01,-8357.48,f,2026-05-07 21:28:49,2026-05-07 21:28:49,,Maya,OR-20230301-389
390,390,Rent Payment - Billing #390,FRNT-APR2023-390,Credit,Rent Payment,2023-04-01,8288.49,f,2026-05-07 21:28:49,2026-05-07 21:28:49,,Cash,OR-20230401-390
391,391,Move-Out Settlement - Billing #391,FRNT-APR2023-391,Credit,Rent Payment,2023-04-01,-5647.51,f,2026-05-07 21:28:49,2026-05-07 21:28:49,,Cash,OR-20230401-391
392,392,Move-In Payment - Billing #392,FRNT-MAR2023-392,Credit,Rent Payment,2023-03-01,22084.00,f,2026-05-07 21:28:49,2026-05-07 21:28:49,,Cash,OR-20230301-392
393,393,Rent Payment - Billing #393,FRNT-APR2023-393,Credit,Rent Payment,2023-04-01,13147.97,f,2026-05-07 21:28:49,2026-05-07 21:28:49,,GCash,OR-20230401-393
394,394,Rent Payment - Billing #394,FRNT-MAY2023-394,Credit,Rent Payment,2023-05-01,12846.37,f,2026-05-07 21:28:49,2026-05-07 21:28:49,,GCash,OR-20230501-394
395,395,Rent Payment - Billing #395,FRNT-JUN2023-395,Credit,Rent Payment,2023-06-01,13673.15,f,2026-05-07 21:28:49,2026-05-07 21:28:49,,GCash,OR-20230601-395
396,396,Rent Payment - Billing #396,FRNT-JUL2023-396,Credit,Rent Payment,2023-07-01,13210.40,f,2026-05-07 21:28:49,2026-05-07 21:28:49,,Cash,OR-20230701-396
397,397,Rent Payment - Billing #397,FRNT-AUG2023-397,Credit,Rent Payment,2023-08-01,12521.42,f,2026-05-07 21:28:49,2026-05-07 21:28:49,,Bank Transfer,OR-20230801-397
398,398,Rent Payment - Billing #398,FRNT-SEP2023-398,Credit,Rent Payment,2023-09-01,13587.97,f,2026-05-07 21:28:49,2026-05-07 21:28:49,,Bank Transfer,OR-20230901-398
399,399,Rent Payment - Billing #399,FRNT-OCT2023-399,Credit,Rent Payment,2023-10-01,13142.92,f,2026-05-07 21:28:49,2026-05-07 21:28:49,,Maya,OR-20231001-399
400,400,Rent Payment - Billing #400,FRNT-NOV2023-400,Credit,Rent Payment,2023-11-01,12690.99,f,2026-05-07 21:28:49,2026-05-07 21:28:49,,GCash,OR-20231101-400
401,401,Rent Payment - Billing #401,FRNT-DEC2023-401,Credit,Rent Payment,2023-12-01,13552.16,f,2026-05-07 21:28:49,2026-05-07 21:28:49,,GCash,OR-20231201-401
402,402,Rent Payment - Billing #402,FRNT-JAN2024-402,Credit,Rent Payment,2024-01-01,13020.67,f,2026-05-07 21:28:49,2026-05-07 21:28:49,,GCash,OR-20240101-402
403,403,Rent Payment - Billing #403,FRNT-FEB2024-403,Credit,Rent Payment,2024-02-01,12856.23,f,2026-05-07 21:28:49,2026-05-07 21:28:49,,Cash,OR-20240201-403
404,404,Rent Payment - Billing #404,FRNT-MAR2024-404,Credit,Rent Payment,2024-03-01,12332.72,f,2026-05-07 21:28:49,2026-05-07 21:28:49,,Maya,OR-20240301-404
405,405,Move-Out Settlement - Billing #405,FRNT-MAR2024-405,Credit,Rent Payment,2024-03-01,-9751.28,f,2026-05-07 21:28:49,2026-05-07 21:28:49,,Cash,OR-20240301-405
406,406,Move-In Payment - Billing #406,FRNT-MAR2023-406,Credit,Rent Payment,2023-03-01,20350.00,f,2026-05-07 21:28:49,2026-05-07 21:28:49,,Cash,OR-20230301-406
407,407,Rent Payment - Billing #407,FRNT-APR2023-407,Credit,Rent Payment,2023-04-01,12525.13,f,2026-05-07 21:28:49,2026-05-07 21:28:49,,Bank Transfer,OR-20230401-407
408,408,Rent Payment - Billing #408,FRNT-MAY2023-408,Credit,Rent Payment,2023-05-01,12652.62,f,2026-05-07 21:28:49,2026-05-07 21:28:49,,GCash,OR-20230501-408
409,409,Rent Payment - Billing #409,FRNT-JUN2023-409,Credit,Rent Payment,2023-06-01,12916.51,f,2026-05-07 21:28:49,2026-05-07 21:28:49,,GCash,OR-20230601-409
410,410,Rent Payment - Billing #410,FRNT-JUL2023-410,Credit,Rent Payment,2023-07-01,12015.75,f,2026-05-07 21:28:49,2026-05-07 21:28:49,,Maya,OR-20230701-410
411,411,Rent Payment - Billing #411,FRNT-AUG2023-411,Credit,Rent Payment,2023-08-01,12091.40,f,2026-05-07 21:28:49,2026-05-07 21:28:49,,Cash,OR-20230801-411
412,412,Rent Payment - Billing #412,FRNT-SEP2023-412,Credit,Rent Payment,2023-09-01,11057.45,f,2026-05-07 21:28:49,2026-05-07 21:28:49,,Maya,OR-20230901-412
413,413,Move-Out Settlement - Billing #413,FRNT-SEP2023-413,Credit,Rent Payment,2023-09-01,-9292.55,f,2026-05-07 21:28:49,2026-05-07 21:28:49,,GCash,OR-20230901-413
414,414,Move-In Payment - Billing #414,FRNT-MAR2023-414,Credit,Rent Payment,2023-03-01,14710.00,f,2026-05-07 21:28:49,2026-05-07 21:28:49,,GCash,OR-20230301-414
415,415,Rent Payment - Billing #415,FRNT-APR2023-415,Credit,Rent Payment,2023-04-01,8751.76,f,2026-05-07 21:28:49,2026-05-07 21:28:49,,GCash,OR-20230401-415
416,416,Rent Payment - Billing #416,FRNT-MAY2023-416,Credit,Rent Payment,2023-05-01,7900.04,f,2026-05-07 21:28:49,2026-05-07 21:28:49,,GCash,OR-20230501-416
417,417,Rent Payment - Billing #417,FRNT-JUN2023-417,Credit,Rent Payment,2023-06-01,8104.62,f,2026-05-07 21:28:49,2026-05-07 21:28:49,,Bank Transfer,OR-20230601-417
418,418,Rent Payment - Billing #418,FRNT-JUL2023-418,Credit,Rent Payment,2023-07-01,8151.09,f,2026-05-07 21:28:49,2026-05-07 21:28:49,,Cash,OR-20230701-418
419,419,Rent Payment - Billing #419,FRNT-AUG2023-419,Credit,Rent Payment,2023-08-01,8058.25,f,2026-05-07 21:28:49,2026-05-07 21:28:49,,Bank Transfer,OR-20230801-419
420,420,Rent Payment - Billing #420,FRNT-SEP2023-420,Credit,Rent Payment,2023-09-01,8680.40,f,2026-05-07 21:28:49,2026-05-07 21:28:49,,Maya,OR-20230901-420
421,421,Rent Payment - Billing #421,FRNT-OCT2023-421,Credit,Rent Payment,2023-10-01,8397.09,f,2026-05-07 21:28:49,2026-05-07 21:28:49,,Maya,OR-20231001-421
422,422,Rent Payment - Billing #422,FRNT-NOV2023-422,Credit,Rent Payment,2023-11-01,8571.63,f,2026-05-07 21:28:49,2026-05-07 21:28:49,,Maya,OR-20231101-422
423,423,Rent Payment - Billing #423,FRNT-DEC2023-423,Credit,Rent Payment,2023-12-01,7964.44,f,2026-05-07 21:28:49,2026-05-07 21:28:49,,Cash,OR-20231201-423
424,424,Rent Payment - Billing #424,FRNT-JAN2024-424,Credit,Rent Payment,2024-01-01,8505.07,f,2026-05-07 21:28:49,2026-05-07 21:28:49,,Cash,OR-20240101-424
425,425,Rent Payment - Billing #425,FRNT-FEB2024-425,Credit,Rent Payment,2024-02-01,8248.77,f,2026-05-07 21:28:49,2026-05-07 21:28:49,,GCash,OR-20240201-425
426,426,Rent Payment - Billing #426,FRNT-MAR2024-426,Credit,Rent Payment,2024-03-01,7974.42,f,2026-05-07 21:28:49,2026-05-07 21:28:49,,Cash,OR-20240301-426
427,427,Move-Out Settlement - Billing #427,FRNT-MAR2024-427,Credit,Rent Payment,2024-03-01,-6735.58,f,2026-05-07 21:28:49,2026-05-07 21:28:49,,Maya,OR-20240301-427
428,428,Rent Payment - Billing #428,FRNT-APR2023-428,Credit,Rent Payment,2023-04-01,10414.12,f,2026-05-07 21:28:49,2026-05-07 21:28:49,,GCash,OR-20230401-428
429,429,Rent Payment - Billing #429,FRNT-MAY2023-429,Credit,Rent Payment,2023-05-01,10150.19,f,2026-05-07 21:28:49,2026-05-07 21:28:49,,GCash,OR-20230501-429
430,430,Rent Payment - Billing #430,FRNT-JUN2023-430,Credit,Rent Payment,2023-06-01,8792.91,f,2026-05-07 21:28:49,2026-05-07 21:28:49,,GCash,OR-20230601-430
431,431,Move-Out Settlement - Billing #431,FRNT-JUN2023-431,Credit,Rent Payment,2023-06-01,-5881.09,f,2026-05-07 21:28:49,2026-05-07 21:28:49,,GCash,OR-20230601-431
432,432,Rent Payment - Billing #432,FRNT-APR2023-432,Credit,Rent Payment,2023-04-01,8202.83,f,2026-05-07 21:28:49,2026-05-07 21:28:49,,Cash,OR-20230401-432
433,433,Move-Out Settlement - Billing #433,FRNT-APR2023-433,Credit,Rent Payment,2023-04-01,-6143.17,f,2026-05-07 21:28:49,2026-05-07 21:28:49,,Maya,OR-20230401-433
434,434,Rent Payment - Billing #434,FRNT-APR2023-434,Credit,Rent Payment,2023-04-01,11138.69,f,2026-05-07 21:28:49,2026-05-07 21:28:49,,Maya,OR-20230401-434
435,435,Rent Payment - Billing #435,FRNT-MAY2023-435,Credit,Rent Payment,2023-05-01,11300.50,f,2026-05-07 21:28:49,2026-05-07 21:28:49,,Maya,OR-20230501-435
436,436,Rent Payment - Billing #436,FRNT-JUN2023-436,Credit,Rent Payment,2023-06-01,11137.83,f,2026-05-07 21:28:49,2026-05-07 21:28:49,,Bank Transfer,OR-20230601-436
437,437,Move-Out Settlement - Billing #437,FRNT-JUN2023-437,Credit,Rent Payment,2023-06-01,-7986.17,f,2026-05-07 21:28:49,2026-05-07 21:28:49,,GCash,OR-20230601-437
438,438,Rent Payment - Billing #438,FRNT-MAY2023-438,Credit,Rent Payment,2023-05-01,15855.30,f,2026-05-07 21:28:49,2026-05-07 21:28:49,,Cash,OR-20230501-438
439,439,Rent Payment - Billing #439,FRNT-JUN2023-439,Credit,Rent Payment,2023-06-01,16122.07,f,2026-05-07 21:28:49,2026-05-07 21:28:49,,Cash,OR-20230601-439
440,440,Rent Payment - Billing #440,FRNT-JUL2023-440,Credit,Rent Payment,2023-07-01,14667.65,f,2026-05-07 21:28:49,2026-05-07 21:28:49,,GCash,OR-20230701-440
441,441,Rent Payment - Billing #441,FRNT-AUG2023-441,Credit,Rent Payment,2023-08-01,14877.00,f,2026-05-07 21:28:49,2026-05-07 21:28:49,,GCash,OR-20230801-441
442,442,Rent Payment - Billing #442,FRNT-SEP2023-442,Credit,Rent Payment,2023-09-01,14592.32,f,2026-05-07 21:28:49,2026-05-07 21:28:49,,Maya,OR-20230901-442
443,443,Rent Payment - Billing #443,FRNT-OCT2023-443,Credit,Rent Payment,2023-10-01,14816.91,f,2026-05-07 21:28:49,2026-05-07 21:28:49,,Bank Transfer,OR-20231001-443
444,444,Rent Payment - Billing #444,FRNT-NOV2023-444,Credit,Rent Payment,2023-11-01,14905.43,f,2026-05-07 21:28:50,2026-05-07 21:28:50,,Maya,OR-20231101-444
445,445,Rent Payment - Billing #445,FRNT-DEC2023-445,Credit,Rent Payment,2023-12-01,14919.06,f,2026-05-07 21:28:50,2026-05-07 21:28:50,,GCash,OR-20231201-445
446,446,Rent Payment - Billing #446,FRNT-JAN2024-446,Credit,Rent Payment,2024-01-01,14570.46,f,2026-05-07 21:28:50,2026-05-07 21:28:50,,GCash,OR-20240101-446
447,447,Rent Payment - Billing #447,FRNT-FEB2024-447,Credit,Rent Payment,2024-02-01,14483.36,f,2026-05-07 21:28:50,2026-05-07 21:28:50,,Bank Transfer,OR-20240201-447
448,448,Rent Payment - Billing #448,FRNT-MAR2024-448,Credit,Rent Payment,2024-03-01,14633.47,f,2026-05-07 21:28:50,2026-05-07 21:28:50,,Bank Transfer,OR-20240301-448
449,449,Rent Payment - Billing #449,FRNT-APR2024-449,Credit,Rent Payment,2024-04-01,14377.05,f,2026-05-07 21:28:50,2026-05-07 21:28:50,,GCash,OR-20240401-449
450,450,Move-Out Settlement - Billing #450,FRNT-APR2024-450,Credit,Rent Payment,2024-04-01,-13108.95,f,2026-05-07 21:28:50,2026-05-07 21:28:50,,Bank Transfer,OR-20240401-450
451,451,Rent Payment - Billing #451,FRNT-MAY2023-451,Credit,Rent Payment,2023-05-01,7947.80,f,2026-05-07 21:28:50,2026-05-07 21:28:50,,GCash,OR-20230501-451
452,452,Rent Payment - Billing #452,FRNT-JUN2023-452,Credit,Rent Payment,2023-06-01,7740.77,f,2026-05-07 21:28:50,2026-05-07 21:28:50,,Maya,OR-20230601-452
453,453,Rent Payment - Billing #453,FRNT-JUL2023-453,Credit,Rent Payment,2023-07-01,8324.98,f,2026-05-07 21:28:50,2026-05-07 21:28:50,,Bank Transfer,OR-20230701-453
454,454,Rent Payment - Billing #454,FRNT-AUG2023-454,Credit,Rent Payment,2023-08-01,7646.59,f,2026-05-07 21:28:50,2026-05-07 21:28:50,,Cash,OR-20230801-454
455,455,Rent Payment - Billing #455,FRNT-SEP2023-455,Credit,Rent Payment,2023-09-01,7705.47,f,2026-05-07 21:28:50,2026-05-07 21:28:50,,Maya,OR-20230901-455
456,456,Rent Payment - Billing #456,FRNT-OCT2023-456,Credit,Rent Payment,2023-10-01,7406.64,f,2026-05-07 21:28:50,2026-05-07 21:28:50,,Bank Transfer,OR-20231001-456
457,457,Move-Out Settlement - Billing #457,FRNT-OCT2023-457,Credit,Rent Payment,2023-10-01,-6439.36,f,2026-05-07 21:28:50,2026-05-07 21:28:50,,Bank Transfer,OR-20231001-457
458,458,Rent Payment - Billing #458,FRNT-MAY2023-458,Credit,Rent Payment,2023-05-01,8400.83,f,2026-05-07 21:28:50,2026-05-07 21:28:50,,Maya,OR-20230501-458
459,459,Rent Payment - Billing #459,FRNT-JUN2023-459,Credit,Rent Payment,2023-06-01,8800.39,f,2026-05-07 21:28:50,2026-05-07 21:28:50,,Bank Transfer,OR-20230601-459
460,460,Rent Payment - Billing #460,FRNT-JUL2023-460,Credit,Rent Payment,2023-07-01,9066.34,f,2026-05-07 21:28:50,2026-05-07 21:28:50,,Bank Transfer,OR-20230701-460
461,461,Rent Payment - Billing #461,FRNT-AUG2023-461,Credit,Rent Payment,2023-08-01,9297.40,f,2026-05-07 21:28:50,2026-05-07 21:28:50,,Bank Transfer,OR-20230801-461
462,462,Rent Payment - Billing #462,FRNT-SEP2023-462,Credit,Rent Payment,2023-09-01,8933.02,f,2026-05-07 21:28:50,2026-05-07 21:28:50,,GCash,OR-20230901-462
463,463,Rent Payment - Billing #463,FRNT-OCT2023-463,Credit,Rent Payment,2023-10-01,9474.96,f,2026-05-07 21:28:50,2026-05-07 21:28:50,,GCash,OR-20231001-463
464,464,Rent Payment - Billing #464,FRNT-NOV2023-464,Credit,Rent Payment,2023-11-01,8905.84,f,2026-05-07 21:28:50,2026-05-07 21:28:50,,Bank Transfer,OR-20231101-464
465,465,Rent Payment - Billing #465,FRNT-DEC2023-465,Credit,Rent Payment,2023-12-01,8503.58,f,2026-05-07 21:28:50,2026-05-07 21:28:50,,Maya,OR-20231201-465
466,466,Rent Payment - Billing #466,FRNT-JAN2024-466,Credit,Rent Payment,2024-01-01,8445.81,f,2026-05-07 21:28:50,2026-05-07 21:28:50,,Maya,OR-20240101-466
467,467,Rent Payment - Billing #467,FRNT-FEB2024-467,Credit,Rent Payment,2024-02-01,8420.82,f,2026-05-07 21:28:50,2026-05-07 21:28:50,,Maya,OR-20240201-467
468,468,Rent Payment - Billing #468,FRNT-MAR2024-468,Credit,Rent Payment,2024-03-01,8395.58,f,2026-05-07 21:28:50,2026-05-07 21:28:50,,Bank Transfer,OR-20240301-468
469,469,Rent Payment - Billing #469,FRNT-APR2024-469,Credit,Rent Payment,2024-04-01,7587.91,f,2026-05-07 21:28:50,2026-05-07 21:28:50,,Cash,OR-20240401-469
470,470,Move-Out Settlement - Billing #470,FRNT-APR2024-470,Credit,Rent Payment,2024-04-01,-5848.09,f,2026-05-07 21:28:50,2026-05-07 21:28:50,,GCash,OR-20240401-470
471,471,Rent Payment - Billing #471,FRNT-JUN2023-471,Credit,Rent Payment,2023-06-01,13813.20,f,2026-05-07 21:28:50,2026-05-07 21:28:50,,Cash,OR-20230601-471
472,472,Move-Out Settlement - Billing #472,FRNT-JUN2023-472,Credit,Rent Payment,2023-06-01,-11530.80,f,2026-05-07 21:28:50,2026-05-07 21:28:50,,Bank Transfer,OR-20230601-472
473,473,Rent Payment - Billing #473,FRNT-JUN2023-473,Credit,Rent Payment,2023-06-01,12183.04,f,2026-05-07 21:28:50,2026-05-07 21:28:50,,Bank Transfer,OR-20230601-473
474,474,Move-Out Settlement - Billing #474,FRNT-JUN2023-474,Credit,Rent Payment,2023-06-01,-10082.96,f,2026-05-07 21:28:50,2026-05-07 21:28:50,,Cash,OR-20230601-474
475,475,Rent Payment - Billing #475,FRNT-JUN2023-475,Credit,Rent Payment,2023-06-01,13716.57,f,2026-05-07 21:28:50,2026-05-07 21:28:50,,Maya,OR-20230601-475
476,476,Move-Out Settlement - Billing #476,FRNT-JUN2023-476,Credit,Rent Payment,2023-06-01,-11375.43,f,2026-05-07 21:28:50,2026-05-07 21:28:50,,GCash,OR-20230601-476
477,477,Move-In Payment - Billing #477,FRNT-MAY2023-477,Credit,Rent Payment,2023-05-01,12656.00,f,2026-05-07 21:28:50,2026-05-07 21:28:50,,Bank Transfer,OR-20230501-477
478,478,Rent Payment - Billing #478,FRNT-JUN2023-478,Credit,Rent Payment,2023-06-01,8047.50,f,2026-05-07 21:28:50,2026-05-07 21:28:50,,Bank Transfer,OR-20230601-478
479,479,Rent Payment - Billing #479,FRNT-JUL2023-479,Credit,Rent Payment,2023-07-01,8820.87,f,2026-05-07 21:28:50,2026-05-07 21:28:50,,Bank Transfer,OR-20230701-479
480,480,Rent Payment - Billing #480,FRNT-AUG2023-480,Credit,Rent Payment,2023-08-01,8161.62,f,2026-05-07 21:28:50,2026-05-07 21:28:50,,Cash,OR-20230801-480
481,481,Rent Payment - Billing #481,FRNT-SEP2023-481,Credit,Rent Payment,2023-09-01,7801.74,f,2026-05-07 21:28:50,2026-05-07 21:28:50,,Bank Transfer,OR-20230901-481
482,482,Rent Payment - Billing #482,FRNT-OCT2023-482,Credit,Rent Payment,2023-10-01,8393.52,f,2026-05-07 21:28:50,2026-05-07 21:28:50,,GCash,OR-20231001-482
483,483,Rent Payment - Billing #483,FRNT-NOV2023-483,Credit,Rent Payment,2023-11-01,6944.97,f,2026-05-07 21:28:50,2026-05-07 21:28:50,,GCash,OR-20231101-483
484,484,Move-Out Settlement - Billing #484,FRNT-NOV2023-484,Credit,Rent Payment,2023-11-01,-5711.03,f,2026-05-07 21:28:50,2026-05-07 21:28:50,,Bank Transfer,OR-20231101-484
485,485,Rent Payment - Billing #485,FRNT-JUN2023-485,Credit,Rent Payment,2023-06-01,8604.62,f,2026-05-07 21:28:50,2026-05-07 21:28:50,,Maya,OR-20230601-485
486,486,Move-Out Settlement - Billing #486,FRNT-JUN2023-486,Credit,Rent Payment,2023-06-01,-6605.38,f,2026-05-07 21:28:50,2026-05-07 21:28:50,,Cash,OR-20230601-486
487,487,Rent Payment - Billing #487,FRNT-JUN2023-487,Credit,Rent Payment,2023-06-01,12864.93,f,2026-05-07 21:28:50,2026-05-07 21:28:50,,Bank Transfer,OR-20230601-487
488,488,Rent Payment - Billing #488,FRNT-JUL2023-488,Credit,Rent Payment,2023-07-01,12541.11,f,2026-05-07 21:28:50,2026-05-07 21:28:50,,Bank Transfer,OR-20230701-488
489,489,Rent Payment - Billing #489,FRNT-AUG2023-489,Credit,Rent Payment,2023-08-01,12057.57,f,2026-05-07 21:28:50,2026-05-07 21:28:50,,Cash,OR-20230801-489
490,490,Rent Payment - Billing #490,FRNT-SEP2023-490,Credit,Rent Payment,2023-09-01,13471.59,f,2026-05-07 21:28:50,2026-05-07 21:28:50,,GCash,OR-20230901-490
491,491,Rent Payment - Billing #491,FRNT-OCT2023-491,Credit,Rent Payment,2023-10-01,12700.27,f,2026-05-07 21:28:50,2026-05-07 21:28:50,,Maya,OR-20231001-491
492,492,Rent Payment - Billing #492,FRNT-NOV2023-492,Credit,Rent Payment,2023-11-01,11444.48,f,2026-05-07 21:28:50,2026-05-07 21:28:50,,Cash,OR-20231101-492
493,493,Move-Out Settlement - Billing #493,FRNT-NOV2023-493,Credit,Rent Payment,2023-11-01,-9851.52,f,2026-05-07 21:28:50,2026-05-07 21:28:50,,Cash,OR-20231101-493
494,494,Rent Payment - Billing #494,FRNT-JUL2023-494,Credit,Rent Payment,2023-07-01,9745.78,f,2026-05-07 21:28:50,2026-05-07 21:28:50,,Bank Transfer,OR-20230701-494
495,495,Rent Payment - Billing #495,FRNT-AUG2023-495,Credit,Rent Payment,2023-08-01,9389.36,f,2026-05-07 21:28:50,2026-05-07 21:28:50,,Maya,OR-20230801-495
496,496,Rent Payment - Billing #496,FRNT-SEP2023-496,Credit,Rent Payment,2023-09-01,9742.73,f,2026-05-07 21:28:50,2026-05-07 21:28:50,,Bank Transfer,OR-20230901-496
497,497,Rent Payment - Billing #497,FRNT-OCT2023-497,Credit,Rent Payment,2023-10-01,8996.50,f,2026-05-07 21:28:50,2026-05-07 21:28:50,,Cash,OR-20231001-497
498,498,Rent Payment - Billing #498,FRNT-NOV2023-498,Credit,Rent Payment,2023-11-01,8911.23,f,2026-05-07 21:28:50,2026-05-07 21:28:50,,GCash,OR-20231101-498
499,499,Rent Payment - Billing #499,FRNT-DEC2023-499,Credit,Rent Payment,2023-12-01,8136.45,f,2026-05-07 21:28:50,2026-05-07 21:28:50,,GCash,OR-20231201-499
500,500,Move-Out Settlement - Billing #500,FRNT-DEC2023-500,Credit,Rent Payment,2023-12-01,-6037.55,f,2026-05-07 21:28:50,2026-05-07 21:28:50,,Bank Transfer,OR-20231201-500
501,501,Rent Payment - Billing #501,FRNT-JUL2023-501,Credit,Rent Payment,2023-07-01,15475.69,f,2026-05-07 21:28:50,2026-05-07 21:28:50,,Maya,OR-20230701-501
502,502,Rent Payment - Billing #502,FRNT-AUG2023-502,Credit,Rent Payment,2023-08-01,15407.22,f,2026-05-07 21:28:50,2026-05-07 21:28:50,,Bank Transfer,OR-20230801-502
503,503,Rent Payment - Billing #503,FRNT-SEP2023-503,Credit,Rent Payment,2023-09-01,14501.66,f,2026-05-07 21:28:50,2026-05-07 21:28:50,,GCash,OR-20230901-503
504,504,Move-Out Settlement - Billing #504,FRNT-SEP2023-504,Credit,Rent Payment,2023-09-01,-11656.34,f,2026-05-07 21:28:50,2026-05-07 21:28:50,,GCash,OR-20230901-504
505,505,Rent Payment - Billing #505,FRNT-JUL2023-505,Credit,Rent Payment,2023-07-01,13812.48,f,2026-05-07 21:28:50,2026-05-07 21:28:50,,GCash,OR-20230701-505
506,506,Rent Payment - Billing #506,FRNT-AUG2023-506,Credit,Rent Payment,2023-08-01,13875.22,f,2026-05-07 21:28:50,2026-05-07 21:28:50,,Bank Transfer,OR-20230801-506
507,507,Rent Payment - Billing #507,FRNT-SEP2023-507,Credit,Rent Payment,2023-09-01,12769.46,f,2026-05-07 21:28:50,2026-05-07 21:28:50,,GCash,OR-20230901-507
508,508,Move-Out Settlement - Billing #508,FRNT-SEP2023-508,Credit,Rent Payment,2023-09-01,-9496.54,f,2026-05-07 21:28:50,2026-05-07 21:28:50,,GCash,OR-20230901-508
509,509,Rent Payment - Billing #509,FRNT-JUL2023-509,Credit,Rent Payment,2023-07-01,13288.45,f,2026-05-07 21:28:50,2026-05-07 21:28:50,,Bank Transfer,OR-20230701-509
510,510,Move-Out Settlement - Billing #510,FRNT-JUL2023-510,Credit,Rent Payment,2023-07-01,-11803.55,f,2026-05-07 21:28:50,2026-05-07 21:28:50,,Bank Transfer,OR-20230701-510
511,511,Rent Payment - Billing #511,FRNT-JUL2023-511,Credit,Rent Payment,2023-07-01,11138.33,f,2026-05-07 21:28:50,2026-05-07 21:28:50,,Bank Transfer,OR-20230701-511
512,512,Rent Payment - Billing #512,FRNT-AUG2023-512,Credit,Rent Payment,2023-08-01,11582.31,f,2026-05-07 21:28:50,2026-05-07 21:28:50,,GCash,OR-20230801-512
513,513,Rent Payment - Billing #513,FRNT-SEP2023-513,Credit,Rent Payment,2023-09-01,10671.96,f,2026-05-07 21:28:50,2026-05-07 21:28:50,,GCash,OR-20230901-513
514,514,Rent Payment - Billing #514,FRNT-OCT2023-514,Credit,Rent Payment,2023-10-01,11604.84,f,2026-05-07 21:28:50,2026-05-07 21:28:50,,Cash,OR-20231001-514
515,515,Rent Payment - Billing #515,FRNT-NOV2023-515,Credit,Rent Payment,2023-11-01,10613.70,f,2026-05-07 21:28:50,2026-05-07 21:28:50,,Bank Transfer,OR-20231101-515
516,516,Rent Payment - Billing #516,FRNT-DEC2023-516,Credit,Rent Payment,2023-12-01,11578.24,f,2026-05-07 21:28:50,2026-05-07 21:28:50,,Bank Transfer,OR-20231201-516
517,517,Rent Payment - Billing #517,FRNT-JAN2024-517,Credit,Rent Payment,2024-01-01,11191.30,f,2026-05-07 21:28:50,2026-05-07 21:28:50,,Bank Transfer,OR-20240101-517
518,518,Rent Payment - Billing #518,FRNT-FEB2024-518,Credit,Rent Payment,2024-02-01,11731.46,f,2026-05-07 21:28:50,2026-05-07 21:28:50,,Cash,OR-20240201-518
519,519,Rent Payment - Billing #519,FRNT-MAR2024-519,Credit,Rent Payment,2024-03-01,11817.04,f,2026-05-07 21:28:50,2026-05-07 21:28:50,,Cash,OR-20240301-519
520,520,Rent Payment - Billing #520,FRNT-APR2024-520,Credit,Rent Payment,2024-04-01,11314.66,f,2026-05-07 21:28:50,2026-05-07 21:28:50,,Maya,OR-20240401-520
521,521,Rent Payment - Billing #521,FRNT-MAY2024-521,Credit,Rent Payment,2024-05-01,11775.91,f,2026-05-07 21:28:50,2026-05-07 21:28:50,,Maya,OR-20240501-521
522,522,Rent Payment - Billing #522,FRNT-JUN2024-522,Credit,Rent Payment,2024-06-01,10498.35,f,2026-05-07 21:28:50,2026-05-07 21:28:50,,Cash,OR-20240601-522
523,523,Move-Out Settlement - Billing #523,FRNT-JUN2024-523,Credit,Rent Payment,2024-06-01,-8125.65,f,2026-05-07 21:28:50,2026-05-07 21:28:50,,Maya,OR-20240601-523
524,524,Rent Payment - Billing #524,FRNT-JUL2023-524,Credit,Rent Payment,2023-07-01,14856.61,f,2026-05-07 21:28:50,2026-05-07 21:28:50,,Bank Transfer,OR-20230701-524
525,525,Rent Payment - Billing #525,FRNT-AUG2023-525,Credit,Rent Payment,2023-08-01,14478.48,f,2026-05-07 21:28:50,2026-05-07 21:28:50,,GCash,OR-20230801-525
526,526,Rent Payment - Billing #526,FRNT-SEP2023-526,Credit,Rent Payment,2023-09-01,15165.42,f,2026-05-07 21:28:50,2026-05-07 21:28:50,,Cash,OR-20230901-526
527,527,Rent Payment - Billing #527,FRNT-OCT2023-527,Credit,Rent Payment,2023-10-01,14494.88,f,2026-05-07 21:28:50,2026-05-07 21:28:50,,Cash,OR-20231001-527
528,528,Rent Payment - Billing #528,FRNT-NOV2023-528,Credit,Rent Payment,2023-11-01,14283.84,f,2026-05-07 21:28:50,2026-05-07 21:28:50,,GCash,OR-20231101-528
529,529,Rent Payment - Billing #529,FRNT-DEC2023-529,Credit,Rent Payment,2023-12-01,13843.73,f,2026-05-07 21:28:50,2026-05-07 21:28:50,,Cash,OR-20231201-529
530,530,Move-Out Settlement - Billing #530,FRNT-DEC2023-530,Credit,Rent Payment,2023-12-01,-11000.27,f,2026-05-07 21:28:50,2026-05-07 21:28:50,,GCash,OR-20231201-530
531,531,Rent Payment - Billing #531,FRNT-JUL2023-531,Credit,Rent Payment,2023-07-01,8151.09,f,2026-05-07 21:28:50,2026-05-07 21:28:50,,GCash,OR-20230701-531
532,532,Rent Payment - Billing #532,FRNT-AUG2023-532,Credit,Rent Payment,2023-08-01,8058.25,f,2026-05-07 21:28:50,2026-05-07 21:28:50,,Cash,OR-20230801-532
533,533,Rent Payment - Billing #533,FRNT-SEP2023-533,Credit,Rent Payment,2023-09-01,8680.40,f,2026-05-07 21:28:50,2026-05-07 21:28:50,,Maya,OR-20230901-533
534,534,Rent Payment - Billing #534,FRNT-OCT2023-534,Credit,Rent Payment,2023-10-01,8397.09,f,2026-05-07 21:28:50,2026-05-07 21:28:50,,Maya,OR-20231001-534
535,535,Rent Payment - Billing #535,FRNT-NOV2023-535,Credit,Rent Payment,2023-11-01,8571.63,f,2026-05-07 21:28:50,2026-05-07 21:28:50,,Maya,OR-20231101-535
536,536,Rent Payment - Billing #536,FRNT-DEC2023-536,Credit,Rent Payment,2023-12-01,7964.44,f,2026-05-07 21:28:50,2026-05-07 21:28:50,,Cash,OR-20231201-536
537,537,Move-Out Settlement - Billing #537,FRNT-DEC2023-537,Credit,Rent Payment,2023-12-01,-6745.56,f,2026-05-07 21:28:50,2026-05-07 21:28:50,,Cash,OR-20231201-537
538,538,Rent Payment - Billing #538,FRNT-AUG2023-538,Credit,Rent Payment,2023-08-01,7899.21,f,2026-05-07 21:28:50,2026-05-07 21:28:50,,Bank Transfer,OR-20230801-538
539,539,Rent Payment - Billing #539,FRNT-SEP2023-539,Credit,Rent Payment,2023-09-01,8275.41,f,2026-05-07 21:28:50,2026-05-07 21:28:50,,Bank Transfer,OR-20230901-539
540,540,Rent Payment - Billing #540,FRNT-OCT2023-540,Credit,Rent Payment,2023-10-01,7560.52,f,2026-05-07 21:28:50,2026-05-07 21:28:50,,Cash,OR-20231001-540
541,541,Rent Payment - Billing #541,FRNT-NOV2023-541,Credit,Rent Payment,2023-11-01,7248.56,f,2026-05-07 21:28:50,2026-05-07 21:28:50,,Bank Transfer,OR-20231101-541
542,542,Rent Payment - Billing #542,FRNT-DEC2023-542,Credit,Rent Payment,2023-12-01,8186.04,f,2026-05-07 21:28:50,2026-05-07 21:28:50,,Maya,OR-20231201-542
543,543,Rent Payment - Billing #543,FRNT-JAN2024-543,Credit,Rent Payment,2024-01-01,7431.92,f,2026-05-07 21:28:50,2026-05-07 21:28:50,,Cash,OR-20240101-543
544,544,Rent Payment - Billing #544,FRNT-FEB2024-544,Credit,Rent Payment,2024-02-01,7820.33,f,2026-05-07 21:28:50,2026-05-07 21:28:50,,Bank Transfer,OR-20240201-544
545,545,Rent Payment - Billing #545,FRNT-MAR2024-545,Credit,Rent Payment,2024-03-01,7284.81,f,2026-05-07 21:28:50,2026-05-07 21:28:50,,Maya,OR-20240301-545
546,546,Rent Payment - Billing #546,FRNT-APR2024-546,Credit,Rent Payment,2024-04-01,7304.78,f,2026-05-07 21:28:50,2026-05-07 21:28:50,,Bank Transfer,OR-20240401-546
547,547,Rent Payment - Billing #547,FRNT-MAY2024-547,Credit,Rent Payment,2024-05-01,7976.08,f,2026-05-07 21:28:50,2026-05-07 21:28:50,,GCash,OR-20240501-547
548,548,Rent Payment - Billing #548,FRNT-JUN2024-548,Credit,Rent Payment,2024-06-01,7658.60,f,2026-05-07 21:28:50,2026-05-07 21:28:50,,Cash,OR-20240601-548
549,549,Rent Payment - Billing #549,FRNT-JUL2024-549,Credit,Rent Payment,2024-07-01,7004.05,f,2026-05-07 21:28:50,2026-05-07 21:28:50,,Cash,OR-20240701-549
550,550,Move-Out Settlement - Billing #550,FRNT-JUL2024-550,Credit,Rent Payment,2024-07-01,-4385.95,f,2026-05-07 21:28:50,2026-05-07 21:28:50,,GCash,OR-20240701-550
551,551,Move-In Payment - Billing #551,FRNT-JUL2023-551,Credit,Rent Payment,2023-07-01,18672.00,f,2026-05-07 21:28:50,2026-05-07 21:28:50,,GCash,OR-20230701-551
552,552,Rent Payment - Billing #552,FRNT-AUG2023-552,Credit,Rent Payment,2023-08-01,10783.87,f,2026-05-07 21:28:50,2026-05-07 21:28:50,,GCash,OR-20230801-552
553,553,Rent Payment - Billing #553,FRNT-SEP2023-553,Credit,Rent Payment,2023-09-01,10630.70,f,2026-05-07 21:28:50,2026-05-07 21:28:50,,Maya,OR-20230901-553
554,554,Rent Payment - Billing #554,FRNT-OCT2023-554,Credit,Rent Payment,2023-10-01,10649.08,f,2026-05-07 21:28:50,2026-05-07 21:28:50,,Maya,OR-20231001-554
555,555,Move-Out Settlement - Billing #555,FRNT-OCT2023-555,Credit,Rent Payment,2023-10-01,-8522.92,f,2026-05-07 21:28:50,2026-05-07 21:28:50,,Maya,OR-20231001-555
556,556,Rent Payment - Billing #556,FRNT-AUG2023-556,Credit,Rent Payment,2023-08-01,13307.40,f,2026-05-07 21:28:50,2026-05-07 21:28:50,,Cash,OR-20230801-556
557,557,Rent Payment - Billing #557,FRNT-SEP2023-557,Credit,Rent Payment,2023-09-01,13672.94,f,2026-05-07 21:28:50,2026-05-07 21:28:50,,GCash,OR-20230901-557
558,558,Rent Payment - Billing #558,FRNT-OCT2023-558,Credit,Rent Payment,2023-10-01,13281.67,f,2026-05-07 21:28:50,2026-05-07 21:28:50,,GCash,OR-20231001-558
559,559,Rent Payment - Billing #559,FRNT-NOV2023-559,Credit,Rent Payment,2023-11-01,13302.54,f,2026-05-07 21:28:50,2026-05-07 21:28:50,,Cash,OR-20231101-559
560,560,Rent Payment - Billing #560,FRNT-DEC2023-560,Credit,Rent Payment,2023-12-01,13225.59,f,2026-05-07 21:28:50,2026-05-07 21:28:50,,Cash,OR-20231201-560
561,561,Rent Payment - Billing #561,FRNT-JAN2024-561,Credit,Rent Payment,2024-01-01,12872.73,f,2026-05-07 21:28:50,2026-05-07 21:28:50,,GCash,OR-20240101-561
562,562,Move-Out Settlement - Billing #562,FRNT-JAN2024-562,Credit,Rent Payment,2024-01-01,-11719.27,f,2026-05-07 21:28:50,2026-05-07 21:28:50,,Cash,OR-20240101-562
563,563,Move-In Payment - Billing #563,FRNT-JUL2023-563,Credit,Rent Payment,2023-07-01,27486.00,f,2026-05-07 21:28:50,2026-05-07 21:28:50,,Cash,OR-20230701-563
564,564,Rent Payment - Billing #564,FRNT-AUG2023-564,Credit,Rent Payment,2023-08-01,14877.00,f,2026-05-07 21:28:50,2026-05-07 21:28:50,,Cash,OR-20230801-564
565,565,Rent Payment - Billing #565,FRNT-SEP2023-565,Credit,Rent Payment,2023-09-01,14592.32,f,2026-05-07 21:28:50,2026-05-07 21:28:50,,Maya,OR-20230901-565
566,566,Rent Payment - Billing #566,FRNT-OCT2023-566,Credit,Rent Payment,2023-10-01,14816.91,f,2026-05-07 21:28:50,2026-05-07 21:28:50,,Maya,OR-20231001-566
567,567,Rent Payment - Billing #567,FRNT-NOV2023-567,Credit,Rent Payment,2023-11-01,14905.43,f,2026-05-07 21:28:50,2026-05-07 21:28:50,,Maya,OR-20231101-567
568,568,Rent Payment - Billing #568,FRNT-DEC2023-568,Credit,Rent Payment,2023-12-01,14919.06,f,2026-05-07 21:28:50,2026-05-07 21:28:50,,Maya,OR-20231201-568
569,569,Rent Payment - Billing #569,FRNT-JAN2024-569,Credit,Rent Payment,2024-01-01,14570.46,f,2026-05-07 21:28:50,2026-05-07 21:28:50,,Maya,OR-20240101-569
570,570,Rent Payment - Billing #570,FRNT-FEB2024-570,Credit,Rent Payment,2024-02-01,14483.36,f,2026-05-07 21:28:50,2026-05-07 21:28:50,,Maya,OR-20240201-570
571,571,Rent Payment - Billing #571,FRNT-MAR2024-571,Credit,Rent Payment,2024-03-01,14633.47,f,2026-05-07 21:28:50,2026-05-07 21:28:50,,Bank Transfer,OR-20240301-571
572,572,Rent Payment - Billing #572,FRNT-APR2024-572,Credit,Rent Payment,2024-04-01,14377.05,f,2026-05-07 21:28:50,2026-05-07 21:28:50,,Cash,OR-20240401-572
573,573,Rent Payment - Billing #573,FRNT-MAY2024-573,Credit,Rent Payment,2024-05-01,14558.02,f,2026-05-07 21:28:50,2026-05-07 21:28:50,,Maya,OR-20240501-573
574,574,Rent Payment - Billing #574,FRNT-JUN2024-574,Credit,Rent Payment,2024-06-01,14658.06,f,2026-05-07 21:28:50,2026-05-07 21:28:50,,Bank Transfer,OR-20240601-574
575,575,Rent Payment - Billing #575,FRNT-JUL2024-575,Credit,Rent Payment,2024-07-01,14295.78,f,2026-05-07 21:28:50,2026-05-07 21:28:50,,GCash,OR-20240701-575
576,576,Move-Out Settlement - Billing #576,FRNT-JUL2024-576,Credit,Rent Payment,2024-07-01,-13190.22,f,2026-05-07 21:28:50,2026-05-07 21:28:50,,Bank Transfer,OR-20240701-576
577,577,Rent Payment - Billing #577,FRNT-SEP2023-577,Credit,Rent Payment,2023-09-01,14164.06,f,2026-05-07 21:28:50,2026-05-07 21:28:50,,GCash,OR-20230901-577
578,578,Move-Out Settlement - Billing #578,FRNT-SEP2023-578,Credit,Rent Payment,2023-09-01,-11961.94,f,2026-05-07 21:28:50,2026-05-07 21:28:50,,Cash,OR-20230901-578
579,579,Rent Payment - Billing #579,FRNT-OCT2023-579,Credit,Rent Payment,2023-10-01,14597.28,f,2026-05-07 21:28:50,2026-05-07 21:28:50,,GCash,OR-20231001-579
580,580,Rent Payment - Billing #580,FRNT-NOV2023-580,Credit,Rent Payment,2023-11-01,15844.08,f,2026-05-07 21:28:50,2026-05-07 21:28:50,,Maya,OR-20231101-580
581,581,Rent Payment - Billing #581,FRNT-DEC2023-581,Credit,Rent Payment,2023-12-01,14289.95,f,2026-05-07 21:28:50,2026-05-07 21:28:50,,Bank Transfer,OR-20231201-581
582,582,Move-Out Settlement - Billing #582,FRNT-DEC2023-582,Credit,Rent Payment,2023-12-01,-11836.05,f,2026-05-07 21:28:50,2026-05-07 21:28:50,,Cash,OR-20231201-582
583,583,Rent Payment - Billing #583,FRNT-OCT2023-583,Credit,Rent Payment,2023-10-01,11680.82,f,2026-05-07 21:28:50,2026-05-07 21:28:50,,Cash,OR-20231001-583
584,584,Move-Out Settlement - Billing #584,FRNT-OCT2023-584,Credit,Rent Payment,2023-10-01,-9169.18,f,2026-05-07 21:28:50,2026-05-07 21:28:50,,Cash,OR-20231001-584
585,585,Move-In Payment - Billing #585,FRNT-SEP2023-585,Credit,Rent Payment,2023-09-01,24302.00,f,2026-05-07 21:28:50,2026-05-07 21:28:50,,Maya,OR-20230901-585
586,586,Rent Payment - Billing #586,FRNT-OCT2023-586,Credit,Rent Payment,2023-10-01,13579.58,f,2026-05-07 21:28:50,2026-05-07 21:28:50,,Cash,OR-20231001-586
587,587,Move-Out Settlement - Billing #587,FRNT-OCT2023-587,Credit,Rent Payment,2023-10-01,-11222.42,f,2026-05-07 21:28:50,2026-05-07 21:28:50,,Maya,OR-20231001-587
588,588,Rent Payment - Billing #588,FRNT-OCT2023-588,Credit,Rent Payment,2023-10-01,12981.62,f,2026-05-07 21:28:50,2026-05-07 21:28:50,,Cash,OR-20231001-588
589,589,Rent Payment - Billing #589,FRNT-NOV2023-589,Credit,Rent Payment,2023-11-01,13194.49,f,2026-05-07 21:28:50,2026-05-07 21:28:50,,Cash,OR-20231101-589
590,590,Rent Payment - Billing #590,FRNT-DEC2023-590,Credit,Rent Payment,2023-12-01,12168.62,f,2026-05-07 21:28:50,2026-05-07 21:28:50,,GCash,OR-20231201-590
591,591,Move-Out Settlement - Billing #591,FRNT-DEC2023-591,Credit,Rent Payment,2023-12-01,-10097.38,f,2026-05-07 21:28:50,2026-05-07 21:28:50,,Cash,OR-20231201-591
592,592,Rent Payment - Billing #592,FRNT-OCT2023-592,Credit,Rent Payment,2023-10-01,15331.39,f,2026-05-07 21:28:50,2026-05-07 21:28:50,,GCash,OR-20231001-592
593,593,Rent Payment - Billing #593,FRNT-NOV2023-593,Credit,Rent Payment,2023-11-01,14143.72,f,2026-05-07 21:28:50,2026-05-07 21:28:50,,Maya,OR-20231101-593
594,594,Rent Payment - Billing #594,FRNT-DEC2023-594,Credit,Rent Payment,2023-12-01,14450.57,f,2026-05-07 21:28:50,2026-05-07 21:28:50,,Maya,OR-20231201-594
595,595,Rent Payment - Billing #595,FRNT-JAN2024-595,Credit,Rent Payment,2024-01-01,14517.90,f,2026-05-07 21:28:50,2026-05-07 21:28:50,,Bank Transfer,OR-20240101-595
596,596,Rent Payment - Billing #596,FRNT-FEB2024-596,Credit,Rent Payment,2024-02-01,15248.53,f,2026-05-07 21:28:50,2026-05-07 21:28:50,,Cash,OR-20240201-596
597,597,Rent Payment - Billing #597,FRNT-MAR2024-597,Credit,Rent Payment,2024-03-01,14488.17,f,2026-05-07 21:28:50,2026-05-07 21:28:50,,Bank Transfer,OR-20240301-597
598,598,Rent Payment - Billing #598,FRNT-APR2024-598,Credit,Rent Payment,2024-04-01,14920.03,f,2026-05-07 21:28:50,2026-05-07 21:28:50,,Bank Transfer,OR-20240401-598
599,599,Rent Payment - Billing #599,FRNT-MAY2024-599,Credit,Rent Payment,2024-05-01,13872.90,f,2026-05-07 21:28:50,2026-05-07 21:28:50,,GCash,OR-20240501-599
600,600,Rent Payment - Billing #600,FRNT-JUN2024-600,Credit,Rent Payment,2024-06-01,13345.47,f,2026-05-07 21:28:50,2026-05-07 21:28:50,,Maya,OR-20240601-600
601,601,Rent Payment - Billing #601,FRNT-JUL2024-601,Credit,Rent Payment,2024-07-01,14218.39,f,2026-05-07 21:28:50,2026-05-07 21:28:50,,Cash,OR-20240701-601
602,602,Rent Payment - Billing #602,FRNT-AUG2024-602,Credit,Rent Payment,2024-08-01,13448.06,f,2026-05-07 21:28:50,2026-05-07 21:28:50,,Cash,OR-20240801-602
603,603,Rent Payment - Billing #603,FRNT-SEP2024-603,Credit,Rent Payment,2024-09-01,13262.03,f,2026-05-07 21:28:50,2026-05-07 21:28:50,,Bank Transfer,OR-20240901-603
604,604,Move-Out Settlement - Billing #604,FRNT-SEP2024-604,Credit,Rent Payment,2024-09-01,-12395.97,f,2026-05-07 21:28:50,2026-05-07 21:28:50,,GCash,OR-20240901-604
605,605,Rent Payment - Billing #605,FRNT-NOV2023-605,Credit,Rent Payment,2023-11-01,8134.08,f,2026-05-07 21:28:50,2026-05-07 21:28:50,,Maya,OR-20231101-605
606,606,Move-Out Settlement - Billing #606,FRNT-NOV2023-606,Credit,Rent Payment,2023-11-01,-6211.92,f,2026-05-07 21:28:50,2026-05-07 21:28:50,,Maya,OR-20231101-606
607,607,Rent Payment - Billing #607,FRNT-NOV2023-607,Credit,Rent Payment,2023-11-01,7634.08,f,2026-05-07 21:28:50,2026-05-07 21:28:50,,Cash,OR-20231101-607
608,608,Rent Payment - Billing #608,FRNT-DEC2023-608,Credit,Rent Payment,2023-12-01,7677.56,f,2026-05-07 21:28:50,2026-05-07 21:28:50,,Cash,OR-20231201-608
609,609,Rent Payment - Billing #609,FRNT-JAN2024-609,Credit,Rent Payment,2024-01-01,7591.17,f,2026-05-07 21:28:50,2026-05-07 21:28:50,,Cash,OR-20240101-609
610,610,Rent Payment - Billing #610,FRNT-FEB2024-610,Credit,Rent Payment,2024-02-01,7721.88,f,2026-05-07 21:28:50,2026-05-07 21:28:50,,GCash,OR-20240201-610
611,611,Rent Payment - Billing #611,FRNT-MAR2024-611,Credit,Rent Payment,2024-03-01,7900.71,f,2026-05-07 21:28:50,2026-05-07 21:28:50,,Maya,OR-20240301-611
612,612,Rent Payment - Billing #612,FRNT-APR2024-612,Credit,Rent Payment,2024-04-01,8139.14,f,2026-05-07 21:28:50,2026-05-07 21:28:50,,Bank Transfer,OR-20240401-612
613,613,Rent Payment - Billing #613,FRNT-MAY2024-613,Credit,Rent Payment,2024-05-01,8016.01,f,2026-05-07 21:28:50,2026-05-07 21:28:50,,GCash,OR-20240501-613
614,614,Rent Payment - Billing #614,FRNT-JUN2024-614,Credit,Rent Payment,2024-06-01,8067.20,f,2026-05-07 21:28:50,2026-05-07 21:28:50,,Maya,OR-20240601-614
615,615,Rent Payment - Billing #615,FRNT-JUL2024-615,Credit,Rent Payment,2024-07-01,7895.69,f,2026-05-07 21:28:50,2026-05-07 21:28:50,,GCash,OR-20240701-615
616,616,Rent Payment - Billing #616,FRNT-AUG2024-616,Credit,Rent Payment,2024-08-01,7557.43,f,2026-05-07 21:28:50,2026-05-07 21:28:50,,Maya,OR-20240801-616
617,617,Rent Payment - Billing #617,FRNT-SEP2024-617,Credit,Rent Payment,2024-09-01,7807.59,f,2026-05-07 21:28:50,2026-05-07 21:28:50,,Bank Transfer,OR-20240901-617
618,618,Rent Payment - Billing #618,FRNT-OCT2024-618,Credit,Rent Payment,2024-10-01,7631.65,f,2026-05-07 21:28:50,2026-05-07 21:28:50,,Cash,OR-20241001-618
619,619,Move-Out Settlement - Billing #619,FRNT-OCT2024-619,Credit,Rent Payment,2024-10-01,-6214.35,f,2026-05-07 21:28:50,2026-05-07 21:28:50,,Cash,OR-20241001-619
620,620,Rent Payment - Billing #620,FRNT-NOV2023-620,Credit,Rent Payment,2023-11-01,11398.38,f,2026-05-07 21:28:50,2026-05-07 21:28:50,,Cash,OR-20231101-620
621,621,Move-Out Settlement - Billing #621,FRNT-NOV2023-621,Credit,Rent Payment,2023-11-01,-9451.62,f,2026-05-07 21:28:50,2026-05-07 21:28:50,,Maya,OR-20231101-621
622,622,Rent Payment - Billing #622,FRNT-NOV2023-622,Credit,Rent Payment,2023-11-01,14338.39,f,2026-05-07 21:28:50,2026-05-07 21:28:50,,Bank Transfer,OR-20231101-622
623,623,Rent Payment - Billing #623,FRNT-DEC2023-623,Credit,Rent Payment,2023-12-01,14190.02,f,2026-05-07 21:28:50,2026-05-07 21:28:50,,GCash,OR-20231201-623
624,624,Rent Payment - Billing #624,FRNT-JAN2024-624,Credit,Rent Payment,2024-01-01,13542.99,f,2026-05-07 21:28:50,2026-05-07 21:28:50,,GCash,OR-20240101-624
625,625,Rent Payment - Billing #625,FRNT-FEB2024-625,Credit,Rent Payment,2024-02-01,14355.52,f,2026-05-07 21:28:50,2026-05-07 21:28:50,,Bank Transfer,OR-20240201-625
626,626,Rent Payment - Billing #626,FRNT-MAR2024-626,Credit,Rent Payment,2024-03-01,13521.17,f,2026-05-07 21:28:50,2026-05-07 21:28:50,,Maya,OR-20240301-626
627,627,Rent Payment - Billing #627,FRNT-APR2024-627,Credit,Rent Payment,2024-04-01,13303.39,f,2026-05-07 21:28:50,2026-05-07 21:28:50,,Maya,OR-20240401-627
628,628,Move-Out Settlement - Billing #628,FRNT-APR2024-628,Credit,Rent Payment,2024-04-01,-10704.61,f,2026-05-07 21:28:50,2026-05-07 21:28:50,,Maya,OR-20240401-628
629,629,Rent Payment - Billing #629,FRNT-NOV2023-629,Credit,Rent Payment,2023-11-01,10634.02,f,2026-05-07 21:28:50,2026-05-07 21:28:50,,Cash,OR-20231101-629
630,630,Rent Payment - Billing #630,FRNT-DEC2023-630,Credit,Rent Payment,2023-12-01,10275.95,f,2026-05-07 21:28:50,2026-05-07 21:28:50,,Cash,OR-20231201-630
631,631,Rent Payment - Billing #631,FRNT-JAN2024-631,Credit,Rent Payment,2024-01-01,9737.23,f,2026-05-07 21:28:50,2026-05-07 21:28:50,,Cash,OR-20240101-631
632,632,Rent Payment - Billing #632,FRNT-FEB2024-632,Credit,Rent Payment,2024-02-01,10073.99,f,2026-05-07 21:28:50,2026-05-07 21:28:50,,Cash,OR-20240201-632
633,633,Rent Payment - Billing #633,FRNT-MAR2024-633,Credit,Rent Payment,2024-03-01,10081.48,f,2026-05-07 21:28:50,2026-05-07 21:28:50,,Bank Transfer,OR-20240301-633
634,634,Rent Payment - Billing #634,FRNT-APR2024-634,Credit,Rent Payment,2024-04-01,9948.72,f,2026-05-07 21:28:50,2026-05-07 21:28:50,,Cash,OR-20240401-634
635,635,Rent Payment - Billing #635,FRNT-MAY2024-635,Credit,Rent Payment,2024-05-01,10033.12,f,2026-05-07 21:28:50,2026-05-07 21:28:50,,Bank Transfer,OR-20240501-635
636,636,Rent Payment - Billing #636,FRNT-JUN2024-636,Credit,Rent Payment,2024-06-01,9903.80,f,2026-05-07 21:28:50,2026-05-07 21:28:50,,Cash,OR-20240601-636
637,637,Rent Payment - Billing #637,FRNT-JUL2024-637,Credit,Rent Payment,2024-07-01,9871.60,f,2026-05-07 21:28:50,2026-05-07 21:28:50,,Cash,OR-20240701-637
638,638,Rent Payment - Billing #638,FRNT-AUG2024-638,Credit,Rent Payment,2024-08-01,9924.01,f,2026-05-07 21:28:50,2026-05-07 21:28:50,,Bank Transfer,OR-20240801-638
639,639,Rent Payment - Billing #639,FRNT-SEP2024-639,Credit,Rent Payment,2024-09-01,10053.93,f,2026-05-07 21:28:50,2026-05-07 21:28:50,,GCash,OR-20240901-639
640,640,Rent Payment - Billing #640,FRNT-OCT2024-640,Credit,Rent Payment,2024-10-01,9588.56,f,2026-05-07 21:28:50,2026-05-07 21:28:50,,Cash,OR-20241001-640
641,641,Move-Out Settlement - Billing #641,FRNT-OCT2024-641,Credit,Rent Payment,2024-10-01,-9083.44,f,2026-05-07 21:28:50,2026-05-07 21:28:50,,Cash,OR-20241001-641
642,642,Rent Payment - Billing #642,FRNT-NOV2023-642,Credit,Rent Payment,2023-11-01,14817.80,f,2026-05-07 21:28:50,2026-05-07 21:28:50,,Bank Transfer,OR-20231101-642
643,643,Rent Payment - Billing #643,FRNT-DEC2023-643,Credit,Rent Payment,2023-12-01,14542.12,f,2026-05-07 21:28:50,2026-05-07 21:28:50,,Maya,OR-20231201-643
644,644,Rent Payment - Billing #644,FRNT-JAN2024-644,Credit,Rent Payment,2024-01-01,13928.25,f,2026-05-07 21:28:50,2026-05-07 21:28:50,,Cash,OR-20240101-644
645,645,Rent Payment - Billing #645,FRNT-FEB2024-645,Credit,Rent Payment,2024-02-01,13701.18,f,2026-05-07 21:28:50,2026-05-07 21:28:50,,Bank Transfer,OR-20240201-645
646,646,Rent Payment - Billing #646,FRNT-MAR2024-646,Credit,Rent Payment,2024-03-01,13846.02,f,2026-05-07 21:28:50,2026-05-07 21:28:50,,Maya,OR-20240301-646
647,647,Rent Payment - Billing #647,FRNT-APR2024-647,Credit,Rent Payment,2024-04-01,13513.80,f,2026-05-07 21:28:50,2026-05-07 21:28:50,,GCash,OR-20240401-647
648,648,Move-Out Settlement - Billing #648,FRNT-APR2024-648,Credit,Rent Payment,2024-04-01,-10788.20,f,2026-05-07 21:28:50,2026-05-07 21:28:50,,Maya,OR-20240401-648
649,649,Rent Payment - Billing #649,FRNT-DEC2023-649,Credit,Rent Payment,2023-12-01,7864.72,f,2026-05-07 21:28:50,2026-05-07 21:28:50,,GCash,OR-20231201-649
650,650,Rent Payment - Billing #650,FRNT-JAN2024-650,Credit,Rent Payment,2024-01-01,8715.86,f,2026-05-07 21:28:50,2026-05-07 21:28:50,,GCash,OR-20240101-650
651,651,Rent Payment - Billing #651,FRNT-FEB2024-651,Credit,Rent Payment,2024-02-01,8227.98,f,2026-05-07 21:28:50,2026-05-07 21:28:50,,Bank Transfer,OR-20240201-651
652,652,Rent Payment - Billing #652,FRNT-MAR2024-652,Credit,Rent Payment,2024-03-01,9123.15,f,2026-05-07 21:28:50,2026-05-07 21:28:50,,Cash,OR-20240301-652
653,653,Rent Payment - Billing #653,FRNT-APR2024-653,Credit,Rent Payment,2024-04-01,8621.89,f,2026-05-07 21:28:50,2026-05-07 21:28:50,,Maya,OR-20240401-653
654,654,Rent Payment - Billing #654,FRNT-MAY2024-654,Credit,Rent Payment,2024-05-01,7592.88,f,2026-05-07 21:28:50,2026-05-07 21:28:50,,GCash,OR-20240501-654
655,655,Move-Out Settlement - Billing #655,FRNT-MAY2024-655,Credit,Rent Payment,2024-05-01,-5063.12,f,2026-05-07 21:28:50,2026-05-07 21:28:50,,GCash,OR-20240501-655
656,656,Rent Payment - Billing #656,FRNT-DEC2023-656,Credit,Rent Payment,2023-12-01,12715.77,f,2026-05-07 21:28:50,2026-05-07 21:28:50,,Cash,OR-20231201-656
657,657,Rent Payment - Billing #657,FRNT-JAN2024-657,Credit,Rent Payment,2024-01-01,12947.24,f,2026-05-07 21:28:50,2026-05-07 21:28:50,,Bank Transfer,OR-20240101-657
658,658,Rent Payment - Billing #658,FRNT-FEB2024-658,Credit,Rent Payment,2024-02-01,12190.25,f,2026-05-07 21:28:50,2026-05-07 21:28:50,,Maya,OR-20240201-658
659,659,Move-Out Settlement - Billing #659,FRNT-FEB2024-659,Credit,Rent Payment,2024-02-01,-9605.75,f,2026-05-07 21:28:50,2026-05-07 21:28:50,,Cash,OR-20240201-659
660,660,Rent Payment - Billing #660,FRNT-DEC2023-660,Credit,Rent Payment,2023-12-01,7677.56,f,2026-05-07 21:28:50,2026-05-07 21:28:50,,Bank Transfer,OR-20231201-660
661,661,Rent Payment - Billing #661,FRNT-JAN2024-661,Credit,Rent Payment,2024-01-01,7591.17,f,2026-05-07 21:28:50,2026-05-07 21:28:50,,GCash,OR-20240101-661
662,662,Rent Payment - Billing #662,FRNT-FEB2024-662,Credit,Rent Payment,2024-02-01,7721.88,f,2026-05-07 21:28:50,2026-05-07 21:28:50,,GCash,OR-20240201-662
663,663,Rent Payment - Billing #663,FRNT-MAR2024-663,Credit,Rent Payment,2024-03-01,7900.71,f,2026-05-07 21:28:50,2026-05-07 21:28:50,,GCash,OR-20240301-663
664,664,Rent Payment - Billing #664,FRNT-APR2024-664,Credit,Rent Payment,2024-04-01,8139.14,f,2026-05-07 21:28:50,2026-05-07 21:28:50,,Cash,OR-20240401-664
665,665,Rent Payment - Billing #665,FRNT-MAY2024-665,Credit,Rent Payment,2024-05-01,8016.01,f,2026-05-07 21:28:50,2026-05-07 21:28:50,,Bank Transfer,OR-20240501-665
666,666,Rent Payment - Billing #666,FRNT-JUN2024-666,Credit,Rent Payment,2024-06-01,8067.20,f,2026-05-07 21:28:50,2026-05-07 21:28:50,,Maya,OR-20240601-666
667,667,Rent Payment - Billing #667,FRNT-JUL2024-667,Credit,Rent Payment,2024-07-01,7895.69,f,2026-05-07 21:28:50,2026-05-07 21:28:50,,Cash,OR-20240701-667
668,668,Rent Payment - Billing #668,FRNT-AUG2024-668,Credit,Rent Payment,2024-08-01,7557.43,f,2026-05-07 21:28:50,2026-05-07 21:28:50,,Bank Transfer,OR-20240801-668
669,669,Rent Payment - Billing #669,FRNT-SEP2024-669,Credit,Rent Payment,2024-09-01,7807.59,f,2026-05-07 21:28:50,2026-05-07 21:28:50,,Maya,OR-20240901-669
670,670,Rent Payment - Billing #670,FRNT-OCT2024-670,Credit,Rent Payment,2024-10-01,7631.65,f,2026-05-07 21:28:50,2026-05-07 21:28:50,,Maya,OR-20241001-670
671,671,Rent Payment - Billing #671,FRNT-NOV2024-671,Credit,Rent Payment,2024-11-01,7363.47,f,2026-05-07 21:28:50,2026-05-07 21:28:50,,Maya,OR-20241101-671
672,672,Move-Out Settlement - Billing #672,FRNT-NOV2024-672,Credit,Rent Payment,2024-11-01,-6482.53,f,2026-05-07 21:28:50,2026-05-07 21:28:50,,Cash,OR-20241101-672
673,673,Rent Payment - Billing #673,FRNT-DEC2023-673,Credit,Rent Payment,2023-12-01,12317.98,f,2026-05-07 21:28:50,2026-05-07 21:28:50,,Maya,OR-20231201-673
674,674,Rent Payment - Billing #674,FRNT-JAN2024-674,Credit,Rent Payment,2024-01-01,13655.70,f,2026-05-07 21:28:50,2026-05-07 21:28:50,,GCash,OR-20240101-674
675,675,Rent Payment - Billing #675,FRNT-FEB2024-675,Credit,Rent Payment,2024-02-01,11560.79,f,2026-05-07 21:28:50,2026-05-07 21:28:50,,Maya,OR-20240201-675
676,676,Move-Out Settlement - Billing #676,FRNT-FEB2024-676,Credit,Rent Payment,2024-02-01,-9289.21,f,2026-05-07 21:28:50,2026-05-07 21:28:50,,Cash,OR-20240201-676
677,677,Rent Payment - Billing #677,FRNT-JAN2024-677,Credit,Rent Payment,2024-01-01,15060.08,f,2026-05-07 21:28:50,2026-05-07 21:28:50,,Cash,OR-20240101-677
678,678,Rent Payment - Billing #678,FRNT-FEB2024-678,Credit,Rent Payment,2024-02-01,15610.31,f,2026-05-07 21:28:50,2026-05-07 21:28:50,,Maya,OR-20240201-678
679,679,Rent Payment - Billing #679,FRNT-MAR2024-679,Credit,Rent Payment,2024-03-01,14694.61,f,2026-05-07 21:28:50,2026-05-07 21:28:50,,GCash,OR-20240301-679
680,680,Move-Out Settlement - Billing #680,FRNT-MAR2024-680,Credit,Rent Payment,2024-03-01,-11431.39,f,2026-05-07 21:28:50,2026-05-07 21:28:50,,GCash,OR-20240301-680
681,681,Rent Payment - Billing #681,FRNT-JAN2024-681,Credit,Rent Payment,2024-01-01,8921.45,f,2026-05-07 21:28:50,2026-05-07 21:28:50,,Maya,OR-20240101-681
682,682,Rent Payment - Billing #682,FRNT-FEB2024-682,Credit,Rent Payment,2024-02-01,9322.58,f,2026-05-07 21:28:50,2026-05-07 21:28:50,,Cash,OR-20240201-682
683,683,Rent Payment - Billing #683,FRNT-MAR2024-683,Credit,Rent Payment,2024-03-01,9279.85,f,2026-05-07 21:28:50,2026-05-07 21:28:50,,Maya,OR-20240301-683
684,684,Rent Payment - Billing #684,FRNT-APR2024-684,Credit,Rent Payment,2024-04-01,9584.62,f,2026-05-07 21:28:50,2026-05-07 21:28:50,,Cash,OR-20240401-684
685,685,Rent Payment - Billing #685,FRNT-MAY2024-685,Credit,Rent Payment,2024-05-01,9353.86,f,2026-05-07 21:28:50,2026-05-07 21:28:50,,GCash,OR-20240501-685
686,686,Rent Payment - Billing #686,FRNT-JUN2024-686,Credit,Rent Payment,2024-06-01,8307.05,f,2026-05-07 21:28:50,2026-05-07 21:28:50,,Maya,OR-20240601-686
687,687,Move-Out Settlement - Billing #687,FRNT-JUN2024-687,Credit,Rent Payment,2024-06-01,-5866.95,f,2026-05-07 21:28:50,2026-05-07 21:28:50,,GCash,OR-20240601-687
688,688,Rent Payment - Billing #688,FRNT-JAN2024-688,Credit,Rent Payment,2024-01-01,12416.58,f,2026-05-07 21:28:50,2026-05-07 21:28:50,,GCash,OR-20240101-688
689,689,Rent Payment - Billing #689,FRNT-FEB2024-689,Credit,Rent Payment,2024-02-01,12697.71,f,2026-05-07 21:28:50,2026-05-07 21:28:50,,Bank Transfer,OR-20240201-689
690,690,Rent Payment - Billing #690,FRNT-MAR2024-690,Credit,Rent Payment,2024-03-01,12460.03,f,2026-05-07 21:28:50,2026-05-07 21:28:50,,Cash,OR-20240301-690
691,691,Rent Payment - Billing #691,FRNT-APR2024-691,Credit,Rent Payment,2024-04-01,13186.93,f,2026-05-07 21:28:50,2026-05-07 21:28:50,,GCash,OR-20240401-691
692,692,Rent Payment - Billing #692,FRNT-MAY2024-692,Credit,Rent Payment,2024-05-01,13127.33,f,2026-05-07 21:28:50,2026-05-07 21:28:50,,Cash,OR-20240501-692
693,693,Rent Payment - Billing #693,FRNT-JUN2024-693,Credit,Rent Payment,2024-06-01,12114.01,f,2026-05-07 21:28:50,2026-05-07 21:28:50,,Maya,OR-20240601-693
694,694,Move-Out Settlement - Billing #694,FRNT-JUN2024-694,Credit,Rent Payment,2024-06-01,-9651.99,f,2026-05-07 21:28:50,2026-05-07 21:28:50,,GCash,OR-20240601-694
695,695,Rent Payment - Billing #695,FRNT-JAN2024-695,Credit,Rent Payment,2024-01-01,8505.07,f,2026-05-07 21:28:50,2026-05-07 21:28:50,,Maya,OR-20240101-695
696,696,Rent Payment - Billing #696,FRNT-FEB2024-696,Credit,Rent Payment,2024-02-01,8248.77,f,2026-05-07 21:28:50,2026-05-07 21:28:50,,GCash,OR-20240201-696
697,697,Rent Payment - Billing #697,FRNT-MAR2024-697,Credit,Rent Payment,2024-03-01,7974.42,f,2026-05-07 21:28:50,2026-05-07 21:28:50,,GCash,OR-20240301-697
698,698,Rent Payment - Billing #698,FRNT-APR2024-698,Credit,Rent Payment,2024-04-01,8186.44,f,2026-05-07 21:28:50,2026-05-07 21:28:50,,Cash,OR-20240401-698
699,699,Rent Payment - Billing #699,FRNT-MAY2024-699,Credit,Rent Payment,2024-05-01,8599.06,f,2026-05-07 21:28:50,2026-05-07 21:28:50,,GCash,OR-20240501-699
700,700,Rent Payment - Billing #700,FRNT-JUN2024-700,Credit,Rent Payment,2024-06-01,8070.60,f,2026-05-07 21:28:50,2026-05-07 21:28:50,,Maya,OR-20240601-700
701,701,Rent Payment - Billing #701,FRNT-JUL2024-701,Credit,Rent Payment,2024-07-01,7883.36,f,2026-05-07 21:28:50,2026-05-07 21:28:50,,Maya,OR-20240701-701
702,702,Rent Payment - Billing #702,FRNT-AUG2024-702,Credit,Rent Payment,2024-08-01,8531.18,f,2026-05-07 21:28:50,2026-05-07 21:28:50,,Bank Transfer,OR-20240801-702
703,703,Rent Payment - Billing #703,FRNT-SEP2024-703,Credit,Rent Payment,2024-09-01,8307.71,f,2026-05-07 21:28:50,2026-05-07 21:28:50,,GCash,OR-20240901-703
704,704,Rent Payment - Billing #704,FRNT-OCT2024-704,Credit,Rent Payment,2024-10-01,8273.01,f,2026-05-07 21:28:50,2026-05-07 21:28:50,,Bank Transfer,OR-20241001-704
705,705,Rent Payment - Billing #705,FRNT-NOV2024-705,Credit,Rent Payment,2024-11-01,8407.77,f,2026-05-07 21:28:50,2026-05-07 21:28:50,,Bank Transfer,OR-20241101-705
706,706,Rent Payment - Billing #706,FRNT-DEC2024-706,Credit,Rent Payment,2024-12-01,7945.87,f,2026-05-07 21:28:50,2026-05-07 21:28:50,,GCash,OR-20241201-706
707,707,Move-Out Settlement - Billing #707,FRNT-DEC2024-707,Credit,Rent Payment,2024-12-01,-6764.13,f,2026-05-07 21:28:50,2026-05-07 21:28:50,,Cash,OR-20241201-707
708,708,Rent Payment - Billing #708,FRNT-JAN2024-708,Credit,Rent Payment,2024-01-01,14227.01,f,2026-05-07 21:28:50,2026-05-07 21:28:50,,Bank Transfer,OR-20240101-708
709,709,Rent Payment - Billing #709,FRNT-FEB2024-709,Credit,Rent Payment,2024-02-01,14000.23,f,2026-05-07 21:28:50,2026-05-07 21:28:50,,Maya,OR-20240201-709
710,710,Rent Payment - Billing #710,FRNT-MAR2024-710,Credit,Rent Payment,2024-03-01,14787.43,f,2026-05-07 21:28:50,2026-05-07 21:28:50,,GCash,OR-20240301-710
711,711,Rent Payment - Billing #711,FRNT-APR2024-711,Credit,Rent Payment,2024-04-01,14659.21,f,2026-05-07 21:28:50,2026-05-07 21:28:50,,Maya,OR-20240401-711
712,712,Rent Payment - Billing #712,FRNT-MAY2024-712,Credit,Rent Payment,2024-05-01,15019.95,f,2026-05-07 21:28:50,2026-05-07 21:28:50,,GCash,OR-20240501-712
713,713,Rent Payment - Billing #713,FRNT-JUN2024-713,Credit,Rent Payment,2024-06-01,13837.79,f,2026-05-07 21:28:50,2026-05-07 21:28:50,,Maya,OR-20240601-713
714,714,Move-Out Settlement - Billing #714,FRNT-JUN2024-714,Credit,Rent Payment,2024-06-01,-11006.21,f,2026-05-07 21:28:50,2026-05-07 21:28:50,,Bank Transfer,OR-20240601-714
715,715,Rent Payment - Billing #715,FRNT-FEB2024-715,Credit,Rent Payment,2024-02-01,10573.99,f,2026-05-07 21:28:50,2026-05-07 21:28:50,,GCash,OR-20240201-715
716,716,Rent Payment - Billing #716,FRNT-MAR2024-716,Credit,Rent Payment,2024-03-01,10581.48,f,2026-05-07 21:28:50,2026-05-07 21:28:50,,Cash,OR-20240301-716
717,717,Rent Payment - Billing #717,FRNT-APR2024-717,Credit,Rent Payment,2024-04-01,10448.72,f,2026-05-07 21:28:50,2026-05-07 21:28:50,,GCash,OR-20240401-717
718,718,Move-Out Settlement - Billing #718,FRNT-APR2024-718,Credit,Rent Payment,2024-04-01,-8723.28,f,2026-05-07 21:28:50,2026-05-07 21:28:50,,Bank Transfer,OR-20240401-718
719,719,Move-In Payment - Billing #719,FRNT-JAN2024-719,Credit,Rent Payment,2024-01-01,18672.00,f,2026-05-07 21:28:50,2026-05-07 21:28:50,,Maya,OR-20240101-719
720,720,Rent Payment - Billing #720,FRNT-FEB2024-720,Credit,Rent Payment,2024-02-01,10073.99,f,2026-05-07 21:28:50,2026-05-07 21:28:50,,GCash,OR-20240201-720
721,721,Rent Payment - Billing #721,FRNT-MAR2024-721,Credit,Rent Payment,2024-03-01,10081.48,f,2026-05-07 21:28:50,2026-05-07 21:28:50,,Bank Transfer,OR-20240301-721
722,722,Rent Payment - Billing #722,FRNT-APR2024-722,Credit,Rent Payment,2024-04-01,9948.72,f,2026-05-07 21:28:50,2026-05-07 21:28:50,,Bank Transfer,OR-20240401-722
723,723,Rent Payment - Billing #723,FRNT-MAY2024-723,Credit,Rent Payment,2024-05-01,10033.12,f,2026-05-07 21:28:50,2026-05-07 21:28:50,,Cash,OR-20240501-723
724,724,Rent Payment - Billing #724,FRNT-JUN2024-724,Credit,Rent Payment,2024-06-01,9903.80,f,2026-05-07 21:28:50,2026-05-07 21:28:50,,Bank Transfer,OR-20240601-724
725,725,Rent Payment - Billing #725,FRNT-JUL2024-725,Credit,Rent Payment,2024-07-01,9871.60,f,2026-05-07 21:28:50,2026-05-07 21:28:50,,GCash,OR-20240701-725
726,726,Move-Out Settlement - Billing #726,FRNT-JUL2024-726,Credit,Rent Payment,2024-07-01,-8800.40,f,2026-05-07 21:28:50,2026-05-07 21:28:50,,Maya,OR-20240701-726
727,727,Rent Payment - Billing #727,FRNT-FEB2024-727,Credit,Rent Payment,2024-02-01,13387.10,f,2026-05-07 21:28:50,2026-05-07 21:28:50,,GCash,OR-20240201-727
728,728,Rent Payment - Billing #728,FRNT-MAR2024-728,Credit,Rent Payment,2024-03-01,13418.34,f,2026-05-07 21:28:50,2026-05-07 21:28:50,,GCash,OR-20240301-728
729,729,Rent Payment - Billing #729,FRNT-APR2024-729,Credit,Rent Payment,2024-04-01,13117.50,f,2026-05-07 21:28:50,2026-05-07 21:28:50,,Cash,OR-20240401-729
730,730,Rent Payment - Billing #730,FRNT-MAY2024-730,Credit,Rent Payment,2024-05-01,13052.66,f,2026-05-07 21:28:50,2026-05-07 21:28:50,,GCash,OR-20240501-730
731,731,Rent Payment - Billing #731,FRNT-JUN2024-731,Credit,Rent Payment,2024-06-01,13442.81,f,2026-05-07 21:28:50,2026-05-07 21:28:50,,Bank Transfer,OR-20240601-731
732,732,Rent Payment - Billing #732,FRNT-JUL2024-732,Credit,Rent Payment,2024-07-01,13712.86,f,2026-05-07 21:28:50,2026-05-07 21:28:50,,Bank Transfer,OR-20240701-732
733,733,Rent Payment - Billing #733,FRNT-AUG2024-733,Credit,Rent Payment,2024-08-01,13375.61,f,2026-05-07 21:28:50,2026-05-07 21:28:50,,GCash,OR-20240801-733
734,734,Rent Payment - Billing #734,FRNT-SEP2024-734,Credit,Rent Payment,2024-09-01,13557.52,f,2026-05-07 21:28:50,2026-05-07 21:28:50,,GCash,OR-20240901-734
735,735,Rent Payment - Billing #735,FRNT-OCT2024-735,Credit,Rent Payment,2024-10-01,12966.75,f,2026-05-07 21:28:50,2026-05-07 21:28:50,,Cash,OR-20241001-735
736,736,Rent Payment - Billing #736,FRNT-NOV2024-736,Credit,Rent Payment,2024-11-01,12704.57,f,2026-05-07 21:28:50,2026-05-07 21:28:50,,GCash,OR-20241101-736
737,737,Rent Payment - Billing #737,FRNT-DEC2024-737,Credit,Rent Payment,2024-12-01,13522.04,f,2026-05-07 21:28:50,2026-05-07 21:28:50,,Cash,OR-20241201-737
738,738,Rent Payment - Billing #738,FRNT-JAN2025-738,Credit,Rent Payment,2025-01-01,12858.09,f,2026-05-07 21:28:50,2026-05-07 21:28:50,,GCash,OR-20250101-738
739,739,Move-Out Settlement - Billing #739,FRNT-JAN2025-739,Credit,Rent Payment,2025-01-01,-11733.91,f,2026-05-07 21:28:50,2026-05-07 21:28:50,,GCash,OR-20250101-739
740,740,Move-In Payment - Billing #740,FRNT-JAN2024-740,Credit,Rent Payment,2024-01-01,14482.00,f,2026-05-07 21:28:50,2026-05-07 21:28:50,,Maya,OR-20240101-740
741,741,Rent Payment - Billing #741,FRNT-FEB2024-741,Credit,Rent Payment,2024-02-01,8369.11,f,2026-05-07 21:28:50,2026-05-07 21:28:50,,Cash,OR-20240201-741
742,742,Move-Out Settlement - Billing #742,FRNT-FEB2024-742,Credit,Rent Payment,2024-02-01,-6612.89,f,2026-05-07 21:28:50,2026-05-07 21:28:50,,GCash,OR-20240201-742
743,743,Rent Payment - Billing #743,FRNT-FEB2024-743,Credit,Rent Payment,2024-02-01,13887.10,f,2026-05-07 21:28:50,2026-05-07 21:28:50,,Bank Transfer,OR-20240201-743
744,744,Rent Payment - Billing #744,FRNT-MAR2024-744,Credit,Rent Payment,2024-03-01,13918.34,f,2026-05-07 21:28:50,2026-05-07 21:28:50,,GCash,OR-20240301-744
745,745,Rent Payment - Billing #745,FRNT-APR2024-745,Credit,Rent Payment,2024-04-01,13617.50,f,2026-05-07 21:28:50,2026-05-07 21:28:50,,Cash,OR-20240401-745
746,746,Move-Out Settlement - Billing #746,FRNT-APR2024-746,Credit,Rent Payment,2024-04-01,-11474.50,f,2026-05-07 21:28:50,2026-05-07 21:28:50,,GCash,OR-20240401-746
747,747,Rent Payment - Billing #747,FRNT-MAR2024-747,Credit,Rent Payment,2024-03-01,11829.93,f,2026-05-07 21:28:50,2026-05-07 21:28:50,,Bank Transfer,OR-20240301-747
748,748,Rent Payment - Billing #748,FRNT-APR2024-748,Credit,Rent Payment,2024-04-01,13111.91,f,2026-05-07 21:28:50,2026-05-07 21:28:50,,Cash,OR-20240401-748
749,749,Rent Payment - Billing #749,FRNT-MAY2024-749,Credit,Rent Payment,2024-05-01,12028.25,f,2026-05-07 21:28:50,2026-05-07 21:28:50,,Maya,OR-20240501-749
750,750,Rent Payment - Billing #750,FRNT-JUN2024-750,Credit,Rent Payment,2024-06-01,12222.56,f,2026-05-07 21:28:50,2026-05-07 21:28:50,,GCash,OR-20240601-750
751,751,Rent Payment - Billing #751,FRNT-JUL2024-751,Credit,Rent Payment,2024-07-01,11914.65,f,2026-05-07 21:28:50,2026-05-07 21:28:50,,Maya,OR-20240701-751
752,752,Rent Payment - Billing #752,FRNT-AUG2024-752,Credit,Rent Payment,2024-08-01,10919.14,f,2026-05-07 21:28:50,2026-05-07 21:28:50,,Maya,OR-20240801-752
753,753,Move-Out Settlement - Billing #753,FRNT-AUG2024-753,Credit,Rent Payment,2024-08-01,-9430.86,f,2026-05-07 21:28:50,2026-05-07 21:28:50,,Cash,OR-20240801-753
754,754,Rent Payment - Billing #754,FRNT-MAR2024-754,Credit,Rent Payment,2024-03-01,10573.30,f,2026-05-07 21:28:50,2026-05-07 21:28:50,,Cash,OR-20240301-754
755,755,Rent Payment - Billing #755,FRNT-APR2024-755,Credit,Rent Payment,2024-04-01,9921.49,f,2026-05-07 21:28:50,2026-05-07 21:28:50,,GCash,OR-20240401-755
756,756,Rent Payment - Billing #756,FRNT-MAY2024-756,Credit,Rent Payment,2024-05-01,8734.14,f,2026-05-07 21:28:50,2026-05-07 21:28:50,,GCash,OR-20240501-756
757,757,Move-Out Settlement - Billing #757,FRNT-MAY2024-757,Credit,Rent Payment,2024-05-01,-6247.86,f,2026-05-07 21:28:50,2026-05-07 21:28:50,,GCash,OR-20240501-757
758,758,Rent Payment - Billing #758,FRNT-MAR2024-758,Credit,Rent Payment,2024-03-01,13533.95,f,2026-05-07 21:28:50,2026-05-07 21:28:50,,Maya,OR-20240301-758
759,759,Rent Payment - Billing #759,FRNT-APR2024-759,Credit,Rent Payment,2024-04-01,13117.71,f,2026-05-07 21:28:50,2026-05-07 21:28:50,,Bank Transfer,OR-20240401-759
760,760,Rent Payment - Billing #760,FRNT-MAY2024-760,Credit,Rent Payment,2024-05-01,12373.18,f,2026-05-07 21:28:50,2026-05-07 21:28:50,,Maya,OR-20240501-760
761,761,Move-Out Settlement - Billing #761,FRNT-MAY2024-761,Credit,Rent Payment,2024-05-01,-9422.82,f,2026-05-07 21:28:50,2026-05-07 21:28:50,,Maya,OR-20240501-761
762,762,Rent Payment - Billing #762,FRNT-APR2024-762,Credit,Rent Payment,2024-04-01,8686.44,f,2026-05-07 21:28:50,2026-05-07 21:28:50,,Bank Transfer,OR-20240401-762
763,763,Rent Payment - Billing #763,FRNT-MAY2024-763,Credit,Rent Payment,2024-05-01,9099.06,f,2026-05-07 21:28:50,2026-05-07 21:28:50,,GCash,OR-20240501-763
764,764,Rent Payment - Billing #764,FRNT-JUN2024-764,Credit,Rent Payment,2024-06-01,8570.60,f,2026-05-07 21:28:50,2026-05-07 21:28:50,,Cash,OR-20240601-764
765,765,Move-Out Settlement - Billing #765,FRNT-JUN2024-765,Credit,Rent Payment,2024-06-01,-6639.40,f,2026-05-07 21:28:50,2026-05-07 21:28:50,,Cash,OR-20240601-765
766,766,Move-In Payment - Billing #766,FRNT-MAR2024-766,Credit,Rent Payment,2024-03-01,22130.00,f,2026-05-07 21:28:50,2026-05-07 21:28:50,,Maya,OR-20240301-766
767,767,Rent Payment - Billing #767,FRNT-APR2024-767,Credit,Rent Payment,2024-04-01,12126.55,f,2026-05-07 21:28:50,2026-05-07 21:28:50,,GCash,OR-20240401-767
768,768,Move-Out Settlement - Billing #768,FRNT-APR2024-768,Credit,Rent Payment,2024-04-01,-10503.45,f,2026-05-07 21:28:50,2026-05-07 21:28:50,,Cash,OR-20240401-768
769,769,Rent Payment - Billing #769,FRNT-APR2024-769,Credit,Rent Payment,2024-04-01,14326.55,f,2026-05-07 21:28:50,2026-05-07 21:28:50,,Maya,OR-20240401-769
770,770,Rent Payment - Billing #770,FRNT-MAY2024-770,Credit,Rent Payment,2024-05-01,14600.09,f,2026-05-07 21:28:50,2026-05-07 21:28:50,,GCash,OR-20240501-770
771,771,Rent Payment - Billing #771,FRNT-JUN2024-771,Credit,Rent Payment,2024-06-01,14753.83,f,2026-05-07 21:28:50,2026-05-07 21:28:50,,Cash,OR-20240601-771
772,772,Rent Payment - Billing #772,FRNT-JUL2024-772,Credit,Rent Payment,2024-07-01,15230.69,f,2026-05-07 21:28:50,2026-05-07 21:28:50,,Cash,OR-20240701-772
773,773,Rent Payment - Billing #773,FRNT-AUG2024-773,Credit,Rent Payment,2024-08-01,14580.65,f,2026-05-07 21:28:50,2026-05-07 21:28:50,,Cash,OR-20240801-773
774,774,Rent Payment - Billing #774,FRNT-SEP2024-774,Credit,Rent Payment,2024-09-01,13739.33,f,2026-05-07 21:28:50,2026-05-07 21:28:50,,GCash,OR-20240901-774
775,775,Move-Out Settlement - Billing #775,FRNT-SEP2024-775,Credit,Rent Payment,2024-09-01,-11886.67,f,2026-05-07 21:28:50,2026-05-07 21:28:50,,Bank Transfer,OR-20240901-775
776,776,Rent Payment - Billing #776,FRNT-APR2024-776,Credit,Rent Payment,2024-04-01,13482.75,f,2026-05-07 21:28:50,2026-05-07 21:28:50,,Maya,OR-20240401-776
777,777,Rent Payment - Billing #777,FRNT-MAY2024-777,Credit,Rent Payment,2024-05-01,12878.18,f,2026-05-07 21:28:50,2026-05-07 21:28:50,,Bank Transfer,OR-20240501-777
778,778,Rent Payment - Billing #778,FRNT-JUN2024-778,Credit,Rent Payment,2024-06-01,12738.38,f,2026-05-07 21:28:50,2026-05-07 21:28:50,,Bank Transfer,OR-20240601-778
779,779,Rent Payment - Billing #779,FRNT-JUL2024-779,Credit,Rent Payment,2024-07-01,12775.90,f,2026-05-07 21:28:50,2026-05-07 21:28:50,,Maya,OR-20240701-779
780,780,Rent Payment - Billing #780,FRNT-AUG2024-780,Credit,Rent Payment,2024-08-01,13394.24,f,2026-05-07 21:28:50,2026-05-07 21:28:50,,Maya,OR-20240801-780
781,781,Rent Payment - Billing #781,FRNT-SEP2024-781,Credit,Rent Payment,2024-09-01,12098.01,f,2026-05-07 21:28:50,2026-05-07 21:28:50,,Cash,OR-20240901-781
782,782,Move-Out Settlement - Billing #782,FRNT-SEP2024-782,Credit,Rent Payment,2024-09-01,-9985.99,f,2026-05-07 21:28:50,2026-05-07 21:28:50,,Cash,OR-20240901-782
783,783,Move-In Payment - Billing #783,FRNT-MAR2024-783,Credit,Rent Payment,2024-03-01,22130.00,f,2026-05-07 21:28:50,2026-05-07 21:28:50,,Maya,OR-20240301-783
784,784,Rent Payment - Billing #784,FRNT-APR2024-784,Credit,Rent Payment,2024-04-01,12126.55,f,2026-05-07 21:28:50,2026-05-07 21:28:50,,Maya,OR-20240401-784
785,785,Move-Out Settlement - Billing #785,FRNT-APR2024-785,Credit,Rent Payment,2024-04-01,-10503.45,f,2026-05-07 21:28:50,2026-05-07 21:28:50,,GCash,OR-20240401-785
786,786,Rent Payment - Billing #786,FRNT-MAY2024-786,Credit,Rent Payment,2024-05-01,13552.66,f,2026-05-07 21:28:50,2026-05-07 21:28:50,,Maya,OR-20240501-786
787,787,Move-Out Settlement - Billing #787,FRNT-MAY2024-787,Credit,Rent Payment,2024-05-01,-11539.34,f,2026-05-07 21:28:50,2026-05-07 21:28:50,,Bank Transfer,OR-20240501-787
788,788,Rent Payment - Billing #788,FRNT-MAY2024-788,Credit,Rent Payment,2024-05-01,9541.92,f,2026-05-07 21:28:50,2026-05-07 21:28:50,,Cash,OR-20240501-788
789,789,Rent Payment - Billing #789,FRNT-JUN2024-789,Credit,Rent Payment,2024-06-01,8582.61,f,2026-05-07 21:28:50,2026-05-07 21:28:50,,Maya,OR-20240601-789
790,790,Rent Payment - Billing #790,FRNT-JUL2024-790,Credit,Rent Payment,2024-07-01,8037.73,f,2026-05-07 21:28:50,2026-05-07 21:28:50,,GCash,OR-20240701-790
791,791,Move-Out Settlement - Billing #791,FRNT-JUL2024-791,Credit,Rent Payment,2024-07-01,-5898.27,f,2026-05-07 21:28:50,2026-05-07 21:28:50,,Cash,OR-20240701-791
792,792,Rent Payment - Billing #792,FRNT-MAY2024-792,Credit,Rent Payment,2024-05-01,14362.17,f,2026-05-07 21:28:50,2026-05-07 21:28:50,,Cash,OR-20240501-792
793,793,Rent Payment - Billing #793,FRNT-JUN2024-793,Credit,Rent Payment,2024-06-01,14469.31,f,2026-05-07 21:28:50,2026-05-07 21:28:50,,Maya,OR-20240601-793
794,794,Rent Payment - Billing #794,FRNT-JUL2024-794,Credit,Rent Payment,2024-07-01,14399.90,f,2026-05-07 21:28:50,2026-05-07 21:28:50,,Maya,OR-20240701-794
795,795,Rent Payment - Billing #795,FRNT-AUG2024-795,Credit,Rent Payment,2024-08-01,14235.86,f,2026-05-07 21:28:50,2026-05-07 21:28:50,,Maya,OR-20240801-795
796,796,Rent Payment - Billing #796,FRNT-SEP2024-796,Credit,Rent Payment,2024-09-01,14431.51,f,2026-05-07 21:28:50,2026-05-07 21:28:50,,GCash,OR-20240901-796
797,797,Rent Payment - Billing #797,FRNT-OCT2024-797,Credit,Rent Payment,2024-10-01,13267.62,f,2026-05-07 21:28:50,2026-05-07 21:28:50,,Maya,OR-20241001-797
798,798,Move-Out Settlement - Billing #798,FRNT-OCT2024-798,Credit,Rent Payment,2024-10-01,-11034.38,f,2026-05-07 21:28:50,2026-05-07 21:28:50,,Cash,OR-20241001-798
799,799,Rent Payment - Billing #799,FRNT-MAY2024-799,Credit,Rent Payment,2024-05-01,11712.65,f,2026-05-07 21:28:50,2026-05-07 21:28:50,,Maya,OR-20240501-799
800,800,Rent Payment - Billing #800,FRNT-JUN2024-800,Credit,Rent Payment,2024-06-01,11964.05,f,2026-05-07 21:28:50,2026-05-07 21:28:50,,Bank Transfer,OR-20240601-800
801,801,Rent Payment - Billing #801,FRNT-JUL2024-801,Credit,Rent Payment,2024-07-01,11786.62,f,2026-05-07 21:28:50,2026-05-07 21:28:50,,Bank Transfer,OR-20240701-801
802,802,Rent Payment - Billing #802,FRNT-AUG2024-802,Credit,Rent Payment,2024-08-01,12505.99,f,2026-05-07 21:28:50,2026-05-07 21:28:50,,Bank Transfer,OR-20240801-802
803,803,Rent Payment - Billing #803,FRNT-SEP2024-803,Credit,Rent Payment,2024-09-01,12487.36,f,2026-05-07 21:28:50,2026-05-07 21:28:50,,GCash,OR-20240901-803
804,804,Rent Payment - Billing #804,FRNT-OCT2024-804,Credit,Rent Payment,2024-10-01,11807.99,f,2026-05-07 21:28:50,2026-05-07 21:28:50,,Cash,OR-20241001-804
805,805,Move-Out Settlement - Billing #805,FRNT-OCT2024-805,Credit,Rent Payment,2024-10-01,-10322.01,f,2026-05-07 21:28:50,2026-05-07 21:28:50,,Bank Transfer,OR-20241001-805
806,806,Rent Payment - Billing #806,FRNT-MAY2024-806,Credit,Rent Payment,2024-05-01,12212.65,f,2026-05-07 21:28:50,2026-05-07 21:28:50,,Bank Transfer,OR-20240501-806
807,807,Move-Out Settlement - Billing #807,FRNT-MAY2024-807,Credit,Rent Payment,2024-05-01,-10417.35,f,2026-05-07 21:28:50,2026-05-07 21:28:50,,Cash,OR-20240501-807
808,808,Rent Payment - Billing #808,FRNT-MAY2024-808,Credit,Rent Payment,2024-05-01,14558.02,f,2026-05-07 21:28:50,2026-05-07 21:28:50,,Cash,OR-20240501-808
809,809,Rent Payment - Billing #809,FRNT-JUN2024-809,Credit,Rent Payment,2024-06-01,14658.06,f,2026-05-07 21:28:50,2026-05-07 21:28:50,,GCash,OR-20240601-809
810,810,Rent Payment - Billing #810,FRNT-JUL2024-810,Credit,Rent Payment,2024-07-01,14295.78,f,2026-05-07 21:28:50,2026-05-07 21:28:50,,Bank Transfer,OR-20240701-810
811,811,Rent Payment - Billing #811,FRNT-AUG2024-811,Credit,Rent Payment,2024-08-01,14673.32,f,2026-05-07 21:28:51,2026-05-07 21:28:51,,Cash,OR-20240801-811
812,812,Rent Payment - Billing #812,FRNT-SEP2024-812,Credit,Rent Payment,2024-09-01,14676.06,f,2026-05-07 21:28:51,2026-05-07 21:28:51,,GCash,OR-20240901-812
813,813,Rent Payment - Billing #813,FRNT-OCT2024-813,Credit,Rent Payment,2024-10-01,14297.15,f,2026-05-07 21:28:51,2026-05-07 21:28:51,,GCash,OR-20241001-813
814,814,Move-Out Settlement - Billing #814,FRNT-OCT2024-814,Credit,Rent Payment,2024-10-01,-13188.85,f,2026-05-07 21:28:51,2026-05-07 21:28:51,,Bank Transfer,OR-20241001-814
815,815,Rent Payment - Billing #815,FRNT-MAY2024-815,Credit,Rent Payment,2024-05-01,10533.12,f,2026-05-07 21:28:51,2026-05-07 21:28:51,,Cash,OR-20240501-815
816,816,Rent Payment - Billing #816,FRNT-JUN2024-816,Credit,Rent Payment,2024-06-01,10403.80,f,2026-05-07 21:28:51,2026-05-07 21:28:51,,Bank Transfer,OR-20240601-816
817,817,Rent Payment - Billing #817,FRNT-JUL2024-817,Credit,Rent Payment,2024-07-01,10371.60,f,2026-05-07 21:28:51,2026-05-07 21:28:51,,Bank Transfer,OR-20240701-817
818,818,Move-Out Settlement - Billing #818,FRNT-JUL2024-818,Credit,Rent Payment,2024-07-01,-8800.40,f,2026-05-07 21:28:51,2026-05-07 21:28:51,,GCash,OR-20240701-818
819,819,Rent Payment - Billing #819,FRNT-MAY2024-819,Credit,Rent Payment,2024-05-01,14172.30,f,2026-05-07 21:28:51,2026-05-07 21:28:51,,Cash,OR-20240501-819
820,820,Rent Payment - Billing #820,FRNT-JUN2024-820,Credit,Rent Payment,2024-06-01,14125.66,f,2026-05-07 21:28:51,2026-05-07 21:28:51,,Maya,OR-20240601-820
821,821,Rent Payment - Billing #821,FRNT-JUL2024-821,Credit,Rent Payment,2024-07-01,13288.28,f,2026-05-07 21:28:51,2026-05-07 21:28:51,,Cash,OR-20240701-821
822,822,Move-Out Settlement - Billing #822,FRNT-JUL2024-822,Credit,Rent Payment,2024-07-01,-11219.72,f,2026-05-07 21:28:51,2026-05-07 21:28:51,,Cash,OR-20240701-822
823,823,Rent Payment - Billing #823,FRNT-JUN2024-823,Credit,Rent Payment,2024-06-01,7696.12,f,2026-05-07 21:28:51,2026-05-07 21:28:51,,Maya,OR-20240601-823
824,824,Move-Out Settlement - Billing #824,FRNT-JUN2024-824,Credit,Rent Payment,2024-06-01,-5459.88,f,2026-05-07 21:28:51,2026-05-07 21:28:51,,GCash,OR-20240601-824
825,825,Rent Payment - Billing #825,FRNT-JUN2024-825,Credit,Rent Payment,2024-06-01,8831.37,f,2026-05-07 21:28:51,2026-05-07 21:28:51,,GCash,OR-20240601-825
826,826,Rent Payment - Billing #826,FRNT-JUL2024-826,Credit,Rent Payment,2024-07-01,9573.71,f,2026-05-07 21:28:51,2026-05-07 21:28:51,,Bank Transfer,OR-20240701-826
827,827,Rent Payment - Billing #827,FRNT-AUG2024-827,Credit,Rent Payment,2024-08-01,9899.86,f,2026-05-07 21:28:51,2026-05-07 21:28:51,,Cash,OR-20240801-827
828,828,Rent Payment - Billing #828,FRNT-SEP2024-828,Credit,Rent Payment,2024-09-01,8779.00,f,2026-05-07 21:28:51,2026-05-07 21:28:51,,Maya,OR-20240901-828
829,829,Rent Payment - Billing #829,FRNT-OCT2024-829,Credit,Rent Payment,2024-10-01,9592.53,f,2026-05-07 21:28:51,2026-05-07 21:28:51,,GCash,OR-20241001-829
830,830,Rent Payment - Billing #830,FRNT-NOV2024-830,Credit,Rent Payment,2024-11-01,7925.37,f,2026-05-07 21:28:51,2026-05-07 21:28:51,,Maya,OR-20241101-830
831,831,Move-Out Settlement - Billing #831,FRNT-NOV2024-831,Credit,Rent Payment,2024-11-01,-6556.63,f,2026-05-07 21:28:51,2026-05-07 21:28:51,,GCash,OR-20241101-831
832,832,Rent Payment - Billing #832,FRNT-JUN2024-832,Credit,Rent Payment,2024-06-01,11964.05,f,2026-05-07 21:28:51,2026-05-07 21:28:51,,Bank Transfer,OR-20240601-832
833,833,Rent Payment - Billing #833,FRNT-JUL2024-833,Credit,Rent Payment,2024-07-01,11786.62,f,2026-05-07 21:28:51,2026-05-07 21:28:51,,Cash,OR-20240701-833
834,834,Rent Payment - Billing #834,FRNT-AUG2024-834,Credit,Rent Payment,2024-08-01,12505.99,f,2026-05-07 21:28:51,2026-05-07 21:28:51,,GCash,OR-20240801-834
835,835,Rent Payment - Billing #835,FRNT-SEP2024-835,Credit,Rent Payment,2024-09-01,12487.36,f,2026-05-07 21:28:51,2026-05-07 21:28:51,,GCash,OR-20240901-835
836,836,Rent Payment - Billing #836,FRNT-OCT2024-836,Credit,Rent Payment,2024-10-01,11807.99,f,2026-05-07 21:28:51,2026-05-07 21:28:51,,Cash,OR-20241001-836
837,837,Rent Payment - Billing #837,FRNT-NOV2024-837,Credit,Rent Payment,2024-11-01,11907.18,f,2026-05-07 21:28:51,2026-05-07 21:28:51,,GCash,OR-20241101-837
838,838,Rent Payment - Billing #838,FRNT-DEC2024-838,Credit,Rent Payment,2024-12-01,12411.08,f,2026-05-07 21:28:51,2026-05-07 21:28:51,,Maya,OR-20241201-838
839,839,Rent Payment - Billing #839,FRNT-JAN2025-839,Credit,Rent Payment,2025-01-01,11708.32,f,2026-05-07 21:28:51,2026-05-07 21:28:51,,Cash,OR-20250101-839
840,840,Rent Payment - Billing #840,FRNT-FEB2025-840,Credit,Rent Payment,2025-02-01,11915.61,f,2026-05-07 21:28:51,2026-05-07 21:28:51,,GCash,OR-20250201-840
841,841,Rent Payment - Billing #841,FRNT-MAR2025-841,Credit,Rent Payment,2025-03-01,12148.97,f,2026-05-07 21:28:51,2026-05-07 21:28:51,,GCash,OR-20250301-841
842,842,Rent Payment - Billing #842,FRNT-APR2025-842,Credit,Rent Payment,2025-04-01,11916.36,f,2026-05-07 21:28:51,2026-05-07 21:28:51,,GCash,OR-20250401-842
843,843,Rent Payment - Billing #843,FRNT-MAY2025-843,Credit,Rent Payment,2025-05-01,11658.46,f,2026-05-07 21:28:51,2026-05-07 21:28:51,,Maya,OR-20250501-843
844,844,Move-Out Settlement - Billing #844,FRNT-MAY2025-844,Credit,Rent Payment,2025-05-01,-10471.54,f,2026-05-07 21:28:51,2026-05-07 21:28:51,,GCash,OR-20250501-844
845,845,Rent Payment - Billing #845,FRNT-JUN2024-845,Credit,Rent Payment,2024-06-01,12940.76,f,2026-05-07 21:28:51,2026-05-07 21:28:51,,GCash,OR-20240601-845
846,846,Rent Payment - Billing #846,FRNT-JUL2024-846,Credit,Rent Payment,2024-07-01,13542.41,f,2026-05-07 21:28:51,2026-05-07 21:28:51,,Cash,OR-20240701-846
847,847,Rent Payment - Billing #847,FRNT-AUG2024-847,Credit,Rent Payment,2024-08-01,12837.96,f,2026-05-07 21:28:51,2026-05-07 21:28:51,,Cash,OR-20240801-847
848,848,Rent Payment - Billing #848,FRNT-SEP2024-848,Credit,Rent Payment,2024-09-01,12881.82,f,2026-05-07 21:28:51,2026-05-07 21:28:51,,Cash,OR-20240901-848
849,849,Rent Payment - Billing #849,FRNT-OCT2024-849,Credit,Rent Payment,2024-10-01,12934.12,f,2026-05-07 21:28:51,2026-05-07 21:28:51,,Bank Transfer,OR-20241001-849
850,850,Rent Payment - Billing #850,FRNT-NOV2024-850,Credit,Rent Payment,2024-11-01,12496.54,f,2026-05-07 21:28:51,2026-05-07 21:28:51,,Maya,OR-20241101-850
851,851,Rent Payment - Billing #851,FRNT-DEC2024-851,Credit,Rent Payment,2024-12-01,12962.48,f,2026-05-07 21:28:51,2026-05-07 21:28:51,,Maya,OR-20241201-851
852,852,Rent Payment - Billing #852,FRNT-JAN2025-852,Credit,Rent Payment,2025-01-01,12633.86,f,2026-05-07 21:28:51,2026-05-07 21:28:51,,Cash,OR-20250101-852
853,853,Rent Payment - Billing #853,FRNT-FEB2025-853,Credit,Rent Payment,2025-02-01,12485.42,f,2026-05-07 21:28:51,2026-05-07 21:28:51,,Bank Transfer,OR-20250201-853
854,854,Rent Payment - Billing #854,FRNT-MAR2025-854,Credit,Rent Payment,2025-03-01,12830.88,f,2026-05-07 21:28:51,2026-05-07 21:28:51,,Bank Transfer,OR-20250301-854
855,855,Rent Payment - Billing #855,FRNT-APR2025-855,Credit,Rent Payment,2025-04-01,12849.42,f,2026-05-07 21:28:51,2026-05-07 21:28:51,,GCash,OR-20250401-855
856,856,Rent Payment - Billing #856,FRNT-MAY2025-856,Credit,Rent Payment,2025-05-01,11592.26,f,2026-05-07 21:28:51,2026-05-07 21:28:51,,Cash,OR-20250501-856
857,857,Move-Out Settlement - Billing #857,FRNT-MAY2025-857,Credit,Rent Payment,2025-05-01,-9703.74,f,2026-05-07 21:28:51,2026-05-07 21:28:51,,GCash,OR-20250501-857
858,858,Rent Payment - Billing #858,FRNT-JUN2024-858,Credit,Rent Payment,2024-06-01,13442.81,f,2026-05-07 21:28:51,2026-05-07 21:28:51,,Maya,OR-20240601-858
859,859,Rent Payment - Billing #859,FRNT-JUL2024-859,Credit,Rent Payment,2024-07-01,13712.86,f,2026-05-07 21:28:51,2026-05-07 21:28:51,,Bank Transfer,OR-20240701-859
860,860,Rent Payment - Billing #860,FRNT-AUG2024-860,Credit,Rent Payment,2024-08-01,13375.61,f,2026-05-07 21:28:51,2026-05-07 21:28:51,,Maya,OR-20240801-860
861,861,Rent Payment - Billing #861,FRNT-SEP2024-861,Credit,Rent Payment,2024-09-01,13557.52,f,2026-05-07 21:28:51,2026-05-07 21:28:51,,Maya,OR-20240901-861
862,862,Rent Payment - Billing #862,FRNT-OCT2024-862,Credit,Rent Payment,2024-10-01,12966.75,f,2026-05-07 21:28:51,2026-05-07 21:28:51,,Maya,OR-20241001-862
863,863,Rent Payment - Billing #863,FRNT-NOV2024-863,Credit,Rent Payment,2024-11-01,12704.57,f,2026-05-07 21:28:51,2026-05-07 21:28:51,,Bank Transfer,OR-20241101-863
864,864,Move-Out Settlement - Billing #864,FRNT-NOV2024-864,Credit,Rent Payment,2024-11-01,-11887.43,f,2026-05-07 21:28:51,2026-05-07 21:28:51,,Bank Transfer,OR-20241101-864
865,865,Move-In Payment - Billing #865,FRNT-MAY2024-865,Credit,Rent Payment,2024-05-01,25658.00,f,2026-05-07 21:28:51,2026-05-07 21:28:51,,GCash,OR-20240501-865
866,866,Rent Payment - Billing #866,FRNT-JUN2024-866,Credit,Rent Payment,2024-06-01,13845.47,f,2026-05-07 21:28:51,2026-05-07 21:28:51,,GCash,OR-20240601-866
867,867,Move-Out Settlement - Billing #867,FRNT-JUN2024-867,Credit,Rent Payment,2024-06-01,-12312.53,f,2026-05-07 21:28:51,2026-05-07 21:28:51,,Bank Transfer,OR-20240601-867
868,868,Rent Payment - Billing #868,FRNT-JUL2024-868,Credit,Rent Payment,2024-07-01,15458.76,f,2026-05-07 21:28:51,2026-05-07 21:28:51,,GCash,OR-20240701-868
869,869,Rent Payment - Billing #869,FRNT-AUG2024-869,Credit,Rent Payment,2024-08-01,15141.04,f,2026-05-07 21:28:51,2026-05-07 21:28:51,,GCash,OR-20240801-869
870,870,Rent Payment - Billing #870,FRNT-SEP2024-870,Credit,Rent Payment,2024-09-01,13667.47,f,2026-05-07 21:28:51,2026-05-07 21:28:51,,Maya,OR-20240901-870
871,871,Move-Out Settlement - Billing #871,FRNT-SEP2024-871,Credit,Rent Payment,2024-09-01,-11676.53,f,2026-05-07 21:28:51,2026-05-07 21:28:51,,Bank Transfer,OR-20240901-871
872,872,Rent Payment - Billing #872,FRNT-JUL2024-872,Credit,Rent Payment,2024-07-01,8517.88,f,2026-05-07 21:28:51,2026-05-07 21:28:51,,Bank Transfer,OR-20240701-872
873,873,Move-Out Settlement - Billing #873,FRNT-JUL2024-873,Credit,Rent Payment,2024-07-01,-6156.12,f,2026-05-07 21:28:51,2026-05-07 21:28:51,,Maya,OR-20240701-873
874,874,Rent Payment - Billing #874,FRNT-JUL2024-874,Credit,Rent Payment,2024-07-01,12176.92,f,2026-05-07 21:28:51,2026-05-07 21:28:51,,Cash,OR-20240701-874
875,875,Move-Out Settlement - Billing #875,FRNT-JUL2024-875,Credit,Rent Payment,2024-07-01,-10089.08,f,2026-05-07 21:28:51,2026-05-07 21:28:51,,GCash,OR-20240701-875
876,876,Rent Payment - Billing #876,FRNT-JUL2024-876,Credit,Rent Payment,2024-07-01,8880.85,f,2026-05-07 21:28:51,2026-05-07 21:28:51,,Maya,OR-20240701-876
877,877,Rent Payment - Billing #877,FRNT-AUG2024-877,Credit,Rent Payment,2024-08-01,8095.88,f,2026-05-07 21:28:51,2026-05-07 21:28:51,,Maya,OR-20240801-877
878,878,Rent Payment - Billing #878,FRNT-SEP2024-878,Credit,Rent Payment,2024-09-01,8232.96,f,2026-05-07 21:28:51,2026-05-07 21:28:51,,Bank Transfer,OR-20240901-878
879,879,Rent Payment - Billing #879,FRNT-OCT2024-879,Credit,Rent Payment,2024-10-01,8826.20,f,2026-05-07 21:28:51,2026-05-07 21:28:51,,Cash,OR-20241001-879
880,880,Rent Payment - Billing #880,FRNT-NOV2024-880,Credit,Rent Payment,2024-11-01,8052.98,f,2026-05-07 21:28:51,2026-05-07 21:28:51,,GCash,OR-20241101-880
881,881,Rent Payment - Billing #881,FRNT-DEC2024-881,Credit,Rent Payment,2024-12-01,8128.36,f,2026-05-07 21:28:51,2026-05-07 21:28:51,,Bank Transfer,OR-20241201-881
882,882,Rent Payment - Billing #882,FRNT-JAN2025-882,Credit,Rent Payment,2025-01-01,8178.91,f,2026-05-07 21:28:51,2026-05-07 21:28:51,,Cash,OR-20250101-882
883,883,Rent Payment - Billing #883,FRNT-FEB2025-883,Credit,Rent Payment,2025-02-01,8165.61,f,2026-05-07 21:28:51,2026-05-07 21:28:51,,GCash,OR-20250201-883
884,884,Rent Payment - Billing #884,FRNT-MAR2025-884,Credit,Rent Payment,2025-03-01,8595.20,f,2026-05-07 21:28:51,2026-05-07 21:28:51,,Cash,OR-20250301-884
885,885,Rent Payment - Billing #885,FRNT-APR2025-885,Credit,Rent Payment,2025-04-01,8467.49,f,2026-05-07 21:28:51,2026-05-07 21:28:51,,Maya,OR-20250401-885
886,886,Rent Payment - Billing #886,FRNT-MAY2025-886,Credit,Rent Payment,2025-05-01,8504.05,f,2026-05-07 21:28:51,2026-05-07 21:28:51,,Maya,OR-20250501-886
887,887,Rent Payment - Billing #887,FRNT-JUN2025-887,Credit,Rent Payment,2025-06-01,7445.06,f,2026-05-07 21:28:51,2026-05-07 21:28:51,,Bank Transfer,OR-20250601-887
888,888,Move-Out Settlement - Billing #888,FRNT-JUN2025-888,Credit,Rent Payment,2025-06-01,-5210.94,f,2026-05-07 21:28:51,2026-05-07 21:28:51,,Bank Transfer,OR-20250601-888
889,889,Rent Payment - Billing #889,FRNT-JUL2024-889,Credit,Rent Payment,2024-07-01,14218.39,f,2026-05-07 21:28:51,2026-05-07 21:28:51,,Maya,OR-20240701-889
890,890,Rent Payment - Billing #890,FRNT-AUG2024-890,Credit,Rent Payment,2024-08-01,13448.06,f,2026-05-07 21:28:51,2026-05-07 21:28:51,,Cash,OR-20240801-890
891,891,Rent Payment - Billing #891,FRNT-SEP2024-891,Credit,Rent Payment,2024-09-01,13262.03,f,2026-05-07 21:28:51,2026-05-07 21:28:51,,GCash,OR-20240901-891
892,892,Rent Payment - Billing #892,FRNT-OCT2024-892,Credit,Rent Payment,2024-10-01,13948.10,f,2026-05-07 21:28:51,2026-05-07 21:28:51,,GCash,OR-20241001-892
893,893,Rent Payment - Billing #893,FRNT-NOV2024-893,Credit,Rent Payment,2024-11-01,13832.32,f,2026-05-07 21:28:51,2026-05-07 21:28:51,,GCash,OR-20241101-893
894,894,Rent Payment - Billing #894,FRNT-DEC2024-894,Credit,Rent Payment,2024-12-01,13684.47,f,2026-05-07 21:28:51,2026-05-07 21:28:51,,GCash,OR-20241201-894
895,895,Rent Payment - Billing #895,FRNT-JAN2025-895,Credit,Rent Payment,2025-01-01,13608.45,f,2026-05-07 21:28:51,2026-05-07 21:28:51,,Maya,OR-20250101-895
896,896,Rent Payment - Billing #896,FRNT-FEB2025-896,Credit,Rent Payment,2025-02-01,14037.84,f,2026-05-07 21:28:51,2026-05-07 21:28:51,,Cash,OR-20250201-896
897,897,Rent Payment - Billing #897,FRNT-MAR2025-897,Credit,Rent Payment,2025-03-01,14139.72,f,2026-05-07 21:28:51,2026-05-07 21:28:51,,Cash,OR-20250301-897
898,898,Rent Payment - Billing #898,FRNT-APR2025-898,Credit,Rent Payment,2025-04-01,13359.81,f,2026-05-07 21:28:51,2026-05-07 21:28:51,,Bank Transfer,OR-20250401-898
899,899,Rent Payment - Billing #899,FRNT-MAY2025-899,Credit,Rent Payment,2025-05-01,13707.64,f,2026-05-07 21:28:51,2026-05-07 21:28:51,,GCash,OR-20250501-899
900,900,Rent Payment - Billing #900,FRNT-JUN2025-900,Credit,Rent Payment,2025-06-01,13597.44,f,2026-05-07 21:28:51,2026-05-07 21:28:51,,Maya,OR-20250601-900
901,901,Move-Out Settlement - Billing #901,FRNT-JUN2025-901,Credit,Rent Payment,2025-06-01,-12060.56,f,2026-05-07 21:28:51,2026-05-07 21:28:51,,Bank Transfer,OR-20250601-901
902,902,Rent Payment - Billing #902,FRNT-JUL2024-902,Credit,Rent Payment,2024-07-01,8383.36,f,2026-05-07 21:28:51,2026-05-07 21:28:51,,GCash,OR-20240701-902
903,903,Move-Out Settlement - Billing #903,FRNT-JUL2024-903,Credit,Rent Payment,2024-07-01,-6826.64,f,2026-05-07 21:28:51,2026-05-07 21:28:51,,GCash,OR-20240701-903
904,904,Rent Payment - Billing #904,FRNT-JUL2024-904,Credit,Rent Payment,2024-07-01,11718.55,f,2026-05-07 21:28:51,2026-05-07 21:28:51,,GCash,OR-20240701-904
905,905,Rent Payment - Billing #905,FRNT-AUG2024-905,Credit,Rent Payment,2024-08-01,11813.98,f,2026-05-07 21:28:51,2026-05-07 21:28:51,,GCash,OR-20240801-905
906,906,Rent Payment - Billing #906,FRNT-SEP2024-906,Credit,Rent Payment,2024-09-01,10941.44,f,2026-05-07 21:28:51,2026-05-07 21:28:51,,Cash,OR-20240901-906
907,907,Move-Out Settlement - Billing #907,FRNT-SEP2024-907,Credit,Rent Payment,2024-09-01,-8182.56,f,2026-05-07 21:28:51,2026-05-07 21:28:51,,Cash,OR-20240901-907
908,908,Rent Payment - Billing #908,FRNT-AUG2024-908,Credit,Rent Payment,2024-08-01,8287.61,f,2026-05-07 21:28:51,2026-05-07 21:28:51,,Bank Transfer,OR-20240801-908
909,909,Rent Payment - Billing #909,FRNT-SEP2024-909,Credit,Rent Payment,2024-09-01,8586.10,f,2026-05-07 21:28:51,2026-05-07 21:28:51,,GCash,OR-20240901-909
910,910,Rent Payment - Billing #910,FRNT-OCT2024-910,Credit,Rent Payment,2024-10-01,8323.50,f,2026-05-07 21:28:51,2026-05-07 21:28:51,,Maya,OR-20241001-910
911,911,Rent Payment - Billing #911,FRNT-NOV2024-911,Credit,Rent Payment,2024-11-01,8539.08,f,2026-05-07 21:28:51,2026-05-07 21:28:51,,GCash,OR-20241101-911
912,912,Rent Payment - Billing #912,FRNT-DEC2024-912,Credit,Rent Payment,2024-12-01,9394.46,f,2026-05-07 21:28:51,2026-05-07 21:28:51,,Maya,OR-20241201-912
913,913,Rent Payment - Billing #913,FRNT-JAN2025-913,Credit,Rent Payment,2025-01-01,8056.56,f,2026-05-07 21:28:51,2026-05-07 21:28:51,,GCash,OR-20250101-913
914,914,Move-Out Settlement - Billing #914,FRNT-JAN2025-914,Credit,Rent Payment,2025-01-01,-5379.44,f,2026-05-07 21:28:51,2026-05-07 21:28:51,,GCash,OR-20250101-914
915,915,Rent Payment - Billing #915,FRNT-AUG2024-915,Credit,Rent Payment,2024-08-01,14673.32,f,2026-05-07 21:28:51,2026-05-07 21:28:51,,Cash,OR-20240801-915
916,916,Rent Payment - Billing #916,FRNT-SEP2024-916,Credit,Rent Payment,2024-09-01,14676.06,f,2026-05-07 21:28:51,2026-05-07 21:28:51,,Maya,OR-20240901-916
917,917,Rent Payment - Billing #917,FRNT-OCT2024-917,Credit,Rent Payment,2024-10-01,14297.15,f,2026-05-07 21:28:51,2026-05-07 21:28:51,,Maya,OR-20241001-917
918,918,Rent Payment - Billing #918,FRNT-NOV2024-918,Credit,Rent Payment,2024-11-01,14560.28,f,2026-05-07 21:28:51,2026-05-07 21:28:51,,GCash,OR-20241101-918
919,919,Rent Payment - Billing #919,FRNT-DEC2024-919,Credit,Rent Payment,2024-12-01,14843.43,f,2026-05-07 21:28:51,2026-05-07 21:28:51,,Bank Transfer,OR-20241201-919
920,920,Rent Payment - Billing #920,FRNT-JAN2025-920,Credit,Rent Payment,2025-01-01,14803.96,f,2026-05-07 21:28:51,2026-05-07 21:28:51,,Maya,OR-20250101-920
921,921,Rent Payment - Billing #921,FRNT-FEB2025-921,Credit,Rent Payment,2025-02-01,14821.35,f,2026-05-07 21:28:51,2026-05-07 21:28:51,,Maya,OR-20250201-921
922,922,Rent Payment - Billing #922,FRNT-MAR2025-922,Credit,Rent Payment,2025-03-01,14733.87,f,2026-05-07 21:28:51,2026-05-07 21:28:51,,Bank Transfer,OR-20250301-922
923,923,Rent Payment - Billing #923,FRNT-APR2025-923,Credit,Rent Payment,2025-04-01,14448.74,f,2026-05-07 21:28:51,2026-05-07 21:28:51,,Bank Transfer,OR-20250401-923
924,924,Rent Payment - Billing #924,FRNT-MAY2025-924,Credit,Rent Payment,2025-05-01,14813.28,f,2026-05-07 21:28:51,2026-05-07 21:28:51,,Cash,OR-20250501-924
925,925,Rent Payment - Billing #925,FRNT-JUN2025-925,Credit,Rent Payment,2025-06-01,14513.24,f,2026-05-07 21:28:51,2026-05-07 21:28:51,,GCash,OR-20250601-925
926,926,Rent Payment - Billing #926,FRNT-JUL2025-926,Credit,Rent Payment,2025-07-01,14616.10,f,2026-05-07 21:28:51,2026-05-07 21:28:51,,GCash,OR-20250701-926
927,927,Move-Out Settlement - Billing #927,FRNT-JUL2025-927,Credit,Rent Payment,2025-07-01,-12869.90,f,2026-05-07 21:28:51,2026-05-07 21:28:51,,Maya,OR-20250701-927
928,928,Rent Payment - Billing #928,FRNT-AUG2024-928,Credit,Rent Payment,2024-08-01,10424.01,f,2026-05-07 21:28:51,2026-05-07 21:28:51,,Bank Transfer,OR-20240801-928
929,929,Rent Payment - Billing #929,FRNT-SEP2024-929,Credit,Rent Payment,2024-09-01,10553.93,f,2026-05-07 21:28:51,2026-05-07 21:28:51,,Cash,OR-20240901-929
930,930,Rent Payment - Billing #930,FRNT-OCT2024-930,Credit,Rent Payment,2024-10-01,10088.56,f,2026-05-07 21:28:51,2026-05-07 21:28:51,,Bank Transfer,OR-20241001-930
931,931,Move-Out Settlement - Billing #931,FRNT-OCT2024-931,Credit,Rent Payment,2024-10-01,-9083.44,f,2026-05-07 21:28:51,2026-05-07 21:28:51,,Cash,OR-20241001-931
932,932,Rent Payment - Billing #932,FRNT-AUG2024-932,Credit,Rent Payment,2024-08-01,10424.01,f,2026-05-07 21:28:51,2026-05-07 21:28:51,,Cash,OR-20240801-932
933,933,Rent Payment - Billing #933,FRNT-SEP2024-933,Credit,Rent Payment,2024-09-01,10553.93,f,2026-05-07 21:28:51,2026-05-07 21:28:51,,Cash,OR-20240901-933
934,934,Rent Payment - Billing #934,FRNT-OCT2024-934,Credit,Rent Payment,2024-10-01,10088.56,f,2026-05-07 21:28:51,2026-05-07 21:28:51,,Maya,OR-20241001-934
935,935,Move-Out Settlement - Billing #935,FRNT-OCT2024-935,Credit,Rent Payment,2024-10-01,-9083.44,f,2026-05-07 21:28:51,2026-05-07 21:28:51,,Maya,OR-20241001-935
936,936,Rent Payment - Billing #936,FRNT-AUG2024-936,Credit,Rent Payment,2024-08-01,14377.50,f,2026-05-07 21:28:51,2026-05-07 21:28:51,,Maya,OR-20240801-936
937,937,Rent Payment - Billing #937,FRNT-SEP2024-937,Credit,Rent Payment,2024-09-01,14109.54,f,2026-05-07 21:28:51,2026-05-07 21:28:51,,Bank Transfer,OR-20240901-937
938,938,Rent Payment - Billing #938,FRNT-OCT2024-938,Credit,Rent Payment,2024-10-01,13920.51,f,2026-05-07 21:28:51,2026-05-07 21:28:51,,Maya,OR-20241001-938
939,939,Rent Payment - Billing #939,FRNT-NOV2024-939,Credit,Rent Payment,2024-11-01,14015.87,f,2026-05-07 21:28:51,2026-05-07 21:28:51,,GCash,OR-20241101-939
940,940,Rent Payment - Billing #940,FRNT-DEC2024-940,Credit,Rent Payment,2024-12-01,14100.18,f,2026-05-07 21:28:51,2026-05-07 21:28:51,,Cash,OR-20241201-940
941,941,Rent Payment - Billing #941,FRNT-JAN2025-941,Credit,Rent Payment,2025-01-01,12989.64,f,2026-05-07 21:28:51,2026-05-07 21:28:51,,Cash,OR-20250101-941
942,942,Move-Out Settlement - Billing #942,FRNT-JAN2025-942,Credit,Rent Payment,2025-01-01,-11018.36,f,2026-05-07 21:28:51,2026-05-07 21:28:51,,Bank Transfer,OR-20250101-942
943,943,Rent Payment - Billing #943,FRNT-AUG2024-943,Credit,Rent Payment,2024-08-01,9031.18,f,2026-05-07 21:28:51,2026-05-07 21:28:51,,Bank Transfer,OR-20240801-943
944,944,Rent Payment - Billing #944,FRNT-SEP2024-944,Credit,Rent Payment,2024-09-01,8807.71,f,2026-05-07 21:28:51,2026-05-07 21:28:51,,Maya,OR-20240901-944
945,945,Rent Payment - Billing #945,FRNT-OCT2024-945,Credit,Rent Payment,2024-10-01,8773.01,f,2026-05-07 21:28:51,2026-05-07 21:28:51,,Bank Transfer,OR-20241001-945
946,946,Move-Out Settlement - Billing #946,FRNT-OCT2024-946,Credit,Rent Payment,2024-10-01,-6436.99,f,2026-05-07 21:28:51,2026-05-07 21:28:51,,Maya,OR-20241001-946
947,947,Rent Payment - Billing #947,FRNT-AUG2024-947,Credit,Rent Payment,2024-08-01,7420.52,f,2026-05-07 21:28:51,2026-05-07 21:28:51,,Maya,OR-20240801-947
948,948,Rent Payment - Billing #948,FRNT-SEP2024-948,Credit,Rent Payment,2024-09-01,8418.94,f,2026-05-07 21:28:51,2026-05-07 21:28:51,,GCash,OR-20240901-948
949,949,Rent Payment - Billing #949,FRNT-OCT2024-949,Credit,Rent Payment,2024-10-01,8154.39,f,2026-05-07 21:28:51,2026-05-07 21:28:51,,Bank Transfer,OR-20241001-949
950,950,Rent Payment - Billing #950,FRNT-NOV2024-950,Credit,Rent Payment,2024-11-01,8018.41,f,2026-05-07 21:28:51,2026-05-07 21:28:51,,Maya,OR-20241101-950
951,951,Rent Payment - Billing #951,FRNT-DEC2024-951,Credit,Rent Payment,2024-12-01,8140.95,f,2026-05-07 21:28:51,2026-05-07 21:28:51,,GCash,OR-20241201-951
952,952,Rent Payment - Billing #952,FRNT-JAN2025-952,Credit,Rent Payment,2025-01-01,8014.39,f,2026-05-07 21:28:51,2026-05-07 21:28:51,,Maya,OR-20250101-952
953,953,Rent Payment - Billing #953,FRNT-FEB2025-953,Credit,Rent Payment,2025-02-01,7823.45,f,2026-05-07 21:28:51,2026-05-07 21:28:51,,GCash,OR-20250201-953
954,954,Rent Payment - Billing #954,FRNT-MAR2025-954,Credit,Rent Payment,2025-03-01,7143.52,f,2026-05-07 21:28:51,2026-05-07 21:28:51,,Cash,OR-20250301-954
955,955,Rent Payment - Billing #955,FRNT-APR2025-955,Credit,Rent Payment,2025-04-01,8115.21,f,2026-05-07 21:28:51,2026-05-07 21:28:51,,Maya,OR-20250401-955
956,956,Rent Payment - Billing #956,FRNT-MAY2025-956,Credit,Rent Payment,2025-05-01,8174.19,f,2026-05-07 21:28:51,2026-05-07 21:28:51,,Bank Transfer,OR-20250501-956
957,957,Rent Payment - Billing #957,FRNT-JUN2025-957,Credit,Rent Payment,2025-06-01,8329.82,f,2026-05-07 21:28:51,2026-05-07 21:28:51,,Maya,OR-20250601-957
958,958,Rent Payment - Billing #958,FRNT-JUL2025-958,Credit,Rent Payment,2025-07-01,6594.79,f,2026-05-07 21:28:51,2026-05-07 21:28:51,,GCash,OR-20250701-958
959,959,Move-Out Settlement - Billing #959,FRNT-JUL2025-959,Credit,Rent Payment,2025-07-01,-4795.21,f,2026-05-07 21:28:51,2026-05-07 21:28:51,,Maya,OR-20250701-959
960,960,Rent Payment - Billing #960,FRNT-AUG2024-960,Credit,Rent Payment,2024-08-01,8574.47,f,2026-05-07 21:28:51,2026-05-07 21:28:51,,Bank Transfer,OR-20240801-960
961,961,Move-Out Settlement - Billing #961,FRNT-AUG2024-961,Credit,Rent Payment,2024-08-01,-6099.53,f,2026-05-07 21:28:51,2026-05-07 21:28:51,,Cash,OR-20240801-961
962,962,Rent Payment - Billing #962,FRNT-AUG2024-962,Credit,Rent Payment,2024-08-01,13659.45,f,2026-05-07 21:28:51,2026-05-07 21:28:51,,Bank Transfer,OR-20240801-962
963,963,Rent Payment - Billing #963,FRNT-SEP2024-963,Credit,Rent Payment,2024-09-01,12920.01,f,2026-05-07 21:28:51,2026-05-07 21:28:51,,Bank Transfer,OR-20240901-963
964,964,Rent Payment - Billing #964,FRNT-OCT2024-964,Credit,Rent Payment,2024-10-01,12849.70,f,2026-05-07 21:28:51,2026-05-07 21:28:51,,Maya,OR-20241001-964
965,965,Rent Payment - Billing #965,FRNT-NOV2024-965,Credit,Rent Payment,2024-11-01,12869.30,f,2026-05-07 21:28:51,2026-05-07 21:28:51,,Maya,OR-20241101-965
966,966,Rent Payment - Billing #966,FRNT-DEC2024-966,Credit,Rent Payment,2024-12-01,13675.61,f,2026-05-07 21:28:51,2026-05-07 21:28:51,,GCash,OR-20241201-966
967,967,Rent Payment - Billing #967,FRNT-JAN2025-967,Credit,Rent Payment,2025-01-01,12476.36,f,2026-05-07 21:28:51,2026-05-07 21:28:51,,Bank Transfer,OR-20250101-967
968,968,Rent Payment - Billing #968,FRNT-FEB2025-968,Credit,Rent Payment,2025-02-01,13285.27,f,2026-05-07 21:28:51,2026-05-07 21:28:51,,Bank Transfer,OR-20250201-968
969,969,Rent Payment - Billing #969,FRNT-MAR2025-969,Credit,Rent Payment,2025-03-01,13701.80,f,2026-05-07 21:28:51,2026-05-07 21:28:51,,GCash,OR-20250301-969
970,970,Rent Payment - Billing #970,FRNT-APR2025-970,Credit,Rent Payment,2025-04-01,12845.19,f,2026-05-07 21:28:51,2026-05-07 21:28:51,,Maya,OR-20250401-970
971,971,Rent Payment - Billing #971,FRNT-MAY2025-971,Credit,Rent Payment,2025-05-01,12795.16,f,2026-05-07 21:28:51,2026-05-07 21:28:51,,Bank Transfer,OR-20250501-971
972,972,Rent Payment - Billing #972,FRNT-JUN2025-972,Credit,Rent Payment,2025-06-01,12483.56,f,2026-05-07 21:28:51,2026-05-07 21:28:51,,Bank Transfer,OR-20250601-972
973,973,Rent Payment - Billing #973,FRNT-JUL2025-973,Credit,Rent Payment,2025-07-01,11885.51,f,2026-05-07 21:28:51,2026-05-07 21:28:51,,GCash,OR-20250701-973
974,974,Move-Out Settlement - Billing #974,FRNT-JUL2025-974,Credit,Rent Payment,2025-07-01,-9880.49,f,2026-05-07 21:28:51,2026-05-07 21:28:51,,Bank Transfer,OR-20250701-974
975,975,Rent Payment - Billing #975,FRNT-SEP2024-975,Credit,Rent Payment,2024-09-01,11853.16,f,2026-05-07 21:28:51,2026-05-07 21:28:51,,GCash,OR-20240901-975
976,976,Rent Payment - Billing #976,FRNT-OCT2024-976,Credit,Rent Payment,2024-10-01,12331.24,f,2026-05-07 21:28:52,2026-05-07 21:28:52,,Maya,OR-20241001-976
977,977,Rent Payment - Billing #977,FRNT-NOV2024-977,Credit,Rent Payment,2024-11-01,12498.06,f,2026-05-07 21:28:52,2026-05-07 21:28:52,,Bank Transfer,OR-20241101-977
978,978,Rent Payment - Billing #978,FRNT-DEC2024-978,Credit,Rent Payment,2024-12-01,12249.58,f,2026-05-07 21:28:52,2026-05-07 21:28:52,,Bank Transfer,OR-20241201-978
979,979,Rent Payment - Billing #979,FRNT-JAN2025-979,Credit,Rent Payment,2025-01-01,11416.79,f,2026-05-07 21:28:52,2026-05-07 21:28:52,,Bank Transfer,OR-20250101-979
980,980,Rent Payment - Billing #980,FRNT-FEB2025-980,Credit,Rent Payment,2025-02-01,10886.16,f,2026-05-07 21:28:52,2026-05-07 21:28:52,,Cash,OR-20250201-980
981,981,Move-Out Settlement - Billing #981,FRNT-FEB2025-981,Credit,Rent Payment,2025-02-01,-9463.84,f,2026-05-07 21:28:52,2026-05-07 21:28:52,,Cash,OR-20250201-981
982,982,Rent Payment - Billing #982,FRNT-SEP2024-982,Credit,Rent Payment,2024-09-01,9781.29,f,2026-05-07 21:28:52,2026-05-07 21:28:52,,Cash,OR-20240901-982
983,983,Rent Payment - Billing #983,FRNT-OCT2024-983,Credit,Rent Payment,2024-10-01,9277.39,f,2026-05-07 21:28:52,2026-05-07 21:28:52,,Maya,OR-20241001-983
984,984,Rent Payment - Billing #984,FRNT-NOV2024-984,Credit,Rent Payment,2024-11-01,9033.71,f,2026-05-07 21:28:52,2026-05-07 21:28:52,,Cash,OR-20241101-984
985,985,Move-Out Settlement - Billing #985,FRNT-NOV2024-985,Credit,Rent Payment,2024-11-01,-5640.29,f,2026-05-07 21:28:52,2026-05-07 21:28:52,,GCash,OR-20241101-985
986,986,Rent Payment - Billing #986,FRNT-OCT2024-986,Credit,Rent Payment,2024-10-01,14448.10,f,2026-05-07 21:28:52,2026-05-07 21:28:52,,Bank Transfer,OR-20241001-986
987,987,Rent Payment - Billing #987,FRNT-NOV2024-987,Credit,Rent Payment,2024-11-01,14332.32,f,2026-05-07 21:28:52,2026-05-07 21:28:52,,Cash,OR-20241101-987
988,988,Rent Payment - Billing #988,FRNT-DEC2024-988,Credit,Rent Payment,2024-12-01,14184.47,f,2026-05-07 21:28:52,2026-05-07 21:28:52,,Bank Transfer,OR-20241201-988
989,989,Move-Out Settlement - Billing #989,FRNT-DEC2024-989,Credit,Rent Payment,2024-12-01,-11973.53,f,2026-05-07 21:28:52,2026-05-07 21:28:52,,Cash,OR-20241201-989
990,990,Rent Payment - Billing #990,FRNT-OCT2024-990,Credit,Rent Payment,2024-10-01,12596.40,f,2026-05-07 21:28:52,2026-05-07 21:28:52,,Cash,OR-20241001-990
991,991,Move-Out Settlement - Billing #991,FRNT-OCT2024-991,Credit,Rent Payment,2024-10-01,-9987.60,f,2026-05-07 21:28:52,2026-05-07 21:28:52,,GCash,OR-20241001-991
992,992,Rent Payment - Billing #992,FRNT-OCT2024-992,Credit,Rent Payment,2024-10-01,14491.22,f,2026-05-07 21:28:52,2026-05-07 21:28:52,,Bank Transfer,OR-20241001-992
993,993,Rent Payment - Billing #993,FRNT-NOV2024-993,Credit,Rent Payment,2024-11-01,14562.61,f,2026-05-07 21:28:52,2026-05-07 21:28:52,,Bank Transfer,OR-20241101-993
994,994,Rent Payment - Billing #994,FRNT-DEC2024-994,Credit,Rent Payment,2024-12-01,14673.33,f,2026-05-07 21:28:52,2026-05-07 21:28:52,,GCash,OR-20241201-994
995,995,Rent Payment - Billing #995,FRNT-JAN2025-995,Credit,Rent Payment,2025-01-01,14440.90,f,2026-05-07 21:28:52,2026-05-07 21:28:52,,Maya,OR-20250101-995
996,996,Rent Payment - Billing #996,FRNT-FEB2025-996,Credit,Rent Payment,2025-02-01,15107.21,f,2026-05-07 21:28:52,2026-05-07 21:28:52,,GCash,OR-20250201-996
997,997,Rent Payment - Billing #997,FRNT-MAR2025-997,Credit,Rent Payment,2025-03-01,13076.92,f,2026-05-07 21:28:52,2026-05-07 21:28:52,,Bank Transfer,OR-20250301-997
998,998,Move-Out Settlement - Billing #998,FRNT-MAR2025-998,Credit,Rent Payment,2025-03-01,-11767.08,f,2026-05-07 21:28:52,2026-05-07 21:28:52,,Cash,OR-20250301-998
999,999,Rent Payment - Billing #999,FRNT-OCT2024-999,Credit,Rent Payment,2024-10-01,12403.27,f,2026-05-07 21:28:52,2026-05-07 21:28:52,,Bank Transfer,OR-20241001-999
1000,1000,Rent Payment - Billing #1000,FRNT-NOV2024-1000,Credit,Rent Payment,2024-11-01,12327.92,f,2026-05-07 21:28:52,2026-05-07 21:28:52,,Cash,OR-20241101-1000
1001,1001,Rent Payment - Billing #1001,FRNT-DEC2024-1001,Credit,Rent Payment,2024-12-01,10860.74,f,2026-05-07 21:28:53,2026-05-07 21:28:53,,Cash,OR-20241201-1001
1002,1002,Move-Out Settlement - Billing #1002,FRNT-DEC2024-1002,Credit,Rent Payment,2024-12-01,-8263.26,f,2026-05-07 21:28:53,2026-05-07 21:28:53,,Maya,OR-20241201-1002
1003,1003,Rent Payment - Billing #1003,FRNT-OCT2024-1003,Credit,Rent Payment,2024-10-01,14296.14,f,2026-05-07 21:28:53,2026-05-07 21:28:53,,Maya,OR-20241001-1003
1004,1004,Move-Out Settlement - Billing #1004,FRNT-OCT2024-1004,Credit,Rent Payment,2024-10-01,-11829.86,f,2026-05-07 21:28:53,2026-05-07 21:28:53,,GCash,OR-20241001-1004
1005,1005,Rent Payment - Billing #1005,FRNT-NOV2024-1005,Credit,Rent Payment,2024-11-01,14798.48,f,2026-05-07 21:28:53,2026-05-07 21:28:53,,GCash,OR-20241101-1005
1006,1006,Rent Payment - Billing #1006,FRNT-DEC2024-1006,Credit,Rent Payment,2024-12-01,14772.25,f,2026-05-07 21:28:53,2026-05-07 21:28:53,,Bank Transfer,OR-20241201-1006
1007,1007,Rent Payment - Billing #1007,FRNT-JAN2025-1007,Credit,Rent Payment,2025-01-01,14836.18,f,2026-05-07 21:28:53,2026-05-07 21:28:53,,GCash,OR-20250101-1007
1008,1008,Rent Payment - Billing #1008,FRNT-FEB2025-1008,Credit,Rent Payment,2025-02-01,14234.95,f,2026-05-07 21:28:53,2026-05-07 21:28:53,,Cash,OR-20250201-1008
1009,1009,Rent Payment - Billing #1009,FRNT-MAR2025-1009,Credit,Rent Payment,2025-03-01,14611.07,f,2026-05-07 21:28:53,2026-05-07 21:28:53,,Maya,OR-20250301-1009
1010,1010,Rent Payment - Billing #1010,FRNT-APR2025-1010,Credit,Rent Payment,2025-04-01,14478.03,f,2026-05-07 21:28:53,2026-05-07 21:28:53,,Cash,OR-20250401-1010
1011,1011,Rent Payment - Billing #1011,FRNT-MAY2025-1011,Credit,Rent Payment,2025-05-01,14867.46,f,2026-05-07 21:28:53,2026-05-07 21:28:53,,Maya,OR-20250501-1011
1012,1012,Rent Payment - Billing #1012,FRNT-JUN2025-1012,Credit,Rent Payment,2025-06-01,13608.79,f,2026-05-07 21:28:53,2026-05-07 21:28:53,,Cash,OR-20250601-1012
1013,1013,Rent Payment - Billing #1013,FRNT-JUL2025-1013,Credit,Rent Payment,2025-07-01,13934.22,f,2026-05-07 21:28:53,2026-05-07 21:28:53,,Bank Transfer,OR-20250701-1013
1014,1014,Rent Payment - Billing #1014,FRNT-AUG2025-1014,Credit,Rent Payment,2025-08-01,14574.33,f,2026-05-07 21:28:53,2026-05-07 21:28:53,,GCash,OR-20250801-1014
1015,1015,Rent Payment - Billing #1015,FRNT-SEP2025-1015,Credit,Rent Payment,2025-09-01,13820.06,f,2026-05-07 21:28:53,2026-05-07 21:28:53,,Bank Transfer,OR-20250901-1015
1016,1016,Rent Payment - Billing #1016,FRNT-OCT2025-1016,Credit,Rent Payment,2025-10-01,13117.23,f,2026-05-07 21:28:53,2026-05-07 21:28:53,,Maya,OR-20251001-1016
1017,1017,Move-Out Settlement - Billing #1017,FRNT-OCT2025-1017,Credit,Rent Payment,2025-10-01,-11184.77,f,2026-05-07 21:28:53,2026-05-07 21:28:53,,Cash,OR-20251001-1017
1018,1018,Rent Payment - Billing #1018,FRNT-NOV2024-1018,Credit,Rent Payment,2024-11-01,10190.68,f,2026-05-07 21:28:53,2026-05-07 21:28:53,,Maya,OR-20241101-1018
1019,1019,Move-Out Settlement - Billing #1019,FRNT-NOV2024-1019,Credit,Rent Payment,2024-11-01,-8981.32,f,2026-05-07 21:28:53,2026-05-07 21:28:53,,Cash,OR-20241101-1019
1020,1020,Rent Payment - Billing #1020,FRNT-NOV2024-1020,Credit,Rent Payment,2024-11-01,10190.68,f,2026-05-07 21:28:53,2026-05-07 21:28:53,,Maya,OR-20241101-1020
1021,1021,Rent Payment - Billing #1021,FRNT-DEC2024-1021,Credit,Rent Payment,2024-12-01,10558.89,f,2026-05-07 21:28:53,2026-05-07 21:28:53,,Maya,OR-20241201-1021
1022,1022,Rent Payment - Billing #1022,FRNT-JAN2025-1022,Credit,Rent Payment,2025-01-01,10313.28,f,2026-05-07 21:28:53,2026-05-07 21:28:53,,GCash,OR-20250101-1022
1023,1023,Move-Out Settlement - Billing #1023,FRNT-JAN2025-1023,Credit,Rent Payment,2025-01-01,-8858.72,f,2026-05-07 21:28:53,2026-05-07 21:28:53,,Bank Transfer,OR-20250101-1023
1024,1024,Rent Payment - Billing #1024,FRNT-NOV2024-1024,Credit,Rent Payment,2024-11-01,12407.18,f,2026-05-07 21:28:53,2026-05-07 21:28:53,,Bank Transfer,OR-20241101-1024
1025,1025,Move-Out Settlement - Billing #1025,FRNT-NOV2024-1025,Credit,Rent Payment,2024-11-01,-10222.82,f,2026-05-07 21:28:53,2026-05-07 21:28:53,,GCash,OR-20241101-1025
1026,1026,Rent Payment - Billing #1026,FRNT-NOV2024-1026,Credit,Rent Payment,2024-11-01,14706.76,f,2026-05-07 21:28:53,2026-05-07 21:28:53,,GCash,OR-20241101-1026
1027,1027,Rent Payment - Billing #1027,FRNT-DEC2024-1027,Credit,Rent Payment,2024-12-01,14413.62,f,2026-05-07 21:28:53,2026-05-07 21:28:53,,Cash,OR-20241201-1027
1028,1028,Rent Payment - Billing #1028,FRNT-JAN2025-1028,Credit,Rent Payment,2025-01-01,14811.52,f,2026-05-07 21:28:53,2026-05-07 21:28:53,,Maya,OR-20250101-1028
1029,1029,Rent Payment - Billing #1029,FRNT-FEB2025-1029,Credit,Rent Payment,2025-02-01,13622.35,f,2026-05-07 21:28:53,2026-05-07 21:28:53,,Cash,OR-20250201-1029
1030,1030,Rent Payment - Billing #1030,FRNT-MAR2025-1030,Credit,Rent Payment,2025-03-01,13879.44,f,2026-05-07 21:28:53,2026-05-07 21:28:53,,Cash,OR-20250301-1030
1031,1031,Rent Payment - Billing #1031,FRNT-APR2025-1031,Credit,Rent Payment,2025-04-01,13864.33,f,2026-05-07 21:28:53,2026-05-07 21:28:53,,Bank Transfer,OR-20250401-1031
1032,1032,Rent Payment - Billing #1032,FRNT-MAY2025-1032,Credit,Rent Payment,2025-05-01,13460.20,f,2026-05-07 21:28:53,2026-05-07 21:28:53,,Maya,OR-20250501-1032
1033,1033,Rent Payment - Billing #1033,FRNT-JUN2025-1033,Credit,Rent Payment,2025-06-01,13647.93,f,2026-05-07 21:28:53,2026-05-07 21:28:53,,GCash,OR-20250601-1033
1034,1034,Rent Payment - Billing #1034,FRNT-JUL2025-1034,Credit,Rent Payment,2025-07-01,13777.12,f,2026-05-07 21:28:53,2026-05-07 21:28:53,,Bank Transfer,OR-20250701-1034
1035,1035,Rent Payment - Billing #1035,FRNT-AUG2025-1035,Credit,Rent Payment,2025-08-01,13830.05,f,2026-05-07 21:28:53,2026-05-07 21:28:53,,Bank Transfer,OR-20250801-1035
1036,1036,Rent Payment - Billing #1036,FRNT-SEP2025-1036,Credit,Rent Payment,2025-09-01,13761.46,f,2026-05-07 21:28:53,2026-05-07 21:28:53,,Bank Transfer,OR-20250901-1036
1037,1037,Rent Payment - Billing #1037,FRNT-OCT2025-1037,Credit,Rent Payment,2025-10-01,13572.83,f,2026-05-07 21:28:53,2026-05-07 21:28:53,,GCash,OR-20251001-1037
1038,1038,Move-Out Settlement - Billing #1038,FRNT-OCT2025-1038,Credit,Rent Payment,2025-10-01,-12053.17,f,2026-05-07 21:28:53,2026-05-07 21:28:53,,GCash,OR-20251001-1038
1039,1039,Rent Payment - Billing #1039,FRNT-NOV2024-1039,Credit,Rent Payment,2024-11-01,14560.28,f,2026-05-07 21:28:53,2026-05-07 21:28:53,,Cash,OR-20241101-1039
1040,1040,Rent Payment - Billing #1040,FRNT-DEC2024-1040,Credit,Rent Payment,2024-12-01,14843.43,f,2026-05-07 21:28:53,2026-05-07 21:28:53,,Bank Transfer,OR-20241201-1040
1041,1041,Rent Payment - Billing #1041,FRNT-JAN2025-1041,Credit,Rent Payment,2025-01-01,14803.96,f,2026-05-07 21:28:53,2026-05-07 21:28:53,,Bank Transfer,OR-20250101-1041
1042,1042,Rent Payment - Billing #1042,FRNT-FEB2025-1042,Credit,Rent Payment,2025-02-01,14821.35,f,2026-05-07 21:28:53,2026-05-07 21:28:53,,Bank Transfer,OR-20250201-1042
1043,1043,Rent Payment - Billing #1043,FRNT-MAR2025-1043,Credit,Rent Payment,2025-03-01,14733.87,f,2026-05-07 21:28:53,2026-05-07 21:28:53,,Cash,OR-20250301-1043
1044,1044,Rent Payment - Billing #1044,FRNT-APR2025-1044,Credit,Rent Payment,2025-04-01,14448.74,f,2026-05-07 21:28:53,2026-05-07 21:28:53,,Cash,OR-20250401-1044
1045,1045,Move-Out Settlement - Billing #1045,FRNT-APR2025-1045,Credit,Rent Payment,2025-04-01,-13037.26,f,2026-05-07 21:28:53,2026-05-07 21:28:53,,GCash,OR-20250401-1045
1046,1046,Rent Payment - Billing #1046,FRNT-NOV2024-1046,Credit,Rent Payment,2024-11-01,8407.77,f,2026-05-07 21:28:53,2026-05-07 21:28:53,,GCash,OR-20241101-1046
1047,1047,Rent Payment - Billing #1047,FRNT-DEC2024-1047,Credit,Rent Payment,2024-12-01,7945.87,f,2026-05-07 21:28:53,2026-05-07 21:28:53,,Maya,OR-20241201-1047
1048,1048,Rent Payment - Billing #1048,FRNT-JAN2025-1048,Credit,Rent Payment,2025-01-01,8120.70,f,2026-05-07 21:28:53,2026-05-07 21:28:53,,GCash,OR-20250101-1048
1049,1049,Rent Payment - Billing #1049,FRNT-FEB2025-1049,Credit,Rent Payment,2025-02-01,8516.44,f,2026-05-07 21:28:53,2026-05-07 21:28:53,,Cash,OR-20250201-1049
1050,1050,Rent Payment - Billing #1050,FRNT-MAR2025-1050,Credit,Rent Payment,2025-03-01,8107.22,f,2026-05-07 21:28:53,2026-05-07 21:28:53,,Bank Transfer,OR-20250301-1050
1051,1051,Rent Payment - Billing #1051,FRNT-APR2025-1051,Credit,Rent Payment,2025-04-01,8540.30,f,2026-05-07 21:28:53,2026-05-07 21:28:53,,Bank Transfer,OR-20250401-1051
1052,1052,Rent Payment - Billing #1052,FRNT-MAY2025-1052,Credit,Rent Payment,2025-05-01,8581.82,f,2026-05-07 21:28:53,2026-05-07 21:28:53,,Cash,OR-20250501-1052
1053,1053,Rent Payment - Billing #1053,FRNT-JUN2025-1053,Credit,Rent Payment,2025-06-01,8293.82,f,2026-05-07 21:28:53,2026-05-07 21:28:53,,Cash,OR-20250601-1053
1054,1054,Rent Payment - Billing #1054,FRNT-JUL2025-1054,Credit,Rent Payment,2025-07-01,8165.10,f,2026-05-07 21:28:53,2026-05-07 21:28:53,,GCash,OR-20250701-1054
1055,1055,Rent Payment - Billing #1055,FRNT-AUG2025-1055,Credit,Rent Payment,2025-08-01,8439.72,f,2026-05-07 21:28:53,2026-05-07 21:28:53,,Cash,OR-20250801-1055
1056,1056,Rent Payment - Billing #1056,FRNT-SEP2025-1056,Credit,Rent Payment,2025-09-01,8185.36,f,2026-05-07 21:28:53,2026-05-07 21:28:53,,Cash,OR-20250901-1056
1057,1057,Rent Payment - Billing #1057,FRNT-OCT2025-1057,Credit,Rent Payment,2025-10-01,7944.11,f,2026-05-07 21:28:53,2026-05-07 21:28:53,,Cash,OR-20251001-1057
1058,1058,Move-Out Settlement - Billing #1058,FRNT-OCT2025-1058,Credit,Rent Payment,2025-10-01,-6765.89,f,2026-05-07 21:28:53,2026-05-07 21:28:53,,Bank Transfer,OR-20251001-1058
1059,1059,Rent Payment - Billing #1059,FRNT-NOV2024-1059,Credit,Rent Payment,2024-11-01,7863.47,f,2026-05-07 21:28:53,2026-05-07 21:28:53,,Cash,OR-20241101-1059
1060,1060,Move-Out Settlement - Billing #1060,FRNT-NOV2024-1060,Credit,Rent Payment,2024-11-01,-6482.53,f,2026-05-07 21:28:53,2026-05-07 21:28:53,,Cash,OR-20241101-1060
1061,1061,Rent Payment - Billing #1061,FRNT-NOV2024-1061,Credit,Rent Payment,2024-11-01,12707.00,f,2026-05-07 21:28:53,2026-05-07 21:28:53,,Maya,OR-20241101-1061
1062,1062,Rent Payment - Billing #1062,FRNT-DEC2024-1062,Credit,Rent Payment,2024-12-01,13430.61,f,2026-05-07 21:28:53,2026-05-07 21:28:53,,GCash,OR-20241201-1062
1063,1063,Rent Payment - Billing #1063,FRNT-JAN2025-1063,Credit,Rent Payment,2025-01-01,12475.90,f,2026-05-07 21:28:53,2026-05-07 21:28:53,,Bank Transfer,OR-20250101-1063
1064,1064,Rent Payment - Billing #1064,FRNT-FEB2025-1064,Credit,Rent Payment,2025-02-01,12746.00,f,2026-05-07 21:28:53,2026-05-07 21:28:53,,Bank Transfer,OR-20250201-1064
1065,1065,Rent Payment - Billing #1065,FRNT-MAR2025-1065,Credit,Rent Payment,2025-03-01,12659.84,f,2026-05-07 21:28:53,2026-05-07 21:28:53,,Bank Transfer,OR-20250301-1065
1066,1066,Rent Payment - Billing #1066,FRNT-APR2025-1066,Credit,Rent Payment,2025-04-01,11888.27,f,2026-05-07 21:28:53,2026-05-07 21:28:53,,GCash,OR-20250401-1066
1067,1067,Move-Out Settlement - Billing #1067,FRNT-APR2025-1067,Credit,Rent Payment,2025-04-01,-10195.73,f,2026-05-07 21:28:53,2026-05-07 21:28:53,,Maya,OR-20250401-1067
1068,1068,Rent Payment - Billing #1068,FRNT-NOV2024-1068,Credit,Rent Payment,2024-11-01,10190.68,f,2026-05-07 21:28:53,2026-05-07 21:28:53,,Maya,OR-20241101-1068
1069,1069,Move-Out Settlement - Billing #1069,FRNT-NOV2024-1069,Credit,Rent Payment,2024-11-01,-8981.32,f,2026-05-07 21:28:53,2026-05-07 21:28:53,,Bank Transfer,OR-20241101-1069
1070,1070,Rent Payment - Billing #1070,FRNT-DEC2024-1070,Credit,Rent Payment,2024-12-01,7919.99,f,2026-05-07 21:28:53,2026-05-07 21:28:53,,Cash,OR-20241201-1070
1071,1071,Move-Out Settlement - Billing #1071,FRNT-DEC2024-1071,Credit,Rent Payment,2024-12-01,-6426.01,f,2026-05-07 21:28:53,2026-05-07 21:28:53,,Maya,OR-20241201-1071
1072,1072,Rent Payment - Billing #1072,FRNT-DEC2024-1072,Credit,Rent Payment,2024-12-01,10558.89,f,2026-05-07 21:28:53,2026-05-07 21:28:53,,Cash,OR-20241201-1072
1073,1073,Move-Out Settlement - Billing #1073,FRNT-DEC2024-1073,Credit,Rent Payment,2024-12-01,-8613.11,f,2026-05-07 21:28:53,2026-05-07 21:28:53,,Bank Transfer,OR-20241201-1073
1074,1074,Rent Payment - Billing #1074,FRNT-DEC2024-1074,Credit,Rent Payment,2024-12-01,14022.04,f,2026-05-07 21:28:53,2026-05-07 21:28:53,,Bank Transfer,OR-20241201-1074
1075,1075,Rent Payment - Billing #1075,FRNT-JAN2025-1075,Credit,Rent Payment,2025-01-01,13358.09,f,2026-05-07 21:28:53,2026-05-07 21:28:53,,GCash,OR-20250101-1075
1076,1076,Rent Payment - Billing #1076,FRNT-FEB2025-1076,Credit,Rent Payment,2025-02-01,13736.88,f,2026-05-07 21:28:53,2026-05-07 21:28:53,,GCash,OR-20250201-1076
1077,1077,Move-Out Settlement - Billing #1077,FRNT-FEB2025-1077,Credit,Rent Payment,2025-02-01,-11355.12,f,2026-05-07 21:28:53,2026-05-07 21:28:53,,GCash,OR-20250201-1077
1078,1078,Rent Payment - Billing #1078,FRNT-DEC2024-1078,Credit,Rent Payment,2024-12-01,10058.89,f,2026-05-07 21:28:53,2026-05-07 21:28:53,,Cash,OR-20241201-1078
1079,1079,Rent Payment - Billing #1079,FRNT-JAN2025-1079,Credit,Rent Payment,2025-01-01,9813.28,f,2026-05-07 21:28:53,2026-05-07 21:28:53,,Cash,OR-20250101-1079
1080,1080,Rent Payment - Billing #1080,FRNT-FEB2025-1080,Credit,Rent Payment,2025-02-01,10132.47,f,2026-05-07 21:28:53,2026-05-07 21:28:53,,Cash,OR-20250201-1080
1081,1081,Rent Payment - Billing #1081,FRNT-MAR2025-1081,Credit,Rent Payment,2025-03-01,9978.37,f,2026-05-07 21:28:53,2026-05-07 21:28:53,,GCash,OR-20250301-1081
1082,1082,Rent Payment - Billing #1082,FRNT-APR2025-1082,Credit,Rent Payment,2025-04-01,9918.80,f,2026-05-07 21:28:53,2026-05-07 21:28:53,,Maya,OR-20250401-1082
1083,1083,Rent Payment - Billing #1083,FRNT-MAY2025-1083,Credit,Rent Payment,2025-05-01,9941.82,f,2026-05-07 21:28:53,2026-05-07 21:28:53,,Cash,OR-20250501-1083
1084,1084,Move-Out Settlement - Billing #1084,FRNT-MAY2025-1084,Credit,Rent Payment,2025-05-01,-8730.18,f,2026-05-07 21:28:53,2026-05-07 21:28:53,,Cash,OR-20250501-1084
1085,1085,Rent Payment - Billing #1085,FRNT-DEC2024-1085,Credit,Rent Payment,2024-12-01,12911.08,f,2026-05-07 21:28:53,2026-05-07 21:28:53,,Maya,OR-20241201-1085
1086,1086,Rent Payment - Billing #1086,FRNT-JAN2025-1086,Credit,Rent Payment,2025-01-01,12208.32,f,2026-05-07 21:28:53,2026-05-07 21:28:53,,GCash,OR-20250101-1086
1087,1087,Rent Payment - Billing #1087,FRNT-FEB2025-1087,Credit,Rent Payment,2025-02-01,12415.61,f,2026-05-07 21:28:53,2026-05-07 21:28:53,,GCash,OR-20250201-1087
1088,1088,Move-Out Settlement - Billing #1088,FRNT-FEB2025-1088,Credit,Rent Payment,2025-02-01,-10214.39,f,2026-05-07 21:28:53,2026-05-07 21:28:53,,GCash,OR-20250201-1088
1089,1089,Rent Payment - Billing #1089,FRNT-DEC2024-1089,Credit,Rent Payment,2024-12-01,9855.43,f,2026-05-07 21:28:53,2026-05-07 21:28:53,,Cash,OR-20241201-1089
1090,1090,Rent Payment - Billing #1090,FRNT-JAN2025-1090,Credit,Rent Payment,2025-01-01,10099.30,f,2026-05-07 21:28:53,2026-05-07 21:28:53,,Bank Transfer,OR-20250101-1090
1091,1091,Rent Payment - Billing #1091,FRNT-FEB2025-1091,Credit,Rent Payment,2025-02-01,8794.66,f,2026-05-07 21:28:53,2026-05-07 21:28:53,,Bank Transfer,OR-20250201-1091
1092,1092,Move-Out Settlement - Billing #1092,FRNT-FEB2025-1092,Credit,Rent Payment,2025-02-01,-6187.34,f,2026-05-07 21:28:53,2026-05-07 21:28:53,,Cash,OR-20250201-1092
1093,1093,Rent Payment - Billing #1093,FRNT-DEC2024-1093,Credit,Rent Payment,2024-12-01,9792.01,f,2026-05-07 21:28:53,2026-05-07 21:28:53,,Bank Transfer,OR-20241201-1093
1094,1094,Rent Payment - Billing #1094,FRNT-JAN2025-1094,Credit,Rent Payment,2025-01-01,9218.57,f,2026-05-07 21:28:53,2026-05-07 21:28:53,,Bank Transfer,OR-20250101-1094
1095,1095,Rent Payment - Billing #1095,FRNT-FEB2025-1095,Credit,Rent Payment,2025-02-01,8975.13,f,2026-05-07 21:28:53,2026-05-07 21:28:53,,GCash,OR-20250201-1095
1096,1096,Rent Payment - Billing #1096,FRNT-MAR2025-1096,Credit,Rent Payment,2025-03-01,9609.99,f,2026-05-07 21:28:53,2026-05-07 21:28:53,,Maya,OR-20250301-1096
1097,1097,Rent Payment - Billing #1097,FRNT-APR2025-1097,Credit,Rent Payment,2025-04-01,9674.69,f,2026-05-07 21:28:53,2026-05-07 21:28:53,,Maya,OR-20250401-1097
1098,1098,Rent Payment - Billing #1098,FRNT-MAY2025-1098,Credit,Rent Payment,2025-05-01,8584.87,f,2026-05-07 21:28:53,2026-05-07 21:28:53,,GCash,OR-20250501-1098
1099,1099,Rent Payment - Billing #1099,FRNT-JUN2025-1099,Credit,Rent Payment,2025-06-01,8816.84,f,2026-05-07 21:28:53,2026-05-07 21:28:53,,Bank Transfer,OR-20250601-1099
1100,1100,Rent Payment - Billing #1100,FRNT-JUL2025-1100,Credit,Rent Payment,2025-07-01,9690.89,f,2026-05-07 21:28:53,2026-05-07 21:28:53,,GCash,OR-20250701-1100
1101,1101,Rent Payment - Billing #1101,FRNT-AUG2025-1101,Credit,Rent Payment,2025-08-01,8574.02,f,2026-05-07 21:28:53,2026-05-07 21:28:53,,GCash,OR-20250801-1101
1102,1102,Rent Payment - Billing #1102,FRNT-SEP2025-1102,Credit,Rent Payment,2025-09-01,9036.27,f,2026-05-07 21:28:53,2026-05-07 21:28:53,,Cash,OR-20250901-1102
1103,1103,Rent Payment - Billing #1103,FRNT-OCT2025-1103,Credit,Rent Payment,2025-10-01,8955.77,f,2026-05-07 21:28:53,2026-05-07 21:28:53,,GCash,OR-20251001-1103
1104,1104,Rent Payment - Billing #1104,FRNT-NOV2025-1104,Credit,Rent Payment,2025-11-01,7948.09,f,2026-05-07 21:28:53,2026-05-07 21:28:53,,GCash,OR-20251101-1104
1105,1105,Move-Out Settlement - Billing #1105,FRNT-NOV2025-1105,Credit,Rent Payment,2025-11-01,-6225.91,f,2026-05-07 21:28:53,2026-05-07 21:28:53,,Bank Transfer,OR-20251101-1105
1106,1106,Move-In Payment - Billing #1106,FRNT-NOV2024-1106,Credit,Rent Payment,2024-11-01,23630.00,f,2026-05-07 21:28:53,2026-05-07 21:28:53,,Cash,OR-20241101-1106
1107,1107,Rent Payment - Billing #1107,FRNT-DEC2024-1107,Credit,Rent Payment,2024-12-01,13878.54,f,2026-05-07 21:28:53,2026-05-07 21:28:53,,Bank Transfer,OR-20241201-1107
1108,1108,Rent Payment - Billing #1108,FRNT-JAN2025-1108,Credit,Rent Payment,2025-01-01,14129.43,f,2026-05-07 21:28:53,2026-05-07 21:28:53,,Bank Transfer,OR-20250101-1108
1109,1109,Rent Payment - Billing #1109,FRNT-FEB2025-1109,Credit,Rent Payment,2025-02-01,13849.10,f,2026-05-07 21:28:54,2026-05-07 21:28:54,,Maya,OR-20250201-1109
1110,1110,Rent Payment - Billing #1110,FRNT-MAR2025-1110,Credit,Rent Payment,2025-03-01,13271.86,f,2026-05-07 21:28:54,2026-05-07 21:28:54,,Bank Transfer,OR-20250301-1110
1111,1111,Rent Payment - Billing #1111,FRNT-APR2025-1111,Credit,Rent Payment,2025-04-01,14105.11,f,2026-05-07 21:28:54,2026-05-07 21:28:54,,Maya,OR-20250401-1111
1112,1112,Rent Payment - Billing #1112,FRNT-MAY2025-1112,Credit,Rent Payment,2025-05-01,14110.23,f,2026-05-07 21:28:54,2026-05-07 21:28:54,,Bank Transfer,OR-20250501-1112
1113,1113,Rent Payment - Billing #1113,FRNT-JUN2025-1113,Credit,Rent Payment,2025-06-01,13830.87,f,2026-05-07 21:28:54,2026-05-07 21:28:54,,Cash,OR-20250601-1113
1114,1114,Rent Payment - Billing #1114,FRNT-JUL2025-1114,Credit,Rent Payment,2025-07-01,14658.71,f,2026-05-07 21:28:54,2026-05-07 21:28:54,,Maya,OR-20250701-1114
1115,1115,Rent Payment - Billing #1115,FRNT-AUG2025-1115,Credit,Rent Payment,2025-08-01,13788.78,f,2026-05-07 21:28:54,2026-05-07 21:28:54,,GCash,OR-20250801-1115
1116,1116,Rent Payment - Billing #1116,FRNT-SEP2025-1116,Credit,Rent Payment,2025-09-01,14149.14,f,2026-05-07 21:28:54,2026-05-07 21:28:54,,Maya,OR-20250901-1116
1117,1117,Rent Payment - Billing #1117,FRNT-OCT2025-1117,Credit,Rent Payment,2025-10-01,13626.00,f,2026-05-07 21:28:54,2026-05-07 21:28:54,,Cash,OR-20251001-1117
1118,1118,Rent Payment - Billing #1118,FRNT-NOV2025-1118,Credit,Rent Payment,2025-11-01,12758.22,f,2026-05-07 21:28:54,2026-05-07 21:28:54,,Bank Transfer,OR-20251101-1118
1119,1119,Move-Out Settlement - Billing #1119,FRNT-NOV2025-1119,Credit,Rent Payment,2025-11-01,-10871.78,f,2026-05-07 21:28:54,2026-05-07 21:28:54,,Bank Transfer,OR-20251101-1119
1120,1120,Rent Payment - Billing #1120,FRNT-DEC2024-1120,Credit,Rent Payment,2024-12-01,7919.99,f,2026-05-07 21:28:54,2026-05-07 21:28:54,,Cash,OR-20241201-1120
1121,1121,Move-Out Settlement - Billing #1121,FRNT-DEC2024-1121,Credit,Rent Payment,2024-12-01,-6426.01,f,2026-05-07 21:28:54,2026-05-07 21:28:54,,Bank Transfer,OR-20241201-1121
1122,1122,Rent Payment - Billing #1122,FRNT-JAN2025-1122,Credit,Rent Payment,2025-01-01,14108.45,f,2026-05-07 21:28:54,2026-05-07 21:28:54,,Maya,OR-20250101-1122
1123,1123,Move-Out Settlement - Billing #1123,FRNT-JAN2025-1123,Credit,Rent Payment,2025-01-01,-12049.55,f,2026-05-07 21:28:54,2026-05-07 21:28:54,,GCash,OR-20250101-1123
1124,1124,Rent Payment - Billing #1124,FRNT-JAN2025-1124,Credit,Rent Payment,2025-01-01,8120.70,f,2026-05-07 21:28:54,2026-05-07 21:28:54,,Bank Transfer,OR-20250101-1124
1125,1125,Rent Payment - Billing #1125,FRNT-FEB2025-1125,Credit,Rent Payment,2025-02-01,8516.44,f,2026-05-07 21:28:54,2026-05-07 21:28:54,,Bank Transfer,OR-20250201-1125
1126,1126,Rent Payment - Billing #1126,FRNT-MAR2025-1126,Credit,Rent Payment,2025-03-01,8107.22,f,2026-05-07 21:28:54,2026-05-07 21:28:54,,GCash,OR-20250301-1126
1127,1127,Rent Payment - Billing #1127,FRNT-APR2025-1127,Credit,Rent Payment,2025-04-01,8540.30,f,2026-05-07 21:28:54,2026-05-07 21:28:54,,Cash,OR-20250401-1127
1128,1128,Rent Payment - Billing #1128,FRNT-MAY2025-1128,Credit,Rent Payment,2025-05-01,8581.82,f,2026-05-07 21:28:54,2026-05-07 21:28:54,,GCash,OR-20250501-1128
1129,1129,Rent Payment - Billing #1129,FRNT-JUN2025-1129,Credit,Rent Payment,2025-06-01,8293.82,f,2026-05-07 21:28:54,2026-05-07 21:28:54,,Maya,OR-20250601-1129
1130,1130,Rent Payment - Billing #1130,FRNT-JUL2025-1130,Credit,Rent Payment,2025-07-01,8165.10,f,2026-05-07 21:28:54,2026-05-07 21:28:54,,Maya,OR-20250701-1130
1131,1131,Rent Payment - Billing #1131,FRNT-AUG2025-1131,Credit,Rent Payment,2025-08-01,8439.72,f,2026-05-07 21:28:54,2026-05-07 21:28:54,,Maya,OR-20250801-1131
1132,1132,Rent Payment - Billing #1132,FRNT-SEP2025-1132,Credit,Rent Payment,2025-09-01,8185.36,f,2026-05-07 21:28:54,2026-05-07 21:28:54,,Maya,OR-20250901-1132
1133,1133,Rent Payment - Billing #1133,FRNT-OCT2025-1133,Credit,Rent Payment,2025-10-01,7944.11,f,2026-05-07 21:28:54,2026-05-07 21:28:54,,Bank Transfer,OR-20251001-1133
1134,1134,Rent Payment - Billing #1134,FRNT-NOV2025-1134,Credit,Rent Payment,2025-11-01,8463.02,f,2026-05-07 21:28:54,2026-05-07 21:28:54,,Cash,OR-20251101-1134
1135,1135,Rent Payment - Billing #1135,FRNT-DEC2025-1135,Credit,Rent Payment,2025-12-01,8079.30,f,2026-05-07 21:28:54,2026-05-07 21:28:54,,Maya,OR-20251201-1135
1136,1136,Move-Out Settlement - Billing #1136,FRNT-DEC2025-1136,Credit,Rent Payment,2025-12-01,-6630.70,f,2026-05-07 21:28:54,2026-05-07 21:28:54,,Cash,OR-20251201-1136
1137,1137,Move-In Payment - Billing #1137,FRNT-DEC2024-1137,Credit,Rent Payment,2024-12-01,13846.00,f,2026-05-07 21:28:54,2026-05-07 21:28:54,,Cash,OR-20241201-1137
1138,1138,Rent Payment - Billing #1138,FRNT-JAN2025-1138,Credit,Rent Payment,2025-01-01,7823.03,f,2026-05-07 21:28:54,2026-05-07 21:28:54,,Maya,OR-20250101-1138
1139,1139,Rent Payment - Billing #1139,FRNT-FEB2025-1139,Credit,Rent Payment,2025-02-01,7720.56,f,2026-05-07 21:28:54,2026-05-07 21:28:54,,Maya,OR-20250201-1139
1140,1140,Rent Payment - Billing #1140,FRNT-MAR2025-1140,Credit,Rent Payment,2025-03-01,7454.38,f,2026-05-07 21:28:54,2026-05-07 21:28:54,,GCash,OR-20250301-1140
1141,1141,Rent Payment - Billing #1141,FRNT-APR2025-1141,Credit,Rent Payment,2025-04-01,7628.27,f,2026-05-07 21:28:54,2026-05-07 21:28:54,,Bank Transfer,OR-20250401-1141
1142,1142,Rent Payment - Billing #1142,FRNT-MAY2025-1142,Credit,Rent Payment,2025-05-01,7685.13,f,2026-05-07 21:28:54,2026-05-07 21:28:54,,GCash,OR-20250501-1142
1143,1143,Rent Payment - Billing #1143,FRNT-JUN2025-1143,Credit,Rent Payment,2025-06-01,7443.74,f,2026-05-07 21:28:54,2026-05-07 21:28:54,,Cash,OR-20250601-1143
1144,1144,Move-Out Settlement - Billing #1144,FRNT-JUN2025-1144,Credit,Rent Payment,2025-06-01,-6402.26,f,2026-05-07 21:28:54,2026-05-07 21:28:54,,Cash,OR-20250601-1144
1145,1145,Rent Payment - Billing #1145,FRNT-JAN2025-1145,Credit,Rent Payment,2025-01-01,8323.03,f,2026-05-07 21:28:54,2026-05-07 21:28:54,,Maya,OR-20250101-1145
1146,1146,Rent Payment - Billing #1146,FRNT-FEB2025-1146,Credit,Rent Payment,2025-02-01,8220.56,f,2026-05-07 21:28:54,2026-05-07 21:28:54,,Maya,OR-20250201-1146
1147,1147,Rent Payment - Billing #1147,FRNT-MAR2025-1147,Credit,Rent Payment,2025-03-01,7954.38,f,2026-05-07 21:28:54,2026-05-07 21:28:54,,Cash,OR-20250301-1147
1148,1148,Move-Out Settlement - Billing #1148,FRNT-MAR2025-1148,Credit,Rent Payment,2025-03-01,-6391.62,f,2026-05-07 21:28:54,2026-05-07 21:28:54,,Bank Transfer,OR-20250301-1148
1149,1149,Rent Payment - Billing #1149,FRNT-JAN2025-1149,Credit,Rent Payment,2025-01-01,7823.03,f,2026-05-07 21:28:54,2026-05-07 21:28:54,,GCash,OR-20250101-1149
1150,1150,Rent Payment - Billing #1150,FRNT-FEB2025-1150,Credit,Rent Payment,2025-02-01,7720.56,f,2026-05-07 21:28:54,2026-05-07 21:28:54,,Bank Transfer,OR-20250201-1150
1151,1151,Rent Payment - Billing #1151,FRNT-MAR2025-1151,Credit,Rent Payment,2025-03-01,7454.38,f,2026-05-07 21:28:54,2026-05-07 21:28:54,,Bank Transfer,OR-20250301-1151
1152,1152,Rent Payment - Billing #1152,FRNT-APR2025-1152,Credit,Rent Payment,2025-04-01,7628.27,f,2026-05-07 21:28:54,2026-05-07 21:28:54,,GCash,OR-20250401-1152
1153,1153,Rent Payment - Billing #1153,FRNT-MAY2025-1153,Credit,Rent Payment,2025-05-01,7685.13,f,2026-05-07 21:28:54,2026-05-07 21:28:54,,Bank Transfer,OR-20250501-1153
1154,1154,Rent Payment - Billing #1154,FRNT-JUN2025-1154,Credit,Rent Payment,2025-06-01,7443.74,f,2026-05-07 21:28:54,2026-05-07 21:28:54,,Maya,OR-20250601-1154
1155,1155,Rent Payment - Billing #1155,FRNT-JUL2025-1155,Credit,Rent Payment,2025-07-01,7673.82,f,2026-05-07 21:28:54,2026-05-07 21:28:54,,Maya,OR-20250701-1155
1156,1156,Rent Payment - Billing #1156,FRNT-AUG2025-1156,Credit,Rent Payment,2025-08-01,7660.06,f,2026-05-07 21:28:54,2026-05-07 21:28:54,,Bank Transfer,OR-20250801-1156
1157,1157,Rent Payment - Billing #1157,FRNT-SEP2025-1157,Credit,Rent Payment,2025-09-01,7731.26,f,2026-05-07 21:28:54,2026-05-07 21:28:54,,Cash,OR-20250901-1157
1158,1158,Rent Payment - Billing #1158,FRNT-OCT2025-1158,Credit,Rent Payment,2025-10-01,7420.60,f,2026-05-07 21:28:54,2026-05-07 21:28:54,,Maya,OR-20251001-1158
1159,1159,Rent Payment - Billing #1159,FRNT-NOV2025-1159,Credit,Rent Payment,2025-11-01,7481.38,f,2026-05-07 21:28:54,2026-05-07 21:28:54,,Maya,OR-20251101-1159
1160,1160,Rent Payment - Billing #1160,FRNT-DEC2025-1160,Credit,Rent Payment,2025-12-01,7487.20,f,2026-05-07 21:28:54,2026-05-07 21:28:54,,Bank Transfer,OR-20251201-1160
1161,1161,Move-Out Settlement - Billing #1161,FRNT-DEC2025-1161,Credit,Rent Payment,2025-12-01,-6358.80,f,2026-05-07 21:28:54,2026-05-07 21:28:54,,Maya,OR-20251201-1161
1162,1162,Rent Payment - Billing #1162,FRNT-JAN2025-1162,Credit,Rent Payment,2025-01-01,9813.28,f,2026-05-07 21:28:54,2026-05-07 21:28:54,,Bank Transfer,OR-20250101-1162
1163,1163,Rent Payment - Billing #1163,FRNT-FEB2025-1163,Credit,Rent Payment,2025-02-01,10132.47,f,2026-05-07 21:28:54,2026-05-07 21:28:54,,Bank Transfer,OR-20250201-1163
1164,1164,Rent Payment - Billing #1164,FRNT-MAR2025-1164,Credit,Rent Payment,2025-03-01,9978.37,f,2026-05-07 21:28:54,2026-05-07 21:28:54,,GCash,OR-20250301-1164
1165,1165,Rent Payment - Billing #1165,FRNT-APR2025-1165,Credit,Rent Payment,2025-04-01,9918.80,f,2026-05-07 21:28:54,2026-05-07 21:28:54,,Cash,OR-20250401-1165
1166,1166,Rent Payment - Billing #1166,FRNT-MAY2025-1166,Credit,Rent Payment,2025-05-01,9941.82,f,2026-05-07 21:28:54,2026-05-07 21:28:54,,Maya,OR-20250501-1166
1167,1167,Rent Payment - Billing #1167,FRNT-JUN2025-1167,Credit,Rent Payment,2025-06-01,9881.32,f,2026-05-07 21:28:54,2026-05-07 21:28:54,,Bank Transfer,OR-20250601-1167
1168,1168,Rent Payment - Billing #1168,FRNT-JUL2025-1168,Credit,Rent Payment,2025-07-01,9980.70,f,2026-05-07 21:28:54,2026-05-07 21:28:54,,Bank Transfer,OR-20250701-1168
1169,1169,Rent Payment - Billing #1169,FRNT-AUG2025-1169,Credit,Rent Payment,2025-08-01,10208.36,f,2026-05-07 21:28:54,2026-05-07 21:28:54,,Cash,OR-20250801-1169
1170,1170,Rent Payment - Billing #1170,FRNT-SEP2025-1170,Credit,Rent Payment,2025-09-01,10208.40,f,2026-05-07 21:28:54,2026-05-07 21:28:54,,Bank Transfer,OR-20250901-1170
1171,1171,Rent Payment - Billing #1171,FRNT-OCT2025-1171,Credit,Rent Payment,2025-10-01,10012.55,f,2026-05-07 21:28:54,2026-05-07 21:28:54,,Bank Transfer,OR-20251001-1171
1172,1172,Rent Payment - Billing #1172,FRNT-NOV2025-1172,Credit,Rent Payment,2025-11-01,9937.31,f,2026-05-07 21:28:54,2026-05-07 21:28:54,,Cash,OR-20251101-1172
1173,1173,Rent Payment - Billing #1173,FRNT-DEC2025-1173,Credit,Rent Payment,2025-12-01,9955.02,f,2026-05-07 21:28:54,2026-05-07 21:28:54,,Maya,OR-20251201-1173
1174,1174,Move-Out Settlement - Billing #1174,FRNT-DEC2025-1174,Credit,Rent Payment,2025-12-01,-8716.98,f,2026-05-07 21:28:54,2026-05-07 21:28:54,,GCash,OR-20251201-1174
1175,1175,Move-In Payment - Billing #1175,FRNT-DEC2024-1175,Credit,Rent Payment,2024-12-01,26338.00,f,2026-05-07 21:28:54,2026-05-07 21:28:54,,Bank Transfer,OR-20241201-1175
1176,1176,Rent Payment - Billing #1176,FRNT-JAN2025-1176,Credit,Rent Payment,2025-01-01,16476.48,f,2026-05-07 21:28:54,2026-05-07 21:28:54,,GCash,OR-20250101-1176
1177,1177,Rent Payment - Billing #1177,FRNT-FEB2025-1177,Credit,Rent Payment,2025-02-01,16262.53,f,2026-05-07 21:28:54,2026-05-07 21:28:54,,Maya,OR-20250201-1177
1178,1178,Rent Payment - Billing #1178,FRNT-MAR2025-1178,Credit,Rent Payment,2025-03-01,14862.94,f,2026-05-07 21:28:54,2026-05-07 21:28:54,,Cash,OR-20250301-1178
1179,1179,Move-Out Settlement - Billing #1179,FRNT-MAR2025-1179,Credit,Rent Payment,2025-03-01,-11975.06,f,2026-05-07 21:28:54,2026-05-07 21:28:54,,GCash,OR-20250301-1179
1180,1180,Rent Payment - Billing #1180,FRNT-JAN2025-1180,Credit,Rent Payment,2025-01-01,11986.47,f,2026-05-07 21:28:54,2026-05-07 21:28:54,,Bank Transfer,OR-20250101-1180
1181,1181,Rent Payment - Billing #1181,FRNT-FEB2025-1181,Credit,Rent Payment,2025-02-01,12064.16,f,2026-05-07 21:28:54,2026-05-07 21:28:54,,Bank Transfer,OR-20250201-1181
1182,1182,Rent Payment - Billing #1182,FRNT-MAR2025-1182,Credit,Rent Payment,2025-03-01,10963.61,f,2026-05-07 21:28:54,2026-05-07 21:28:54,,GCash,OR-20250301-1182
1183,1183,Move-Out Settlement - Billing #1183,FRNT-MAR2025-1183,Credit,Rent Payment,2025-03-01,-8160.39,f,2026-05-07 21:28:54,2026-05-07 21:28:54,,Bank Transfer,OR-20250301-1183
1184,1184,Rent Payment - Billing #1184,FRNT-FEB2025-1184,Credit,Rent Payment,2025-02-01,9908.38,f,2026-05-07 21:28:54,2026-05-07 21:28:54,,GCash,OR-20250201-1184
1185,1185,Rent Payment - Billing #1185,FRNT-MAR2025-1185,Credit,Rent Payment,2025-03-01,9286.42,f,2026-05-07 21:28:54,2026-05-07 21:28:54,,Maya,OR-20250301-1185
1186,1186,Rent Payment - Billing #1186,FRNT-APR2025-1186,Credit,Rent Payment,2025-04-01,7938.90,f,2026-05-07 21:28:54,2026-05-07 21:28:54,,Bank Transfer,OR-20250401-1186
1187,1187,Move-Out Settlement - Billing #1187,FRNT-APR2025-1187,Credit,Rent Payment,2025-04-01,-5997.10,f,2026-05-07 21:28:54,2026-05-07 21:28:54,,GCash,OR-20250401-1187
1188,1188,Rent Payment - Billing #1188,FRNT-FEB2025-1188,Credit,Rent Payment,2025-02-01,10632.47,f,2026-05-07 21:28:54,2026-05-07 21:28:54,,Cash,OR-20250201-1188
1189,1189,Rent Payment - Billing #1189,FRNT-MAR2025-1189,Credit,Rent Payment,2025-03-01,10478.37,f,2026-05-07 21:28:54,2026-05-07 21:28:54,,Maya,OR-20250301-1189
1190,1190,Rent Payment - Billing #1190,FRNT-APR2025-1190,Credit,Rent Payment,2025-04-01,10418.80,f,2026-05-07 21:28:54,2026-05-07 21:28:54,,Bank Transfer,OR-20250401-1190
1191,1191,Move-Out Settlement - Billing #1191,FRNT-APR2025-1191,Credit,Rent Payment,2025-04-01,-8753.20,f,2026-05-07 21:28:54,2026-05-07 21:28:54,,Maya,OR-20250401-1191
1192,1192,Move-In Payment - Billing #1192,FRNT-JAN2025-1192,Credit,Rent Payment,2025-01-01,22694.00,f,2026-05-07 21:28:54,2026-05-07 21:28:54,,Maya,OR-20250101-1192
1193,1193,Rent Payment - Billing #1193,FRNT-FEB2025-1193,Credit,Rent Payment,2025-02-01,12912.83,f,2026-05-07 21:28:54,2026-05-07 21:28:54,,Cash,OR-20250201-1193
1194,1194,Move-Out Settlement - Billing #1194,FRNT-FEB2025-1194,Credit,Rent Payment,2025-02-01,-10281.17,f,2026-05-07 21:28:54,2026-05-07 21:28:54,,Bank Transfer,OR-20250201-1194
1195,1195,Rent Payment - Billing #1195,FRNT-FEB2025-1195,Credit,Rent Payment,2025-02-01,14537.84,f,2026-05-07 21:28:54,2026-05-07 21:28:54,,GCash,OR-20250201-1195
1196,1196,Rent Payment - Billing #1196,FRNT-MAR2025-1196,Credit,Rent Payment,2025-03-01,14639.72,f,2026-05-07 21:28:54,2026-05-07 21:28:54,,Cash,OR-20250301-1196
1197,1197,Rent Payment - Billing #1197,FRNT-APR2025-1197,Credit,Rent Payment,2025-04-01,13859.81,f,2026-05-07 21:28:54,2026-05-07 21:28:54,,GCash,OR-20250401-1197
1198,1198,Move-Out Settlement - Billing #1198,FRNT-APR2025-1198,Credit,Rent Payment,2025-04-01,-12298.19,f,2026-05-07 21:28:54,2026-05-07 21:28:54,,GCash,OR-20250401-1198
1199,1199,Rent Payment - Billing #1199,FRNT-FEB2025-1199,Credit,Rent Payment,2025-02-01,14317.50,f,2026-05-07 21:28:54,2026-05-07 21:28:54,,Cash,OR-20250201-1199
1200,1200,Rent Payment - Billing #1200,FRNT-MAR2025-1200,Credit,Rent Payment,2025-03-01,13778.30,f,2026-05-07 21:28:54,2026-05-07 21:28:54,,Bank Transfer,OR-20250301-1200
1201,1201,Rent Payment - Billing #1201,FRNT-APR2025-1201,Credit,Rent Payment,2025-04-01,13415.28,f,2026-05-07 21:28:54,2026-05-07 21:28:54,,Maya,OR-20250401-1201
1202,1202,Rent Payment - Billing #1202,FRNT-MAY2025-1202,Credit,Rent Payment,2025-05-01,14073.71,f,2026-05-07 21:28:54,2026-05-07 21:28:54,,GCash,OR-20250501-1202
1203,1203,Rent Payment - Billing #1203,FRNT-JUN2025-1203,Credit,Rent Payment,2025-06-01,13335.83,f,2026-05-07 21:28:54,2026-05-07 21:28:54,,Maya,OR-20250601-1203
1204,1204,Rent Payment - Billing #1204,FRNT-JUL2025-1204,Credit,Rent Payment,2025-07-01,13623.22,f,2026-05-07 21:28:54,2026-05-07 21:28:54,,Cash,OR-20250701-1204
1205,1205,Rent Payment - Billing #1205,FRNT-AUG2025-1205,Credit,Rent Payment,2025-08-01,14192.03,f,2026-05-07 21:28:54,2026-05-07 21:28:54,,Bank Transfer,OR-20250801-1205
1206,1206,Rent Payment - Billing #1206,FRNT-SEP2025-1206,Credit,Rent Payment,2025-09-01,13848.37,f,2026-05-07 21:28:54,2026-05-07 21:28:54,,Bank Transfer,OR-20250901-1206
1207,1207,Rent Payment - Billing #1207,FRNT-OCT2025-1207,Credit,Rent Payment,2025-10-01,13680.15,f,2026-05-07 21:28:54,2026-05-07 21:28:54,,Maya,OR-20251001-1207
1208,1208,Rent Payment - Billing #1208,FRNT-NOV2025-1208,Credit,Rent Payment,2025-11-01,14536.96,f,2026-05-07 21:28:54,2026-05-07 21:28:54,,Cash,OR-20251101-1208
1209,1209,Rent Payment - Billing #1209,FRNT-DEC2025-1209,Credit,Rent Payment,2025-12-01,13730.34,f,2026-05-07 21:28:54,2026-05-07 21:28:54,,Bank Transfer,OR-20251201-1209
1210,1210,Rent Payment - Billing #1210,FRNT-JAN2026-1210,Credit,Rent Payment,2026-01-01,12965.54,f,2026-05-07 21:28:54,2026-05-07 21:28:54,,Cash,OR-20260101-1210
1211,1211,Move-Out Settlement - Billing #1211,FRNT-JAN2026-1211,Credit,Rent Payment,2026-01-01,-11042.46,f,2026-05-07 21:28:54,2026-05-07 21:28:54,,Maya,OR-20260101-1211
1212,1212,Rent Payment - Billing #1212,FRNT-FEB2025-1212,Credit,Rent Payment,2025-02-01,13736.88,f,2026-05-07 21:28:54,2026-05-07 21:28:54,,Cash,OR-20250201-1212
1213,1213,Rent Payment - Billing #1213,FRNT-MAR2025-1213,Credit,Rent Payment,2025-03-01,13425.67,f,2026-05-07 21:28:54,2026-05-07 21:28:54,,Bank Transfer,OR-20250301-1213
1214,1214,Rent Payment - Billing #1214,FRNT-APR2025-1214,Credit,Rent Payment,2025-04-01,13243.43,f,2026-05-07 21:28:54,2026-05-07 21:28:54,,Maya,OR-20250401-1214
1215,1215,Move-Out Settlement - Billing #1215,FRNT-APR2025-1215,Credit,Rent Payment,2025-04-01,-11848.57,f,2026-05-07 21:28:54,2026-05-07 21:28:54,,Cash,OR-20250401-1215
1216,1216,Rent Payment - Billing #1216,FRNT-MAR2025-1216,Credit,Rent Payment,2025-03-01,13425.67,f,2026-05-07 21:28:54,2026-05-07 21:28:54,,Cash,OR-20250301-1216
1217,1217,Rent Payment - Billing #1217,FRNT-APR2025-1217,Credit,Rent Payment,2025-04-01,13243.43,f,2026-05-07 21:28:54,2026-05-07 21:28:54,,Cash,OR-20250401-1217
1218,1218,Rent Payment - Billing #1218,FRNT-MAY2025-1218,Credit,Rent Payment,2025-05-01,13173.67,f,2026-05-07 21:28:54,2026-05-07 21:28:54,,GCash,OR-20250501-1218
1219,1219,Move-Out Settlement - Billing #1219,FRNT-MAY2025-1219,Credit,Rent Payment,2025-05-01,-11918.33,f,2026-05-07 21:28:54,2026-05-07 21:28:54,,Cash,OR-20250501-1219
1220,1220,Rent Payment - Billing #1220,FRNT-MAR2025-1220,Credit,Rent Payment,2025-03-01,12148.97,f,2026-05-07 21:28:54,2026-05-07 21:28:54,,GCash,OR-20250301-1220
1221,1221,Rent Payment - Billing #1221,FRNT-APR2025-1221,Credit,Rent Payment,2025-04-01,11916.36,f,2026-05-07 21:28:54,2026-05-07 21:28:54,,Cash,OR-20250401-1221
1222,1222,Rent Payment - Billing #1222,FRNT-MAY2025-1222,Credit,Rent Payment,2025-05-01,11658.46,f,2026-05-07 21:28:54,2026-05-07 21:28:54,,GCash,OR-20250501-1222
1223,1223,Rent Payment - Billing #1223,FRNT-JUN2025-1223,Credit,Rent Payment,2025-06-01,11732.05,f,2026-05-07 21:28:54,2026-05-07 21:28:54,,Bank Transfer,OR-20250601-1223
1224,1224,Rent Payment - Billing #1224,FRNT-JUL2025-1224,Credit,Rent Payment,2025-07-01,11528.72,f,2026-05-07 21:28:54,2026-05-07 21:28:54,,Cash,OR-20250701-1224
1225,1225,Rent Payment - Billing #1225,FRNT-AUG2025-1225,Credit,Rent Payment,2025-08-01,11367.43,f,2026-05-07 21:28:54,2026-05-07 21:28:54,,Maya,OR-20250801-1225
1226,1226,Move-Out Settlement - Billing #1226,FRNT-AUG2025-1226,Credit,Rent Payment,2025-08-01,-10762.57,f,2026-05-07 21:28:54,2026-05-07 21:28:54,,Cash,OR-20250801-1226
1227,1227,Rent Payment - Billing #1227,FRNT-MAR2025-1227,Credit,Rent Payment,2025-03-01,12948.02,f,2026-05-07 21:28:54,2026-05-07 21:28:54,,Bank Transfer,OR-20250301-1227
1228,1228,Rent Payment - Billing #1228,FRNT-APR2025-1228,Credit,Rent Payment,2025-04-01,12025.75,f,2026-05-07 21:28:54,2026-05-07 21:28:54,,GCash,OR-20250401-1228
1229,1229,Rent Payment - Billing #1229,FRNT-MAY2025-1229,Credit,Rent Payment,2025-05-01,11728.02,f,2026-05-07 21:28:54,2026-05-07 21:28:54,,Bank Transfer,OR-20250501-1229
1230,1230,Move-Out Settlement - Billing #1230,FRNT-MAY2025-1230,Credit,Rent Payment,2025-05-01,-9121.98,f,2026-05-07 21:28:54,2026-05-07 21:28:54,,Maya,OR-20250501-1230
1231,1231,Rent Payment - Billing #1231,FRNT-MAR2025-1231,Credit,Rent Payment,2025-03-01,14267.80,f,2026-05-07 21:28:54,2026-05-07 21:28:54,,Bank Transfer,OR-20250301-1231
1232,1232,Rent Payment - Billing #1232,FRNT-APR2025-1232,Credit,Rent Payment,2025-04-01,14050.34,f,2026-05-07 21:28:54,2026-05-07 21:28:54,,Maya,OR-20250401-1232
1233,1233,Rent Payment - Billing #1233,FRNT-MAY2025-1233,Credit,Rent Payment,2025-05-01,12776.12,f,2026-05-07 21:28:54,2026-05-07 21:28:54,,GCash,OR-20250501-1233
1234,1234,Move-Out Settlement - Billing #1234,FRNT-MAY2025-1234,Credit,Rent Payment,2025-05-01,-10417.88,f,2026-05-07 21:28:54,2026-05-07 21:28:54,,GCash,OR-20250501-1234
1235,1235,Move-In Payment - Billing #1235,FRNT-FEB2025-1235,Credit,Rent Payment,2025-02-01,25626.00,f,2026-05-07 21:28:54,2026-05-07 21:28:54,,Bank Transfer,OR-20250201-1235
1236,1236,Rent Payment - Billing #1236,FRNT-MAR2025-1236,Credit,Rent Payment,2025-03-01,14379.44,f,2026-05-07 21:28:54,2026-05-07 21:28:54,,GCash,OR-20250301-1236
1237,1237,Rent Payment - Billing #1237,FRNT-APR2025-1237,Credit,Rent Payment,2025-04-01,14364.33,f,2026-05-07 21:28:54,2026-05-07 21:28:54,,Cash,OR-20250401-1237
1238,1238,Rent Payment - Billing #1238,FRNT-MAY2025-1238,Credit,Rent Payment,2025-05-01,13960.20,f,2026-05-07 21:28:54,2026-05-07 21:28:54,,Bank Transfer,OR-20250501-1238
1239,1239,Move-Out Settlement - Billing #1239,FRNT-MAY2025-1239,Credit,Rent Payment,2025-05-01,-12165.80,f,2026-05-07 21:28:54,2026-05-07 21:28:54,,Cash,OR-20250501-1239
1240,1240,Rent Payment - Billing #1240,FRNT-MAR2025-1240,Credit,Rent Payment,2025-03-01,9270.15,f,2026-05-07 21:28:54,2026-05-07 21:28:54,,Bank Transfer,OR-20250301-1240
1241,1241,Rent Payment - Billing #1241,FRNT-APR2025-1241,Credit,Rent Payment,2025-04-01,8657.09,f,2026-05-07 21:28:54,2026-05-07 21:28:54,,Maya,OR-20250401-1241
1242,1242,Rent Payment - Billing #1242,FRNT-MAY2025-1242,Credit,Rent Payment,2025-05-01,8959.13,f,2026-05-07 21:28:54,2026-05-07 21:28:54,,Maya,OR-20250501-1242
1243,1243,Rent Payment - Billing #1243,FRNT-JUN2025-1243,Credit,Rent Payment,2025-06-01,9478.87,f,2026-05-07 21:28:54,2026-05-07 21:28:54,,Cash,OR-20250601-1243
1244,1244,Rent Payment - Billing #1244,FRNT-JUL2025-1244,Credit,Rent Payment,2025-07-01,9154.27,f,2026-05-07 21:28:54,2026-05-07 21:28:54,,Maya,OR-20250701-1244
1245,1245,Rent Payment - Billing #1245,FRNT-AUG2025-1245,Credit,Rent Payment,2025-08-01,8297.50,f,2026-05-07 21:28:54,2026-05-07 21:28:54,,GCash,OR-20250801-1245
1246,1246,Move-Out Settlement - Billing #1246,FRNT-AUG2025-1246,Credit,Rent Payment,2025-08-01,-6184.50,f,2026-05-07 21:28:54,2026-05-07 21:28:54,,Cash,OR-20250801-1246
1247,1247,Rent Payment - Billing #1247,FRNT-APR2025-1247,Credit,Rent Payment,2025-04-01,15399.60,f,2026-05-07 21:28:54,2026-05-07 21:28:54,,Cash,OR-20250401-1247
1248,1248,Rent Payment - Billing #1248,FRNT-MAY2025-1248,Credit,Rent Payment,2025-05-01,15118.86,f,2026-05-07 21:28:54,2026-05-07 21:28:54,,Cash,OR-20250501-1248
1249,1249,Rent Payment - Billing #1249,FRNT-JUN2025-1249,Credit,Rent Payment,2025-06-01,14864.36,f,2026-05-07 21:28:54,2026-05-07 21:28:54,,Cash,OR-20250601-1249
1250,1250,Rent Payment - Billing #1250,FRNT-JUL2025-1250,Credit,Rent Payment,2025-07-01,15478.53,f,2026-05-07 21:28:54,2026-05-07 21:28:54,,Bank Transfer,OR-20250701-1250
1251,1251,Rent Payment - Billing #1251,FRNT-AUG2025-1251,Credit,Rent Payment,2025-08-01,15354.62,f,2026-05-07 21:28:54,2026-05-07 21:28:54,,Cash,OR-20250801-1251
1252,1252,Rent Payment - Billing #1252,FRNT-SEP2025-1252,Credit,Rent Payment,2025-09-01,14023.61,f,2026-05-07 21:28:54,2026-05-07 21:28:54,,Cash,OR-20250901-1252
1253,1253,Move-Out Settlement - Billing #1253,FRNT-SEP2025-1253,Credit,Rent Payment,2025-09-01,-12314.39,f,2026-05-07 21:28:54,2026-05-07 21:28:54,,Bank Transfer,OR-20250901-1253
1254,1254,Rent Payment - Billing #1254,FRNT-APR2025-1254,Credit,Rent Payment,2025-04-01,14289.39,f,2026-05-07 21:28:54,2026-05-07 21:28:54,,Cash,OR-20250401-1254
1255,1255,Move-Out Settlement - Billing #1255,FRNT-APR2025-1255,Credit,Rent Payment,2025-04-01,-11054.61,f,2026-05-07 21:28:54,2026-05-07 21:28:54,,Bank Transfer,OR-20250401-1255
1256,1256,Move-In Payment - Billing #1256,FRNT-MAR2025-1256,Credit,Rent Payment,2025-03-01,24592.00,f,2026-05-07 21:28:54,2026-05-07 21:28:54,,Cash,OR-20250301-1256
1257,1257,Rent Payment - Billing #1257,FRNT-APR2025-1257,Credit,Rent Payment,2025-04-01,12743.43,f,2026-05-07 21:28:54,2026-05-07 21:28:54,,Maya,OR-20250401-1257
1258,1258,Rent Payment - Billing #1258,FRNT-MAY2025-1258,Credit,Rent Payment,2025-05-01,12673.67,f,2026-05-07 21:28:54,2026-05-07 21:28:54,,Maya,OR-20250501-1258
1259,1259,Rent Payment - Billing #1259,FRNT-JUN2025-1259,Credit,Rent Payment,2025-06-01,13058.56,f,2026-05-07 21:28:54,2026-05-07 21:28:54,,Bank Transfer,OR-20250601-1259
1260,1260,Rent Payment - Billing #1260,FRNT-JUL2025-1260,Credit,Rent Payment,2025-07-01,12707.05,f,2026-05-07 21:28:54,2026-05-07 21:28:54,,Cash,OR-20250701-1260
1261,1261,Rent Payment - Billing #1261,FRNT-AUG2025-1261,Credit,Rent Payment,2025-08-01,12972.08,f,2026-05-07 21:28:54,2026-05-07 21:28:54,,GCash,OR-20250801-1261
1262,1262,Rent Payment - Billing #1262,FRNT-SEP2025-1262,Credit,Rent Payment,2025-09-01,12633.83,f,2026-05-07 21:28:54,2026-05-07 21:28:54,,Maya,OR-20250901-1262
1263,1263,Move-Out Settlement - Billing #1263,FRNT-SEP2025-1263,Credit,Rent Payment,2025-09-01,-11958.17,f,2026-05-07 21:28:54,2026-05-07 21:28:54,,Cash,OR-20250901-1263
1264,1264,Rent Payment - Billing #1264,FRNT-APR2025-1264,Credit,Rent Payment,2025-04-01,7628.27,f,2026-05-07 21:28:54,2026-05-07 21:28:54,,Bank Transfer,OR-20250401-1264
1265,1265,Rent Payment - Billing #1265,FRNT-MAY2025-1265,Credit,Rent Payment,2025-05-01,7685.13,f,2026-05-07 21:28:54,2026-05-07 21:28:54,,Maya,OR-20250501-1265
1266,1266,Rent Payment - Billing #1266,FRNT-JUN2025-1266,Credit,Rent Payment,2025-06-01,7443.74,f,2026-05-07 21:28:54,2026-05-07 21:28:54,,Cash,OR-20250601-1266
1267,1267,Rent Payment - Billing #1267,FRNT-JUL2025-1267,Credit,Rent Payment,2025-07-01,7673.82,f,2026-05-07 21:28:54,2026-05-07 21:28:54,,Bank Transfer,OR-20250701-1267
1268,1268,Rent Payment - Billing #1268,FRNT-AUG2025-1268,Credit,Rent Payment,2025-08-01,7660.06,f,2026-05-07 21:28:54,2026-05-07 21:28:54,,Bank Transfer,OR-20250801-1268
1269,1269,Rent Payment - Billing #1269,FRNT-SEP2025-1269,Credit,Rent Payment,2025-09-01,7731.26,f,2026-05-07 21:28:54,2026-05-07 21:28:54,,Bank Transfer,OR-20250901-1269
1270,1270,Rent Payment - Billing #1270,FRNT-OCT2025-1270,Credit,Rent Payment,2025-10-01,7420.60,f,2026-05-07 21:28:54,2026-05-07 21:28:54,,Cash,OR-20251001-1270
1271,1271,Rent Payment - Billing #1271,FRNT-NOV2025-1271,Credit,Rent Payment,2025-11-01,7481.38,f,2026-05-07 21:28:54,2026-05-07 21:28:54,,Bank Transfer,OR-20251101-1271
1272,1272,Rent Payment - Billing #1272,FRNT-DEC2025-1272,Credit,Rent Payment,2025-12-01,7487.20,f,2026-05-07 21:28:54,2026-05-07 21:28:54,,GCash,OR-20251201-1272
1273,1273,Rent Payment - Billing #1273,FRNT-JAN2026-1273,Credit,Rent Payment,2026-01-01,7732.60,f,2026-05-07 21:28:54,2026-05-07 21:28:54,,Bank Transfer,OR-20260101-1273
1274,1274,Rent Payment - Billing #1274,FRNT-FEB2026-1274,Credit,Rent Payment,2026-02-01,7759.10,f,2026-05-07 21:28:54,2026-05-07 21:28:54,,Maya,OR-20260201-1274
1275,1275,Rent Payment - Billing #1275,FRNT-MAR2026-1275,Credit,Rent Payment,2026-03-01,7229.72,f,2026-05-07 21:28:54,2026-05-07 21:28:54,,Bank Transfer,OR-20260301-1275
1276,1276,Move-Out Settlement - Billing #1276,FRNT-MAR2026-1276,Credit,Rent Payment,2026-03-01,-6616.28,f,2026-05-07 21:28:54,2026-05-07 21:28:54,,Bank Transfer,OR-20260301-1276
1277,1277,Rent Payment - Billing #1277,FRNT-APR2025-1277,Credit,Rent Payment,2025-04-01,11407.18,f,2026-05-07 21:28:54,2026-05-07 21:28:54,,Maya,OR-20250401-1277
1278,1278,Rent Payment - Billing #1278,FRNT-MAY2025-1278,Credit,Rent Payment,2025-05-01,11302.64,f,2026-05-07 21:28:54,2026-05-07 21:28:54,,Bank Transfer,OR-20250501-1278
1279,1279,Rent Payment - Billing #1279,FRNT-JUN2025-1279,Credit,Rent Payment,2025-06-01,10654.26,f,2026-05-07 21:28:54,2026-05-07 21:28:54,,Cash,OR-20250601-1279
1280,1280,Rent Payment - Billing #1280,FRNT-JUL2025-1280,Credit,Rent Payment,2025-07-01,11128.35,f,2026-05-07 21:28:54,2026-05-07 21:28:54,,GCash,OR-20250701-1280
1281,1281,Rent Payment - Billing #1281,FRNT-AUG2025-1281,Credit,Rent Payment,2025-08-01,11169.91,f,2026-05-07 21:28:54,2026-05-07 21:28:54,,Maya,OR-20250801-1281
1282,1282,Rent Payment - Billing #1282,FRNT-SEP2025-1282,Credit,Rent Payment,2025-09-01,10169.46,f,2026-05-07 21:28:54,2026-05-07 21:28:54,,GCash,OR-20250901-1282
1283,1283,Move-Out Settlement - Billing #1283,FRNT-SEP2025-1283,Credit,Rent Payment,2025-09-01,-8454.54,f,2026-05-07 21:28:54,2026-05-07 21:28:54,,GCash,OR-20250901-1283
1284,1284,Rent Payment - Billing #1284,FRNT-MAY2025-1284,Credit,Rent Payment,2025-05-01,8437.87,f,2026-05-07 21:28:54,2026-05-07 21:28:54,,Cash,OR-20250501-1284
1285,1285,Rent Payment - Billing #1285,FRNT-JUN2025-1285,Credit,Rent Payment,2025-06-01,8725.06,f,2026-05-07 21:28:54,2026-05-07 21:28:54,,Maya,OR-20250601-1285
1286,1286,Rent Payment - Billing #1286,FRNT-JUL2025-1286,Credit,Rent Payment,2025-07-01,8885.07,f,2026-05-07 21:28:54,2026-05-07 21:28:54,,GCash,OR-20250701-1286
1287,1287,Rent Payment - Billing #1287,FRNT-AUG2025-1287,Credit,Rent Payment,2025-08-01,9400.05,f,2026-05-07 21:28:54,2026-05-07 21:28:54,,Cash,OR-20250801-1287
1288,1288,Rent Payment - Billing #1288,FRNT-SEP2025-1288,Credit,Rent Payment,2025-09-01,8509.98,f,2026-05-07 21:28:54,2026-05-07 21:28:54,,GCash,OR-20250901-1288
1289,1289,Rent Payment - Billing #1289,FRNT-OCT2025-1289,Credit,Rent Payment,2025-10-01,7551.08,f,2026-05-07 21:28:54,2026-05-07 21:28:54,,Maya,OR-20251001-1289
1290,1290,Move-Out Settlement - Billing #1290,FRNT-OCT2025-1290,Credit,Rent Payment,2025-10-01,-5884.92,f,2026-05-07 21:28:54,2026-05-07 21:28:54,,Cash,OR-20251001-1290
1291,1291,Rent Payment - Billing #1291,FRNT-MAY2025-1291,Credit,Rent Payment,2025-05-01,14207.64,f,2026-05-07 21:28:54,2026-05-07 21:28:54,,Maya,OR-20250501-1291
1292,1292,Rent Payment - Billing #1292,FRNT-JUN2025-1292,Credit,Rent Payment,2025-06-01,14097.44,f,2026-05-07 21:28:54,2026-05-07 21:28:54,,Cash,OR-20250601-1292
1293,1293,Rent Payment - Billing #1293,FRNT-JUL2025-1293,Credit,Rent Payment,2025-07-01,14108.86,f,2026-05-07 21:28:54,2026-05-07 21:28:54,,Bank Transfer,OR-20250701-1293
1294,1294,Move-Out Settlement - Billing #1294,FRNT-JUL2025-1294,Credit,Rent Payment,2025-07-01,-12049.14,f,2026-05-07 21:28:54,2026-05-07 21:28:54,,Maya,OR-20250701-1294
1295,1295,Rent Payment - Billing #1295,FRNT-MAY2025-1295,Credit,Rent Payment,2025-05-01,13173.67,f,2026-05-07 21:28:54,2026-05-07 21:28:54,,GCash,OR-20250501-1295
1296,1296,Rent Payment - Billing #1296,FRNT-JUN2025-1296,Credit,Rent Payment,2025-06-01,13558.56,f,2026-05-07 21:28:54,2026-05-07 21:28:54,,GCash,OR-20250601-1296
1297,1297,Rent Payment - Billing #1297,FRNT-JUL2025-1297,Credit,Rent Payment,2025-07-01,13207.05,f,2026-05-07 21:28:54,2026-05-07 21:28:54,,Maya,OR-20250701-1297
1298,1298,Move-Out Settlement - Billing #1298,FRNT-JUL2025-1298,Credit,Rent Payment,2025-07-01,-11884.95,f,2026-05-07 21:28:54,2026-05-07 21:28:54,,Maya,OR-20250701-1298
1299,1299,Rent Payment - Billing #1299,FRNT-MAY2025-1299,Credit,Rent Payment,2025-05-01,13517.48,f,2026-05-07 21:28:54,2026-05-07 21:28:54,,Cash,OR-20250501-1299
1300,1300,Rent Payment - Billing #1300,FRNT-JUN2025-1300,Credit,Rent Payment,2025-06-01,13302.58,f,2026-05-07 21:28:54,2026-05-07 21:28:54,,GCash,OR-20250601-1300
1301,1301,Rent Payment - Billing #1301,FRNT-JUL2025-1301,Credit,Rent Payment,2025-07-01,12681.19,f,2026-05-07 21:28:54,2026-05-07 21:28:54,,Cash,OR-20250701-1301
1302,1302,Rent Payment - Billing #1302,FRNT-AUG2025-1302,Credit,Rent Payment,2025-08-01,13525.57,f,2026-05-07 21:28:54,2026-05-07 21:28:54,,Cash,OR-20250801-1302
1303,1303,Rent Payment - Billing #1303,FRNT-SEP2025-1303,Credit,Rent Payment,2025-09-01,13504.57,f,2026-05-07 21:28:54,2026-05-07 21:28:54,,Cash,OR-20250901-1303
1304,1304,Rent Payment - Billing #1304,FRNT-OCT2025-1304,Credit,Rent Payment,2025-10-01,12942.44,f,2026-05-07 21:28:54,2026-05-07 21:28:54,,Bank Transfer,OR-20251001-1304
1305,1305,Rent Payment - Billing #1305,FRNT-NOV2025-1305,Credit,Rent Payment,2025-11-01,13961.48,f,2026-05-07 21:28:54,2026-05-07 21:28:54,,Maya,OR-20251101-1305
1306,1306,Rent Payment - Billing #1306,FRNT-DEC2025-1306,Credit,Rent Payment,2025-12-01,12839.59,f,2026-05-07 21:28:54,2026-05-07 21:28:54,,Cash,OR-20251201-1306
1307,1307,Rent Payment - Billing #1307,FRNT-JAN2026-1307,Credit,Rent Payment,2026-01-01,13051.34,f,2026-05-07 21:28:54,2026-05-07 21:28:54,,GCash,OR-20260101-1307
1308,1308,Rent Payment - Billing #1308,FRNT-FEB2026-1308,Credit,Rent Payment,2026-02-01,12835.30,f,2026-05-07 21:28:54,2026-05-07 21:28:54,,GCash,OR-20260201-1308
1309,1309,Rent Payment - Billing #1309,FRNT-MAR2026-1309,Credit,Rent Payment,2026-03-01,13155.71,f,2026-05-07 21:28:54,2026-05-07 21:28:54,,GCash,OR-20260301-1309
1310,1310,Rent Payment - Billing #1310,FRNT-APR2026-1310,Credit,Rent Payment,2026-04-01,11801.02,f,2026-05-07 21:28:54,2026-05-07 21:28:54,,Cash,OR-20260401-1310
1311,1311,Move-Out Settlement - Billing #1311,FRNT-APR2026-1311,Credit,Rent Payment,2026-04-01,-10282.98,f,2026-05-07 21:28:54,2026-05-07 21:28:54,,Cash,OR-20260401-1311
1312,1312,Rent Payment - Billing #1312,FRNT-MAY2025-1312,Credit,Rent Payment,2025-05-01,15006.80,f,2026-05-07 21:28:54,2026-05-07 21:28:54,,Maya,OR-20250501-1312
1313,1313,Rent Payment - Billing #1313,FRNT-JUN2025-1313,Credit,Rent Payment,2025-06-01,14492.35,f,2026-05-07 21:28:54,2026-05-07 21:28:54,,Cash,OR-20250601-1313
1314,1314,Rent Payment - Billing #1314,FRNT-JUL2025-1314,Credit,Rent Payment,2025-07-01,14190.84,f,2026-05-07 21:28:54,2026-05-07 21:28:54,,Maya,OR-20250701-1314
1315,1315,Move-Out Settlement - Billing #1315,FRNT-JUL2025-1315,Credit,Rent Payment,2025-07-01,-11153.16,f,2026-05-07 21:28:54,2026-05-07 21:28:54,,Cash,OR-20250701-1315
1316,1316,Rent Payment - Billing #1316,FRNT-MAY2025-1316,Credit,Rent Payment,2025-05-01,9941.82,f,2026-05-07 21:28:54,2026-05-07 21:28:54,,GCash,OR-20250501-1316
1317,1317,Rent Payment - Billing #1317,FRNT-JUN2025-1317,Credit,Rent Payment,2025-06-01,9881.32,f,2026-05-07 21:28:54,2026-05-07 21:28:54,,Bank Transfer,OR-20250601-1317
1318,1318,Rent Payment - Billing #1318,FRNT-JUL2025-1318,Credit,Rent Payment,2025-07-01,9980.70,f,2026-05-07 21:28:54,2026-05-07 21:28:54,,Cash,OR-20250701-1318
1319,1319,Rent Payment - Billing #1319,FRNT-AUG2025-1319,Credit,Rent Payment,2025-08-01,10208.36,f,2026-05-07 21:28:54,2026-05-07 21:28:54,,GCash,OR-20250801-1319
1320,1320,Rent Payment - Billing #1320,FRNT-SEP2025-1320,Credit,Rent Payment,2025-09-01,10208.40,f,2026-05-07 21:28:54,2026-05-07 21:28:54,,Maya,OR-20250901-1320
1321,1321,Rent Payment - Billing #1321,FRNT-OCT2025-1321,Credit,Rent Payment,2025-10-01,10012.55,f,2026-05-07 21:28:54,2026-05-07 21:28:54,,Maya,OR-20251001-1321
1322,1322,Move-Out Settlement - Billing #1322,FRNT-OCT2025-1322,Credit,Rent Payment,2025-10-01,-8659.45,f,2026-05-07 21:28:54,2026-05-07 21:28:54,,Cash,OR-20251001-1322
1323,1323,Rent Payment - Billing #1323,FRNT-MAY2025-1323,Credit,Rent Payment,2025-05-01,14813.28,f,2026-05-07 21:28:54,2026-05-07 21:28:54,,GCash,OR-20250501-1323
1324,1324,Rent Payment - Billing #1324,FRNT-JUN2025-1324,Credit,Rent Payment,2025-06-01,14513.24,f,2026-05-07 21:28:54,2026-05-07 21:28:54,,Cash,OR-20250601-1324
1325,1325,Rent Payment - Billing #1325,FRNT-JUL2025-1325,Credit,Rent Payment,2025-07-01,14616.10,f,2026-05-07 21:28:54,2026-05-07 21:28:54,,Cash,OR-20250701-1325
1326,1326,Rent Payment - Billing #1326,FRNT-AUG2025-1326,Credit,Rent Payment,2025-08-01,14638.76,f,2026-05-07 21:28:54,2026-05-07 21:28:54,,Cash,OR-20250801-1326
1327,1327,Rent Payment - Billing #1327,FRNT-SEP2025-1327,Credit,Rent Payment,2025-09-01,14509.06,f,2026-05-07 21:28:54,2026-05-07 21:28:54,,GCash,OR-20250901-1327
1328,1328,Rent Payment - Billing #1328,FRNT-OCT2025-1328,Credit,Rent Payment,2025-10-01,14412.85,f,2026-05-07 21:28:54,2026-05-07 21:28:54,,Bank Transfer,OR-20251001-1328
1329,1329,Rent Payment - Billing #1329,FRNT-NOV2025-1329,Credit,Rent Payment,2025-11-01,14788.87,f,2026-05-07 21:28:54,2026-05-07 21:28:54,,Bank Transfer,OR-20251101-1329
1330,1330,Rent Payment - Billing #1330,FRNT-DEC2025-1330,Credit,Rent Payment,2025-12-01,14821.96,f,2026-05-07 21:28:54,2026-05-07 21:28:54,,Maya,OR-20251201-1330
1331,1331,Rent Payment - Billing #1331,FRNT-JAN2026-1331,Credit,Rent Payment,2026-01-01,14559.14,f,2026-05-07 21:28:54,2026-05-07 21:28:54,,Maya,OR-20260101-1331
1332,1332,Rent Payment - Billing #1332,FRNT-FEB2026-1332,Credit,Rent Payment,2026-02-01,14760.14,f,2026-05-07 21:28:54,2026-05-07 21:28:54,,Maya,OR-20260201-1332
1333,1333,Rent Payment - Billing #1333,FRNT-MAR2026-1333,Credit,Rent Payment,2026-03-01,14681.71,f,2026-05-07 21:28:54,2026-05-07 21:28:54,,GCash,OR-20260301-1333
1334,1334,Rent Payment - Billing #1334,FRNT-APR2026-1334,Credit,Rent Payment,2026-04-01,14564.31,f,2026-05-07 21:28:54,2026-05-07 21:28:54,,Cash,OR-20260401-1334
1335,1335,Move-Out Settlement - Billing #1335,FRNT-APR2026-1335,Credit,Rent Payment,2026-04-01,-12921.69,f,2026-05-07 21:28:54,2026-05-07 21:28:54,,Cash,OR-20260401-1335
1336,1336,Rent Payment - Billing #1336,FRNT-JUN2025-1336,Credit,Rent Payment,2025-06-01,12803.68,f,2026-05-07 21:28:54,2026-05-07 21:28:54,,Cash,OR-20250601-1336
1337,1337,Rent Payment - Billing #1337,FRNT-JUL2025-1337,Credit,Rent Payment,2025-07-01,11390.69,f,2026-05-07 21:28:54,2026-05-07 21:28:54,,Bank Transfer,OR-20250701-1337
1338,1338,Rent Payment - Billing #1338,FRNT-AUG2025-1338,Credit,Rent Payment,2025-08-01,12093.70,f,2026-05-07 21:28:54,2026-05-07 21:28:54,,Maya,OR-20250801-1338
1339,1339,Rent Payment - Billing #1339,FRNT-SEP2025-1339,Credit,Rent Payment,2025-09-01,12593.28,f,2026-05-07 21:28:54,2026-05-07 21:28:54,,Bank Transfer,OR-20250901-1339
1340,1340,Rent Payment - Billing #1340,FRNT-OCT2025-1340,Credit,Rent Payment,2025-10-01,12839.64,f,2026-05-07 21:28:54,2026-05-07 21:28:54,,Maya,OR-20251001-1340
1341,1341,Rent Payment - Billing #1341,FRNT-NOV2025-1341,Credit,Rent Payment,2025-11-01,12002.84,f,2026-05-07 21:28:54,2026-05-07 21:28:54,,Bank Transfer,OR-20251101-1341
1342,1342,Rent Payment - Billing #1342,FRNT-DEC2025-1342,Credit,Rent Payment,2025-12-01,11510.77,f,2026-05-07 21:28:54,2026-05-07 21:28:54,,GCash,OR-20251201-1342
1343,1343,Rent Payment - Billing #1343,FRNT-JAN2026-1343,Credit,Rent Payment,2026-01-01,12442.63,f,2026-05-07 21:28:54,2026-05-07 21:28:54,,Bank Transfer,OR-20260101-1343
1344,1344,Rent Payment - Billing #1344,FRNT-FEB2026-1344,Credit,Rent Payment,2026-02-01,12724.28,f,2026-05-07 21:28:54,2026-05-07 21:28:54,,Cash,OR-20260201-1344
1345,1345,Rent Payment - Billing #1345,FRNT-MAR2026-1345,Credit,Rent Payment,2026-03-01,12164.52,f,2026-05-07 21:28:54,2026-05-07 21:28:54,,Cash,OR-20260301-1345
1346,1346,Rent Payment - Billing #1346,FRNT-APR2026-1346,Credit,Rent Payment,2026-04-01,12342.30,f,2026-05-07 21:28:54,2026-05-07 21:28:54,,Bank Transfer,OR-20260401-1346
1347,1347,Rent Payment - Billing #1347,FRNT-MAY2026-1347,Credit,Rent Payment,2026-05-01,10987.46,f,2026-05-07 21:28:54,2026-05-07 21:28:54,,Maya,OR-20260501-1347
1348,1348,Move-Out Settlement - Billing #1348,FRNT-MAY2026-1348,Credit,Rent Payment,2026-05-01,-9362.54,f,2026-05-07 21:28:54,2026-05-07 21:28:54,,Maya,OR-20260501-1348
1349,1349,Rent Payment - Billing #1349,FRNT-JUN2025-1349,Credit,Rent Payment,2025-06-01,13058.56,f,2026-05-07 21:28:54,2026-05-07 21:28:54,,Maya,OR-20250601-1349
1350,1350,Rent Payment - Billing #1350,FRNT-JUL2025-1350,Credit,Rent Payment,2025-07-01,12707.05,f,2026-05-07 21:28:54,2026-05-07 21:28:54,,Maya,OR-20250701-1350
1351,1351,Rent Payment - Billing #1351,FRNT-AUG2025-1351,Credit,Rent Payment,2025-08-01,12972.08,f,2026-05-07 21:28:54,2026-05-07 21:28:54,,Bank Transfer,OR-20250801-1351
1352,1352,Rent Payment - Billing #1352,FRNT-SEP2025-1352,Credit,Rent Payment,2025-09-01,12633.83,f,2026-05-07 21:28:54,2026-05-07 21:28:54,,Maya,OR-20250901-1352
1353,1353,Rent Payment - Billing #1353,FRNT-OCT2025-1353,Credit,Rent Payment,2025-10-01,12897.78,f,2026-05-07 21:28:54,2026-05-07 21:28:54,,GCash,OR-20251001-1353
1354,1354,Rent Payment - Billing #1354,FRNT-NOV2025-1354,Credit,Rent Payment,2025-11-01,12638.69,f,2026-05-07 21:28:54,2026-05-07 21:28:54,,GCash,OR-20251101-1354
1355,1355,Move-Out Settlement - Billing #1355,FRNT-NOV2025-1355,Credit,Rent Payment,2025-11-01,-11953.31,f,2026-05-07 21:28:54,2026-05-07 21:28:54,,Bank Transfer,OR-20251101-1355
1356,1356,Rent Payment - Billing #1356,FRNT-JUN2025-1356,Credit,Rent Payment,2025-06-01,13647.93,f,2026-05-07 21:28:54,2026-05-07 21:28:54,,GCash,OR-20250601-1356
1357,1357,Rent Payment - Billing #1357,FRNT-JUL2025-1357,Credit,Rent Payment,2025-07-01,13777.12,f,2026-05-07 21:28:54,2026-05-07 21:28:54,,Maya,OR-20250701-1357
1358,1358,Rent Payment - Billing #1358,FRNT-AUG2025-1358,Credit,Rent Payment,2025-08-01,13830.05,f,2026-05-07 21:28:54,2026-05-07 21:28:54,,Bank Transfer,OR-20250801-1358
1359,1359,Rent Payment - Billing #1359,FRNT-SEP2025-1359,Credit,Rent Payment,2025-09-01,13761.46,f,2026-05-07 21:28:54,2026-05-07 21:28:54,,GCash,OR-20250901-1359
1360,1360,Rent Payment - Billing #1360,FRNT-OCT2025-1360,Credit,Rent Payment,2025-10-01,13572.83,f,2026-05-07 21:28:54,2026-05-07 21:28:54,,Cash,OR-20251001-1360
1361,1361,Rent Payment - Billing #1361,FRNT-NOV2025-1361,Credit,Rent Payment,2025-11-01,13818.49,f,2026-05-07 21:28:54,2026-05-07 21:28:54,,Cash,OR-20251101-1361
1362,1362,Rent Payment - Billing #1362,FRNT-DEC2025-1362,Credit,Rent Payment,2025-12-01,13575.79,f,2026-05-07 21:28:54,2026-05-07 21:28:54,,Cash,OR-20251201-1362
1363,1363,Rent Payment - Billing #1363,FRNT-JAN2026-1363,Credit,Rent Payment,2026-01-01,13788.29,f,2026-05-07 21:28:54,2026-05-07 21:28:54,,Maya,OR-20260101-1363
1364,1364,Rent Payment - Billing #1364,FRNT-FEB2026-1364,Credit,Rent Payment,2026-02-01,13753.12,f,2026-05-07 21:28:54,2026-05-07 21:28:54,,Bank Transfer,OR-20260201-1364
1365,1365,Rent Payment - Billing #1365,FRNT-MAR2026-1365,Credit,Rent Payment,2026-03-01,14003.45,f,2026-05-07 21:28:54,2026-05-07 21:28:54,,Cash,OR-20260301-1365
1366,1366,Rent Payment - Billing #1366,FRNT-APR2026-1366,Credit,Rent Payment,2026-04-01,13755.70,f,2026-05-07 21:28:54,2026-05-07 21:28:54,,Maya,OR-20260401-1366
1367,1367,Rent Payment - Billing #1367,FRNT-MAY2026-1367,Credit,Rent Payment,2026-05-01,13393.08,f,2026-05-07 21:28:54,2026-05-07 21:28:54,,Bank Transfer,OR-20260501-1367
1368,1368,Move-Out Settlement - Billing #1368,FRNT-MAY2026-1368,Credit,Rent Payment,2026-05-01,-12232.92,f,2026-05-07 21:28:54,2026-05-07 21:28:54,,Bank Transfer,OR-20260501-1368
1369,1369,Rent Payment - Billing #1369,FRNT-JUN2025-1369,Credit,Rent Payment,2025-06-01,12232.05,f,2026-05-07 21:28:54,2026-05-07 21:28:54,,Bank Transfer,OR-20250601-1369
1370,1370,Move-Out Settlement - Billing #1370,FRNT-JUN2025-1370,Credit,Rent Payment,2025-06-01,-10397.95,f,2026-05-07 21:28:54,2026-05-07 21:28:54,,Maya,OR-20250601-1370
1371,1371,Rent Payment - Billing #1371,FRNT-JUN2025-1371,Credit,Rent Payment,2025-06-01,12933.47,f,2026-05-07 21:28:54,2026-05-07 21:28:54,,Maya,OR-20250601-1371
1372,1372,Rent Payment - Billing #1372,FRNT-JUL2025-1372,Credit,Rent Payment,2025-07-01,12457.28,f,2026-05-07 21:28:54,2026-05-07 21:28:54,,Maya,OR-20250701-1372
1373,1373,Rent Payment - Billing #1373,FRNT-AUG2025-1373,Credit,Rent Payment,2025-08-01,13066.98,f,2026-05-07 21:28:54,2026-05-07 21:28:54,,Cash,OR-20250801-1373
1374,1374,Rent Payment - Billing #1374,FRNT-SEP2025-1374,Credit,Rent Payment,2025-09-01,12449.64,f,2026-05-07 21:28:54,2026-05-07 21:28:54,,Cash,OR-20250901-1374
1375,1375,Rent Payment - Billing #1375,FRNT-OCT2025-1375,Credit,Rent Payment,2025-10-01,12917.86,f,2026-05-07 21:28:54,2026-05-07 21:28:54,,Cash,OR-20251001-1375
1376,1376,Rent Payment - Billing #1376,FRNT-NOV2025-1376,Credit,Rent Payment,2025-11-01,13095.83,f,2026-05-07 21:28:54,2026-05-07 21:28:54,,GCash,OR-20251101-1376
1377,1377,Rent Payment - Billing #1377,FRNT-DEC2025-1377,Credit,Rent Payment,2025-12-01,13110.68,f,2026-05-07 21:28:54,2026-05-07 21:28:54,,GCash,OR-20251201-1377
1378,1378,Rent Payment - Billing #1378,FRNT-JAN2026-1378,Credit,Rent Payment,2026-01-01,13519.25,f,2026-05-07 21:28:54,2026-05-07 21:28:54,,GCash,OR-20260101-1378
1379,1379,Rent Payment - Billing #1379,FRNT-FEB2026-1379,Credit,Rent Payment,2026-02-01,12654.71,f,2026-05-07 21:28:54,2026-05-07 21:28:54,,GCash,OR-20260201-1379
1380,1380,Rent Payment - Billing #1380,FRNT-MAR2026-1380,Credit,Rent Payment,2026-03-01,12457.94,f,2026-05-07 21:28:54,2026-05-07 21:28:54,,Bank Transfer,OR-20260301-1380
1381,1381,Rent Payment - Billing #1381,FRNT-APR2026-1381,Credit,Rent Payment,2026-04-01,12021.15,f,2026-05-07 21:28:54,2026-05-07 21:28:54,,GCash,OR-20260401-1381
1382,1382,Rent Payment - Billing #1382,FRNT-MAY2026-1382,Credit,Rent Payment,2026-05-01,11786.37,f,2026-05-07 21:28:54,2026-05-07 21:28:54,,Maya,OR-20260501-1382
1383,1383,Move-Out Settlement - Billing #1383,FRNT-MAY2026-1383,Credit,Rent Payment,2026-05-01,-9509.63,f,2026-05-07 21:28:54,2026-05-07 21:28:54,,Maya,OR-20260501-1383
1384,1384,Rent Payment - Billing #1384,FRNT-JUN2025-1384,Credit,Rent Payment,2025-06-01,10381.32,f,2026-05-07 21:28:54,2026-05-07 21:28:54,,GCash,OR-20250601-1384
1385,1385,Move-Out Settlement - Billing #1385,FRNT-JUN2025-1385,Credit,Rent Payment,2025-06-01,-8790.68,f,2026-05-07 21:28:54,2026-05-07 21:28:54,,Maya,OR-20250601-1385
1386,1386,Rent Payment - Billing #1386,FRNT-JUN2025-1386,Credit,Rent Payment,2025-06-01,14143.13,f,2026-05-07 21:28:54,2026-05-07 21:28:54,,Cash,OR-20250601-1386
1387,1387,Rent Payment - Billing #1387,FRNT-JUL2025-1387,Credit,Rent Payment,2025-07-01,14439.70,f,2026-05-07 21:28:54,2026-05-07 21:28:54,,Cash,OR-20250701-1387
1388,1388,Rent Payment - Billing #1388,FRNT-AUG2025-1388,Credit,Rent Payment,2025-08-01,12593.68,f,2026-05-07 21:28:54,2026-05-07 21:28:54,,Cash,OR-20250801-1388
1389,1389,Move-Out Settlement - Billing #1389,FRNT-AUG2025-1389,Credit,Rent Payment,2025-08-01,-10600.32,f,2026-05-07 21:28:54,2026-05-07 21:28:54,,Cash,OR-20250801-1389
1390,1390,Rent Payment - Billing #1390,FRNT-JUL2025-1390,Credit,Rent Payment,2025-07-01,7673.82,f,2026-05-07 21:28:54,2026-05-07 21:28:54,,Bank Transfer,OR-20250701-1390
1391,1391,Rent Payment - Billing #1391,FRNT-AUG2025-1391,Credit,Rent Payment,2025-08-01,7660.06,f,2026-05-07 21:28:54,2026-05-07 21:28:54,,Bank Transfer,OR-20250801-1391
1392,1392,Rent Payment - Billing #1392,FRNT-SEP2025-1392,Credit,Rent Payment,2025-09-01,7731.26,f,2026-05-07 21:28:54,2026-05-07 21:28:54,,GCash,OR-20250901-1392
1393,1393,Rent Payment - Billing #1393,FRNT-OCT2025-1393,Credit,Rent Payment,2025-10-01,7420.60,f,2026-05-07 21:28:54,2026-05-07 21:28:54,,Maya,OR-20251001-1393
1394,1394,Rent Payment - Billing #1394,FRNT-NOV2025-1394,Credit,Rent Payment,2025-11-01,7481.38,f,2026-05-07 21:28:54,2026-05-07 21:28:54,,GCash,OR-20251101-1394
1395,1395,Rent Payment - Billing #1395,FRNT-DEC2025-1395,Credit,Rent Payment,2025-12-01,7487.20,f,2026-05-07 21:28:54,2026-05-07 21:28:54,,Cash,OR-20251201-1395
1396,1396,Move-Out Settlement - Billing #1396,FRNT-DEC2025-1396,Credit,Rent Payment,2025-12-01,-6358.80,f,2026-05-07 21:28:54,2026-05-07 21:28:54,,Bank Transfer,OR-20251201-1396
1397,1397,Rent Payment - Billing #1397,FRNT-JUL2025-1397,Credit,Rent Payment,2025-07-01,12028.72,f,2026-05-07 21:28:54,2026-05-07 21:28:54,,Maya,OR-20250701-1397
1398,1398,Move-Out Settlement - Billing #1398,FRNT-JUL2025-1398,Credit,Rent Payment,2025-07-01,-10601.28,f,2026-05-07 21:28:54,2026-05-07 21:28:54,,GCash,OR-20250701-1398
1399,1399,Rent Payment - Billing #1399,FRNT-JUL2025-1399,Credit,Rent Payment,2025-07-01,8789.32,f,2026-05-07 21:28:54,2026-05-07 21:28:54,,Bank Transfer,OR-20250701-1399
1400,1400,Rent Payment - Billing #1400,FRNT-AUG2025-1400,Credit,Rent Payment,2025-08-01,8807.84,f,2026-05-07 21:28:54,2026-05-07 21:28:54,,Cash,OR-20250801-1400
1401,1401,Rent Payment - Billing #1401,FRNT-SEP2025-1401,Credit,Rent Payment,2025-09-01,8338.73,f,2026-05-07 21:28:54,2026-05-07 21:28:54,,Cash,OR-20250901-1401
1402,1402,Rent Payment - Billing #1402,FRNT-OCT2025-1402,Credit,Rent Payment,2025-10-01,8462.14,f,2026-05-07 21:28:54,2026-05-07 21:28:54,,GCash,OR-20251001-1402
1403,1403,Rent Payment - Billing #1403,FRNT-NOV2025-1403,Credit,Rent Payment,2025-11-01,8035.96,f,2026-05-07 21:28:54,2026-05-07 21:28:54,,GCash,OR-20251101-1403
1404,1404,Rent Payment - Billing #1404,FRNT-DEC2025-1404,Credit,Rent Payment,2025-12-01,7419.96,f,2026-05-07 21:28:54,2026-05-07 21:28:54,,Bank Transfer,OR-20251201-1404
1405,1405,Move-Out Settlement - Billing #1405,FRNT-DEC2025-1405,Credit,Rent Payment,2025-12-01,-5236.04,f,2026-05-07 21:28:54,2026-05-07 21:28:54,,Cash,OR-20251201-1405
1406,1406,Rent Payment - Billing #1406,FRNT-JUL2025-1406,Credit,Rent Payment,2025-07-01,13608.86,f,2026-05-07 21:28:54,2026-05-07 21:28:54,,Bank Transfer,OR-20250701-1406
1407,1407,Rent Payment - Billing #1407,FRNT-AUG2025-1407,Credit,Rent Payment,2025-08-01,13814.97,f,2026-05-07 21:28:54,2026-05-07 21:28:54,,Bank Transfer,OR-20250801-1407
1408,1408,Rent Payment - Billing #1408,FRNT-SEP2025-1408,Credit,Rent Payment,2025-09-01,13708.69,f,2026-05-07 21:28:54,2026-05-07 21:28:54,,Cash,OR-20250901-1408
1409,1409,Rent Payment - Billing #1409,FRNT-OCT2025-1409,Credit,Rent Payment,2025-10-01,13547.43,f,2026-05-07 21:28:54,2026-05-07 21:28:54,,Maya,OR-20251001-1409
1410,1410,Rent Payment - Billing #1410,FRNT-NOV2025-1410,Credit,Rent Payment,2025-11-01,13930.81,f,2026-05-07 21:28:54,2026-05-07 21:28:54,,Maya,OR-20251101-1410
1411,1411,Rent Payment - Billing #1411,FRNT-DEC2025-1411,Credit,Rent Payment,2025-12-01,13715.92,f,2026-05-07 21:28:54,2026-05-07 21:28:54,,GCash,OR-20251201-1411
1412,1412,Move-Out Settlement - Billing #1412,FRNT-DEC2025-1412,Credit,Rent Payment,2025-12-01,-11942.08,f,2026-05-07 21:28:54,2026-05-07 21:28:54,,Bank Transfer,OR-20251201-1412
1413,1413,Rent Payment - Billing #1413,FRNT-JUL2025-1413,Credit,Rent Payment,2025-07-01,9980.70,f,2026-05-07 21:28:54,2026-05-07 21:28:54,,GCash,OR-20250701-1413
1414,1414,Rent Payment - Billing #1414,FRNT-AUG2025-1414,Credit,Rent Payment,2025-08-01,10208.36,f,2026-05-07 21:28:54,2026-05-07 21:28:54,,Maya,OR-20250801-1414
1415,1415,Rent Payment - Billing #1415,FRNT-SEP2025-1415,Credit,Rent Payment,2025-09-01,10208.40,f,2026-05-07 21:28:54,2026-05-07 21:28:54,,Cash,OR-20250901-1415
1416,1416,Rent Payment - Billing #1416,FRNT-OCT2025-1416,Credit,Rent Payment,2025-10-01,10012.55,f,2026-05-07 21:28:54,2026-05-07 21:28:54,,GCash,OR-20251001-1416
1417,1417,Rent Payment - Billing #1417,FRNT-NOV2025-1417,Credit,Rent Payment,2025-11-01,9937.31,f,2026-05-07 21:28:54,2026-05-07 21:28:54,,GCash,OR-20251101-1417
1418,1418,Rent Payment - Billing #1418,FRNT-DEC2025-1418,Credit,Rent Payment,2025-12-01,9955.02,f,2026-05-07 21:28:54,2026-05-07 21:28:54,,GCash,OR-20251201-1418
1419,1419,Rent Payment - Billing #1419,FRNT-JAN2026-1419,Credit,Rent Payment,2026-01-01,9812.92,f,2026-05-07 21:28:54,2026-05-07 21:28:54,,Bank Transfer,OR-20260101-1419
1420,1420,Rent Payment - Billing #1420,FRNT-FEB2026-1420,Credit,Rent Payment,2026-02-01,10138.48,f,2026-05-07 21:28:54,2026-05-07 21:28:54,,Maya,OR-20260201-1420
1421,1421,Rent Payment - Billing #1421,FRNT-MAR2026-1421,Credit,Rent Payment,2026-03-01,9884.82,f,2026-05-07 21:28:54,2026-05-07 21:28:54,,GCash,OR-20260301-1421
1422,1422,Rent Payment - Billing #1422,FRNT-APR2026-1422,Credit,Rent Payment,2026-04-01,9586.03,f,2026-05-07 21:28:54,2026-05-07 21:28:54,,Cash,OR-20260401-1422
1423,1423,Rent Payment - Billing #1423,FRNT-MAY2026-1423,Credit,Rent Payment,2026-05-01,9791.40,f,2026-05-07 21:28:54,2026-05-07 21:28:54,,Bank Transfer,OR-20260501-1423
1424,1424,Rent Payment - Billing #1424,FRNT-AUG2025-1424,Credit,Rent Payment,2025-08-01,11367.43,f,2026-05-07 21:28:54,2026-05-07 21:28:54,,Bank Transfer,OR-20250801-1424
1425,1425,Rent Payment - Billing #1425,FRNT-SEP2025-1425,Credit,Rent Payment,2025-09-01,11515.37,f,2026-05-07 21:28:54,2026-05-07 21:28:54,,Maya,OR-20250901-1425
1426,1426,Rent Payment - Billing #1426,FRNT-OCT2025-1426,Credit,Rent Payment,2025-10-01,11540.29,f,2026-05-07 21:28:54,2026-05-07 21:28:54,,Maya,OR-20251001-1426
1427,1427,Rent Payment - Billing #1427,FRNT-NOV2025-1427,Credit,Rent Payment,2025-11-01,11706.89,f,2026-05-07 21:28:54,2026-05-07 21:28:54,,GCash,OR-20251101-1427
1428,1428,Rent Payment - Billing #1428,FRNT-DEC2025-1428,Credit,Rent Payment,2025-12-01,11779.92,f,2026-05-07 21:28:54,2026-05-07 21:28:54,,Bank Transfer,OR-20251201-1428
1429,1429,Rent Payment - Billing #1429,FRNT-JAN2026-1429,Credit,Rent Payment,2026-01-01,11542.70,f,2026-05-07 21:28:54,2026-05-07 21:28:54,,GCash,OR-20260101-1429
1430,1430,Move-Out Settlement - Billing #1430,FRNT-JAN2026-1430,Credit,Rent Payment,2026-01-01,-10587.30,f,2026-05-07 21:28:54,2026-05-07 21:28:54,,GCash,OR-20260101-1430
1431,1431,Rent Payment - Billing #1431,FRNT-AUG2025-1431,Credit,Rent Payment,2025-08-01,15014.60,f,2026-05-07 21:28:54,2026-05-07 21:28:54,,Maya,OR-20250801-1431
1432,1432,Rent Payment - Billing #1432,FRNT-SEP2025-1432,Credit,Rent Payment,2025-09-01,15047.85,f,2026-05-07 21:28:54,2026-05-07 21:28:54,,Maya,OR-20250901-1432
1433,1433,Rent Payment - Billing #1433,FRNT-OCT2025-1433,Credit,Rent Payment,2025-10-01,14151.50,f,2026-05-07 21:28:54,2026-05-07 21:28:54,,GCash,OR-20251001-1433
1434,1434,Move-Out Settlement - Billing #1434,FRNT-OCT2025-1434,Credit,Rent Payment,2025-10-01,-11192.50,f,2026-05-07 21:28:54,2026-05-07 21:28:54,,Maya,OR-20251001-1434
1435,1435,Rent Payment - Billing #1435,FRNT-AUG2025-1435,Credit,Rent Payment,2025-08-01,7126.08,f,2026-05-07 21:28:54,2026-05-07 21:28:54,,Cash,OR-20250801-1435
1436,1436,Move-Out Settlement - Billing #1436,FRNT-AUG2025-1436,Credit,Rent Payment,2025-08-01,-4763.92,f,2026-05-07 21:28:54,2026-05-07 21:28:54,,Bank Transfer,OR-20250801-1436
1437,1437,Rent Payment - Billing #1437,FRNT-AUG2025-1437,Credit,Rent Payment,2025-08-01,12972.08,f,2026-05-07 21:28:54,2026-05-07 21:28:54,,GCash,OR-20250801-1437
1438,1438,Rent Payment - Billing #1438,FRNT-SEP2025-1438,Credit,Rent Payment,2025-09-01,12633.83,f,2026-05-07 21:28:54,2026-05-07 21:28:54,,Bank Transfer,OR-20250901-1438
1439,1439,Rent Payment - Billing #1439,FRNT-OCT2025-1439,Credit,Rent Payment,2025-10-01,12897.78,f,2026-05-07 21:28:54,2026-05-07 21:28:54,,Maya,OR-20251001-1439
1440,1440,Rent Payment - Billing #1440,FRNT-NOV2025-1440,Credit,Rent Payment,2025-11-01,12638.69,f,2026-05-07 21:28:54,2026-05-07 21:28:54,,Maya,OR-20251101-1440
1441,1441,Rent Payment - Billing #1441,FRNT-DEC2025-1441,Credit,Rent Payment,2025-12-01,12704.62,f,2026-05-07 21:28:54,2026-05-07 21:28:54,,GCash,OR-20251201-1441
1442,1442,Rent Payment - Billing #1442,FRNT-JAN2026-1442,Credit,Rent Payment,2026-01-01,12895.10,f,2026-05-07 21:28:54,2026-05-07 21:28:54,,Maya,OR-20260101-1442
1443,1443,Move-Out Settlement - Billing #1443,FRNT-JAN2026-1443,Credit,Rent Payment,2026-01-01,-11696.90,f,2026-05-07 21:28:54,2026-05-07 21:28:54,,Maya,OR-20260101-1443
1444,1444,Rent Payment - Billing #1444,FRNT-AUG2025-1444,Credit,Rent Payment,2025-08-01,13565.57,f,2026-05-07 21:28:54,2026-05-07 21:28:54,,Cash,OR-20250801-1444
1445,1445,Rent Payment - Billing #1445,FRNT-SEP2025-1445,Credit,Rent Payment,2025-09-01,12819.63,f,2026-05-07 21:28:54,2026-05-07 21:28:54,,Cash,OR-20250901-1445
1446,1446,Rent Payment - Billing #1446,FRNT-OCT2025-1446,Credit,Rent Payment,2025-10-01,12405.68,f,2026-05-07 21:28:54,2026-05-07 21:28:54,,Maya,OR-20251001-1446
1447,1447,Move-Out Settlement - Billing #1447,FRNT-OCT2025-1447,Credit,Rent Payment,2025-10-01,-9860.32,f,2026-05-07 21:28:54,2026-05-07 21:28:54,,Maya,OR-20251001-1447
1448,1448,Rent Payment - Billing #1448,FRNT-AUG2025-1448,Credit,Rent Payment,2025-08-01,13814.97,f,2026-05-07 21:28:54,2026-05-07 21:28:54,,GCash,OR-20250801-1448
1449,1449,Rent Payment - Billing #1449,FRNT-SEP2025-1449,Credit,Rent Payment,2025-09-01,13708.69,f,2026-05-07 21:28:54,2026-05-07 21:28:54,,Bank Transfer,OR-20250901-1449
1450,1450,Rent Payment - Billing #1450,FRNT-OCT2025-1450,Credit,Rent Payment,2025-10-01,13547.43,f,2026-05-07 21:28:54,2026-05-07 21:28:54,,Cash,OR-20251001-1450
1451,1451,Rent Payment - Billing #1451,FRNT-NOV2025-1451,Credit,Rent Payment,2025-11-01,13930.81,f,2026-05-07 21:28:54,2026-05-07 21:28:54,,Bank Transfer,OR-20251101-1451
1452,1452,Rent Payment - Billing #1452,FRNT-DEC2025-1452,Credit,Rent Payment,2025-12-01,13715.92,f,2026-05-07 21:28:54,2026-05-07 21:28:54,,Maya,OR-20251201-1452
1453,1453,Rent Payment - Billing #1453,FRNT-JAN2026-1453,Credit,Rent Payment,2026-01-01,13411.31,f,2026-05-07 21:28:54,2026-05-07 21:28:54,,GCash,OR-20260101-1453
1454,1454,Move-Out Settlement - Billing #1454,FRNT-JAN2026-1454,Credit,Rent Payment,2026-01-01,-12246.69,f,2026-05-07 21:28:54,2026-05-07 21:28:54,,Cash,OR-20260101-1454
1455,1455,Move-In Payment - Billing #1455,FRNT-JUL2025-1455,Credit,Rent Payment,2025-07-01,22130.00,f,2026-05-07 21:28:54,2026-05-07 21:28:54,,GCash,OR-20250701-1455
1456,1456,Rent Payment - Billing #1456,FRNT-AUG2025-1456,Credit,Rent Payment,2025-08-01,11867.43,f,2026-05-07 21:28:54,2026-05-07 21:28:54,,GCash,OR-20250801-1456
1457,1457,Rent Payment - Billing #1457,FRNT-SEP2025-1457,Credit,Rent Payment,2025-09-01,12015.37,f,2026-05-07 21:28:54,2026-05-07 21:28:54,,GCash,OR-20250901-1457
1458,1458,Rent Payment - Billing #1458,FRNT-OCT2025-1458,Credit,Rent Payment,2025-10-01,12040.29,f,2026-05-07 21:28:54,2026-05-07 21:28:54,,Bank Transfer,OR-20251001-1458
1459,1459,Move-Out Settlement - Billing #1459,FRNT-OCT2025-1459,Credit,Rent Payment,2025-10-01,-10589.71,f,2026-05-07 21:28:54,2026-05-07 21:28:54,,Maya,OR-20251001-1459
1460,1460,Rent Payment - Billing #1460,FRNT-AUG2025-1460,Credit,Rent Payment,2025-08-01,14638.76,f,2026-05-07 21:28:54,2026-05-07 21:28:54,,Maya,OR-20250801-1460
1461,1461,Rent Payment - Billing #1461,FRNT-SEP2025-1461,Credit,Rent Payment,2025-09-01,14509.06,f,2026-05-07 21:28:54,2026-05-07 21:28:54,,GCash,OR-20250901-1461
1462,1462,Rent Payment - Billing #1462,FRNT-OCT2025-1462,Credit,Rent Payment,2025-10-01,14412.85,f,2026-05-07 21:28:54,2026-05-07 21:28:54,,GCash,OR-20251001-1462
1463,1463,Rent Payment - Billing #1463,FRNT-NOV2025-1463,Credit,Rent Payment,2025-11-01,14788.87,f,2026-05-07 21:28:54,2026-05-07 21:28:54,,Cash,OR-20251101-1463
1464,1464,Rent Payment - Billing #1464,FRNT-DEC2025-1464,Credit,Rent Payment,2025-12-01,14821.96,f,2026-05-07 21:28:54,2026-05-07 21:28:54,,GCash,OR-20251201-1464
1465,1465,Rent Payment - Billing #1465,FRNT-JAN2026-1465,Credit,Rent Payment,2026-01-01,14559.14,f,2026-05-07 21:28:54,2026-05-07 21:28:54,,Bank Transfer,OR-20260101-1465
1466,1466,Rent Payment - Billing #1466,FRNT-FEB2026-1466,Credit,Rent Payment,2026-02-01,14760.14,f,2026-05-07 21:28:54,2026-05-07 21:28:54,,Maya,OR-20260201-1466
1467,1467,Rent Payment - Billing #1467,FRNT-MAR2026-1467,Credit,Rent Payment,2026-03-01,14681.71,f,2026-05-07 21:28:54,2026-05-07 21:28:54,,Bank Transfer,OR-20260301-1467
1468,1468,Rent Payment - Billing #1468,FRNT-APR2026-1468,Credit,Rent Payment,2026-04-01,14564.31,f,2026-05-07 21:28:54,2026-05-07 21:28:54,,Bank Transfer,OR-20260401-1468
1469,1469,Rent Payment - Billing #1469,FRNT-MAY2026-1469,Credit,Rent Payment,2026-05-01,14586.43,f,2026-05-07 21:28:54,2026-05-07 21:28:54,,Maya,OR-20260501-1469
1470,1470,Rent Payment - Billing #1470,FRNT-SEP2025-1470,Credit,Rent Payment,2025-09-01,13259.68,f,2026-05-07 21:28:54,2026-05-07 21:28:54,,Bank Transfer,OR-20250901-1470
1471,1471,Rent Payment - Billing #1471,FRNT-OCT2025-1471,Credit,Rent Payment,2025-10-01,12769.31,f,2026-05-07 21:28:54,2026-05-07 21:28:54,,Bank Transfer,OR-20251001-1471
1472,1472,Rent Payment - Billing #1472,FRNT-NOV2025-1472,Credit,Rent Payment,2025-11-01,13264.08,f,2026-05-07 21:28:54,2026-05-07 21:28:54,,Cash,OR-20251101-1472
1473,1473,Rent Payment - Billing #1473,FRNT-DEC2025-1473,Credit,Rent Payment,2025-12-01,13199.38,f,2026-05-07 21:28:54,2026-05-07 21:28:54,,Cash,OR-20251201-1473
1474,1474,Rent Payment - Billing #1474,FRNT-JAN2026-1474,Credit,Rent Payment,2026-01-01,13706.89,f,2026-05-07 21:28:54,2026-05-07 21:28:54,,Maya,OR-20260101-1474
1475,1475,Rent Payment - Billing #1475,FRNT-FEB2026-1475,Credit,Rent Payment,2026-02-01,13114.98,f,2026-05-07 21:28:54,2026-05-07 21:28:54,,Maya,OR-20260201-1475
1476,1476,Rent Payment - Billing #1476,FRNT-MAR2026-1476,Credit,Rent Payment,2026-03-01,12851.77,f,2026-05-07 21:28:54,2026-05-07 21:28:54,,Bank Transfer,OR-20260301-1476
1477,1477,Rent Payment - Billing #1477,FRNT-APR2026-1477,Credit,Rent Payment,2026-04-01,14155.22,f,2026-05-07 21:28:54,2026-05-07 21:28:54,,Maya,OR-20260401-1477
1478,1478,Rent Payment - Billing #1478,FRNT-MAY2026-1478,Credit,Rent Payment,2026-05-01,12763.30,f,2026-05-07 21:28:54,2026-05-07 21:28:54,,Bank Transfer,OR-20260501-1478
1479,1479,Rent Payment - Billing #1479,FRNT-SEP2025-1479,Credit,Rent Payment,2025-09-01,8941.65,f,2026-05-07 21:28:54,2026-05-07 21:28:54,,Maya,OR-20250901-1479
1480,1480,Rent Payment - Billing #1480,FRNT-OCT2025-1480,Credit,Rent Payment,2025-10-01,9677.61,f,2026-05-07 21:28:54,2026-05-07 21:28:54,,Cash,OR-20251001-1480
1481,1481,Rent Payment - Billing #1481,FRNT-NOV2025-1481,Credit,Rent Payment,2025-11-01,8567.79,f,2026-05-07 21:28:54,2026-05-07 21:28:54,,Cash,OR-20251101-1481
1482,1482,Move-Out Settlement - Billing #1482,FRNT-NOV2025-1482,Credit,Rent Payment,2025-11-01,-6414.21,f,2026-05-07 21:28:54,2026-05-07 21:28:54,,GCash,OR-20251101-1482
1483,1483,Rent Payment - Billing #1483,FRNT-SEP2025-1483,Credit,Rent Payment,2025-09-01,7723.45,f,2026-05-07 21:28:54,2026-05-07 21:28:54,,Cash,OR-20250901-1483
1484,1484,Rent Payment - Billing #1484,FRNT-OCT2025-1484,Credit,Rent Payment,2025-10-01,7505.78,f,2026-05-07 21:28:54,2026-05-07 21:28:54,,Cash,OR-20251001-1484
1485,1485,Rent Payment - Billing #1485,FRNT-NOV2025-1485,Credit,Rent Payment,2025-11-01,8009.82,f,2026-05-07 21:28:54,2026-05-07 21:28:54,,Cash,OR-20251101-1485
1486,1486,Rent Payment - Billing #1486,FRNT-DEC2025-1486,Credit,Rent Payment,2025-12-01,7571.75,f,2026-05-07 21:28:54,2026-05-07 21:28:54,,Maya,OR-20251201-1486
1487,1487,Rent Payment - Billing #1487,FRNT-JAN2026-1487,Credit,Rent Payment,2026-01-01,8038.44,f,2026-05-07 21:28:54,2026-05-07 21:28:54,,Maya,OR-20260101-1487
1488,1488,Rent Payment - Billing #1488,FRNT-FEB2026-1488,Credit,Rent Payment,2026-02-01,8096.41,f,2026-05-07 21:28:54,2026-05-07 21:28:54,,Bank Transfer,OR-20260201-1488
1489,1489,Rent Payment - Billing #1489,FRNT-MAR2026-1489,Credit,Rent Payment,2026-03-01,7885.31,f,2026-05-07 21:28:54,2026-05-07 21:28:54,,Bank Transfer,OR-20260301-1489
1490,1490,Rent Payment - Billing #1490,FRNT-APR2026-1490,Credit,Rent Payment,2026-04-01,8411.61,f,2026-05-07 21:28:54,2026-05-07 21:28:54,,Maya,OR-20260401-1490
1491,1491,Rent Payment - Billing #1491,FRNT-MAY2026-1491,Credit,Rent Payment,2026-05-01,7232.92,f,2026-05-07 21:28:54,2026-05-07 21:28:54,,GCash,OR-20260501-1491
1492,1492,Rent Payment - Billing #1492,FRNT-SEP2025-1492,Credit,Rent Payment,2025-09-01,12015.37,f,2026-05-07 21:28:54,2026-05-07 21:28:54,,Cash,OR-20250901-1492
1493,1493,Move-Out Settlement - Billing #1493,FRNT-SEP2025-1493,Credit,Rent Payment,2025-09-01,-10614.63,f,2026-05-07 21:28:54,2026-05-07 21:28:54,,Cash,OR-20250901-1493
1494,1494,Rent Payment - Billing #1494,FRNT-OCT2025-1494,Credit,Rent Payment,2025-10-01,14809.39,f,2026-05-07 21:28:54,2026-05-07 21:28:54,,Bank Transfer,OR-20251001-1494
1495,1495,Move-Out Settlement - Billing #1495,FRNT-OCT2025-1495,Credit,Rent Payment,2025-10-01,-12028.61,f,2026-05-07 21:28:54,2026-05-07 21:28:54,,Cash,OR-20251001-1495
1496,1496,Rent Payment - Billing #1496,FRNT-OCT2025-1496,Credit,Rent Payment,2025-10-01,11337.01,f,2026-05-07 21:28:54,2026-05-07 21:28:54,,Cash,OR-20251001-1496
1497,1497,Rent Payment - Billing #1497,FRNT-NOV2025-1497,Credit,Rent Payment,2025-11-01,10819.14,f,2026-05-07 21:28:54,2026-05-07 21:28:54,,Cash,OR-20251101-1497
1498,1498,Rent Payment - Billing #1498,FRNT-DEC2025-1498,Credit,Rent Payment,2025-12-01,11375.27,f,2026-05-07 21:28:54,2026-05-07 21:28:54,,Maya,OR-20251201-1498
1499,1499,Rent Payment - Billing #1499,FRNT-JAN2026-1499,Credit,Rent Payment,2026-01-01,10573.42,f,2026-05-07 21:28:54,2026-05-07 21:28:54,,Cash,OR-20260101-1499
1500,1500,Rent Payment - Billing #1500,FRNT-FEB2026-1500,Credit,Rent Payment,2026-02-01,12151.33,f,2026-05-07 21:28:54,2026-05-07 21:28:54,,Cash,OR-20260201-1500
1501,1501,Rent Payment - Billing #1501,FRNT-MAR2026-1501,Credit,Rent Payment,2026-03-01,10543.11,f,2026-05-07 21:28:54,2026-05-07 21:28:54,,Bank Transfer,OR-20260301-1501
1502,1502,Move-Out Settlement - Billing #1502,FRNT-MAR2026-1502,Credit,Rent Payment,2026-03-01,-8080.89,f,2026-05-07 21:28:54,2026-05-07 21:28:54,,GCash,OR-20260301-1502
1503,1503,Rent Payment - Billing #1503,FRNT-OCT2025-1503,Credit,Rent Payment,2025-10-01,12897.78,f,2026-05-07 21:28:54,2026-05-07 21:28:54,,Bank Transfer,OR-20251001-1503
1504,1504,Rent Payment - Billing #1504,FRNT-NOV2025-1504,Credit,Rent Payment,2025-11-01,12638.69,f,2026-05-07 21:28:54,2026-05-07 21:28:54,,Bank Transfer,OR-20251101-1504
1505,1505,Rent Payment - Billing #1505,FRNT-DEC2025-1505,Credit,Rent Payment,2025-12-01,12704.62,f,2026-05-07 21:28:54,2026-05-07 21:28:54,,Bank Transfer,OR-20251201-1505
1506,1506,Rent Payment - Billing #1506,FRNT-JAN2026-1506,Credit,Rent Payment,2026-01-01,12895.10,f,2026-05-07 21:28:54,2026-05-07 21:28:54,,Cash,OR-20260101-1506
1507,1507,Rent Payment - Billing #1507,FRNT-FEB2026-1507,Credit,Rent Payment,2026-02-01,13099.34,f,2026-05-07 21:28:54,2026-05-07 21:28:54,,Maya,OR-20260201-1507
1508,1508,Rent Payment - Billing #1508,FRNT-MAR2026-1508,Credit,Rent Payment,2026-03-01,13129.76,f,2026-05-07 21:28:54,2026-05-07 21:28:54,,Maya,OR-20260301-1508
1509,1509,Rent Payment - Billing #1509,FRNT-APR2026-1509,Credit,Rent Payment,2026-04-01,12705.66,f,2026-05-07 21:28:54,2026-05-07 21:28:54,,GCash,OR-20260401-1509
1510,1510,Rent Payment - Billing #1510,FRNT-MAY2026-1510,Credit,Rent Payment,2026-05-01,12799.12,f,2026-05-07 21:28:54,2026-05-07 21:28:54,,Maya,OR-20260501-1510
1511,1511,Rent Payment - Billing #1511,FRNT-OCT2025-1511,Credit,Rent Payment,2025-10-01,12040.29,f,2026-05-07 21:28:54,2026-05-07 21:28:54,,GCash,OR-20251001-1511
1512,1512,Rent Payment - Billing #1512,FRNT-NOV2025-1512,Credit,Rent Payment,2025-11-01,12206.89,f,2026-05-07 21:28:54,2026-05-07 21:28:54,,Cash,OR-20251101-1512
1513,1513,Rent Payment - Billing #1513,FRNT-DEC2025-1513,Credit,Rent Payment,2025-12-01,12279.92,f,2026-05-07 21:28:54,2026-05-07 21:28:54,,GCash,OR-20251201-1513
1514,1514,Move-Out Settlement - Billing #1514,FRNT-DEC2025-1514,Credit,Rent Payment,2025-12-01,-10350.08,f,2026-05-07 21:28:54,2026-05-07 21:28:54,,Bank Transfer,OR-20251201-1514
1515,1515,Rent Payment - Billing #1515,FRNT-NOV2025-1515,Credit,Rent Payment,2025-11-01,13818.49,f,2026-05-07 21:28:54,2026-05-07 21:28:54,,GCash,OR-20251101-1515
1516,1516,Rent Payment - Billing #1516,FRNT-DEC2025-1516,Credit,Rent Payment,2025-12-01,13575.79,f,2026-05-07 21:28:54,2026-05-07 21:28:54,,GCash,OR-20251201-1516
1517,1517,Rent Payment - Billing #1517,FRNT-JAN2026-1517,Credit,Rent Payment,2026-01-01,13788.29,f,2026-05-07 21:28:54,2026-05-07 21:28:54,,Cash,OR-20260101-1517
1518,1518,Rent Payment - Billing #1518,FRNT-FEB2026-1518,Credit,Rent Payment,2026-02-01,13753.12,f,2026-05-07 21:28:54,2026-05-07 21:28:54,,Bank Transfer,OR-20260201-1518
1519,1519,Rent Payment - Billing #1519,FRNT-MAR2026-1519,Credit,Rent Payment,2026-03-01,14003.45,f,2026-05-07 21:28:54,2026-05-07 21:28:54,,Maya,OR-20260301-1519
1520,1520,Rent Payment - Billing #1520,FRNT-APR2026-1520,Credit,Rent Payment,2026-04-01,13755.70,f,2026-05-07 21:28:54,2026-05-07 21:28:54,,Cash,OR-20260401-1520
1521,1521,Rent Payment - Billing #1521,FRNT-MAY2026-1521,Credit,Rent Payment,2026-05-01,13393.08,f,2026-05-07 21:28:54,2026-05-07 21:28:54,,Cash,OR-20260501-1521
1522,1522,Rent Payment - Billing #1522,FRNT-NOV2025-1522,Credit,Rent Payment,2025-11-01,12446.87,f,2026-05-07 21:28:54,2026-05-07 21:28:54,,GCash,OR-20251101-1522
1523,1523,Rent Payment - Billing #1523,FRNT-DEC2025-1523,Credit,Rent Payment,2025-12-01,12777.67,f,2026-05-07 21:28:54,2026-05-07 21:28:54,,GCash,OR-20251201-1523
1524,1524,Rent Payment - Billing #1524,FRNT-JAN2026-1524,Credit,Rent Payment,2026-01-01,12501.92,f,2026-05-07 21:28:54,2026-05-07 21:28:54,,Bank Transfer,OR-20260101-1524
1525,1525,Rent Payment - Billing #1525,FRNT-FEB2026-1525,Credit,Rent Payment,2026-02-01,12433.11,f,2026-05-07 21:28:54,2026-05-07 21:28:54,,Bank Transfer,OR-20260201-1525
1526,1526,Rent Payment - Billing #1526,FRNT-MAR2026-1526,Credit,Rent Payment,2026-03-01,12608.26,f,2026-05-07 21:28:54,2026-05-07 21:28:54,,Maya,OR-20260301-1526
1527,1527,Rent Payment - Billing #1527,FRNT-APR2026-1527,Credit,Rent Payment,2026-04-01,13157.53,f,2026-05-07 21:28:54,2026-05-07 21:28:54,,Maya,OR-20260401-1527
1528,1528,Rent Payment - Billing #1528,FRNT-MAY2026-1528,Credit,Rent Payment,2026-05-01,12496.42,f,2026-05-07 21:28:54,2026-05-07 21:28:54,,Cash,OR-20260501-1528
1529,1529,Rent Payment - Billing #1529,FRNT-NOV2025-1529,Credit,Rent Payment,2025-11-01,14601.18,f,2026-05-07 21:28:54,2026-05-07 21:28:54,,Maya,OR-20251101-1529
1530,1530,Rent Payment - Billing #1530,FRNT-DEC2025-1530,Credit,Rent Payment,2025-12-01,13943.66,f,2026-05-07 21:28:54,2026-05-07 21:28:54,,Cash,OR-20251201-1530
1531,1531,Rent Payment - Billing #1531,FRNT-JAN2026-1531,Credit,Rent Payment,2026-01-01,14173.15,f,2026-05-07 21:28:54,2026-05-07 21:28:54,,Maya,OR-20260101-1531
1532,1532,Rent Payment - Billing #1532,FRNT-FEB2026-1532,Credit,Rent Payment,2026-02-01,14554.27,f,2026-05-07 21:28:54,2026-05-07 21:28:54,,GCash,OR-20260201-1532
1533,1533,Rent Payment - Billing #1533,FRNT-MAR2026-1533,Credit,Rent Payment,2026-03-01,14119.98,f,2026-05-07 21:28:54,2026-05-07 21:28:54,,GCash,OR-20260301-1533
1534,1534,Rent Payment - Billing #1534,FRNT-APR2026-1534,Credit,Rent Payment,2026-04-01,14218.49,f,2026-05-07 21:28:54,2026-05-07 21:28:54,,Maya,OR-20260401-1534
1535,1535,Rent Payment - Billing #1535,FRNT-MAY2026-1535,Credit,Rent Payment,2026-05-01,14848.10,f,2026-05-07 21:28:54,2026-05-07 21:28:54,,Cash,OR-20260501-1535
1536,1536,Rent Payment - Billing #1536,FRNT-NOV2025-1536,Credit,Rent Payment,2025-11-01,10437.31,f,2026-05-07 21:28:54,2026-05-07 21:28:54,,Cash,OR-20251101-1536
1537,1537,Rent Payment - Billing #1537,FRNT-DEC2025-1537,Credit,Rent Payment,2025-12-01,10455.02,f,2026-05-07 21:28:54,2026-05-07 21:28:54,,Maya,OR-20251201-1537
1538,1538,Rent Payment - Billing #1538,FRNT-JAN2026-1538,Credit,Rent Payment,2026-01-01,10312.92,f,2026-05-07 21:28:54,2026-05-07 21:28:54,,Cash,OR-20260101-1538
1539,1539,Move-Out Settlement - Billing #1539,FRNT-JAN2026-1539,Credit,Rent Payment,2026-01-01,-8859.08,f,2026-05-07 21:28:54,2026-05-07 21:28:54,,Cash,OR-20260101-1539
1540,1540,Rent Payment - Billing #1540,FRNT-NOV2025-1540,Credit,Rent Payment,2025-11-01,9180.94,f,2026-05-07 21:28:54,2026-05-07 21:28:54,,Cash,OR-20251101-1540
1541,1541,Rent Payment - Billing #1541,FRNT-DEC2025-1541,Credit,Rent Payment,2025-12-01,8601.14,f,2026-05-07 21:28:54,2026-05-07 21:28:54,,Cash,OR-20251201-1541
1542,1542,Rent Payment - Billing #1542,FRNT-JAN2026-1542,Credit,Rent Payment,2026-01-01,8427.25,f,2026-05-07 21:28:54,2026-05-07 21:28:54,,GCash,OR-20260101-1542
1543,1543,Move-Out Settlement - Billing #1543,FRNT-JAN2026-1543,Credit,Rent Payment,2026-01-01,-5508.75,f,2026-05-07 21:28:54,2026-05-07 21:28:54,,Maya,OR-20260101-1543
1544,1544,Rent Payment - Billing #1544,FRNT-NOV2025-1544,Credit,Rent Payment,2025-11-01,8463.02,f,2026-05-07 21:28:54,2026-05-07 21:28:54,,Maya,OR-20251101-1544
1545,1545,Rent Payment - Billing #1545,FRNT-DEC2025-1545,Credit,Rent Payment,2025-12-01,8079.30,f,2026-05-07 21:28:54,2026-05-07 21:28:54,,Bank Transfer,OR-20251201-1545
1546,1546,Rent Payment - Billing #1546,FRNT-JAN2026-1546,Credit,Rent Payment,2026-01-01,8100.36,f,2026-05-07 21:28:54,2026-05-07 21:28:54,,Bank Transfer,OR-20260101-1546
1547,1547,Rent Payment - Billing #1547,FRNT-FEB2026-1547,Credit,Rent Payment,2026-02-01,8557.17,f,2026-05-07 21:28:54,2026-05-07 21:28:54,,Bank Transfer,OR-20260201-1547
1548,1548,Rent Payment - Billing #1548,FRNT-MAR2026-1548,Credit,Rent Payment,2026-03-01,8138.61,f,2026-05-07 21:28:54,2026-05-07 21:28:54,,Bank Transfer,OR-20260301-1548
1549,1549,Rent Payment - Billing #1549,FRNT-APR2026-1549,Credit,Rent Payment,2026-04-01,8009.70,f,2026-05-07 21:28:54,2026-05-07 21:28:54,,Bank Transfer,OR-20260401-1549
1550,1550,Rent Payment - Billing #1550,FRNT-MAY2026-1550,Credit,Rent Payment,2026-05-01,8467.48,f,2026-05-07 21:28:54,2026-05-07 21:28:54,,Maya,OR-20260501-1550
1551,1551,Rent Payment - Billing #1551,FRNT-NOV2025-1551,Credit,Rent Payment,2025-11-01,13666.83,f,2026-05-07 21:28:54,2026-05-07 21:28:54,,Maya,OR-20251101-1551
1552,1552,Rent Payment - Billing #1552,FRNT-DEC2025-1552,Credit,Rent Payment,2025-12-01,15025.63,f,2026-05-07 21:28:54,2026-05-07 21:28:54,,Maya,OR-20251201-1552
1553,1553,Rent Payment - Billing #1553,FRNT-JAN2026-1553,Credit,Rent Payment,2026-01-01,15140.39,f,2026-05-07 21:28:54,2026-05-07 21:28:54,,GCash,OR-20260101-1553
1554,1554,Rent Payment - Billing #1554,FRNT-FEB2026-1554,Credit,Rent Payment,2026-02-01,14545.17,f,2026-05-07 21:28:54,2026-05-07 21:28:54,,Maya,OR-20260201-1554
1555,1555,Rent Payment - Billing #1555,FRNT-MAR2026-1555,Credit,Rent Payment,2026-03-01,14592.12,f,2026-05-07 21:28:54,2026-05-07 21:28:54,,GCash,OR-20260301-1555
1556,1556,Rent Payment - Billing #1556,FRNT-APR2026-1556,Credit,Rent Payment,2026-04-01,14504.38,f,2026-05-07 21:28:54,2026-05-07 21:28:54,,Maya,OR-20260401-1556
1557,1558,Rent Payment - Billing #1558,FRNT-NOV2025-1557,Credit,Rent Payment,2025-11-01,14986.02,f,2026-05-07 21:28:54,2026-05-07 21:28:54,,Cash,OR-20251101-1557
1558,1559,Rent Payment - Billing #1559,FRNT-DEC2025-1558,Credit,Rent Payment,2025-12-01,16226.25,f,2026-05-07 21:28:54,2026-05-07 21:28:54,,GCash,OR-20251201-1558
1559,1560,Rent Payment - Billing #1560,FRNT-JAN2026-1559,Credit,Rent Payment,2026-01-01,14771.15,f,2026-05-07 21:28:54,2026-05-07 21:28:54,,GCash,OR-20260101-1559
1560,1561,Move-Out Settlement - Billing #1561,FRNT-JAN2026-1560,Credit,Rent Payment,2026-01-01,-12066.85,f,2026-05-07 21:28:54,2026-05-07 21:28:54,,Cash,OR-20260101-1560
1561,1562,Rent Payment - Billing #1562,FRNT-NOV2025-1561,Credit,Rent Payment,2025-11-01,11706.89,f,2026-05-07 21:28:54,2026-05-07 21:28:54,,Maya,OR-20251101-1561
1562,1563,Rent Payment - Billing #1563,FRNT-DEC2025-1562,Credit,Rent Payment,2025-12-01,11779.92,f,2026-05-07 21:28:54,2026-05-07 21:28:54,,GCash,OR-20251201-1562
1563,1564,Rent Payment - Billing #1564,FRNT-JAN2026-1563,Credit,Rent Payment,2026-01-01,11542.70,f,2026-05-07 21:28:54,2026-05-07 21:28:54,,GCash,OR-20260101-1563
1564,1565,Rent Payment - Billing #1565,FRNT-FEB2026-1564,Credit,Rent Payment,2026-02-01,11712.24,f,2026-05-07 21:28:54,2026-05-07 21:28:54,,Maya,OR-20260201-1564
1565,1566,Rent Payment - Billing #1566,FRNT-MAR2026-1565,Credit,Rent Payment,2026-03-01,11542.75,f,2026-05-07 21:28:54,2026-05-07 21:28:54,,Maya,OR-20260301-1565
1566,1567,Rent Payment - Billing #1567,FRNT-APR2026-1566,Credit,Rent Payment,2026-04-01,11436.19,f,2026-05-07 21:28:54,2026-05-07 21:28:54,,Cash,OR-20260401-1566
1567,1568,Move-Out Settlement - Billing #1568,FRNT-APR2026-1567,Credit,Rent Payment,2026-04-01,-10693.81,f,2026-05-07 21:28:54,2026-05-07 21:28:54,,Bank Transfer,OR-20260401-1567
1568,1569,Rent Payment - Billing #1569,FRNT-DEC2025-1568,Credit,Rent Payment,2025-12-01,12704.62,f,2026-05-07 21:28:54,2026-05-07 21:28:54,,Bank Transfer,OR-20251201-1568
1569,1570,Rent Payment - Billing #1570,FRNT-JAN2026-1569,Credit,Rent Payment,2026-01-01,12895.10,f,2026-05-07 21:28:54,2026-05-07 21:28:54,,GCash,OR-20260101-1569
1570,1571,Rent Payment - Billing #1571,FRNT-FEB2026-1570,Credit,Rent Payment,2026-02-01,13099.34,f,2026-05-07 21:28:54,2026-05-07 21:28:54,,Maya,OR-20260201-1570
1571,1572,Rent Payment - Billing #1572,FRNT-MAR2026-1571,Credit,Rent Payment,2026-03-01,13129.76,f,2026-05-07 21:28:54,2026-05-07 21:28:54,,GCash,OR-20260301-1571
1572,1573,Rent Payment - Billing #1573,FRNT-APR2026-1572,Credit,Rent Payment,2026-04-01,12705.66,f,2026-05-07 21:28:54,2026-05-07 21:28:54,,GCash,OR-20260401-1572
1573,1574,Rent Payment - Billing #1574,FRNT-MAY2026-1573,Credit,Rent Payment,2026-05-01,12799.12,f,2026-05-07 21:28:54,2026-05-07 21:28:54,,Cash,OR-20260501-1573
1574,1575,Move-Out Settlement - Billing #1575,FRNT-MAY2026-1574,Credit,Rent Payment,2026-05-01,-11792.88,f,2026-05-07 21:28:54,2026-05-07 21:28:54,,Maya,OR-20260501-1574
1575,1576,Rent Payment - Billing #1576,FRNT-DEC2025-1575,Credit,Rent Payment,2025-12-01,9465.32,f,2026-05-07 21:28:54,2026-05-07 21:28:54,,GCash,OR-20251201-1575
1576,1577,Rent Payment - Billing #1577,FRNT-JAN2026-1576,Credit,Rent Payment,2026-01-01,8992.25,f,2026-05-07 21:28:54,2026-05-07 21:28:54,,Cash,OR-20260101-1576
1577,1578,Rent Payment - Billing #1578,FRNT-FEB2026-1577,Credit,Rent Payment,2026-02-01,8613.68,f,2026-05-07 21:28:54,2026-05-07 21:28:54,,Bank Transfer,OR-20260201-1577
1578,1579,Rent Payment - Billing #1579,FRNT-MAR2026-1578,Credit,Rent Payment,2026-03-01,8549.84,f,2026-05-07 21:28:54,2026-05-07 21:28:54,,GCash,OR-20260301-1578
1579,1580,Rent Payment - Billing #1580,FRNT-APR2026-1579,Credit,Rent Payment,2026-04-01,9940.76,f,2026-05-07 21:28:54,2026-05-07 21:28:54,,Bank Transfer,OR-20260401-1579
1580,1581,Rent Payment - Billing #1581,FRNT-MAY2026-1580,Credit,Rent Payment,2026-05-01,9114.36,f,2026-05-07 21:28:55,2026-05-07 21:28:55,,GCash,OR-20260501-1580
1581,1582,Rent Payment - Billing #1582,FRNT-DEC2025-1581,Credit,Rent Payment,2025-12-01,9522.44,f,2026-05-07 21:28:55,2026-05-07 21:28:55,,Bank Transfer,OR-20251201-1581
1582,1583,Rent Payment - Billing #1583,FRNT-JAN2026-1582,Credit,Rent Payment,2026-01-01,9368.97,f,2026-05-07 21:28:55,2026-05-07 21:28:55,,Cash,OR-20260101-1582
1583,1584,Rent Payment - Billing #1584,FRNT-FEB2026-1583,Credit,Rent Payment,2026-02-01,8360.75,f,2026-05-07 21:28:55,2026-05-07 21:28:55,,Cash,OR-20260201-1583
1584,1585,Rent Payment - Billing #1585,FRNT-MAR2026-1584,Credit,Rent Payment,2026-03-01,9693.07,f,2026-05-07 21:28:55,2026-05-07 21:28:55,,GCash,OR-20260301-1584
1585,1586,Rent Payment - Billing #1586,FRNT-APR2026-1585,Credit,Rent Payment,2026-04-01,9605.87,f,2026-05-07 21:28:55,2026-05-07 21:28:55,,GCash,OR-20260401-1585
1586,1587,Rent Payment - Billing #1587,FRNT-MAY2026-1586,Credit,Rent Payment,2026-05-01,8050.32,f,2026-05-07 21:28:55,2026-05-07 21:28:55,,GCash,OR-20260501-1586
1587,1588,Move-Out Settlement - Billing #1588,FRNT-MAY2026-1587,Credit,Rent Payment,2026-05-01,-6123.68,f,2026-05-07 21:28:55,2026-05-07 21:28:55,,Maya,OR-20260501-1587
1588,1589,Rent Payment - Billing #1589,FRNT-DEC2025-1588,Credit,Rent Payment,2025-12-01,13164.08,f,2026-05-07 21:28:55,2026-05-07 21:28:55,,Cash,OR-20251201-1588
1589,1590,Move-Out Settlement - Billing #1590,FRNT-DEC2025-1589,Credit,Rent Payment,2025-12-01,-10965.92,f,2026-05-07 21:28:55,2026-05-07 21:28:55,,Maya,OR-20251201-1589
1590,1591,Rent Payment - Billing #1591,FRNT-JAN2026-1590,Credit,Rent Payment,2026-01-01,8232.60,f,2026-05-07 21:28:55,2026-05-07 21:28:55,,Cash,OR-20260101-1590
1591,1592,Rent Payment - Billing #1592,FRNT-FEB2026-1591,Credit,Rent Payment,2026-02-01,8259.10,f,2026-05-07 21:28:55,2026-05-07 21:28:55,,Maya,OR-20260201-1591
1592,1593,Rent Payment - Billing #1593,FRNT-MAR2026-1592,Credit,Rent Payment,2026-03-01,7729.72,f,2026-05-07 21:28:55,2026-05-07 21:28:55,,Bank Transfer,OR-20260301-1592
1593,1594,Move-Out Settlement - Billing #1594,FRNT-MAR2026-1593,Credit,Rent Payment,2026-03-01,-6616.28,f,2026-05-07 21:28:55,2026-05-07 21:28:55,,GCash,OR-20260301-1593
1594,1595,Rent Payment - Billing #1595,FRNT-JAN2026-1594,Credit,Rent Payment,2026-01-01,13911.31,f,2026-05-07 21:28:55,2026-05-07 21:28:55,,Maya,OR-20260101-1594
1595,1596,Move-Out Settlement - Billing #1596,FRNT-JAN2026-1595,Credit,Rent Payment,2026-01-01,-12246.69,f,2026-05-07 21:28:55,2026-05-07 21:28:55,,GCash,OR-20260101-1595
1596,1597,Rent Payment - Billing #1597,FRNT-JAN2026-1596,Credit,Rent Payment,2026-01-01,10312.92,f,2026-05-07 21:28:55,2026-05-07 21:28:55,,Cash,OR-20260101-1596
1597,1598,Move-Out Settlement - Billing #1598,FRNT-JAN2026-1597,Credit,Rent Payment,2026-01-01,-8859.08,f,2026-05-07 21:28:55,2026-05-07 21:28:55,,Maya,OR-20260101-1597
1598,1599,Rent Payment - Billing #1599,FRNT-JAN2026-1598,Credit,Rent Payment,2026-01-01,14185.17,f,2026-05-07 21:28:55,2026-05-07 21:28:55,,Bank Transfer,OR-20260101-1598
1599,1600,Rent Payment - Billing #1600,FRNT-FEB2026-1599,Credit,Rent Payment,2026-02-01,13623.97,f,2026-05-07 21:28:55,2026-05-07 21:28:55,,Cash,OR-20260201-1599
1600,1601,Rent Payment - Billing #1601,FRNT-MAR2026-1600,Credit,Rent Payment,2026-03-01,13544.44,f,2026-05-07 21:28:55,2026-05-07 21:28:55,,GCash,OR-20260301-1600
1601,1602,Move-Out Settlement - Billing #1602,FRNT-MAR2026-1601,Credit,Rent Payment,2026-03-01,-10585.56,f,2026-05-07 21:28:55,2026-05-07 21:28:55,,Maya,OR-20260301-1601
1602,1603,Rent Payment - Billing #1603,FRNT-JAN2026-1602,Credit,Rent Payment,2026-01-01,8730.51,f,2026-05-07 21:28:55,2026-05-07 21:28:55,,GCash,OR-20260101-1602
1603,1604,Rent Payment - Billing #1604,FRNT-FEB2026-1603,Credit,Rent Payment,2026-02-01,8228.67,f,2026-05-07 21:28:55,2026-05-07 21:28:55,,Bank Transfer,OR-20260201-1603
1604,1605,Rent Payment - Billing #1605,FRNT-MAR2026-1604,Credit,Rent Payment,2026-03-01,8693.97,f,2026-05-07 21:28:55,2026-05-07 21:28:55,,Bank Transfer,OR-20260301-1604
1605,1606,Rent Payment - Billing #1606,FRNT-APR2026-1605,Credit,Rent Payment,2026-04-01,8614.89,f,2026-05-07 21:28:55,2026-05-07 21:28:55,,GCash,OR-20260401-1605
1606,1608,Rent Payment - Billing #1608,FRNT-JAN2026-1606,Credit,Rent Payment,2026-01-01,8600.36,f,2026-05-07 21:28:55,2026-05-07 21:28:55,,Maya,OR-20260101-1606
1607,1609,Rent Payment - Billing #1609,FRNT-FEB2026-1607,Credit,Rent Payment,2026-02-01,9057.17,f,2026-05-07 21:28:55,2026-05-07 21:28:55,,GCash,OR-20260201-1607
1608,1610,Rent Payment - Billing #1610,FRNT-MAR2026-1608,Credit,Rent Payment,2026-03-01,8638.61,f,2026-05-07 21:28:55,2026-05-07 21:28:55,,GCash,OR-20260301-1608
1609,1611,Move-Out Settlement - Billing #1611,FRNT-MAR2026-1609,Credit,Rent Payment,2026-03-01,-6571.39,f,2026-05-07 21:28:55,2026-05-07 21:28:55,,Bank Transfer,OR-20260301-1609
1610,1612,Rent Payment - Billing #1612,FRNT-JAN2026-1610,Credit,Rent Payment,2026-01-01,7732.60,f,2026-05-07 21:28:55,2026-05-07 21:28:55,,Bank Transfer,OR-20260101-1610
1611,1613,Rent Payment - Billing #1613,FRNT-FEB2026-1611,Credit,Rent Payment,2026-02-01,7759.10,f,2026-05-07 21:28:55,2026-05-07 21:28:55,,Bank Transfer,OR-20260201-1611
1612,1614,Rent Payment - Billing #1614,FRNT-MAR2026-1612,Credit,Rent Payment,2026-03-01,7229.72,f,2026-05-07 21:28:55,2026-05-07 21:28:55,,Bank Transfer,OR-20260301-1612
1613,1617,Rent Payment - Billing #1617,FRNT-JAN2026-1613,Credit,Rent Payment,2026-01-01,11542.70,f,2026-05-07 21:28:55,2026-05-07 21:28:55,,Maya,OR-20260101-1613
1614,1618,Rent Payment - Billing #1618,FRNT-FEB2026-1614,Credit,Rent Payment,2026-02-01,11712.24,f,2026-05-07 21:28:55,2026-05-07 21:28:55,,GCash,OR-20260201-1614
1615,1619,Rent Payment - Billing #1619,FRNT-MAR2026-1615,Credit,Rent Payment,2026-03-01,11542.75,f,2026-05-07 21:28:55,2026-05-07 21:28:55,,Bank Transfer,OR-20260301-1615
1616,1620,Rent Payment - Billing #1620,FRNT-APR2026-1616,Credit,Rent Payment,2026-04-01,11436.19,f,2026-05-07 21:28:55,2026-05-07 21:28:55,,Cash,OR-20260401-1616
1617,1621,Rent Payment - Billing #1621,FRNT-MAY2026-1617,Credit,Rent Payment,2026-05-01,11427.44,f,2026-05-07 21:28:55,2026-05-07 21:28:55,,Cash,OR-20260501-1617
1618,1622,Rent Payment - Billing #1622,FRNT-FEB2026-1618,Credit,Rent Payment,2026-02-01,15664.71,f,2026-05-07 21:28:55,2026-05-07 21:28:55,,Cash,OR-20260201-1618
1619,1623,Rent Payment - Billing #1623,FRNT-MAR2026-1619,Credit,Rent Payment,2026-03-01,15243.76,f,2026-05-07 21:28:55,2026-05-07 21:28:55,,GCash,OR-20260301-1619
1620,1624,Rent Payment - Billing #1624,FRNT-APR2026-1620,Credit,Rent Payment,2026-04-01,14727.14,f,2026-05-07 21:28:55,2026-05-07 21:28:55,,GCash,OR-20260401-1620
1621,1625,Rent Payment - Billing #1625,FRNT-MAY2026-1621,Credit,Rent Payment,2026-05-01,14933.54,f,2026-05-07 21:28:55,2026-05-07 21:28:55,,Bank Transfer,OR-20260501-1621
1622,1626,Rent Payment - Billing #1626,FRNT-FEB2026-1622,Credit,Rent Payment,2026-02-01,13823.04,f,2026-05-07 21:28:55,2026-05-07 21:28:55,,Maya,OR-20260201-1622
1623,1627,Move-Out Settlement - Billing #1627,FRNT-FEB2026-1623,Credit,Rent Payment,2026-02-01,-12334.96,f,2026-05-07 21:28:55,2026-05-07 21:28:55,,Bank Transfer,OR-20260201-1623
1624,1628,Rent Payment - Billing #1628,FRNT-FEB2026-1624,Credit,Rent Payment,2026-02-01,11712.24,f,2026-05-07 21:28:55,2026-05-07 21:28:55,,GCash,OR-20260201-1624
1625,1629,Rent Payment - Billing #1629,FRNT-MAR2026-1625,Credit,Rent Payment,2026-03-01,11542.75,f,2026-05-07 21:28:55,2026-05-07 21:28:55,,Maya,OR-20260301-1625
1626,1630,Rent Payment - Billing #1630,FRNT-APR2026-1626,Credit,Rent Payment,2026-04-01,11436.19,f,2026-05-07 21:28:55,2026-05-07 21:28:55,,Maya,OR-20260401-1626
1627,1631,Rent Payment - Billing #1631,FRNT-MAY2026-1627,Credit,Rent Payment,2026-05-01,11427.44,f,2026-05-07 21:28:55,2026-05-07 21:28:55,,Maya,OR-20260501-1627
1628,1632,Rent Payment - Billing #1632,FRNT-FEB2026-1628,Credit,Rent Payment,2026-02-01,10638.48,f,2026-05-07 21:28:55,2026-05-07 21:28:55,,Cash,OR-20260201-1628
1629,1633,Rent Payment - Billing #1633,FRNT-MAR2026-1629,Credit,Rent Payment,2026-03-01,10384.82,f,2026-05-07 21:28:55,2026-05-07 21:28:55,,Bank Transfer,OR-20260301-1629
1630,1634,Rent Payment - Billing #1634,FRNT-APR2026-1630,Credit,Rent Payment,2026-04-01,10086.03,f,2026-05-07 21:28:55,2026-05-07 21:28:55,,GCash,OR-20260401-1630
1631,1635,Move-Out Settlement - Billing #1635,FRNT-APR2026-1631,Credit,Rent Payment,2026-04-01,-9085.97,f,2026-05-07 21:28:55,2026-05-07 21:28:55,,Cash,OR-20260401-1631
1632,1636,Rent Payment - Billing #1636,FRNT-FEB2026-1632,Credit,Rent Payment,2026-02-01,13751.26,f,2026-05-07 21:28:55,2026-05-07 21:28:55,,Bank Transfer,OR-20260201-1632
1633,1637,Rent Payment - Billing #1637,FRNT-MAR2026-1633,Credit,Rent Payment,2026-03-01,13946.20,f,2026-05-07 21:28:55,2026-05-07 21:28:55,,Maya,OR-20260301-1633
1634,1638,Rent Payment - Billing #1638,FRNT-APR2026-1634,Credit,Rent Payment,2026-04-01,13307.66,f,2026-05-07 21:28:55,2026-05-07 21:28:55,,Bank Transfer,OR-20260401-1634
1635,1639,Move-Out Settlement - Billing #1639,FRNT-APR2026-1635,Credit,Rent Payment,2026-04-01,-11200.34,f,2026-05-07 21:28:55,2026-05-07 21:28:55,,Maya,OR-20260401-1635
1636,1640,Rent Payment - Billing #1640,FRNT-FEB2026-1636,Credit,Rent Payment,2026-02-01,9140.98,f,2026-05-07 21:28:55,2026-05-07 21:28:55,,Cash,OR-20260201-1636
1637,1641,Rent Payment - Billing #1641,FRNT-MAR2026-1637,Credit,Rent Payment,2026-03-01,9193.50,f,2026-05-07 21:28:55,2026-05-07 21:28:55,,Bank Transfer,OR-20260301-1637
1638,1642,Rent Payment - Billing #1642,FRNT-APR2026-1638,Credit,Rent Payment,2026-04-01,8728.16,f,2026-05-07 21:28:55,2026-05-07 21:28:55,,Bank Transfer,OR-20260401-1638
1639,1644,Move-In Payment - Billing #1644,FRNT-JAN2026-1639,Credit,Rent Payment,2026-01-01,10690.00,f,2026-05-07 21:28:55,2026-05-07 21:28:55,,Cash,OR-20260101-1639
1640,1645,Rent Payment - Billing #1645,FRNT-FEB2026-1640,Credit,Rent Payment,2026-02-01,6876.30,f,2026-05-07 21:28:55,2026-05-07 21:28:55,,Bank Transfer,OR-20260201-1640
1641,1646,Move-Out Settlement - Billing #1646,FRNT-FEB2026-1641,Credit,Rent Payment,2026-02-01,-4313.70,f,2026-05-07 21:28:55,2026-05-07 21:28:55,,Bank Transfer,OR-20260201-1641
1642,1647,Rent Payment - Billing #1647,FRNT-FEB2026-1642,Credit,Rent Payment,2026-02-01,13099.34,f,2026-05-07 21:28:55,2026-05-07 21:28:55,,Cash,OR-20260201-1642
1643,1648,Rent Payment - Billing #1648,FRNT-MAR2026-1643,Credit,Rent Payment,2026-03-01,13129.76,f,2026-05-07 21:28:55,2026-05-07 21:28:55,,Cash,OR-20260301-1643
1644,1649,Rent Payment - Billing #1649,FRNT-APR2026-1644,Credit,Rent Payment,2026-04-01,12705.66,f,2026-05-07 21:28:55,2026-05-07 21:28:55,,Cash,OR-20260401-1644
1645,1651,Rent Payment - Billing #1651,FRNT-FEB2026-1645,Credit,Rent Payment,2026-02-01,10638.48,f,2026-05-07 21:28:55,2026-05-07 21:28:55,,Maya,OR-20260201-1645
1646,1652,Rent Payment - Billing #1652,FRNT-MAR2026-1646,Credit,Rent Payment,2026-03-01,10384.82,f,2026-05-07 21:28:55,2026-05-07 21:28:55,,GCash,OR-20260301-1646
1647,1654,Move-Out Settlement - Billing #1654,FRNT-APR2026-1647,Credit,Rent Payment,2026-04-01,-9085.97,f,2026-05-07 21:28:55,2026-05-07 21:28:55,,GCash,OR-20260401-1647
1648,1655,Rent Payment - Billing #1655,FRNT-FEB2026-1648,Credit,Rent Payment,2026-02-01,13823.04,f,2026-05-07 21:28:55,2026-05-07 21:28:55,,Bank Transfer,OR-20260201-1648
1649,1656,Move-Out Settlement - Billing #1656,FRNT-FEB2026-1649,Credit,Rent Payment,2026-02-01,-12334.96,f,2026-05-07 21:28:55,2026-05-07 21:28:55,,GCash,OR-20260201-1649
1650,1657,Rent Payment - Billing #1657,FRNT-MAR2026-1650,Credit,Rent Payment,2026-03-01,14106.40,f,2026-05-07 21:28:55,2026-05-07 21:28:55,,GCash,OR-20260301-1650
1651,1658,Rent Payment - Billing #1658,FRNT-APR2026-1651,Credit,Rent Payment,2026-04-01,14073.83,f,2026-05-07 21:28:55,2026-05-07 21:28:55,,Cash,OR-20260401-1651
1652,1659,Rent Payment - Billing #1659,FRNT-MAY2026-1652,Credit,Rent Payment,2026-05-01,13835.19,f,2026-05-07 21:28:55,2026-05-07 21:28:55,,Cash,OR-20260501-1652
1653,1660,Rent Payment - Billing #1660,FRNT-MAR2026-1653,Credit,Rent Payment,2026-03-01,14106.40,f,2026-05-07 21:28:55,2026-05-07 21:28:55,,GCash,OR-20260301-1653
1654,1661,Rent Payment - Billing #1661,FRNT-APR2026-1654,Credit,Rent Payment,2026-04-01,14073.83,f,2026-05-07 21:28:55,2026-05-07 21:28:55,,GCash,OR-20260401-1654
1655,1662,Rent Payment - Billing #1662,FRNT-MAY2026-1655,Credit,Rent Payment,2026-05-01,13835.19,f,2026-05-07 21:28:55,2026-05-07 21:28:55,,Maya,OR-20260501-1655
1656,1663,Rent Payment - Billing #1663,FRNT-MAR2026-1656,Credit,Rent Payment,2026-03-01,7929.68,f,2026-05-07 21:28:55,2026-05-07 21:28:55,,Maya,OR-20260301-1656
1657,1664,Rent Payment - Billing #1664,FRNT-APR2026-1657,Credit,Rent Payment,2026-04-01,8052.25,f,2026-05-07 21:28:55,2026-05-07 21:28:55,,Cash,OR-20260401-1657
1658,1665,Rent Payment - Billing #1665,FRNT-MAY2026-1658,Credit,Rent Payment,2026-05-01,7590.29,f,2026-05-07 21:28:55,2026-05-07 21:28:55,,Maya,OR-20260501-1658
1659,1666,Rent Payment - Billing #1666,FRNT-APR2026-1659,Credit,Rent Payment,2026-04-01,7821.83,f,2026-05-07 21:28:55,2026-05-07 21:28:55,,Cash,OR-20260401-1659
1660,1667,Move-Out Settlement - Billing #1667,FRNT-APR2026-1660,Credit,Rent Payment,2026-04-01,-6524.17,f,2026-05-07 21:28:55,2026-05-07 21:28:55,,Bank Transfer,OR-20260401-1660
1661,1668,Rent Payment - Billing #1668,FRNT-APR2026-1661,Credit,Rent Payment,2026-04-01,10596.31,f,2026-05-07 21:28:55,2026-05-07 21:28:55,,Bank Transfer,OR-20260401-1661
1662,1669,Move-Out Settlement - Billing #1669,FRNT-APR2026-1662,Credit,Rent Payment,2026-04-01,-8527.69,f,2026-05-07 21:28:55,2026-05-07 21:28:55,,Maya,OR-20260401-1662
1663,1670,Move-In Payment - Billing #1670,FRNT-MAR2026-1663,Credit,Rent Payment,2026-03-01,26932.00,f,2026-05-07 21:28:55,2026-05-07 21:28:55,,GCash,OR-20260301-1663
1664,1671,Rent Payment - Billing #1671,FRNT-APR2026-1664,Credit,Rent Payment,2026-04-01,15300.07,f,2026-05-07 21:28:55,2026-05-07 21:28:55,,Bank Transfer,OR-20260401-1664
1665,1672,Move-Out Settlement - Billing #1672,FRNT-APR2026-1665,Credit,Rent Payment,2026-04-01,-12131.93,f,2026-05-07 21:28:55,2026-05-07 21:28:55,,Bank Transfer,OR-20260401-1665
1666,1673,Rent Payment - Billing #1673,FRNT-APR2026-1666,Credit,Rent Payment,2026-04-01,8509.70,f,2026-05-07 21:28:55,2026-05-07 21:28:55,,GCash,OR-20260401-1666
1667,1674,Move-Out Settlement - Billing #1674,FRNT-APR2026-1667,Credit,Rent Payment,2026-04-01,-6700.30,f,2026-05-07 21:28:55,2026-05-07 21:28:55,,GCash,OR-20260401-1667
1668,1675,Rent Payment - Billing #1675,FRNT-APR2026-1668,Credit,Rent Payment,2026-04-01,7821.83,f,2026-05-07 21:28:55,2026-05-07 21:28:55,,GCash,OR-20260401-1668
1669,1676,Move-Out Settlement - Billing #1676,FRNT-APR2026-1669,Credit,Rent Payment,2026-04-01,-6524.17,f,2026-05-07 21:28:55,2026-05-07 21:28:55,,Cash,OR-20260401-1669
1670,1677,Rent Payment - Billing #1677,FRNT-APR2026-1670,Credit,Rent Payment,2026-04-01,14403.79,f,2026-05-07 21:28:55,2026-05-07 21:28:55,,Maya,OR-20260401-1670
1671,1680,Move-Out Settlement - Billing #1680,FRNT-MAY2026-1671,Credit,Rent Payment,2026-05-01,-6487.28,f,2026-05-07 21:28:55,2026-05-07 21:28:55,,Cash,OR-20260501-1671
1672,1681,Rent Payment - Billing #1681,FRNT-MAY2026-1672,Credit,Rent Payment,2026-05-01,11927.44,f,2026-05-07 21:28:55,2026-05-07 21:28:55,,Cash,OR-20260501-1672
1673,1682,Move-Out Settlement - Billing #1682,FRNT-MAY2026-1673,Credit,Rent Payment,2026-05-01,-10702.56,f,2026-05-07 21:28:55,2026-05-07 21:28:55,,GCash,OR-20260501-1673
1674,1684,Rent Payment - Billing #1684,FRNT-MAY2026-1674,Credit,Rent Payment,2026-05-01,13654.79,f,2026-05-07 21:28:55,2026-05-07 21:28:55,,Cash,OR-20260501-1674
1675,1685,Move-Out Settlement - Billing #1685,FRNT-MAY2026-1675,Credit,Rent Payment,2026-05-01,-10853.21,f,2026-05-07 21:28:55,2026-05-07 21:28:55,,GCash,OR-20260501-1675
1676,1687,Rent Payment - Billing #1687,FRNT-MAY2026-1676,Credit,Rent Payment,2026-05-01,8967.48,f,2026-05-07 21:28:55,2026-05-07 21:28:55,,GCash,OR-20260501-1676
1677,1688,Rent Payment - Billing #1688,FRNT-MAY2026-1677,Credit,Rent Payment,2026-05-01,12634.26,f,2026-05-07 21:28:55,2026-05-07 21:28:55,,Maya,OR-20260501-1677
1678,1689,Move-Out Settlement - Billing #1689,FRNT-MAY2026-1678,Credit,Rent Payment,2026-05-01,-9949.74,f,2026-05-07 21:28:55,2026-05-07 21:28:55,,Cash,OR-20260501-1678
1679,1690,Rent Payment - Billing #1690,FRNT-MAY2026-1679,Credit,Rent Payment,2026-05-01,10291.40,f,2026-05-07 21:28:55,2026-05-07 21:28:55,,Cash,OR-20260501-1679
1680,1691,Move-Out Settlement - Billing #1691,FRNT-MAY2026-1680,Credit,Rent Payment,2026-05-01,-8880.60,f,2026-05-07 21:28:55,2026-05-07 21:28:55,,Bank Transfer,OR-20260501-1680
1681,1692,Rent Payment - Billing #1692,FRNT-MAY2026-1681,Credit,Rent Payment,2026-05-01,10291.40,f,2026-05-07 21:28:55,2026-05-07 21:28:55,,Maya,OR-20260501-1681
1682,1693,Move-Out Settlement - Billing #1693,FRNT-MAY2026-1682,Credit,Rent Payment,2026-05-01,-8880.60,f,2026-05-07 21:28:55,2026-05-07 21:28:55,,GCash,OR-20260501-1682
1683,1694,Rent Payment - Billing #1694,FRNT-MAY2026-1683,Credit,Rent Payment,2026-05-01,14872.56,f,2026-05-07 21:28:55,2026-05-07 21:28:55,,GCash,OR-20260501-1683
1684,1695,Move-Out Settlement - Billing #1695,FRNT-MAY2026-1684,Credit,Rent Payment,2026-05-01,-12559.44,f,2026-05-07 21:28:55,2026-05-07 21:28:55,,Maya,OR-20260501-1684
1685,1,Move-In Payment - Billing #1,FRNT-JAN2021-1685,Credit,Rent Payment,2021-01-01,24844.00,f,2026-05-07 21:29:32,2026-05-07 21:29:32,,Bank Transfer,OR-20210101-1685
1686,2,Rent Payment - Billing #2,FRNT-FEB2021-1686,Credit,Rent Payment,2021-02-01,15165.35,f,2026-05-07 21:29:32,2026-05-07 21:29:32,,GCash,OR-20210201-1686
1687,3,Rent Payment - Billing #3,FRNT-MAR2021-1687,Credit,Rent Payment,2021-03-01,15425.48,f,2026-05-07 21:29:32,2026-05-07 21:29:32,,Cash,OR-20210301-1687
1688,4,Rent Payment - Billing #4,FRNT-APR2021-1688,Credit,Rent Payment,2021-04-01,14145.13,f,2026-05-07 21:29:32,2026-05-07 21:29:32,,Maya,OR-20210401-1688
1689,5,Move-Out Settlement - Billing #5,FRNT-APR2021-1689,Credit,Rent Payment,2021-04-01,-11198.87,f,2026-05-07 21:29:32,2026-05-07 21:29:32,,GCash,OR-20210401-1689
1690,6,Move-In Payment - Billing #6,FRNT-MAR2021-1690,Credit,Rent Payment,2021-03-01,24008.00,f,2026-05-07 21:29:32,2026-05-07 21:29:32,,Cash,OR-20210301-1690
1691,7,Rent Payment - Billing #7,FRNT-APR2021-1691,Credit,Rent Payment,2021-04-01,13830.63,f,2026-05-07 21:29:32,2026-05-07 21:29:32,,Cash,OR-20210401-1691
1692,8,Move-Out Settlement - Billing #8,FRNT-APR2021-1692,Credit,Rent Payment,2021-04-01,-10677.37,f,2026-05-07 21:29:32,2026-05-07 21:29:32,,Bank Transfer,OR-20210401-1692
1693,9,Rent Payment - Billing #9,FRNT-MAY2021-1693,Credit,Rent Payment,2021-05-01,13806.71,f,2026-05-07 21:29:32,2026-05-07 21:29:32,,GCash,OR-20210501-1693
1694,10,Move-Out Settlement - Billing #10,FRNT-MAY2021-1694,Credit,Rent Payment,2021-05-01,-10701.29,f,2026-05-07 21:29:32,2026-05-07 21:29:32,,GCash,OR-20210501-1694
1695,11,Move-In Payment - Billing #11,FRNT-APR2021-1695,Credit,Rent Payment,2021-04-01,25626.00,f,2026-05-07 21:29:32,2026-05-07 21:29:32,,GCash,OR-20210401-1695
1696,12,Rent Payment - Billing #12,FRNT-MAY2021-1696,Credit,Rent Payment,2021-05-01,14799.87,f,2026-05-07 21:29:32,2026-05-07 21:29:32,,Maya,OR-20210501-1696
1697,13,Rent Payment - Billing #13,FRNT-JUN2021-1697,Credit,Rent Payment,2021-06-01,15163.67,f,2026-05-07 21:29:32,2026-05-07 21:29:32,,GCash,OR-20210601-1697
1698,14,Rent Payment - Billing #14,FRNT-JUL2021-1698,Credit,Rent Payment,2021-07-01,14935.01,f,2026-05-07 21:29:32,2026-05-07 21:29:32,,Bank Transfer,OR-20210701-1698
1699,15,Rent Payment - Billing #15,FRNT-AUG2021-1699,Credit,Rent Payment,2021-08-01,15019.86,f,2026-05-07 21:29:32,2026-05-07 21:29:32,,Maya,OR-20210801-1699
1700,16,Rent Payment - Billing #16,FRNT-SEP2021-1700,Credit,Rent Payment,2021-09-01,14752.17,f,2026-05-07 21:29:32,2026-05-07 21:29:32,,Bank Transfer,OR-20210901-1700
1701,17,Rent Payment - Billing #17,FRNT-OCT2021-1701,Credit,Rent Payment,2021-10-01,15452.07,f,2026-05-07 21:29:32,2026-05-07 21:29:32,,GCash,OR-20211001-1701
1702,18,Rent Payment - Billing #18,FRNT-NOV2021-1702,Credit,Rent Payment,2021-11-01,14932.16,f,2026-05-07 21:29:32,2026-05-07 21:29:32,,Cash,OR-20211101-1702
1703,19,Rent Payment - Billing #19,FRNT-DEC2021-1703,Credit,Rent Payment,2021-12-01,14025.81,f,2026-05-07 21:29:32,2026-05-07 21:29:32,,GCash,OR-20211201-1703
1704,20,Rent Payment - Billing #20,FRNT-JAN2022-1704,Credit,Rent Payment,2022-01-01,14361.03,f,2026-05-07 21:29:32,2026-05-07 21:29:32,,Bank Transfer,OR-20220101-1704
1705,21,Rent Payment - Billing #21,FRNT-FEB2022-1705,Credit,Rent Payment,2022-02-01,14777.81,f,2026-05-07 21:29:32,2026-05-07 21:29:32,,Cash,OR-20220201-1705
1706,22,Rent Payment - Billing #22,FRNT-MAR2022-1706,Credit,Rent Payment,2022-03-01,15542.93,f,2026-05-07 21:29:32,2026-05-07 21:29:32,,Maya,OR-20220301-1706
1707,23,Rent Payment - Billing #23,FRNT-APR2022-1707,Credit,Rent Payment,2022-04-01,14222.87,f,2026-05-07 21:29:32,2026-05-07 21:29:32,,Maya,OR-20220401-1707
1708,24,Move-Out Settlement - Billing #24,FRNT-APR2022-1708,Credit,Rent Payment,2022-04-01,-11403.13,f,2026-05-07 21:29:32,2026-05-07 21:29:32,,Bank Transfer,OR-20220401-1708
1709,25,Rent Payment - Billing #25,FRNT-MAY2021-1709,Credit,Rent Payment,2021-05-01,13952.70,f,2026-05-07 21:29:32,2026-05-07 21:29:32,,Bank Transfer,OR-20210501-1709
1710,26,Rent Payment - Billing #26,FRNT-JUN2021-1710,Credit,Rent Payment,2021-06-01,14155.11,f,2026-05-07 21:29:32,2026-05-07 21:29:32,,Cash,OR-20210601-1710
1711,27,Rent Payment - Billing #27,FRNT-JUL2021-1711,Credit,Rent Payment,2021-07-01,14588.78,f,2026-05-07 21:29:32,2026-05-07 21:29:32,,Cash,OR-20210701-1711
1712,28,Rent Payment - Billing #28,FRNT-AUG2021-1712,Credit,Rent Payment,2021-08-01,13959.60,f,2026-05-07 21:29:32,2026-05-07 21:29:32,,Cash,OR-20210801-1712
1713,29,Rent Payment - Billing #29,FRNT-SEP2021-1713,Credit,Rent Payment,2021-09-01,13934.19,f,2026-05-07 21:29:32,2026-05-07 21:29:32,,GCash,OR-20210901-1713
1714,30,Rent Payment - Billing #30,FRNT-OCT2021-1714,Credit,Rent Payment,2021-10-01,13033.59,f,2026-05-07 21:29:32,2026-05-07 21:29:32,,Bank Transfer,OR-20211001-1714
1715,31,Move-Out Settlement - Billing #31,FRNT-OCT2021-1715,Credit,Rent Payment,2021-10-01,-11810.41,f,2026-05-07 21:29:32,2026-05-07 21:29:32,,Maya,OR-20211001-1715
1716,32,Rent Payment - Billing #32,FRNT-JUN2021-1716,Credit,Rent Payment,2021-06-01,13707.39,f,2026-05-07 21:29:32,2026-05-07 21:29:32,,GCash,OR-20210601-1716
1717,33,Move-Out Settlement - Billing #33,FRNT-JUN2021-1717,Credit,Rent Payment,2021-06-01,-10800.61,f,2026-05-07 21:29:32,2026-05-07 21:29:32,,Bank Transfer,OR-20210601-1717
1718,34,Rent Payment - Billing #34,FRNT-JUL2021-1718,Credit,Rent Payment,2021-07-01,13522.30,f,2026-05-07 21:29:32,2026-05-07 21:29:32,,GCash,OR-20210701-1718
1719,35,Move-Out Settlement - Billing #35,FRNT-JUL2021-1719,Credit,Rent Payment,2021-07-01,-10985.70,f,2026-05-07 21:29:32,2026-05-07 21:29:32,,Maya,OR-20210701-1719
1720,36,Rent Payment - Billing #36,FRNT-AUG2021-1720,Credit,Rent Payment,2021-08-01,13932.64,f,2026-05-07 21:29:32,2026-05-07 21:29:32,,GCash,OR-20210801-1720
1721,37,Rent Payment - Billing #37,FRNT-SEP2021-1721,Credit,Rent Payment,2021-09-01,14338.74,f,2026-05-07 21:29:32,2026-05-07 21:29:32,,GCash,OR-20210901-1721
1722,38,Rent Payment - Billing #38,FRNT-OCT2021-1722,Credit,Rent Payment,2021-10-01,13814.42,f,2026-05-07 21:29:32,2026-05-07 21:29:32,,Cash,OR-20211001-1722
1723,39,Rent Payment - Billing #39,FRNT-NOV2021-1723,Credit,Rent Payment,2021-11-01,13969.67,f,2026-05-07 21:29:32,2026-05-07 21:29:32,,Cash,OR-20211101-1723
1724,40,Rent Payment - Billing #40,FRNT-DEC2021-1724,Credit,Rent Payment,2021-12-01,13813.67,f,2026-05-07 21:29:32,2026-05-07 21:29:32,,Maya,OR-20211201-1724
1725,41,Rent Payment - Billing #41,FRNT-JAN2022-1725,Credit,Rent Payment,2022-01-01,13010.71,f,2026-05-07 21:29:32,2026-05-07 21:29:32,,Maya,OR-20220101-1725
1726,42,Move-Out Settlement - Billing #42,FRNT-JAN2022-1726,Credit,Rent Payment,2022-01-01,-10997.29,f,2026-05-07 21:29:32,2026-05-07 21:29:32,,Cash,OR-20220101-1726
1727,43,Move-In Payment - Billing #43,FRNT-AUG2021-1727,Credit,Rent Payment,2021-08-01,25658.00,f,2026-05-07 21:29:32,2026-05-07 21:29:32,,GCash,OR-20210801-1727
1728,44,Rent Payment - Billing #44,FRNT-SEP2021-1728,Credit,Rent Payment,2021-09-01,14608.55,f,2026-05-07 21:29:32,2026-05-07 21:29:32,,Maya,OR-20210901-1728
1729,45,Move-Out Settlement - Billing #45,FRNT-SEP2021-1729,Credit,Rent Payment,2021-09-01,-11549.45,f,2026-05-07 21:29:32,2026-05-07 21:29:32,,Cash,OR-20210901-1729
1730,46,Move-In Payment - Billing #46,FRNT-AUG2021-1730,Credit,Rent Payment,2021-08-01,14174.00,f,2026-05-07 21:29:32,2026-05-07 21:29:32,,GCash,OR-20210801-1730
1731,47,Rent Payment - Billing #47,FRNT-SEP2021-1731,Credit,Rent Payment,2021-09-01,9834.93,f,2026-05-07 21:29:32,2026-05-07 21:29:32,,Bank Transfer,OR-20210901-1731
1732,48,Rent Payment - Billing #48,FRNT-OCT2021-1732,Credit,Rent Payment,2021-10-01,10395.50,f,2026-05-07 21:29:32,2026-05-07 21:29:32,,Bank Transfer,OR-20211001-1732
1733,49,Rent Payment - Billing #49,FRNT-NOV2021-1733,Credit,Rent Payment,2021-11-01,8652.14,f,2026-05-07 21:29:32,2026-05-07 21:29:32,,GCash,OR-20211101-1733
1734,50,Move-Out Settlement - Billing #50,FRNT-NOV2021-1734,Credit,Rent Payment,2021-11-01,-6021.86,f,2026-05-07 21:29:32,2026-05-07 21:29:32,,Cash,OR-20211101-1734
1735,51,Move-In Payment - Billing #51,FRNT-SEP2021-1735,Credit,Rent Payment,2021-09-01,24592.00,f,2026-05-07 21:29:32,2026-05-07 21:29:32,,GCash,OR-20210901-1735
1736,52,Rent Payment - Billing #52,FRNT-OCT2021-1736,Credit,Rent Payment,2021-10-01,14962.99,f,2026-05-07 21:29:32,2026-05-07 21:29:32,,GCash,OR-20211001-1736
1737,53,Rent Payment - Billing #53,FRNT-NOV2021-1737,Credit,Rent Payment,2021-11-01,15221.47,f,2026-05-07 21:29:32,2026-05-07 21:29:32,,Maya,OR-20211101-1737
1738,54,Rent Payment - Billing #54,FRNT-DEC2021-1738,Credit,Rent Payment,2021-12-01,13654.67,f,2026-05-07 21:29:32,2026-05-07 21:29:32,,Maya,OR-20211201-1738
1739,55,Move-Out Settlement - Billing #55,FRNT-DEC2021-1739,Credit,Rent Payment,2021-12-01,-11437.33,f,2026-05-07 21:29:32,2026-05-07 21:29:32,,Bank Transfer,OR-20211201-1739
1740,56,Rent Payment - Billing #56,FRNT-OCT2021-1740,Credit,Rent Payment,2021-10-01,14565.59,f,2026-05-07 21:29:32,2026-05-07 21:29:32,,Cash,OR-20211001-1740
1741,57,Move-Out Settlement - Billing #57,FRNT-OCT2021-1741,Credit,Rent Payment,2021-10-01,-11592.41,f,2026-05-07 21:29:32,2026-05-07 21:29:32,,Bank Transfer,OR-20211001-1741
1742,58,Rent Payment - Billing #58,FRNT-NOV2021-1742,Credit,Rent Payment,2021-11-01,15245.03,f,2026-05-07 21:29:32,2026-05-07 21:29:32,,GCash,OR-20211101-1742
1743,59,Rent Payment - Billing #59,FRNT-DEC2021-1743,Credit,Rent Payment,2021-12-01,14494.70,f,2026-05-07 21:29:32,2026-05-07 21:29:32,,GCash,OR-20211201-1743
1744,60,Rent Payment - Billing #60,FRNT-JAN2022-1744,Credit,Rent Payment,2022-01-01,14283.87,f,2026-05-07 21:29:32,2026-05-07 21:29:32,,Bank Transfer,OR-20220101-1744
1745,61,Move-Out Settlement - Billing #61,FRNT-JAN2022-1745,Credit,Rent Payment,2022-01-01,-11060.13,f,2026-05-07 21:29:32,2026-05-07 21:29:32,,Maya,OR-20220101-1745
1746,62,Move-In Payment - Billing #62,FRNT-OCT2021-1746,Credit,Rent Payment,2021-10-01,13846.00,f,2026-05-07 21:29:32,2026-05-07 21:29:32,,GCash,OR-20211001-1746
1747,63,Rent Payment - Billing #63,FRNT-NOV2021-1747,Credit,Rent Payment,2021-11-01,8698.27,f,2026-05-07 21:29:32,2026-05-07 21:29:32,,GCash,OR-20211101-1747
1748,64,Rent Payment - Billing #64,FRNT-DEC2021-1748,Credit,Rent Payment,2021-12-01,8202.21,f,2026-05-07 21:29:32,2026-05-07 21:29:32,,Cash,OR-20211201-1748
1749,65,Rent Payment - Billing #65,FRNT-JAN2022-1749,Credit,Rent Payment,2022-01-01,8107.03,f,2026-05-07 21:29:32,2026-05-07 21:29:32,,GCash,OR-20220101-1749
1750,66,Rent Payment - Billing #66,FRNT-FEB2022-1750,Credit,Rent Payment,2022-02-01,7992.35,f,2026-05-07 21:29:32,2026-05-07 21:29:32,,Cash,OR-20220201-1750
1751,67,Rent Payment - Billing #67,FRNT-MAR2022-1751,Credit,Rent Payment,2022-03-01,7449.24,f,2026-05-07 21:29:32,2026-05-07 21:29:32,,GCash,OR-20220301-1751
1752,68,Rent Payment - Billing #68,FRNT-APR2022-1752,Credit,Rent Payment,2022-04-01,7934.52,f,2026-05-07 21:29:32,2026-05-07 21:29:32,,Cash,OR-20220401-1752
1753,69,Rent Payment - Billing #69,FRNT-MAY2022-1753,Credit,Rent Payment,2022-05-01,7813.41,f,2026-05-07 21:29:32,2026-05-07 21:29:32,,GCash,OR-20220501-1753
1754,70,Rent Payment - Billing #70,FRNT-JUN2022-1754,Credit,Rent Payment,2022-06-01,7608.99,f,2026-05-07 21:29:32,2026-05-07 21:29:32,,Maya,OR-20220601-1754
1755,71,Rent Payment - Billing #71,FRNT-JUL2022-1755,Credit,Rent Payment,2022-07-01,7952.21,f,2026-05-07 21:29:32,2026-05-07 21:29:32,,Maya,OR-20220701-1755
1756,72,Rent Payment - Billing #72,FRNT-AUG2022-1756,Credit,Rent Payment,2022-08-01,8091.71,f,2026-05-07 21:29:32,2026-05-07 21:29:32,,Bank Transfer,OR-20220801-1756
1757,73,Rent Payment - Billing #73,FRNT-SEP2022-1757,Credit,Rent Payment,2022-09-01,7777.15,f,2026-05-07 21:29:32,2026-05-07 21:29:32,,Maya,OR-20220901-1757
1758,74,Rent Payment - Billing #74,FRNT-OCT2022-1758,Credit,Rent Payment,2022-10-01,7627.36,f,2026-05-07 21:29:32,2026-05-07 21:29:32,,Bank Transfer,OR-20221001-1758
1759,75,Move-Out Settlement - Billing #75,FRNT-OCT2022-1759,Credit,Rent Payment,2022-10-01,-6218.64,f,2026-05-07 21:29:32,2026-05-07 21:29:32,,GCash,OR-20221001-1759
1760,76,Rent Payment - Billing #76,FRNT-NOV2021-1760,Credit,Rent Payment,2021-11-01,14444.27,f,2026-05-07 21:29:32,2026-05-07 21:29:32,,Cash,OR-20211101-1760
1761,77,Move-Out Settlement - Billing #77,FRNT-NOV2021-1761,Credit,Rent Payment,2021-11-01,-11713.73,f,2026-05-07 21:29:32,2026-05-07 21:29:32,,Cash,OR-20211101-1761
1762,78,Rent Payment - Billing #78,FRNT-DEC2021-1762,Credit,Rent Payment,2021-12-01,9447.13,f,2026-05-07 21:29:32,2026-05-07 21:29:32,,Bank Transfer,OR-20211201-1762
1763,79,Rent Payment - Billing #79,FRNT-JAN2022-1763,Credit,Rent Payment,2022-01-01,8787.23,f,2026-05-07 21:29:32,2026-05-07 21:29:32,,Bank Transfer,OR-20220101-1763
1764,80,Rent Payment - Billing #80,FRNT-FEB2022-1764,Credit,Rent Payment,2022-02-01,9517.11,f,2026-05-07 21:29:32,2026-05-07 21:29:32,,Bank Transfer,OR-20220201-1764
1765,81,Rent Payment - Billing #81,FRNT-MAR2022-1765,Credit,Rent Payment,2022-03-01,8544.05,f,2026-05-07 21:29:32,2026-05-07 21:29:32,,Maya,OR-20220301-1765
1766,82,Rent Payment - Billing #82,FRNT-APR2022-1766,Credit,Rent Payment,2022-04-01,9196.33,f,2026-05-07 21:29:32,2026-05-07 21:29:32,,GCash,OR-20220401-1766
1767,83,Rent Payment - Billing #83,FRNT-MAY2022-1767,Credit,Rent Payment,2022-05-01,8451.68,f,2026-05-07 21:29:32,2026-05-07 21:29:32,,Cash,OR-20220501-1767
1768,84,Move-Out Settlement - Billing #84,FRNT-MAY2022-1768,Credit,Rent Payment,2022-05-01,-5722.32,f,2026-05-07 21:29:32,2026-05-07 21:29:32,,Bank Transfer,OR-20220501-1768
1769,85,Rent Payment - Billing #85,FRNT-DEC2021-1769,Credit,Rent Payment,2021-12-01,15516.54,f,2026-05-07 21:29:32,2026-05-07 21:29:32,,GCash,OR-20211201-1769
1770,86,Rent Payment - Billing #86,FRNT-JAN2022-1770,Credit,Rent Payment,2022-01-01,14824.56,f,2026-05-07 21:29:32,2026-05-07 21:29:32,,Cash,OR-20220101-1770
1771,87,Rent Payment - Billing #87,FRNT-FEB2022-1771,Credit,Rent Payment,2022-02-01,14356.06,f,2026-05-07 21:29:32,2026-05-07 21:29:32,,Maya,OR-20220201-1771
1772,88,Rent Payment - Billing #88,FRNT-MAR2022-1772,Credit,Rent Payment,2022-03-01,15281.11,f,2026-05-07 21:29:32,2026-05-07 21:29:32,,Maya,OR-20220301-1772
1773,89,Rent Payment - Billing #89,FRNT-APR2022-1773,Credit,Rent Payment,2022-04-01,14877.98,f,2026-05-07 21:29:32,2026-05-07 21:29:32,,Bank Transfer,OR-20220401-1773
1774,90,Rent Payment - Billing #90,FRNT-MAY2022-1774,Credit,Rent Payment,2022-05-01,13832.79,f,2026-05-07 21:29:32,2026-05-07 21:29:32,,Cash,OR-20220501-1774
1775,91,Move-Out Settlement - Billing #91,FRNT-MAY2022-1775,Credit,Rent Payment,2022-05-01,-11825.21,f,2026-05-07 21:29:32,2026-05-07 21:29:32,,Cash,OR-20220501-1775
1776,92,Move-In Payment - Billing #92,FRNT-DEC2021-1776,Credit,Rent Payment,2021-12-01,13846.00,f,2026-05-07 21:29:32,2026-05-07 21:29:32,,Maya,OR-20211201-1776
1777,93,Rent Payment - Billing #93,FRNT-JAN2022-1777,Credit,Rent Payment,2022-01-01,8607.03,f,2026-05-07 21:29:32,2026-05-07 21:29:32,,GCash,OR-20220101-1777
1778,94,Rent Payment - Billing #94,FRNT-FEB2022-1778,Credit,Rent Payment,2022-02-01,8492.35,f,2026-05-07 21:29:32,2026-05-07 21:29:32,,Maya,OR-20220201-1778
1779,95,Rent Payment - Billing #95,FRNT-MAR2022-1779,Credit,Rent Payment,2022-03-01,7949.24,f,2026-05-07 21:29:32,2026-05-07 21:29:32,,Cash,OR-20220301-1779
1780,96,Move-Out Settlement - Billing #96,FRNT-MAR2022-1780,Credit,Rent Payment,2022-03-01,-6396.76,f,2026-05-07 21:29:32,2026-05-07 21:29:32,,Maya,OR-20220301-1780
1781,97,Rent Payment - Billing #97,FRNT-JAN2022-1781,Credit,Rent Payment,2022-01-01,13283.68,f,2026-05-07 21:29:32,2026-05-07 21:29:32,,GCash,OR-20220101-1781
1782,98,Rent Payment - Billing #98,FRNT-FEB2022-1782,Credit,Rent Payment,2022-02-01,13238.63,f,2026-05-07 21:29:32,2026-05-07 21:29:32,,Maya,OR-20220201-1782
1783,99,Rent Payment - Billing #99,FRNT-MAR2022-1783,Credit,Rent Payment,2022-03-01,13641.32,f,2026-05-07 21:29:32,2026-05-07 21:29:32,,GCash,OR-20220301-1783
1784,100,Rent Payment - Billing #100,FRNT-APR2022-1784,Credit,Rent Payment,2022-04-01,13037.81,f,2026-05-07 21:29:32,2026-05-07 21:29:32,,Bank Transfer,OR-20220401-1784
1785,101,Rent Payment - Billing #101,FRNT-MAY2022-1785,Credit,Rent Payment,2022-05-01,13094.48,f,2026-05-07 21:29:32,2026-05-07 21:29:32,,GCash,OR-20220501-1785
1786,102,Rent Payment - Billing #102,FRNT-JUN2022-1786,Credit,Rent Payment,2022-06-01,13718.88,f,2026-05-07 21:29:32,2026-05-07 21:29:32,,Maya,OR-20220601-1786
1787,103,Rent Payment - Billing #103,FRNT-JUL2022-1787,Credit,Rent Payment,2022-07-01,13133.41,f,2026-05-07 21:29:32,2026-05-07 21:29:32,,Bank Transfer,OR-20220701-1787
1788,104,Rent Payment - Billing #104,FRNT-AUG2022-1788,Credit,Rent Payment,2022-08-01,13364.41,f,2026-05-07 21:29:32,2026-05-07 21:29:32,,Bank Transfer,OR-20220801-1788
1789,105,Rent Payment - Billing #105,FRNT-SEP2022-1789,Credit,Rent Payment,2022-09-01,13514.61,f,2026-05-07 21:29:32,2026-05-07 21:29:32,,GCash,OR-20220901-1789
1790,106,Rent Payment - Billing #106,FRNT-OCT2022-1790,Credit,Rent Payment,2022-10-01,13146.48,f,2026-05-07 21:29:32,2026-05-07 21:29:32,,Cash,OR-20221001-1790
1791,107,Rent Payment - Billing #107,FRNT-NOV2022-1791,Credit,Rent Payment,2022-11-01,13513.39,f,2026-05-07 21:29:32,2026-05-07 21:29:32,,Cash,OR-20221101-1791
1792,108,Rent Payment - Billing #108,FRNT-DEC2022-1792,Credit,Rent Payment,2022-12-01,13079.85,f,2026-05-07 21:29:32,2026-05-07 21:29:32,,GCash,OR-20221201-1792
1793,109,Move-Out Settlement - Billing #109,FRNT-DEC2022-1793,Credit,Rent Payment,2022-12-01,-11512.15,f,2026-05-07 21:29:32,2026-05-07 21:29:32,,Cash,OR-20221201-1793
1794,110,Move-In Payment - Billing #110,FRNT-JAN2022-1794,Credit,Rent Payment,2022-01-01,11390.00,f,2026-05-07 21:29:32,2026-05-07 21:29:32,,Bank Transfer,OR-20220101-1794
1795,111,Rent Payment - Billing #111,FRNT-FEB2022-1795,Credit,Rent Payment,2022-02-01,7700.07,f,2026-05-07 21:29:32,2026-05-07 21:29:32,,Maya,OR-20220201-1795
1796,112,Rent Payment - Billing #112,FRNT-MAR2022-1796,Credit,Rent Payment,2022-03-01,8893.57,f,2026-05-07 21:29:32,2026-05-07 21:29:32,,Cash,OR-20220301-1796
1797,113,Rent Payment - Billing #113,FRNT-APR2022-1797,Credit,Rent Payment,2022-04-01,7620.09,f,2026-05-07 21:29:32,2026-05-07 21:29:32,,Maya,OR-20220401-1797
1798,114,Move-Out Settlement - Billing #114,FRNT-APR2022-1798,Credit,Rent Payment,2022-04-01,-4269.91,f,2026-05-07 21:29:32,2026-05-07 21:29:32,,Cash,OR-20220401-1798
1799,115,Move-In Payment - Billing #115,FRNT-JAN2022-1799,Credit,Rent Payment,2022-01-01,24592.00,f,2026-05-07 21:29:32,2026-05-07 21:29:32,,GCash,OR-20220101-1799
1800,116,Rent Payment - Billing #116,FRNT-FEB2022-1800,Credit,Rent Payment,2022-02-01,13738.63,f,2026-05-07 21:29:32,2026-05-07 21:29:32,,GCash,OR-20220201-1800
1801,117,Rent Payment - Billing #117,FRNT-MAR2022-1801,Credit,Rent Payment,2022-03-01,14141.32,f,2026-05-07 21:29:32,2026-05-07 21:29:32,,Cash,OR-20220301-1801
1802,118,Rent Payment - Billing #118,FRNT-APR2022-1802,Credit,Rent Payment,2022-04-01,13537.81,f,2026-05-07 21:29:32,2026-05-07 21:29:32,,GCash,OR-20220401-1802
1803,119,Move-Out Settlement - Billing #119,FRNT-APR2022-1803,Credit,Rent Payment,2022-04-01,-11554.19,f,2026-05-07 21:29:32,2026-05-07 21:29:32,,GCash,OR-20220401-1803
1804,120,Rent Payment - Billing #120,FRNT-FEB2022-1804,Credit,Rent Payment,2022-02-01,14154.83,f,2026-05-07 21:29:32,2026-05-07 21:29:32,,Bank Transfer,OR-20220201-1804
1805,121,Rent Payment - Billing #121,FRNT-MAR2022-1805,Credit,Rent Payment,2022-03-01,13601.53,f,2026-05-07 21:29:32,2026-05-07 21:29:32,,Cash,OR-20220301-1805
1806,122,Rent Payment - Billing #122,FRNT-APR2022-1806,Credit,Rent Payment,2022-04-01,13806.78,f,2026-05-07 21:29:32,2026-05-07 21:29:32,,GCash,OR-20220401-1806
1807,123,Rent Payment - Billing #123,FRNT-MAY2022-1807,Credit,Rent Payment,2022-05-01,14044.06,f,2026-05-07 21:29:32,2026-05-07 21:29:32,,GCash,OR-20220501-1807
1808,124,Rent Payment - Billing #124,FRNT-JUN2022-1808,Credit,Rent Payment,2022-06-01,14499.59,f,2026-05-07 21:29:32,2026-05-07 21:29:32,,GCash,OR-20220601-1808
1809,125,Rent Payment - Billing #125,FRNT-JUL2022-1809,Credit,Rent Payment,2022-07-01,12888.25,f,2026-05-07 21:29:32,2026-05-07 21:29:32,,Maya,OR-20220701-1809
1810,126,Move-Out Settlement - Billing #126,FRNT-JUL2022-1810,Credit,Rent Payment,2022-07-01,-11119.75,f,2026-05-07 21:29:32,2026-05-07 21:29:32,,Bank Transfer,OR-20220701-1810
1811,127,Rent Payment - Billing #127,FRNT-FEB2022-1811,Credit,Rent Payment,2022-02-01,13888.86,f,2026-05-07 21:29:32,2026-05-07 21:29:32,,Maya,OR-20220201-1811
1812,128,Move-Out Settlement - Billing #128,FRNT-FEB2022-1812,Credit,Rent Payment,2022-02-01,-11455.14,f,2026-05-07 21:29:32,2026-05-07 21:29:32,,Bank Transfer,OR-20220201-1812
1813,129,Move-In Payment - Billing #129,FRNT-FEB2022-1813,Credit,Rent Payment,2022-02-01,21766.00,f,2026-05-07 21:29:32,2026-05-07 21:29:32,,Bank Transfer,OR-20220201-1813
1814,130,Rent Payment - Billing #130,FRNT-MAR2022-1814,Credit,Rent Payment,2022-03-01,12920.18,f,2026-05-07 21:29:32,2026-05-07 21:29:32,,Bank Transfer,OR-20220301-1814
1815,131,Rent Payment - Billing #131,FRNT-APR2022-1815,Credit,Rent Payment,2022-04-01,13032.22,f,2026-05-07 21:29:32,2026-05-07 21:29:32,,Cash,OR-20220401-1815
1816,132,Rent Payment - Billing #132,FRNT-MAY2022-1816,Credit,Rent Payment,2022-05-01,12729.47,f,2026-05-07 21:29:32,2026-05-07 21:29:32,,Cash,OR-20220501-1816
1817,133,Rent Payment - Billing #133,FRNT-JUN2022-1817,Credit,Rent Payment,2022-06-01,12818.35,f,2026-05-07 21:29:32,2026-05-07 21:29:32,,Cash,OR-20220601-1817
1818,134,Rent Payment - Billing #134,FRNT-JUL2022-1818,Credit,Rent Payment,2022-07-01,13028.69,f,2026-05-07 21:29:32,2026-05-07 21:29:32,,Cash,OR-20220701-1818
1819,135,Rent Payment - Billing #135,FRNT-AUG2022-1819,Credit,Rent Payment,2022-08-01,12672.74,f,2026-05-07 21:29:32,2026-05-07 21:29:32,,Maya,OR-20220801-1819
1820,136,Rent Payment - Billing #136,FRNT-SEP2022-1820,Credit,Rent Payment,2022-09-01,12764.65,f,2026-05-07 21:29:32,2026-05-07 21:29:32,,Cash,OR-20220901-1820
1821,137,Rent Payment - Billing #137,FRNT-OCT2022-1821,Credit,Rent Payment,2022-10-01,12649.74,f,2026-05-07 21:29:32,2026-05-07 21:29:32,,Cash,OR-20221001-1821
1822,138,Rent Payment - Billing #138,FRNT-NOV2022-1822,Credit,Rent Payment,2022-11-01,13138.27,f,2026-05-07 21:29:32,2026-05-07 21:29:32,,GCash,OR-20221101-1822
1823,139,Rent Payment - Billing #139,FRNT-DEC2022-1823,Credit,Rent Payment,2022-12-01,12858.21,f,2026-05-07 21:29:32,2026-05-07 21:29:32,,Bank Transfer,OR-20221201-1823
1824,140,Rent Payment - Billing #140,FRNT-JAN2023-1824,Credit,Rent Payment,2023-01-01,13136.68,f,2026-05-07 21:29:32,2026-05-07 21:29:32,,GCash,OR-20230101-1824
1825,141,Rent Payment - Billing #141,FRNT-FEB2023-1825,Credit,Rent Payment,2023-02-01,12056.17,f,2026-05-07 21:29:32,2026-05-07 21:29:32,,Cash,OR-20230201-1825
1826,142,Move-Out Settlement - Billing #142,FRNT-FEB2023-1826,Credit,Rent Payment,2023-02-01,-9709.83,f,2026-05-07 21:29:32,2026-05-07 21:29:32,,Maya,OR-20230201-1826
1827,143,Rent Payment - Billing #143,FRNT-MAR2022-1827,Credit,Rent Payment,2022-03-01,15629.42,f,2026-05-07 21:29:32,2026-05-07 21:29:32,,GCash,OR-20220301-1827
1828,144,Rent Payment - Billing #144,FRNT-APR2022-1828,Credit,Rent Payment,2022-04-01,15680.46,f,2026-05-07 21:29:32,2026-05-07 21:29:32,,Bank Transfer,OR-20220401-1828
1829,145,Rent Payment - Billing #145,FRNT-MAY2022-1829,Credit,Rent Payment,2022-05-01,13859.38,f,2026-05-07 21:29:32,2026-05-07 21:29:32,,Maya,OR-20220501-1829
1830,146,Move-Out Settlement - Billing #146,FRNT-MAY2022-1830,Credit,Rent Payment,2022-05-01,-11484.62,f,2026-05-07 21:29:32,2026-05-07 21:29:32,,Bank Transfer,OR-20220501-1830
1831,147,Move-In Payment - Billing #147,FRNT-MAR2022-1831,Credit,Rent Payment,2022-03-01,13436.00,f,2026-05-07 21:29:32,2026-05-07 21:29:32,,Cash,OR-20220301-1831
1832,148,Rent Payment - Billing #148,FRNT-APR2022-1832,Credit,Rent Payment,2022-04-01,8232.20,f,2026-05-07 21:29:33,2026-05-07 21:29:33,,Cash,OR-20220401-1832
1833,149,Rent Payment - Billing #149,FRNT-MAY2022-1833,Credit,Rent Payment,2022-05-01,8424.24,f,2026-05-07 21:29:33,2026-05-07 21:29:33,,GCash,OR-20220501-1833
1834,150,Rent Payment - Billing #150,FRNT-JUN2022-1834,Credit,Rent Payment,2022-06-01,8763.80,f,2026-05-07 21:29:33,2026-05-07 21:29:33,,GCash,OR-20220601-1834
1835,151,Rent Payment - Billing #151,FRNT-JUL2022-1835,Credit,Rent Payment,2022-07-01,9147.56,f,2026-05-07 21:29:33,2026-05-07 21:29:33,,Maya,OR-20220701-1835
1836,152,Rent Payment - Billing #152,FRNT-AUG2022-1836,Credit,Rent Payment,2022-08-01,9123.96,f,2026-05-07 21:29:33,2026-05-07 21:29:33,,Cash,OR-20220801-1836
1837,153,Rent Payment - Billing #153,FRNT-SEP2022-1837,Credit,Rent Payment,2022-09-01,7380.40,f,2026-05-07 21:29:33,2026-05-07 21:29:33,,GCash,OR-20220901-1837
1838,154,Move-Out Settlement - Billing #154,FRNT-SEP2022-1838,Credit,Rent Payment,2022-09-01,-6055.60,f,2026-05-07 21:29:33,2026-05-07 21:29:33,,GCash,OR-20220901-1838
1839,155,Rent Payment - Billing #155,FRNT-APR2022-1839,Credit,Rent Payment,2022-04-01,8434.52,f,2026-05-07 21:29:33,2026-05-07 21:29:33,,GCash,OR-20220401-1839
1840,156,Rent Payment - Billing #156,FRNT-MAY2022-1840,Credit,Rent Payment,2022-05-01,8313.41,f,2026-05-07 21:29:33,2026-05-07 21:29:33,,Maya,OR-20220501-1840
1841,157,Rent Payment - Billing #157,FRNT-JUN2022-1841,Credit,Rent Payment,2022-06-01,8108.99,f,2026-05-07 21:29:33,2026-05-07 21:29:33,,Bank Transfer,OR-20220601-1841
1842,158,Move-Out Settlement - Billing #158,FRNT-JUN2022-1842,Credit,Rent Payment,2022-06-01,-6237.01,f,2026-05-07 21:29:33,2026-05-07 21:29:33,,Bank Transfer,OR-20220601-1842
1843,159,Rent Payment - Billing #159,FRNT-MAY2022-1843,Credit,Rent Payment,2022-05-01,8051.37,f,2026-05-07 21:29:33,2026-05-07 21:29:33,,Maya,OR-20220501-1843
1844,160,Rent Payment - Billing #160,FRNT-JUN2022-1844,Credit,Rent Payment,2022-06-01,7386.48,f,2026-05-07 21:29:33,2026-05-07 21:29:33,,Maya,OR-20220601-1844
1845,161,Rent Payment - Billing #161,FRNT-JUL2022-1845,Credit,Rent Payment,2022-07-01,8381.81,f,2026-05-07 21:29:33,2026-05-07 21:29:33,,GCash,OR-20220701-1845
1846,162,Rent Payment - Billing #162,FRNT-AUG2022-1846,Credit,Rent Payment,2022-08-01,7738.19,f,2026-05-07 21:29:33,2026-05-07 21:29:33,,GCash,OR-20220801-1846
1847,163,Rent Payment - Billing #163,FRNT-SEP2022-1847,Credit,Rent Payment,2022-09-01,7665.77,f,2026-05-07 21:29:33,2026-05-07 21:29:33,,GCash,OR-20220901-1847
1848,164,Rent Payment - Billing #164,FRNT-OCT2022-1848,Credit,Rent Payment,2022-10-01,6724.33,f,2026-05-07 21:29:33,2026-05-07 21:29:33,,GCash,OR-20221001-1848
1849,165,Move-Out Settlement - Billing #165,FRNT-OCT2022-1849,Credit,Rent Payment,2022-10-01,-4665.67,f,2026-05-07 21:29:33,2026-05-07 21:29:33,,Cash,OR-20221001-1849
1850,166,Move-In Payment - Billing #166,FRNT-APR2022-1850,Credit,Rent Payment,2022-04-01,18672.00,f,2026-05-07 21:29:33,2026-05-07 21:29:33,,Cash,OR-20220401-1850
1851,167,Rent Payment - Billing #167,FRNT-MAY2022-1851,Credit,Rent Payment,2022-05-01,11696.53,f,2026-05-07 21:29:33,2026-05-07 21:29:33,,Bank Transfer,OR-20220501-1851
1852,168,Rent Payment - Billing #168,FRNT-JUN2022-1852,Credit,Rent Payment,2022-06-01,11209.77,f,2026-05-07 21:29:33,2026-05-07 21:29:33,,GCash,OR-20220601-1852
1853,169,Rent Payment - Billing #169,FRNT-JUL2022-1853,Credit,Rent Payment,2022-07-01,11078.90,f,2026-05-07 21:29:33,2026-05-07 21:29:33,,Cash,OR-20220701-1853
1854,170,Move-Out Settlement - Billing #170,FRNT-JUL2022-1854,Credit,Rent Payment,2022-07-01,-8093.10,f,2026-05-07 21:29:33,2026-05-07 21:29:33,,Maya,OR-20220701-1854
1855,171,Rent Payment - Billing #171,FRNT-MAY2022-1855,Credit,Rent Payment,2022-05-01,14506.36,f,2026-05-07 21:29:33,2026-05-07 21:29:33,,Bank Transfer,OR-20220501-1855
1856,172,Move-Out Settlement - Billing #172,FRNT-MAY2022-1856,Credit,Rent Payment,2022-05-01,-11619.64,f,2026-05-07 21:29:33,2026-05-07 21:29:33,,Bank Transfer,OR-20220501-1856
1857,173,Rent Payment - Billing #173,FRNT-MAY2022-1857,Credit,Rent Payment,2022-05-01,13594.48,f,2026-05-07 21:29:33,2026-05-07 21:29:33,,GCash,OR-20220501-1857
1858,174,Move-Out Settlement - Billing #174,FRNT-MAY2022-1858,Credit,Rent Payment,2022-05-01,-11497.52,f,2026-05-07 21:29:33,2026-05-07 21:29:33,,Maya,OR-20220501-1858
1859,175,Move-In Payment - Billing #175,FRNT-APR2022-1859,Credit,Rent Payment,2022-04-01,14710.00,f,2026-05-07 21:29:33,2026-05-07 21:29:33,,Maya,OR-20220401-1859
1860,176,Rent Payment - Billing #176,FRNT-MAY2022-1860,Credit,Rent Payment,2022-05-01,8902.94,f,2026-05-07 21:29:33,2026-05-07 21:29:33,,Maya,OR-20220501-1860
1861,177,Move-Out Settlement - Billing #177,FRNT-MAY2022-1861,Credit,Rent Payment,2022-05-01,-6307.06,f,2026-05-07 21:29:33,2026-05-07 21:29:33,,GCash,OR-20220501-1861
1862,178,Rent Payment - Billing #178,FRNT-JUN2022-1862,Credit,Rent Payment,2022-06-01,8709.77,f,2026-05-07 21:29:33,2026-05-07 21:29:33,,Maya,OR-20220601-1862
1863,179,Rent Payment - Billing #179,FRNT-JUL2022-1863,Credit,Rent Payment,2022-07-01,9385.54,f,2026-05-07 21:29:33,2026-05-07 21:29:33,,Maya,OR-20220701-1863
1864,180,Rent Payment - Billing #180,FRNT-AUG2022-1864,Credit,Rent Payment,2022-08-01,8936.77,f,2026-05-07 21:29:33,2026-05-07 21:29:33,,GCash,OR-20220801-1864
1865,181,Rent Payment - Billing #181,FRNT-SEP2022-1865,Credit,Rent Payment,2022-09-01,9405.08,f,2026-05-07 21:29:33,2026-05-07 21:29:33,,Maya,OR-20220901-1865
1866,182,Rent Payment - Billing #182,FRNT-OCT2022-1866,Credit,Rent Payment,2022-10-01,9505.04,f,2026-05-07 21:29:33,2026-05-07 21:29:33,,Bank Transfer,OR-20221001-1866
1867,183,Rent Payment - Billing #183,FRNT-NOV2022-1867,Credit,Rent Payment,2022-11-01,9460.68,f,2026-05-07 21:29:33,2026-05-07 21:29:33,,GCash,OR-20221101-1867
1868,184,Rent Payment - Billing #184,FRNT-DEC2022-1868,Credit,Rent Payment,2022-12-01,8964.83,f,2026-05-07 21:29:33,2026-05-07 21:29:33,,Cash,OR-20221201-1868
1869,185,Rent Payment - Billing #185,FRNT-JAN2023-1869,Credit,Rent Payment,2023-01-01,9589.77,f,2026-05-07 21:29:33,2026-05-07 21:29:33,,Maya,OR-20230101-1869
1870,186,Rent Payment - Billing #186,FRNT-FEB2023-1870,Credit,Rent Payment,2023-02-01,8906.50,f,2026-05-07 21:29:33,2026-05-07 21:29:33,,Cash,OR-20230201-1870
1871,187,Rent Payment - Billing #187,FRNT-MAR2023-1871,Credit,Rent Payment,2023-03-01,8256.51,f,2026-05-07 21:29:33,2026-05-07 21:29:33,,Bank Transfer,OR-20230301-1871
1872,188,Rent Payment - Billing #188,FRNT-APR2023-1872,Credit,Rent Payment,2023-04-01,8751.76,f,2026-05-07 21:29:33,2026-05-07 21:29:33,,GCash,OR-20230401-1872
1873,189,Rent Payment - Billing #189,FRNT-MAY2023-1873,Credit,Rent Payment,2023-05-01,7900.04,f,2026-05-07 21:29:33,2026-05-07 21:29:33,,Cash,OR-20230501-1873
1874,190,Move-Out Settlement - Billing #190,FRNT-MAY2023-1874,Credit,Rent Payment,2023-05-01,-6809.96,f,2026-05-07 21:29:33,2026-05-07 21:29:33,,Cash,OR-20230501-1874
1875,191,Rent Payment - Billing #191,FRNT-JUN2022-1875,Credit,Rent Payment,2022-06-01,14484.87,f,2026-05-07 21:29:33,2026-05-07 21:29:33,,Bank Transfer,OR-20220601-1875
1876,192,Rent Payment - Billing #192,FRNT-JUL2022-1876,Credit,Rent Payment,2022-07-01,14412.77,f,2026-05-07 21:29:33,2026-05-07 21:29:33,,Cash,OR-20220701-1876
1877,193,Rent Payment - Billing #193,FRNT-AUG2022-1877,Credit,Rent Payment,2022-08-01,13682.45,f,2026-05-07 21:29:33,2026-05-07 21:29:33,,Bank Transfer,OR-20220801-1877
1878,194,Rent Payment - Billing #194,FRNT-SEP2022-1878,Credit,Rent Payment,2022-09-01,14648.67,f,2026-05-07 21:29:33,2026-05-07 21:29:33,,GCash,OR-20220901-1878
1879,195,Rent Payment - Billing #195,FRNT-OCT2022-1879,Credit,Rent Payment,2022-10-01,14264.91,f,2026-05-07 21:29:33,2026-05-07 21:29:33,,Maya,OR-20221001-1879
1880,196,Rent Payment - Billing #196,FRNT-NOV2022-1880,Credit,Rent Payment,2022-11-01,14097.69,f,2026-05-07 21:29:33,2026-05-07 21:29:33,,Maya,OR-20221101-1880
1881,197,Rent Payment - Billing #197,FRNT-DEC2022-1881,Credit,Rent Payment,2022-12-01,14808.77,f,2026-05-07 21:29:33,2026-05-07 21:29:33,,Cash,OR-20221201-1881
1882,198,Rent Payment - Billing #198,FRNT-JAN2023-1882,Credit,Rent Payment,2023-01-01,13964.54,f,2026-05-07 21:29:33,2026-05-07 21:29:33,,Bank Transfer,OR-20230101-1882
1883,199,Rent Payment - Billing #199,FRNT-FEB2023-1883,Credit,Rent Payment,2023-02-01,14390.25,f,2026-05-07 21:29:33,2026-05-07 21:29:33,,Cash,OR-20230201-1883
1884,200,Rent Payment - Billing #200,FRNT-MAR2023-1884,Credit,Rent Payment,2023-03-01,13961.70,f,2026-05-07 21:29:33,2026-05-07 21:29:33,,Maya,OR-20230301-1884
1885,201,Rent Payment - Billing #201,FRNT-APR2023-1885,Credit,Rent Payment,2023-04-01,14182.57,f,2026-05-07 21:29:33,2026-05-07 21:29:33,,Bank Transfer,OR-20230401-1885
1886,202,Rent Payment - Billing #202,FRNT-MAY2023-1886,Credit,Rent Payment,2023-05-01,13481.46,f,2026-05-07 21:29:33,2026-05-07 21:29:33,,Bank Transfer,OR-20230501-1886
1887,203,Move-Out Settlement - Billing #203,FRNT-MAY2023-1887,Credit,Rent Payment,2023-05-01,-11362.54,f,2026-05-07 21:29:33,2026-05-07 21:29:33,,GCash,OR-20230501-1887
1888,204,Rent Payment - Billing #204,FRNT-JUN2022-1888,Credit,Rent Payment,2022-06-01,14714.75,f,2026-05-07 21:29:33,2026-05-07 21:29:33,,GCash,OR-20220601-1888
1889,205,Move-Out Settlement - Billing #205,FRNT-JUN2022-1889,Credit,Rent Payment,2022-06-01,-11443.25,f,2026-05-07 21:29:33,2026-05-07 21:29:33,,Bank Transfer,OR-20220601-1889
1890,206,Rent Payment - Billing #206,FRNT-JUN2022-1890,Credit,Rent Payment,2022-06-01,15800.05,f,2026-05-07 21:29:33,2026-05-07 21:29:33,,Maya,OR-20220601-1890
1891,207,Rent Payment - Billing #207,FRNT-JUL2022-1891,Credit,Rent Payment,2022-07-01,15324.17,f,2026-05-07 21:29:33,2026-05-07 21:29:33,,Maya,OR-20220701-1891
1892,208,Rent Payment - Billing #208,FRNT-AUG2022-1892,Credit,Rent Payment,2022-08-01,14036.54,f,2026-05-07 21:29:33,2026-05-07 21:29:33,,Bank Transfer,OR-20220801-1892
1893,209,Move-Out Settlement - Billing #209,FRNT-AUG2022-1893,Credit,Rent Payment,2022-08-01,-12089.46,f,2026-05-07 21:29:33,2026-05-07 21:29:33,,GCash,OR-20220801-1893
1894,210,Move-In Payment - Billing #210,FRNT-MAY2022-1894,Credit,Rent Payment,2022-05-01,21296.00,f,2026-05-07 21:29:33,2026-05-07 21:29:33,,GCash,OR-20220501-1894
1895,211,Rent Payment - Billing #211,FRNT-JUN2022-1895,Credit,Rent Payment,2022-06-01,12704.21,f,2026-05-07 21:29:33,2026-05-07 21:29:33,,Bank Transfer,OR-20220601-1895
1896,212,Rent Payment - Billing #212,FRNT-JUL2022-1896,Credit,Rent Payment,2022-07-01,12882.79,f,2026-05-07 21:29:33,2026-05-07 21:29:33,,GCash,OR-20220701-1896
1897,213,Rent Payment - Billing #213,FRNT-AUG2022-1897,Credit,Rent Payment,2022-08-01,12086.91,f,2026-05-07 21:29:33,2026-05-07 21:29:33,,Cash,OR-20220801-1897
1898,214,Move-Out Settlement - Billing #214,FRNT-AUG2022-1898,Credit,Rent Payment,2022-08-01,-9709.09,f,2026-05-07 21:29:33,2026-05-07 21:29:33,,GCash,OR-20220801-1898
1899,215,Rent Payment - Billing #215,FRNT-JUN2022-1899,Credit,Rent Payment,2022-06-01,13718.88,f,2026-05-07 21:29:33,2026-05-07 21:29:33,,Bank Transfer,OR-20220601-1899
1900,216,Rent Payment - Billing #216,FRNT-JUL2022-1900,Credit,Rent Payment,2022-07-01,13133.41,f,2026-05-07 21:29:33,2026-05-07 21:29:33,,Cash,OR-20220701-1900
1901,217,Rent Payment - Billing #217,FRNT-AUG2022-1901,Credit,Rent Payment,2022-08-01,13364.41,f,2026-05-07 21:29:33,2026-05-07 21:29:33,,GCash,OR-20220801-1901
1902,218,Rent Payment - Billing #218,FRNT-SEP2022-1902,Credit,Rent Payment,2022-09-01,13514.61,f,2026-05-07 21:29:33,2026-05-07 21:29:33,,Bank Transfer,OR-20220901-1902
1903,219,Rent Payment - Billing #219,FRNT-OCT2022-1903,Credit,Rent Payment,2022-10-01,13146.48,f,2026-05-07 21:29:33,2026-05-07 21:29:33,,Maya,OR-20221001-1903
1904,220,Rent Payment - Billing #220,FRNT-NOV2022-1904,Credit,Rent Payment,2022-11-01,13513.39,f,2026-05-07 21:29:33,2026-05-07 21:29:33,,Cash,OR-20221101-1904
1905,221,Rent Payment - Billing #221,FRNT-DEC2022-1905,Credit,Rent Payment,2022-12-01,13079.85,f,2026-05-07 21:29:33,2026-05-07 21:29:33,,Cash,OR-20221201-1905
1906,222,Rent Payment - Billing #222,FRNT-JAN2023-1906,Credit,Rent Payment,2023-01-01,13107.20,f,2026-05-07 21:29:33,2026-05-07 21:29:33,,Maya,OR-20230101-1906
1907,223,Rent Payment - Billing #223,FRNT-FEB2023-1907,Credit,Rent Payment,2023-02-01,13650.78,f,2026-05-07 21:29:33,2026-05-07 21:29:33,,Cash,OR-20230201-1907
1908,224,Rent Payment - Billing #224,FRNT-MAR2023-1908,Credit,Rent Payment,2023-03-01,13310.46,f,2026-05-07 21:29:33,2026-05-07 21:29:33,,Cash,OR-20230301-1908
1909,225,Rent Payment - Billing #225,FRNT-APR2023-1909,Credit,Rent Payment,2023-04-01,13328.29,f,2026-05-07 21:29:33,2026-05-07 21:29:33,,Bank Transfer,OR-20230401-1909
1910,226,Rent Payment - Billing #226,FRNT-MAY2023-1910,Credit,Rent Payment,2023-05-01,13012.66,f,2026-05-07 21:29:33,2026-05-07 21:29:33,,Bank Transfer,OR-20230501-1910
1911,227,Move-Out Settlement - Billing #227,FRNT-MAY2023-1911,Credit,Rent Payment,2023-05-01,-11579.34,f,2026-05-07 21:29:33,2026-05-07 21:29:33,,Bank Transfer,OR-20230501-1911
1912,228,Rent Payment - Billing #228,FRNT-JUN2022-1912,Credit,Rent Payment,2022-06-01,8417.62,f,2026-05-07 21:29:33,2026-05-07 21:29:33,,Maya,OR-20220601-1912
1913,229,Move-Out Settlement - Billing #229,FRNT-JUN2022-1913,Credit,Rent Payment,2022-06-01,-6256.38,f,2026-05-07 21:29:33,2026-05-07 21:29:33,,Maya,OR-20220601-1913
1914,230,Rent Payment - Billing #230,FRNT-JUL2022-1914,Credit,Rent Payment,2022-07-01,9598.39,f,2026-05-07 21:29:33,2026-05-07 21:29:33,,GCash,OR-20220701-1914
1915,231,Rent Payment - Billing #231,FRNT-AUG2022-1915,Credit,Rent Payment,2022-08-01,10187.97,f,2026-05-07 21:29:33,2026-05-07 21:29:33,,Maya,OR-20220801-1915
1916,232,Rent Payment - Billing #232,FRNT-SEP2022-1916,Credit,Rent Payment,2022-09-01,8937.67,f,2026-05-07 21:29:33,2026-05-07 21:29:33,,Bank Transfer,OR-20220901-1916
1917,233,Move-Out Settlement - Billing #233,FRNT-SEP2022-1917,Credit,Rent Payment,2022-09-01,-5736.33,f,2026-05-07 21:29:33,2026-05-07 21:29:33,,Maya,OR-20220901-1917
1918,234,Rent Payment - Billing #234,FRNT-JUL2022-1918,Credit,Rent Payment,2022-07-01,14718.66,f,2026-05-07 21:29:33,2026-05-07 21:29:33,,GCash,OR-20220701-1918
1919,235,Rent Payment - Billing #235,FRNT-AUG2022-1919,Credit,Rent Payment,2022-08-01,15474.25,f,2026-05-07 21:29:33,2026-05-07 21:29:33,,Bank Transfer,OR-20220801-1919
1920,236,Rent Payment - Billing #236,FRNT-SEP2022-1920,Credit,Rent Payment,2022-09-01,15557.80,f,2026-05-07 21:29:33,2026-05-07 21:29:33,,GCash,OR-20220901-1920
1921,237,Rent Payment - Billing #237,FRNT-OCT2022-1921,Credit,Rent Payment,2022-10-01,14301.25,f,2026-05-07 21:29:33,2026-05-07 21:29:33,,Bank Transfer,OR-20221001-1921
1922,238,Rent Payment - Billing #238,FRNT-NOV2022-1922,Credit,Rent Payment,2022-11-01,15573.25,f,2026-05-07 21:29:33,2026-05-07 21:29:33,,Bank Transfer,OR-20221101-1922
1923,239,Rent Payment - Billing #239,FRNT-DEC2022-1923,Credit,Rent Payment,2022-12-01,15544.54,f,2026-05-07 21:29:33,2026-05-07 21:29:33,,Bank Transfer,OR-20221201-1923
1924,240,Rent Payment - Billing #240,FRNT-JAN2023-1924,Credit,Rent Payment,2023-01-01,15270.94,f,2026-05-07 21:29:33,2026-05-07 21:29:33,,Cash,OR-20230101-1924
1925,241,Rent Payment - Billing #241,FRNT-FEB2023-1925,Credit,Rent Payment,2023-02-01,14763.37,f,2026-05-07 21:29:33,2026-05-07 21:29:33,,Bank Transfer,OR-20230201-1925
1926,242,Rent Payment - Billing #242,FRNT-MAR2023-1926,Credit,Rent Payment,2023-03-01,15272.17,f,2026-05-07 21:29:33,2026-05-07 21:29:33,,Maya,OR-20230301-1926
1927,243,Rent Payment - Billing #243,FRNT-APR2023-1927,Credit,Rent Payment,2023-04-01,14892.49,f,2026-05-07 21:29:33,2026-05-07 21:29:33,,Maya,OR-20230401-1927
1928,244,Rent Payment - Billing #244,FRNT-MAY2023-1928,Credit,Rent Payment,2023-05-01,14341.82,f,2026-05-07 21:29:33,2026-05-07 21:29:33,,GCash,OR-20230501-1928
1929,245,Rent Payment - Billing #245,FRNT-JUN2023-1929,Credit,Rent Payment,2023-06-01,13790.38,f,2026-05-07 21:29:33,2026-05-07 21:29:33,,GCash,OR-20230601-1929
1930,246,Move-Out Settlement - Billing #246,FRNT-JUN2023-1930,Credit,Rent Payment,2023-06-01,-11867.62,f,2026-05-07 21:29:33,2026-05-07 21:29:33,,Maya,OR-20230601-1930
1931,247,Rent Payment - Billing #247,FRNT-JUL2022-1931,Credit,Rent Payment,2022-07-01,8452.21,f,2026-05-07 21:29:33,2026-05-07 21:29:33,,Maya,OR-20220701-1931
1932,248,Rent Payment - Billing #248,FRNT-AUG2022-1932,Credit,Rent Payment,2022-08-01,8591.71,f,2026-05-07 21:29:33,2026-05-07 21:29:33,,Bank Transfer,OR-20220801-1932
1933,249,Rent Payment - Billing #249,FRNT-SEP2022-1933,Credit,Rent Payment,2022-09-01,8277.15,f,2026-05-07 21:29:33,2026-05-07 21:29:33,,GCash,OR-20220901-1933
1934,250,Move-Out Settlement - Billing #250,FRNT-SEP2022-1934,Credit,Rent Payment,2022-09-01,-6068.85,f,2026-05-07 21:29:33,2026-05-07 21:29:33,,Bank Transfer,OR-20220901-1934
1935,251,Rent Payment - Billing #251,FRNT-AUG2022-1935,Credit,Rent Payment,2022-08-01,14985.03,f,2026-05-07 21:29:33,2026-05-07 21:29:33,,GCash,OR-20220801-1935
1936,252,Rent Payment - Billing #252,FRNT-SEP2022-1936,Credit,Rent Payment,2022-09-01,14659.70,f,2026-05-07 21:29:33,2026-05-07 21:29:33,,Maya,OR-20220901-1936
1937,253,Rent Payment - Billing #253,FRNT-OCT2022-1937,Credit,Rent Payment,2022-10-01,13681.99,f,2026-05-07 21:29:33,2026-05-07 21:29:33,,Maya,OR-20221001-1937
1938,254,Move-Out Settlement - Billing #254,FRNT-OCT2022-1938,Credit,Rent Payment,2022-10-01,-10826.01,f,2026-05-07 21:29:33,2026-05-07 21:29:33,,Cash,OR-20221001-1938
1939,255,Rent Payment - Billing #255,FRNT-AUG2022-1939,Credit,Rent Payment,2022-08-01,11118.07,f,2026-05-07 21:29:33,2026-05-07 21:29:33,,Maya,OR-20220801-1939
1940,256,Rent Payment - Billing #256,FRNT-SEP2022-1940,Credit,Rent Payment,2022-09-01,11214.20,f,2026-05-07 21:29:33,2026-05-07 21:29:33,,Bank Transfer,OR-20220901-1940
1941,257,Rent Payment - Billing #257,FRNT-OCT2022-1941,Credit,Rent Payment,2022-10-01,11498.21,f,2026-05-07 21:29:33,2026-05-07 21:29:33,,Bank Transfer,OR-20221001-1941
1942,258,Rent Payment - Billing #258,FRNT-NOV2022-1942,Credit,Rent Payment,2022-11-01,11837.70,f,2026-05-07 21:29:33,2026-05-07 21:29:33,,Bank Transfer,OR-20221101-1942
1943,259,Rent Payment - Billing #259,FRNT-DEC2022-1943,Credit,Rent Payment,2022-12-01,12259.42,f,2026-05-07 21:29:33,2026-05-07 21:29:33,,Cash,OR-20221201-1943
1944,260,Rent Payment - Billing #260,FRNT-JAN2023-1944,Credit,Rent Payment,2023-01-01,10525.24,f,2026-05-07 21:29:33,2026-05-07 21:29:33,,Cash,OR-20230101-1944
1945,261,Move-Out Settlement - Billing #261,FRNT-JAN2023-1945,Credit,Rent Payment,2023-01-01,-8146.76,f,2026-05-07 21:29:33,2026-05-07 21:29:33,,GCash,OR-20230101-1945
1946,262,Rent Payment - Billing #262,FRNT-SEP2022-1946,Credit,Rent Payment,2022-09-01,13349.87,f,2026-05-07 21:29:33,2026-05-07 21:29:33,,Maya,OR-20220901-1946
1947,263,Rent Payment - Billing #263,FRNT-OCT2022-1947,Credit,Rent Payment,2022-10-01,13254.33,f,2026-05-07 21:29:33,2026-05-07 21:29:33,,Bank Transfer,OR-20221001-1947
1948,264,Rent Payment - Billing #264,FRNT-NOV2022-1948,Credit,Rent Payment,2022-11-01,12599.02,f,2026-05-07 21:29:33,2026-05-07 21:29:33,,Maya,OR-20221101-1948
1949,265,Move-Out Settlement - Billing #265,FRNT-NOV2022-1949,Credit,Rent Payment,2022-11-01,-9196.98,f,2026-05-07 21:29:33,2026-05-07 21:29:33,,Maya,OR-20221101-1949
1950,266,Rent Payment - Billing #266,FRNT-SEP2022-1950,Credit,Rent Payment,2022-09-01,15418.83,f,2026-05-07 21:29:33,2026-05-07 21:29:33,,Bank Transfer,OR-20220901-1950
1951,267,Rent Payment - Billing #267,FRNT-OCT2022-1951,Credit,Rent Payment,2022-10-01,15154.79,f,2026-05-07 21:29:33,2026-05-07 21:29:33,,Bank Transfer,OR-20221001-1951
1952,268,Rent Payment - Billing #268,FRNT-NOV2022-1952,Credit,Rent Payment,2022-11-01,14233.22,f,2026-05-07 21:29:33,2026-05-07 21:29:33,,Cash,OR-20221101-1952
1953,269,Rent Payment - Billing #269,FRNT-DEC2022-1953,Credit,Rent Payment,2022-12-01,14459.29,f,2026-05-07 21:29:33,2026-05-07 21:29:33,,Cash,OR-20221201-1953
1954,270,Rent Payment - Billing #270,FRNT-JAN2023-1954,Credit,Rent Payment,2023-01-01,15352.09,f,2026-05-07 21:29:33,2026-05-07 21:29:33,,Cash,OR-20230101-1954
1955,271,Rent Payment - Billing #271,FRNT-FEB2023-1955,Credit,Rent Payment,2023-02-01,14749.23,f,2026-05-07 21:29:33,2026-05-07 21:29:33,,Bank Transfer,OR-20230201-1955
1956,272,Rent Payment - Billing #272,FRNT-MAR2023-1956,Credit,Rent Payment,2023-03-01,14642.11,f,2026-05-07 21:29:33,2026-05-07 21:29:33,,Bank Transfer,OR-20230301-1956
1957,273,Rent Payment - Billing #273,FRNT-APR2023-1957,Credit,Rent Payment,2023-04-01,14055.72,f,2026-05-07 21:29:33,2026-05-07 21:29:33,,GCash,OR-20230401-1957
1958,274,Rent Payment - Billing #274,FRNT-MAY2023-1958,Credit,Rent Payment,2023-05-01,14787.14,f,2026-05-07 21:29:33,2026-05-07 21:29:33,,Bank Transfer,OR-20230501-1958
1959,275,Rent Payment - Billing #275,FRNT-JUN2023-1959,Credit,Rent Payment,2023-06-01,14963.75,f,2026-05-07 21:29:33,2026-05-07 21:29:33,,Cash,OR-20230601-1959
1960,276,Rent Payment - Billing #276,FRNT-JUL2023-1960,Credit,Rent Payment,2023-07-01,15060.44,f,2026-05-07 21:29:33,2026-05-07 21:29:33,,Cash,OR-20230701-1960
1961,277,Rent Payment - Billing #277,FRNT-AUG2023-1961,Credit,Rent Payment,2023-08-01,14153.30,f,2026-05-07 21:29:33,2026-05-07 21:29:33,,Bank Transfer,OR-20230801-1961
1962,278,Move-Out Settlement - Billing #278,FRNT-AUG2023-1962,Credit,Rent Payment,2023-08-01,-11472.70,f,2026-05-07 21:29:33,2026-05-07 21:29:33,,Cash,OR-20230801-1962
1963,279,Rent Payment - Billing #279,FRNT-OCT2022-1963,Credit,Rent Payment,2022-10-01,9397.00,f,2026-05-07 21:29:33,2026-05-07 21:29:33,,Cash,OR-20221001-1963
1964,280,Rent Payment - Billing #280,FRNT-NOV2022-1964,Credit,Rent Payment,2022-11-01,9277.92,f,2026-05-07 21:29:33,2026-05-07 21:29:33,,Bank Transfer,OR-20221101-1964
1965,281,Rent Payment - Billing #281,FRNT-DEC2022-1965,Credit,Rent Payment,2022-12-01,8522.33,f,2026-05-07 21:29:33,2026-05-07 21:29:33,,Maya,OR-20221201-1965
1966,282,Rent Payment - Billing #282,FRNT-JAN2023-1966,Credit,Rent Payment,2023-01-01,9136.31,f,2026-05-07 21:29:33,2026-05-07 21:29:33,,Cash,OR-20230101-1966
1967,283,Rent Payment - Billing #283,FRNT-FEB2023-1967,Credit,Rent Payment,2023-02-01,9540.06,f,2026-05-07 21:29:33,2026-05-07 21:29:33,,Bank Transfer,OR-20230201-1967
1968,284,Rent Payment - Billing #284,FRNT-MAR2023-1968,Credit,Rent Payment,2023-03-01,8140.68,f,2026-05-07 21:29:33,2026-05-07 21:29:33,,Cash,OR-20230301-1968
1969,285,Move-Out Settlement - Billing #285,FRNT-MAR2023-1969,Credit,Rent Payment,2023-03-01,-6033.32,f,2026-05-07 21:29:33,2026-05-07 21:29:33,,Bank Transfer,OR-20230301-1969
1970,286,Rent Payment - Billing #286,FRNT-OCT2022-1970,Credit,Rent Payment,2022-10-01,9206.92,f,2026-05-07 21:29:33,2026-05-07 21:29:33,,Cash,OR-20221001-1970
1971,287,Rent Payment - Billing #287,FRNT-NOV2022-1971,Credit,Rent Payment,2022-11-01,9096.38,f,2026-05-07 21:29:33,2026-05-07 21:29:33,,Cash,OR-20221101-1971
1972,288,Rent Payment - Billing #288,FRNT-DEC2022-1972,Credit,Rent Payment,2022-12-01,9458.22,f,2026-05-07 21:29:33,2026-05-07 21:29:33,,Maya,OR-20221201-1972
1973,289,Rent Payment - Billing #289,FRNT-JAN2023-1973,Credit,Rent Payment,2023-01-01,8848.09,f,2026-05-07 21:29:33,2026-05-07 21:29:33,,Bank Transfer,OR-20230101-1973
1974,290,Rent Payment - Billing #290,FRNT-FEB2023-1974,Credit,Rent Payment,2023-02-01,9604.79,f,2026-05-07 21:29:33,2026-05-07 21:29:33,,GCash,OR-20230201-1974
1975,291,Rent Payment - Billing #291,FRNT-MAR2023-1975,Credit,Rent Payment,2023-03-01,7674.35,f,2026-05-07 21:29:33,2026-05-07 21:29:33,,Cash,OR-20230301-1975
1976,292,Move-Out Settlement - Billing #292,FRNT-MAR2023-1976,Credit,Rent Payment,2023-03-01,-5761.65,f,2026-05-07 21:29:33,2026-05-07 21:29:33,,Maya,OR-20230301-1976
1977,293,Rent Payment - Billing #293,FRNT-OCT2022-1977,Credit,Rent Payment,2022-10-01,7627.36,f,2026-05-07 21:29:33,2026-05-07 21:29:33,,Cash,OR-20221001-1977
1978,294,Rent Payment - Billing #294,FRNT-NOV2022-1978,Credit,Rent Payment,2022-11-01,7691.59,f,2026-05-07 21:29:33,2026-05-07 21:29:33,,Maya,OR-20221101-1978
1979,295,Rent Payment - Billing #295,FRNT-DEC2022-1979,Credit,Rent Payment,2022-12-01,8166.46,f,2026-05-07 21:29:33,2026-05-07 21:29:33,,Cash,OR-20221201-1979
1980,296,Rent Payment - Billing #296,FRNT-JAN2023-1980,Credit,Rent Payment,2023-01-01,8120.51,f,2026-05-07 21:29:33,2026-05-07 21:29:33,,Bank Transfer,OR-20230101-1980
1981,297,Rent Payment - Billing #297,FRNT-FEB2023-1981,Credit,Rent Payment,2023-02-01,7855.15,f,2026-05-07 21:29:33,2026-05-07 21:29:33,,Maya,OR-20230201-1981
1982,298,Rent Payment - Billing #298,FRNT-MAR2023-1982,Credit,Rent Payment,2023-03-01,7462.58,f,2026-05-07 21:29:33,2026-05-07 21:29:33,,Cash,OR-20230301-1982
1983,299,Move-Out Settlement - Billing #299,FRNT-MAR2023-1983,Credit,Rent Payment,2023-03-01,-6383.42,f,2026-05-07 21:29:33,2026-05-07 21:29:33,,GCash,OR-20230301-1983
1984,300,Rent Payment - Billing #300,FRNT-NOV2022-1984,Credit,Rent Payment,2022-11-01,7965.17,f,2026-05-07 21:29:33,2026-05-07 21:29:33,,Maya,OR-20221101-1984
1985,301,Rent Payment - Billing #301,FRNT-DEC2022-1985,Credit,Rent Payment,2022-12-01,8264.53,f,2026-05-07 21:29:33,2026-05-07 21:29:33,,Maya,OR-20221201-1985
1986,302,Rent Payment - Billing #302,FRNT-JAN2023-1986,Credit,Rent Payment,2023-01-01,6877.92,f,2026-05-07 21:29:33,2026-05-07 21:29:33,,GCash,OR-20230101-1986
1987,303,Move-Out Settlement - Billing #303,FRNT-JAN2023-1987,Credit,Rent Payment,2023-01-01,-5012.08,f,2026-05-07 21:29:33,2026-05-07 21:29:33,,GCash,OR-20230101-1987
1988,304,Move-In Payment - Billing #304,FRNT-OCT2022-1988,Credit,Rent Payment,2022-10-01,18624.00,f,2026-05-07 21:29:33,2026-05-07 21:29:33,,GCash,OR-20221001-1988
1989,305,Rent Payment - Billing #305,FRNT-NOV2022-1989,Credit,Rent Payment,2022-11-01,11368.23,f,2026-05-07 21:29:33,2026-05-07 21:29:33,,Cash,OR-20221101-1989
1990,306,Rent Payment - Billing #306,FRNT-DEC2022-1990,Credit,Rent Payment,2022-12-01,11122.71,f,2026-05-07 21:29:33,2026-05-07 21:29:33,,Bank Transfer,OR-20221201-1990
1991,307,Rent Payment - Billing #307,FRNT-JAN2023-1991,Credit,Rent Payment,2023-01-01,10612.97,f,2026-05-07 21:29:33,2026-05-07 21:29:33,,Bank Transfer,OR-20230101-1991
1992,308,Move-Out Settlement - Billing #308,FRNT-JAN2023-1992,Credit,Rent Payment,2023-01-01,-8511.03,f,2026-05-07 21:29:33,2026-05-07 21:29:33,,Maya,OR-20230101-1992
1993,309,Rent Payment - Billing #309,FRNT-NOV2022-1993,Credit,Rent Payment,2022-11-01,7691.59,f,2026-05-07 21:29:33,2026-05-07 21:29:33,,Cash,OR-20221101-1993
1994,310,Rent Payment - Billing #310,FRNT-DEC2022-1994,Credit,Rent Payment,2022-12-01,8166.46,f,2026-05-07 21:29:33,2026-05-07 21:29:33,,Cash,OR-20221201-1994
1995,311,Rent Payment - Billing #311,FRNT-JAN2023-1995,Credit,Rent Payment,2023-01-01,8120.51,f,2026-05-07 21:29:33,2026-05-07 21:29:33,,Maya,OR-20230101-1995
1996,312,Rent Payment - Billing #312,FRNT-FEB2023-1996,Credit,Rent Payment,2023-02-01,7855.15,f,2026-05-07 21:29:33,2026-05-07 21:29:33,,GCash,OR-20230201-1996
1997,313,Rent Payment - Billing #313,FRNT-MAR2023-1997,Credit,Rent Payment,2023-03-01,7462.58,f,2026-05-07 21:29:33,2026-05-07 21:29:33,,Maya,OR-20230301-1997
1998,314,Rent Payment - Billing #314,FRNT-APR2023-1998,Credit,Rent Payment,2023-04-01,7702.83,f,2026-05-07 21:29:33,2026-05-07 21:29:33,,Cash,OR-20230401-1998
1999,315,Rent Payment - Billing #315,FRNT-MAY2023-1999,Credit,Rent Payment,2023-05-01,7947.80,f,2026-05-07 21:29:33,2026-05-07 21:29:33,,Cash,OR-20230501-1999
2000,316,Rent Payment - Billing #316,FRNT-JUN2023-2000,Credit,Rent Payment,2023-06-01,7740.77,f,2026-05-07 21:29:33,2026-05-07 21:29:33,,Cash,OR-20230601-2000
2001,317,Rent Payment - Billing #317,FRNT-JUL2023-2001,Credit,Rent Payment,2023-07-01,8324.98,f,2026-05-07 21:29:33,2026-05-07 21:29:33,,GCash,OR-20230701-2001
2002,318,Rent Payment - Billing #318,FRNT-AUG2023-2002,Credit,Rent Payment,2023-08-01,7646.59,f,2026-05-07 21:29:33,2026-05-07 21:29:33,,Bank Transfer,OR-20230801-2002
2003,319,Rent Payment - Billing #319,FRNT-SEP2023-2003,Credit,Rent Payment,2023-09-01,7705.47,f,2026-05-07 21:29:33,2026-05-07 21:29:33,,Maya,OR-20230901-2003
2004,320,Rent Payment - Billing #320,FRNT-OCT2023-2004,Credit,Rent Payment,2023-10-01,7406.64,f,2026-05-07 21:29:33,2026-05-07 21:29:33,,Cash,OR-20231001-2004
2005,321,Move-Out Settlement - Billing #321,FRNT-OCT2023-2005,Credit,Rent Payment,2023-10-01,-6439.36,f,2026-05-07 21:29:33,2026-05-07 21:29:33,,GCash,OR-20231001-2005
2006,322,Rent Payment - Billing #322,FRNT-NOV2022-2006,Credit,Rent Payment,2022-11-01,14364.88,f,2026-05-07 21:29:33,2026-05-07 21:29:33,,Bank Transfer,OR-20221101-2006
2007,323,Rent Payment - Billing #323,FRNT-DEC2022-2007,Credit,Rent Payment,2022-12-01,13890.37,f,2026-05-07 21:29:33,2026-05-07 21:29:33,,Maya,OR-20221201-2007
2008,324,Rent Payment - Billing #324,FRNT-JAN2023-2008,Credit,Rent Payment,2023-01-01,14189.09,f,2026-05-07 21:29:33,2026-05-07 21:29:33,,Maya,OR-20230101-2008
2009,325,Rent Payment - Billing #325,FRNT-FEB2023-2009,Credit,Rent Payment,2023-02-01,14175.93,f,2026-05-07 21:29:33,2026-05-07 21:29:33,,GCash,OR-20230201-2009
2010,326,Rent Payment - Billing #326,FRNT-MAR2023-2010,Credit,Rent Payment,2023-03-01,14302.74,f,2026-05-07 21:29:33,2026-05-07 21:29:33,,Maya,OR-20230301-2010
2011,327,Rent Payment - Billing #327,FRNT-APR2023-2011,Credit,Rent Payment,2023-04-01,14148.77,f,2026-05-07 21:29:33,2026-05-07 21:29:33,,Bank Transfer,OR-20230401-2011
2012,328,Rent Payment - Billing #328,FRNT-MAY2023-2012,Credit,Rent Payment,2023-05-01,14174.40,f,2026-05-07 21:29:33,2026-05-07 21:29:33,,Bank Transfer,OR-20230501-2012
2013,329,Rent Payment - Billing #329,FRNT-JUN2023-2013,Credit,Rent Payment,2023-06-01,14264.89,f,2026-05-07 21:29:33,2026-05-07 21:29:33,,Bank Transfer,OR-20230601-2013
2014,330,Rent Payment - Billing #330,FRNT-JUL2023-2014,Credit,Rent Payment,2023-07-01,14455.21,f,2026-05-07 21:29:33,2026-05-07 21:29:33,,Cash,OR-20230701-2014
2015,331,Rent Payment - Billing #331,FRNT-AUG2023-2015,Credit,Rent Payment,2023-08-01,13500.82,f,2026-05-07 21:29:33,2026-05-07 21:29:33,,Cash,OR-20230801-2015
2016,332,Rent Payment - Billing #332,FRNT-SEP2023-2016,Credit,Rent Payment,2023-09-01,13797.33,f,2026-05-07 21:29:33,2026-05-07 21:29:33,,Maya,OR-20230901-2016
2017,333,Rent Payment - Billing #333,FRNT-OCT2023-2017,Credit,Rent Payment,2023-10-01,12934.07,f,2026-05-07 21:29:33,2026-05-07 21:29:33,,GCash,OR-20231001-2017
2018,334,Move-Out Settlement - Billing #334,FRNT-OCT2023-2018,Credit,Rent Payment,2023-10-01,-11073.93,f,2026-05-07 21:29:33,2026-05-07 21:29:33,,Bank Transfer,OR-20231001-2018
2019,335,Rent Payment - Billing #335,FRNT-DEC2022-2019,Credit,Rent Payment,2022-12-01,13061.14,f,2026-05-07 21:29:33,2026-05-07 21:29:33,,Maya,OR-20221201-2019
2020,336,Rent Payment - Billing #336,FRNT-JAN2023-2020,Credit,Rent Payment,2023-01-01,13154.50,f,2026-05-07 21:29:33,2026-05-07 21:29:33,,GCash,OR-20230101-2020
2021,337,Rent Payment - Billing #337,FRNT-FEB2023-2021,Credit,Rent Payment,2023-02-01,12286.14,f,2026-05-07 21:29:33,2026-05-07 21:29:33,,Maya,OR-20230201-2021
2022,338,Rent Payment - Billing #338,FRNT-MAR2023-2022,Credit,Rent Payment,2023-03-01,13615.98,f,2026-05-07 21:29:33,2026-05-07 21:29:33,,Cash,OR-20230301-2022
2023,339,Rent Payment - Billing #339,FRNT-APR2023-2023,Credit,Rent Payment,2023-04-01,12973.04,f,2026-05-07 21:29:33,2026-05-07 21:29:33,,Bank Transfer,OR-20230401-2023
2024,340,Rent Payment - Billing #340,FRNT-MAY2023-2024,Credit,Rent Payment,2023-05-01,11988.43,f,2026-05-07 21:29:33,2026-05-07 21:29:33,,Maya,OR-20230501-2024
2025,341,Move-Out Settlement - Billing #341,FRNT-MAY2023-2025,Credit,Rent Payment,2023-05-01,-9307.57,f,2026-05-07 21:29:33,2026-05-07 21:29:33,,Cash,OR-20230501-2025
2026,342,Rent Payment - Billing #342,FRNT-JAN2023-2026,Credit,Rent Payment,2023-01-01,13607.20,f,2026-05-07 21:29:33,2026-05-07 21:29:33,,Maya,OR-20230101-2026
2027,343,Move-Out Settlement - Billing #343,FRNT-JAN2023-2027,Credit,Rent Payment,2023-01-01,-11484.80,f,2026-05-07 21:29:33,2026-05-07 21:29:33,,GCash,OR-20230101-2027
2028,344,Rent Payment - Billing #344,FRNT-FEB2023-2028,Credit,Rent Payment,2023-02-01,13650.78,f,2026-05-07 21:29:33,2026-05-07 21:29:33,,Maya,OR-20230201-2028
2029,345,Rent Payment - Billing #345,FRNT-MAR2023-2029,Credit,Rent Payment,2023-03-01,13310.46,f,2026-05-07 21:29:33,2026-05-07 21:29:33,,GCash,OR-20230301-2029
2030,346,Rent Payment - Billing #346,FRNT-APR2023-2030,Credit,Rent Payment,2023-04-01,13328.29,f,2026-05-07 21:29:33,2026-05-07 21:29:33,,Cash,OR-20230401-2030
2031,347,Rent Payment - Billing #347,FRNT-MAY2023-2031,Credit,Rent Payment,2023-05-01,13012.66,f,2026-05-07 21:29:33,2026-05-07 21:29:33,,Maya,OR-20230501-2031
2032,348,Rent Payment - Billing #348,FRNT-JUN2023-2032,Credit,Rent Payment,2023-06-01,13216.57,f,2026-05-07 21:29:33,2026-05-07 21:29:33,,Maya,OR-20230601-2032
2033,349,Rent Payment - Billing #349,FRNT-JUL2023-2033,Credit,Rent Payment,2023-07-01,12788.45,f,2026-05-07 21:29:33,2026-05-07 21:29:33,,Cash,OR-20230701-2033
2034,350,Rent Payment - Billing #350,FRNT-AUG2023-2034,Credit,Rent Payment,2023-08-01,13307.40,f,2026-05-07 21:29:33,2026-05-07 21:29:33,,Maya,OR-20230801-2034
2035,351,Rent Payment - Billing #351,FRNT-SEP2023-2035,Credit,Rent Payment,2023-09-01,13672.94,f,2026-05-07 21:29:33,2026-05-07 21:29:33,,Maya,OR-20230901-2035
2036,352,Rent Payment - Billing #352,FRNT-OCT2023-2036,Credit,Rent Payment,2023-10-01,13281.67,f,2026-05-07 21:29:33,2026-05-07 21:29:33,,Cash,OR-20231001-2036
2037,353,Rent Payment - Billing #353,FRNT-NOV2023-2037,Credit,Rent Payment,2023-11-01,13302.54,f,2026-05-07 21:29:33,2026-05-07 21:29:33,,Cash,OR-20231101-2037
2038,354,Rent Payment - Billing #354,FRNT-DEC2023-2038,Credit,Rent Payment,2023-12-01,13225.59,f,2026-05-07 21:29:33,2026-05-07 21:29:33,,Maya,OR-20231201-2038
2039,355,Rent Payment - Billing #355,FRNT-JAN2024-2039,Credit,Rent Payment,2024-01-01,12872.73,f,2026-05-07 21:29:34,2026-05-07 21:29:34,,GCash,OR-20240101-2039
2040,356,Move-Out Settlement - Billing #356,FRNT-JAN2024-2040,Credit,Rent Payment,2024-01-01,-11719.27,f,2026-05-07 21:29:34,2026-05-07 21:29:34,,GCash,OR-20240101-2040
2041,357,Rent Payment - Billing #357,FRNT-FEB2023-2041,Credit,Rent Payment,2023-02-01,7383.52,f,2026-05-07 21:29:34,2026-05-07 21:29:34,,Bank Transfer,OR-20230201-2041
2042,358,Rent Payment - Billing #358,FRNT-MAR2023-2042,Credit,Rent Payment,2023-03-01,7260.45,f,2026-05-07 21:29:34,2026-05-07 21:29:34,,Cash,OR-20230301-2042
2043,359,Rent Payment - Billing #359,FRNT-APR2023-2043,Credit,Rent Payment,2023-04-01,7934.53,f,2026-05-07 21:29:34,2026-05-07 21:29:34,,Cash,OR-20230401-2043
2044,360,Rent Payment - Billing #360,FRNT-MAY2023-2044,Credit,Rent Payment,2023-05-01,7975.62,f,2026-05-07 21:29:34,2026-05-07 21:29:34,,GCash,OR-20230501-2044
2045,361,Rent Payment - Billing #361,FRNT-JUN2023-2045,Credit,Rent Payment,2023-06-01,7446.11,f,2026-05-07 21:29:34,2026-05-07 21:29:34,,Bank Transfer,OR-20230601-2045
2046,362,Rent Payment - Billing #362,FRNT-JUL2023-2046,Credit,Rent Payment,2023-07-01,6557.88,f,2026-05-07 21:29:34,2026-05-07 21:29:34,,Bank Transfer,OR-20230701-2046
2047,363,Move-Out Settlement - Billing #363,FRNT-JUL2023-2047,Credit,Rent Payment,2023-07-01,-4832.12,f,2026-05-07 21:29:34,2026-05-07 21:29:34,,Bank Transfer,OR-20230701-2047
2048,364,Rent Payment - Billing #364,FRNT-FEB2023-2048,Credit,Rent Payment,2023-02-01,11157.55,f,2026-05-07 21:29:34,2026-05-07 21:29:34,,Cash,OR-20230201-2048
2049,365,Rent Payment - Billing #365,FRNT-MAR2023-2049,Credit,Rent Payment,2023-03-01,10874.44,f,2026-05-07 21:29:34,2026-05-07 21:29:34,,Cash,OR-20230301-2049
2050,366,Rent Payment - Billing #366,FRNT-APR2023-2050,Credit,Rent Payment,2023-04-01,11696.09,f,2026-05-07 21:29:34,2026-05-07 21:29:34,,Cash,OR-20230401-2050
2051,367,Rent Payment - Billing #367,FRNT-MAY2023-2051,Credit,Rent Payment,2023-05-01,11000.80,f,2026-05-07 21:29:34,2026-05-07 21:29:34,,Maya,OR-20230501-2051
2052,368,Rent Payment - Billing #368,FRNT-JUN2023-2052,Credit,Rent Payment,2023-06-01,12169.31,f,2026-05-07 21:29:34,2026-05-07 21:29:34,,Bank Transfer,OR-20230601-2052
2053,369,Rent Payment - Billing #369,FRNT-JUL2023-2053,Credit,Rent Payment,2023-07-01,10048.09,f,2026-05-07 21:29:34,2026-05-07 21:29:34,,Maya,OR-20230701-2053
2054,370,Rent Payment - Billing #370,FRNT-AUG2023-2054,Credit,Rent Payment,2023-08-01,10283.87,f,2026-05-07 21:29:34,2026-05-07 21:29:34,,GCash,OR-20230801-2054
2055,371,Rent Payment - Billing #371,FRNT-SEP2023-2055,Credit,Rent Payment,2023-09-01,10130.70,f,2026-05-07 21:29:34,2026-05-07 21:29:34,,GCash,OR-20230901-2055
2056,372,Rent Payment - Billing #372,FRNT-OCT2023-2056,Credit,Rent Payment,2023-10-01,10149.08,f,2026-05-07 21:29:34,2026-05-07 21:29:34,,Bank Transfer,OR-20231001-2056
2057,373,Rent Payment - Billing #373,FRNT-NOV2023-2057,Credit,Rent Payment,2023-11-01,10634.02,f,2026-05-07 21:29:34,2026-05-07 21:29:34,,Maya,OR-20231101-2057
2058,374,Rent Payment - Billing #374,FRNT-DEC2023-2058,Credit,Rent Payment,2023-12-01,10275.95,f,2026-05-07 21:29:34,2026-05-07 21:29:34,,Maya,OR-20231201-2058
2059,375,Rent Payment - Billing #375,FRNT-JAN2024-2059,Credit,Rent Payment,2024-01-01,9737.23,f,2026-05-07 21:29:34,2026-05-07 21:29:34,,GCash,OR-20240101-2059
2060,376,Move-Out Settlement - Billing #376,FRNT-JAN2024-2060,Credit,Rent Payment,2024-01-01,-8934.77,f,2026-05-07 21:29:34,2026-05-07 21:29:34,,Bank Transfer,OR-20240101-2060
2061,377,Rent Payment - Billing #377,FRNT-FEB2023-2061,Credit,Rent Payment,2023-02-01,11033.77,f,2026-05-07 21:29:34,2026-05-07 21:29:34,,Cash,OR-20230201-2061
2062,378,Move-Out Settlement - Billing #378,FRNT-FEB2023-2062,Credit,Rent Payment,2023-02-01,-8090.23,f,2026-05-07 21:29:34,2026-05-07 21:29:34,,Bank Transfer,OR-20230201-2062
2063,379,Move-In Payment - Billing #379,FRNT-JAN2023-2063,Credit,Rent Payment,2023-01-01,27486.00,f,2026-05-07 21:29:34,2026-05-07 21:29:34,,Cash,OR-20230101-2063
2064,380,Rent Payment - Billing #380,FRNT-FEB2023-2064,Credit,Rent Payment,2023-02-01,16382.65,f,2026-05-07 21:29:34,2026-05-07 21:29:34,,Maya,OR-20230201-2064
2065,381,Rent Payment - Billing #381,FRNT-MAR2023-2065,Credit,Rent Payment,2023-03-01,16867.96,f,2026-05-07 21:29:34,2026-05-07 21:29:34,,Bank Transfer,OR-20230301-2065
2066,382,Rent Payment - Billing #382,FRNT-APR2023-2066,Credit,Rent Payment,2023-04-01,15179.85,f,2026-05-07 21:29:34,2026-05-07 21:29:34,,Maya,OR-20230401-2066
2067,383,Move-Out Settlement - Billing #383,FRNT-APR2023-2067,Credit,Rent Payment,2023-04-01,-12806.15,f,2026-05-07 21:29:34,2026-05-07 21:29:34,,GCash,OR-20230401-2067
2068,384,Rent Payment - Billing #384,FRNT-MAR2023-2068,Credit,Rent Payment,2023-03-01,13916.18,f,2026-05-07 21:29:34,2026-05-07 21:29:34,,Maya,OR-20230301-2068
2069,385,Rent Payment - Billing #385,FRNT-APR2023-2069,Credit,Rent Payment,2023-04-01,13315.70,f,2026-05-07 21:29:34,2026-05-07 21:29:34,,Bank Transfer,OR-20230401-2069
2070,386,Rent Payment - Billing #386,FRNT-MAY2023-2070,Credit,Rent Payment,2023-05-01,12121.23,f,2026-05-07 21:29:34,2026-05-07 21:29:34,,Bank Transfer,OR-20230501-2070
2071,387,Move-Out Settlement - Billing #387,FRNT-MAY2023-2071,Credit,Rent Payment,2023-05-01,-10144.77,f,2026-05-07 21:29:34,2026-05-07 21:29:34,,Cash,OR-20230501-2071
2072,388,Rent Payment - Billing #388,FRNT-MAR2023-2072,Credit,Rent Payment,2023-03-01,10766.52,f,2026-05-07 21:29:34,2026-05-07 21:29:34,,Bank Transfer,OR-20230301-2072
2073,389,Move-Out Settlement - Billing #389,FRNT-MAR2023-2073,Credit,Rent Payment,2023-03-01,-8357.48,f,2026-05-07 21:29:34,2026-05-07 21:29:34,,GCash,OR-20230301-2073
2074,390,Rent Payment - Billing #390,FRNT-APR2023-2074,Credit,Rent Payment,2023-04-01,8288.49,f,2026-05-07 21:29:34,2026-05-07 21:29:34,,GCash,OR-20230401-2074
2075,391,Move-Out Settlement - Billing #391,FRNT-APR2023-2075,Credit,Rent Payment,2023-04-01,-5647.51,f,2026-05-07 21:29:34,2026-05-07 21:29:34,,Maya,OR-20230401-2075
2076,392,Move-In Payment - Billing #392,FRNT-MAR2023-2076,Credit,Rent Payment,2023-03-01,22084.00,f,2026-05-07 21:29:34,2026-05-07 21:29:34,,Bank Transfer,OR-20230301-2076
2077,393,Rent Payment - Billing #393,FRNT-APR2023-2077,Credit,Rent Payment,2023-04-01,13147.97,f,2026-05-07 21:29:34,2026-05-07 21:29:34,,GCash,OR-20230401-2077
2078,394,Rent Payment - Billing #394,FRNT-MAY2023-2078,Credit,Rent Payment,2023-05-01,12846.37,f,2026-05-07 21:29:34,2026-05-07 21:29:34,,Bank Transfer,OR-20230501-2078
2079,395,Rent Payment - Billing #395,FRNT-JUN2023-2079,Credit,Rent Payment,2023-06-01,13673.15,f,2026-05-07 21:29:34,2026-05-07 21:29:34,,GCash,OR-20230601-2079
2080,396,Rent Payment - Billing #396,FRNT-JUL2023-2080,Credit,Rent Payment,2023-07-01,13210.40,f,2026-05-07 21:29:34,2026-05-07 21:29:34,,Cash,OR-20230701-2080
2081,397,Rent Payment - Billing #397,FRNT-AUG2023-2081,Credit,Rent Payment,2023-08-01,12521.42,f,2026-05-07 21:29:34,2026-05-07 21:29:34,,Bank Transfer,OR-20230801-2081
2082,398,Rent Payment - Billing #398,FRNT-SEP2023-2082,Credit,Rent Payment,2023-09-01,13587.97,f,2026-05-07 21:29:34,2026-05-07 21:29:34,,Bank Transfer,OR-20230901-2082
2083,399,Rent Payment - Billing #399,FRNT-OCT2023-2083,Credit,Rent Payment,2023-10-01,13142.92,f,2026-05-07 21:29:34,2026-05-07 21:29:34,,Maya,OR-20231001-2083
2084,400,Rent Payment - Billing #400,FRNT-NOV2023-2084,Credit,Rent Payment,2023-11-01,12690.99,f,2026-05-07 21:29:34,2026-05-07 21:29:34,,GCash,OR-20231101-2084
2085,401,Rent Payment - Billing #401,FRNT-DEC2023-2085,Credit,Rent Payment,2023-12-01,13552.16,f,2026-05-07 21:29:34,2026-05-07 21:29:34,,GCash,OR-20231201-2085
2086,402,Rent Payment - Billing #402,FRNT-JAN2024-2086,Credit,Rent Payment,2024-01-01,13020.67,f,2026-05-07 21:29:34,2026-05-07 21:29:34,,Maya,OR-20240101-2086
2087,403,Rent Payment - Billing #403,FRNT-FEB2024-2087,Credit,Rent Payment,2024-02-01,12856.23,f,2026-05-07 21:29:34,2026-05-07 21:29:34,,Maya,OR-20240201-2087
2088,404,Rent Payment - Billing #404,FRNT-MAR2024-2088,Credit,Rent Payment,2024-03-01,12332.72,f,2026-05-07 21:29:34,2026-05-07 21:29:34,,GCash,OR-20240301-2088
2089,405,Move-Out Settlement - Billing #405,FRNT-MAR2024-2089,Credit,Rent Payment,2024-03-01,-9751.28,f,2026-05-07 21:29:34,2026-05-07 21:29:34,,Maya,OR-20240301-2089
2090,406,Move-In Payment - Billing #406,FRNT-MAR2023-2090,Credit,Rent Payment,2023-03-01,20350.00,f,2026-05-07 21:29:34,2026-05-07 21:29:34,,Bank Transfer,OR-20230301-2090
2091,407,Rent Payment - Billing #407,FRNT-APR2023-2091,Credit,Rent Payment,2023-04-01,12525.13,f,2026-05-07 21:29:34,2026-05-07 21:29:34,,GCash,OR-20230401-2091
2092,408,Rent Payment - Billing #408,FRNT-MAY2023-2092,Credit,Rent Payment,2023-05-01,12652.62,f,2026-05-07 21:29:34,2026-05-07 21:29:34,,Bank Transfer,OR-20230501-2092
2093,409,Rent Payment - Billing #409,FRNT-JUN2023-2093,Credit,Rent Payment,2023-06-01,12916.51,f,2026-05-07 21:29:34,2026-05-07 21:29:34,,Bank Transfer,OR-20230601-2093
2094,410,Rent Payment - Billing #410,FRNT-JUL2023-2094,Credit,Rent Payment,2023-07-01,12015.75,f,2026-05-07 21:29:34,2026-05-07 21:29:34,,Cash,OR-20230701-2094
2095,411,Rent Payment - Billing #411,FRNT-AUG2023-2095,Credit,Rent Payment,2023-08-01,12091.40,f,2026-05-07 21:29:34,2026-05-07 21:29:34,,Bank Transfer,OR-20230801-2095
2096,412,Rent Payment - Billing #412,FRNT-SEP2023-2096,Credit,Rent Payment,2023-09-01,11057.45,f,2026-05-07 21:29:34,2026-05-07 21:29:34,,Maya,OR-20230901-2096
2097,413,Move-Out Settlement - Billing #413,FRNT-SEP2023-2097,Credit,Rent Payment,2023-09-01,-9292.55,f,2026-05-07 21:29:34,2026-05-07 21:29:34,,Maya,OR-20230901-2097
2098,414,Move-In Payment - Billing #414,FRNT-MAR2023-2098,Credit,Rent Payment,2023-03-01,14710.00,f,2026-05-07 21:29:34,2026-05-07 21:29:34,,GCash,OR-20230301-2098
2099,415,Rent Payment - Billing #415,FRNT-APR2023-2099,Credit,Rent Payment,2023-04-01,8751.76,f,2026-05-07 21:29:34,2026-05-07 21:29:34,,Cash,OR-20230401-2099
2100,416,Rent Payment - Billing #416,FRNT-MAY2023-2100,Credit,Rent Payment,2023-05-01,7900.04,f,2026-05-07 21:29:34,2026-05-07 21:29:34,,Bank Transfer,OR-20230501-2100
2101,417,Rent Payment - Billing #417,FRNT-JUN2023-2101,Credit,Rent Payment,2023-06-01,8104.62,f,2026-05-07 21:29:34,2026-05-07 21:29:34,,Maya,OR-20230601-2101
2102,418,Rent Payment - Billing #418,FRNT-JUL2023-2102,Credit,Rent Payment,2023-07-01,8151.09,f,2026-05-07 21:29:34,2026-05-07 21:29:34,,GCash,OR-20230701-2102
2103,419,Rent Payment - Billing #419,FRNT-AUG2023-2103,Credit,Rent Payment,2023-08-01,8058.25,f,2026-05-07 21:29:34,2026-05-07 21:29:34,,GCash,OR-20230801-2103
2104,420,Rent Payment - Billing #420,FRNT-SEP2023-2104,Credit,Rent Payment,2023-09-01,8680.40,f,2026-05-07 21:29:34,2026-05-07 21:29:34,,GCash,OR-20230901-2104
2105,421,Rent Payment - Billing #421,FRNT-OCT2023-2105,Credit,Rent Payment,2023-10-01,8397.09,f,2026-05-07 21:29:34,2026-05-07 21:29:34,,Cash,OR-20231001-2105
2106,422,Rent Payment - Billing #422,FRNT-NOV2023-2106,Credit,Rent Payment,2023-11-01,8571.63,f,2026-05-07 21:29:34,2026-05-07 21:29:34,,Maya,OR-20231101-2106
2107,423,Rent Payment - Billing #423,FRNT-DEC2023-2107,Credit,Rent Payment,2023-12-01,7964.44,f,2026-05-07 21:29:34,2026-05-07 21:29:34,,GCash,OR-20231201-2107
2108,424,Rent Payment - Billing #424,FRNT-JAN2024-2108,Credit,Rent Payment,2024-01-01,8505.07,f,2026-05-07 21:29:34,2026-05-07 21:29:34,,GCash,OR-20240101-2108
2109,425,Rent Payment - Billing #425,FRNT-FEB2024-2109,Credit,Rent Payment,2024-02-01,8248.77,f,2026-05-07 21:29:34,2026-05-07 21:29:34,,Maya,OR-20240201-2109
2110,426,Rent Payment - Billing #426,FRNT-MAR2024-2110,Credit,Rent Payment,2024-03-01,7974.42,f,2026-05-07 21:29:34,2026-05-07 21:29:34,,Cash,OR-20240301-2110
2111,427,Move-Out Settlement - Billing #427,FRNT-MAR2024-2111,Credit,Rent Payment,2024-03-01,-6735.58,f,2026-05-07 21:29:34,2026-05-07 21:29:34,,Maya,OR-20240301-2111
2112,428,Rent Payment - Billing #428,FRNT-APR2023-2112,Credit,Rent Payment,2023-04-01,10414.12,f,2026-05-07 21:29:34,2026-05-07 21:29:34,,Maya,OR-20230401-2112
2113,429,Rent Payment - Billing #429,FRNT-MAY2023-2113,Credit,Rent Payment,2023-05-01,10150.19,f,2026-05-07 21:29:34,2026-05-07 21:29:34,,GCash,OR-20230501-2113
2114,430,Rent Payment - Billing #430,FRNT-JUN2023-2114,Credit,Rent Payment,2023-06-01,8792.91,f,2026-05-07 21:29:34,2026-05-07 21:29:34,,Cash,OR-20230601-2114
2115,431,Move-Out Settlement - Billing #431,FRNT-JUN2023-2115,Credit,Rent Payment,2023-06-01,-5881.09,f,2026-05-07 21:29:34,2026-05-07 21:29:34,,Maya,OR-20230601-2115
2116,432,Rent Payment - Billing #432,FRNT-APR2023-2116,Credit,Rent Payment,2023-04-01,8202.83,f,2026-05-07 21:29:34,2026-05-07 21:29:34,,GCash,OR-20230401-2116
2117,433,Move-Out Settlement - Billing #433,FRNT-APR2023-2117,Credit,Rent Payment,2023-04-01,-6143.17,f,2026-05-07 21:29:34,2026-05-07 21:29:34,,GCash,OR-20230401-2117
2118,434,Rent Payment - Billing #434,FRNT-APR2023-2118,Credit,Rent Payment,2023-04-01,11138.69,f,2026-05-07 21:29:34,2026-05-07 21:29:34,,Bank Transfer,OR-20230401-2118
2119,435,Rent Payment - Billing #435,FRNT-MAY2023-2119,Credit,Rent Payment,2023-05-01,11300.50,f,2026-05-07 21:29:34,2026-05-07 21:29:34,,GCash,OR-20230501-2119
2120,436,Rent Payment - Billing #436,FRNT-JUN2023-2120,Credit,Rent Payment,2023-06-01,11137.83,f,2026-05-07 21:29:34,2026-05-07 21:29:34,,Maya,OR-20230601-2120
2121,437,Move-Out Settlement - Billing #437,FRNT-JUN2023-2121,Credit,Rent Payment,2023-06-01,-7986.17,f,2026-05-07 21:29:34,2026-05-07 21:29:34,,Bank Transfer,OR-20230601-2121
2122,438,Rent Payment - Billing #438,FRNT-MAY2023-2122,Credit,Rent Payment,2023-05-01,15855.30,f,2026-05-07 21:29:34,2026-05-07 21:29:34,,GCash,OR-20230501-2122
2123,439,Rent Payment - Billing #439,FRNT-JUN2023-2123,Credit,Rent Payment,2023-06-01,16122.07,f,2026-05-07 21:29:34,2026-05-07 21:29:34,,Cash,OR-20230601-2123
2124,440,Rent Payment - Billing #440,FRNT-JUL2023-2124,Credit,Rent Payment,2023-07-01,14667.65,f,2026-05-07 21:29:34,2026-05-07 21:29:34,,Maya,OR-20230701-2124
2125,441,Rent Payment - Billing #441,FRNT-AUG2023-2125,Credit,Rent Payment,2023-08-01,14877.00,f,2026-05-07 21:29:34,2026-05-07 21:29:34,,Maya,OR-20230801-2125
2126,442,Rent Payment - Billing #442,FRNT-SEP2023-2126,Credit,Rent Payment,2023-09-01,14592.32,f,2026-05-07 21:29:34,2026-05-07 21:29:34,,Bank Transfer,OR-20230901-2126
2127,443,Rent Payment - Billing #443,FRNT-OCT2023-2127,Credit,Rent Payment,2023-10-01,14816.91,f,2026-05-07 21:29:34,2026-05-07 21:29:34,,Maya,OR-20231001-2127
2128,444,Rent Payment - Billing #444,FRNT-NOV2023-2128,Credit,Rent Payment,2023-11-01,14905.43,f,2026-05-07 21:29:34,2026-05-07 21:29:34,,Maya,OR-20231101-2128
2129,445,Rent Payment - Billing #445,FRNT-DEC2023-2129,Credit,Rent Payment,2023-12-01,14919.06,f,2026-05-07 21:29:34,2026-05-07 21:29:34,,Maya,OR-20231201-2129
2130,446,Rent Payment - Billing #446,FRNT-JAN2024-2130,Credit,Rent Payment,2024-01-01,14570.46,f,2026-05-07 21:29:34,2026-05-07 21:29:34,,Bank Transfer,OR-20240101-2130
2131,447,Rent Payment - Billing #447,FRNT-FEB2024-2131,Credit,Rent Payment,2024-02-01,14483.36,f,2026-05-07 21:29:34,2026-05-07 21:29:34,,Cash,OR-20240201-2131
2132,448,Rent Payment - Billing #448,FRNT-MAR2024-2132,Credit,Rent Payment,2024-03-01,14633.47,f,2026-05-07 21:29:34,2026-05-07 21:29:34,,Maya,OR-20240301-2132
2133,449,Rent Payment - Billing #449,FRNT-APR2024-2133,Credit,Rent Payment,2024-04-01,14377.05,f,2026-05-07 21:29:34,2026-05-07 21:29:34,,Maya,OR-20240401-2133
2134,450,Move-Out Settlement - Billing #450,FRNT-APR2024-2134,Credit,Rent Payment,2024-04-01,-13108.95,f,2026-05-07 21:29:34,2026-05-07 21:29:34,,Maya,OR-20240401-2134
2135,451,Rent Payment - Billing #451,FRNT-MAY2023-2135,Credit,Rent Payment,2023-05-01,7947.80,f,2026-05-07 21:29:34,2026-05-07 21:29:34,,Cash,OR-20230501-2135
2136,452,Rent Payment - Billing #452,FRNT-JUN2023-2136,Credit,Rent Payment,2023-06-01,7740.77,f,2026-05-07 21:29:34,2026-05-07 21:29:34,,Maya,OR-20230601-2136
2137,453,Rent Payment - Billing #453,FRNT-JUL2023-2137,Credit,Rent Payment,2023-07-01,8324.98,f,2026-05-07 21:29:34,2026-05-07 21:29:34,,Maya,OR-20230701-2137
2138,454,Rent Payment - Billing #454,FRNT-AUG2023-2138,Credit,Rent Payment,2023-08-01,7646.59,f,2026-05-07 21:29:34,2026-05-07 21:29:34,,Bank Transfer,OR-20230801-2138
2139,455,Rent Payment - Billing #455,FRNT-SEP2023-2139,Credit,Rent Payment,2023-09-01,7705.47,f,2026-05-07 21:29:35,2026-05-07 21:29:35,,Maya,OR-20230901-2139
2140,456,Rent Payment - Billing #456,FRNT-OCT2023-2140,Credit,Rent Payment,2023-10-01,7406.64,f,2026-05-07 21:29:35,2026-05-07 21:29:35,,Bank Transfer,OR-20231001-2140
2141,457,Move-Out Settlement - Billing #457,FRNT-OCT2023-2141,Credit,Rent Payment,2023-10-01,-6439.36,f,2026-05-07 21:29:35,2026-05-07 21:29:35,,GCash,OR-20231001-2141
2142,458,Rent Payment - Billing #458,FRNT-MAY2023-2142,Credit,Rent Payment,2023-05-01,8400.83,f,2026-05-07 21:29:35,2026-05-07 21:29:35,,GCash,OR-20230501-2142
2143,459,Rent Payment - Billing #459,FRNT-JUN2023-2143,Credit,Rent Payment,2023-06-01,8800.39,f,2026-05-07 21:29:35,2026-05-07 21:29:35,,Cash,OR-20230601-2143
2144,460,Rent Payment - Billing #460,FRNT-JUL2023-2144,Credit,Rent Payment,2023-07-01,9066.34,f,2026-05-07 21:29:35,2026-05-07 21:29:35,,Bank Transfer,OR-20230701-2144
2145,461,Rent Payment - Billing #461,FRNT-AUG2023-2145,Credit,Rent Payment,2023-08-01,9297.40,f,2026-05-07 21:29:35,2026-05-07 21:29:35,,Cash,OR-20230801-2145
2146,462,Rent Payment - Billing #462,FRNT-SEP2023-2146,Credit,Rent Payment,2023-09-01,8933.02,f,2026-05-07 21:29:35,2026-05-07 21:29:35,,Bank Transfer,OR-20230901-2146
2147,463,Rent Payment - Billing #463,FRNT-OCT2023-2147,Credit,Rent Payment,2023-10-01,9474.96,f,2026-05-07 21:29:35,2026-05-07 21:29:35,,Cash,OR-20231001-2147
2148,464,Rent Payment - Billing #464,FRNT-NOV2023-2148,Credit,Rent Payment,2023-11-01,8905.84,f,2026-05-07 21:29:35,2026-05-07 21:29:35,,Maya,OR-20231101-2148
2149,465,Rent Payment - Billing #465,FRNT-DEC2023-2149,Credit,Rent Payment,2023-12-01,8503.58,f,2026-05-07 21:29:35,2026-05-07 21:29:35,,Maya,OR-20231201-2149
2150,466,Rent Payment - Billing #466,FRNT-JAN2024-2150,Credit,Rent Payment,2024-01-01,8445.81,f,2026-05-07 21:29:35,2026-05-07 21:29:35,,GCash,OR-20240101-2150
2151,467,Rent Payment - Billing #467,FRNT-FEB2024-2151,Credit,Rent Payment,2024-02-01,8420.82,f,2026-05-07 21:29:35,2026-05-07 21:29:35,,Bank Transfer,OR-20240201-2151
2152,468,Rent Payment - Billing #468,FRNT-MAR2024-2152,Credit,Rent Payment,2024-03-01,8395.58,f,2026-05-07 21:29:35,2026-05-07 21:29:35,,Cash,OR-20240301-2152
2153,469,Rent Payment - Billing #469,FRNT-APR2024-2153,Credit,Rent Payment,2024-04-01,7587.91,f,2026-05-07 21:29:35,2026-05-07 21:29:35,,Cash,OR-20240401-2153
2154,470,Move-Out Settlement - Billing #470,FRNT-APR2024-2154,Credit,Rent Payment,2024-04-01,-5848.09,f,2026-05-07 21:29:35,2026-05-07 21:29:35,,Cash,OR-20240401-2154
2155,471,Rent Payment - Billing #471,FRNT-JUN2023-2155,Credit,Rent Payment,2023-06-01,13813.20,f,2026-05-07 21:29:35,2026-05-07 21:29:35,,GCash,OR-20230601-2155
2156,472,Move-Out Settlement - Billing #472,FRNT-JUN2023-2156,Credit,Rent Payment,2023-06-01,-11530.80,f,2026-05-07 21:29:35,2026-05-07 21:29:35,,Bank Transfer,OR-20230601-2156
2157,473,Rent Payment - Billing #473,FRNT-JUN2023-2157,Credit,Rent Payment,2023-06-01,12183.04,f,2026-05-07 21:29:35,2026-05-07 21:29:35,,GCash,OR-20230601-2157
2158,474,Move-Out Settlement - Billing #474,FRNT-JUN2023-2158,Credit,Rent Payment,2023-06-01,-10082.96,f,2026-05-07 21:29:35,2026-05-07 21:29:35,,Bank Transfer,OR-20230601-2158
2159,475,Rent Payment - Billing #475,FRNT-JUN2023-2159,Credit,Rent Payment,2023-06-01,13716.57,f,2026-05-07 21:29:35,2026-05-07 21:29:35,,Cash,OR-20230601-2159
2160,476,Move-Out Settlement - Billing #476,FRNT-JUN2023-2160,Credit,Rent Payment,2023-06-01,-11375.43,f,2026-05-07 21:29:35,2026-05-07 21:29:35,,Maya,OR-20230601-2160
2161,477,Move-In Payment - Billing #477,FRNT-MAY2023-2161,Credit,Rent Payment,2023-05-01,12656.00,f,2026-05-07 21:29:35,2026-05-07 21:29:35,,Bank Transfer,OR-20230501-2161
2162,478,Rent Payment - Billing #478,FRNT-JUN2023-2162,Credit,Rent Payment,2023-06-01,8047.50,f,2026-05-07 21:29:35,2026-05-07 21:29:35,,Cash,OR-20230601-2162
2163,479,Rent Payment - Billing #479,FRNT-JUL2023-2163,Credit,Rent Payment,2023-07-01,8820.87,f,2026-05-07 21:29:35,2026-05-07 21:29:35,,GCash,OR-20230701-2163
2164,480,Rent Payment - Billing #480,FRNT-AUG2023-2164,Credit,Rent Payment,2023-08-01,8161.62,f,2026-05-07 21:29:35,2026-05-07 21:29:35,,Cash,OR-20230801-2164
2165,481,Rent Payment - Billing #481,FRNT-SEP2023-2165,Credit,Rent Payment,2023-09-01,7801.74,f,2026-05-07 21:29:35,2026-05-07 21:29:35,,Cash,OR-20230901-2165
2166,482,Rent Payment - Billing #482,FRNT-OCT2023-2166,Credit,Rent Payment,2023-10-01,8393.52,f,2026-05-07 21:29:35,2026-05-07 21:29:35,,Cash,OR-20231001-2166
2167,483,Rent Payment - Billing #483,FRNT-NOV2023-2167,Credit,Rent Payment,2023-11-01,6944.97,f,2026-05-07 21:29:35,2026-05-07 21:29:35,,Bank Transfer,OR-20231101-2167
2168,484,Move-Out Settlement - Billing #484,FRNT-NOV2023-2168,Credit,Rent Payment,2023-11-01,-5711.03,f,2026-05-07 21:29:35,2026-05-07 21:29:35,,Maya,OR-20231101-2168
2169,485,Rent Payment - Billing #485,FRNT-JUN2023-2169,Credit,Rent Payment,2023-06-01,8604.62,f,2026-05-07 21:29:35,2026-05-07 21:29:35,,Bank Transfer,OR-20230601-2169
2170,486,Move-Out Settlement - Billing #486,FRNT-JUN2023-2170,Credit,Rent Payment,2023-06-01,-6605.38,f,2026-05-07 21:29:35,2026-05-07 21:29:35,,Maya,OR-20230601-2170
2171,487,Rent Payment - Billing #487,FRNT-JUN2023-2171,Credit,Rent Payment,2023-06-01,12864.93,f,2026-05-07 21:29:35,2026-05-07 21:29:35,,Maya,OR-20230601-2171
2172,488,Rent Payment - Billing #488,FRNT-JUL2023-2172,Credit,Rent Payment,2023-07-01,12541.11,f,2026-05-07 21:29:35,2026-05-07 21:29:35,,GCash,OR-20230701-2172
2173,489,Rent Payment - Billing #489,FRNT-AUG2023-2173,Credit,Rent Payment,2023-08-01,12057.57,f,2026-05-07 21:29:35,2026-05-07 21:29:35,,GCash,OR-20230801-2173
2174,490,Rent Payment - Billing #490,FRNT-SEP2023-2174,Credit,Rent Payment,2023-09-01,13471.59,f,2026-05-07 21:29:35,2026-05-07 21:29:35,,Cash,OR-20230901-2174
2175,491,Rent Payment - Billing #491,FRNT-OCT2023-2175,Credit,Rent Payment,2023-10-01,12700.27,f,2026-05-07 21:29:35,2026-05-07 21:29:35,,Bank Transfer,OR-20231001-2175
2176,492,Rent Payment - Billing #492,FRNT-NOV2023-2176,Credit,Rent Payment,2023-11-01,11444.48,f,2026-05-07 21:29:35,2026-05-07 21:29:35,,GCash,OR-20231101-2176
2177,493,Move-Out Settlement - Billing #493,FRNT-NOV2023-2177,Credit,Rent Payment,2023-11-01,-9851.52,f,2026-05-07 21:29:35,2026-05-07 21:29:35,,Maya,OR-20231101-2177
2178,494,Rent Payment - Billing #494,FRNT-JUL2023-2178,Credit,Rent Payment,2023-07-01,9745.78,f,2026-05-07 21:29:35,2026-05-07 21:29:35,,Maya,OR-20230701-2178
2179,495,Rent Payment - Billing #495,FRNT-AUG2023-2179,Credit,Rent Payment,2023-08-01,9389.36,f,2026-05-07 21:29:35,2026-05-07 21:29:35,,Maya,OR-20230801-2179
2180,496,Rent Payment - Billing #496,FRNT-SEP2023-2180,Credit,Rent Payment,2023-09-01,9742.73,f,2026-05-07 21:29:35,2026-05-07 21:29:35,,GCash,OR-20230901-2180
2181,497,Rent Payment - Billing #497,FRNT-OCT2023-2181,Credit,Rent Payment,2023-10-01,8996.50,f,2026-05-07 21:29:35,2026-05-07 21:29:35,,Maya,OR-20231001-2181
2182,498,Rent Payment - Billing #498,FRNT-NOV2023-2182,Credit,Rent Payment,2023-11-01,8911.23,f,2026-05-07 21:29:35,2026-05-07 21:29:35,,Bank Transfer,OR-20231101-2182
2183,499,Rent Payment - Billing #499,FRNT-DEC2023-2183,Credit,Rent Payment,2023-12-01,8136.45,f,2026-05-07 21:29:35,2026-05-07 21:29:35,,Cash,OR-20231201-2183
2184,500,Move-Out Settlement - Billing #500,FRNT-DEC2023-2184,Credit,Rent Payment,2023-12-01,-6037.55,f,2026-05-07 21:29:35,2026-05-07 21:29:35,,Maya,OR-20231201-2184
2185,501,Rent Payment - Billing #501,FRNT-JUL2023-2185,Credit,Rent Payment,2023-07-01,15475.69,f,2026-05-07 21:29:35,2026-05-07 21:29:35,,Maya,OR-20230701-2185
2186,502,Rent Payment - Billing #502,FRNT-AUG2023-2186,Credit,Rent Payment,2023-08-01,15407.22,f,2026-05-07 21:29:35,2026-05-07 21:29:35,,Bank Transfer,OR-20230801-2186
2187,503,Rent Payment - Billing #503,FRNT-SEP2023-2187,Credit,Rent Payment,2023-09-01,14501.66,f,2026-05-07 21:29:35,2026-05-07 21:29:35,,GCash,OR-20230901-2187
2188,504,Move-Out Settlement - Billing #504,FRNT-SEP2023-2188,Credit,Rent Payment,2023-09-01,-11656.34,f,2026-05-07 21:29:35,2026-05-07 21:29:35,,Bank Transfer,OR-20230901-2188
2189,505,Rent Payment - Billing #505,FRNT-JUL2023-2189,Credit,Rent Payment,2023-07-01,13812.48,f,2026-05-07 21:29:35,2026-05-07 21:29:35,,Maya,OR-20230701-2189
2190,506,Rent Payment - Billing #506,FRNT-AUG2023-2190,Credit,Rent Payment,2023-08-01,13875.22,f,2026-05-07 21:29:35,2026-05-07 21:29:35,,GCash,OR-20230801-2190
2191,507,Rent Payment - Billing #507,FRNT-SEP2023-2191,Credit,Rent Payment,2023-09-01,12769.46,f,2026-05-07 21:29:35,2026-05-07 21:29:35,,Maya,OR-20230901-2191
2192,508,Move-Out Settlement - Billing #508,FRNT-SEP2023-2192,Credit,Rent Payment,2023-09-01,-9496.54,f,2026-05-07 21:29:35,2026-05-07 21:29:35,,Maya,OR-20230901-2192
2193,509,Rent Payment - Billing #509,FRNT-JUL2023-2193,Credit,Rent Payment,2023-07-01,13288.45,f,2026-05-07 21:29:35,2026-05-07 21:29:35,,Bank Transfer,OR-20230701-2193
2194,510,Move-Out Settlement - Billing #510,FRNT-JUL2023-2194,Credit,Rent Payment,2023-07-01,-11803.55,f,2026-05-07 21:29:35,2026-05-07 21:29:35,,GCash,OR-20230701-2194
2195,511,Rent Payment - Billing #511,FRNT-JUL2023-2195,Credit,Rent Payment,2023-07-01,11138.33,f,2026-05-07 21:29:35,2026-05-07 21:29:35,,GCash,OR-20230701-2195
2196,512,Rent Payment - Billing #512,FRNT-AUG2023-2196,Credit,Rent Payment,2023-08-01,11582.31,f,2026-05-07 21:29:35,2026-05-07 21:29:35,,Cash,OR-20230801-2196
2197,513,Rent Payment - Billing #513,FRNT-SEP2023-2197,Credit,Rent Payment,2023-09-01,10671.96,f,2026-05-07 21:29:35,2026-05-07 21:29:35,,Maya,OR-20230901-2197
2198,514,Rent Payment - Billing #514,FRNT-OCT2023-2198,Credit,Rent Payment,2023-10-01,11604.84,f,2026-05-07 21:29:35,2026-05-07 21:29:35,,Maya,OR-20231001-2198
2199,515,Rent Payment - Billing #515,FRNT-NOV2023-2199,Credit,Rent Payment,2023-11-01,10613.70,f,2026-05-07 21:29:35,2026-05-07 21:29:35,,Cash,OR-20231101-2199
2200,516,Rent Payment - Billing #516,FRNT-DEC2023-2200,Credit,Rent Payment,2023-12-01,11578.24,f,2026-05-07 21:29:35,2026-05-07 21:29:35,,Cash,OR-20231201-2200
2201,517,Rent Payment - Billing #517,FRNT-JAN2024-2201,Credit,Rent Payment,2024-01-01,11191.30,f,2026-05-07 21:29:35,2026-05-07 21:29:35,,Cash,OR-20240101-2201
2202,518,Rent Payment - Billing #518,FRNT-FEB2024-2202,Credit,Rent Payment,2024-02-01,11731.46,f,2026-05-07 21:29:35,2026-05-07 21:29:35,,GCash,OR-20240201-2202
2203,519,Rent Payment - Billing #519,FRNT-MAR2024-2203,Credit,Rent Payment,2024-03-01,11817.04,f,2026-05-07 21:29:35,2026-05-07 21:29:35,,Bank Transfer,OR-20240301-2203
2204,520,Rent Payment - Billing #520,FRNT-APR2024-2204,Credit,Rent Payment,2024-04-01,11314.66,f,2026-05-07 21:29:35,2026-05-07 21:29:35,,Cash,OR-20240401-2204
2205,521,Rent Payment - Billing #521,FRNT-MAY2024-2205,Credit,Rent Payment,2024-05-01,11775.91,f,2026-05-07 21:29:35,2026-05-07 21:29:35,,GCash,OR-20240501-2205
2206,522,Rent Payment - Billing #522,FRNT-JUN2024-2206,Credit,Rent Payment,2024-06-01,10498.35,f,2026-05-07 21:29:35,2026-05-07 21:29:35,,GCash,OR-20240601-2206
2207,523,Move-Out Settlement - Billing #523,FRNT-JUN2024-2207,Credit,Rent Payment,2024-06-01,-8125.65,f,2026-05-07 21:29:35,2026-05-07 21:29:35,,GCash,OR-20240601-2207
2208,524,Rent Payment - Billing #524,FRNT-JUL2023-2208,Credit,Rent Payment,2023-07-01,14856.61,f,2026-05-07 21:29:35,2026-05-07 21:29:35,,Bank Transfer,OR-20230701-2208
2209,525,Rent Payment - Billing #525,FRNT-AUG2023-2209,Credit,Rent Payment,2023-08-01,14478.48,f,2026-05-07 21:29:35,2026-05-07 21:29:35,,Bank Transfer,OR-20230801-2209
2210,526,Rent Payment - Billing #526,FRNT-SEP2023-2210,Credit,Rent Payment,2023-09-01,15165.42,f,2026-05-07 21:29:35,2026-05-07 21:29:35,,GCash,OR-20230901-2210
2211,527,Rent Payment - Billing #527,FRNT-OCT2023-2211,Credit,Rent Payment,2023-10-01,14494.88,f,2026-05-07 21:29:35,2026-05-07 21:29:35,,Cash,OR-20231001-2211
2212,528,Rent Payment - Billing #528,FRNT-NOV2023-2212,Credit,Rent Payment,2023-11-01,14283.84,f,2026-05-07 21:29:35,2026-05-07 21:29:35,,Cash,OR-20231101-2212
2213,529,Rent Payment - Billing #529,FRNT-DEC2023-2213,Credit,Rent Payment,2023-12-01,13843.73,f,2026-05-07 21:29:35,2026-05-07 21:29:35,,Bank Transfer,OR-20231201-2213
2214,530,Move-Out Settlement - Billing #530,FRNT-DEC2023-2214,Credit,Rent Payment,2023-12-01,-11000.27,f,2026-05-07 21:29:35,2026-05-07 21:29:35,,Maya,OR-20231201-2214
2215,531,Rent Payment - Billing #531,FRNT-JUL2023-2215,Credit,Rent Payment,2023-07-01,8151.09,f,2026-05-07 21:29:35,2026-05-07 21:29:35,,Cash,OR-20230701-2215
2216,532,Rent Payment - Billing #532,FRNT-AUG2023-2216,Credit,Rent Payment,2023-08-01,8058.25,f,2026-05-07 21:29:35,2026-05-07 21:29:35,,GCash,OR-20230801-2216
2217,533,Rent Payment - Billing #533,FRNT-SEP2023-2217,Credit,Rent Payment,2023-09-01,8680.40,f,2026-05-07 21:29:35,2026-05-07 21:29:35,,GCash,OR-20230901-2217
2218,534,Rent Payment - Billing #534,FRNT-OCT2023-2218,Credit,Rent Payment,2023-10-01,8397.09,f,2026-05-07 21:29:35,2026-05-07 21:29:35,,Maya,OR-20231001-2218
2219,535,Rent Payment - Billing #535,FRNT-NOV2023-2219,Credit,Rent Payment,2023-11-01,8571.63,f,2026-05-07 21:29:35,2026-05-07 21:29:35,,Maya,OR-20231101-2219
2220,536,Rent Payment - Billing #536,FRNT-DEC2023-2220,Credit,Rent Payment,2023-12-01,7964.44,f,2026-05-07 21:29:35,2026-05-07 21:29:35,,Cash,OR-20231201-2220
2221,537,Move-Out Settlement - Billing #537,FRNT-DEC2023-2221,Credit,Rent Payment,2023-12-01,-6745.56,f,2026-05-07 21:29:35,2026-05-07 21:29:35,,Bank Transfer,OR-20231201-2221
2222,538,Rent Payment - Billing #538,FRNT-AUG2023-2222,Credit,Rent Payment,2023-08-01,7899.21,f,2026-05-07 21:29:35,2026-05-07 21:29:35,,Cash,OR-20230801-2222
2223,539,Rent Payment - Billing #539,FRNT-SEP2023-2223,Credit,Rent Payment,2023-09-01,8275.41,f,2026-05-07 21:29:35,2026-05-07 21:29:35,,GCash,OR-20230901-2223
2224,540,Rent Payment - Billing #540,FRNT-OCT2023-2224,Credit,Rent Payment,2023-10-01,7560.52,f,2026-05-07 21:29:35,2026-05-07 21:29:35,,GCash,OR-20231001-2224
2225,541,Rent Payment - Billing #541,FRNT-NOV2023-2225,Credit,Rent Payment,2023-11-01,7248.56,f,2026-05-07 21:29:35,2026-05-07 21:29:35,,Bank Transfer,OR-20231101-2225
2226,542,Rent Payment - Billing #542,FRNT-DEC2023-2226,Credit,Rent Payment,2023-12-01,8186.04,f,2026-05-07 21:29:35,2026-05-07 21:29:35,,Bank Transfer,OR-20231201-2226
2227,543,Rent Payment - Billing #543,FRNT-JAN2024-2227,Credit,Rent Payment,2024-01-01,7431.92,f,2026-05-07 21:29:35,2026-05-07 21:29:35,,Bank Transfer,OR-20240101-2227
2228,544,Rent Payment - Billing #544,FRNT-FEB2024-2228,Credit,Rent Payment,2024-02-01,7820.33,f,2026-05-07 21:29:35,2026-05-07 21:29:35,,Maya,OR-20240201-2228
2229,545,Rent Payment - Billing #545,FRNT-MAR2024-2229,Credit,Rent Payment,2024-03-01,7284.81,f,2026-05-07 21:29:35,2026-05-07 21:29:35,,Cash,OR-20240301-2229
2230,546,Rent Payment - Billing #546,FRNT-APR2024-2230,Credit,Rent Payment,2024-04-01,7304.78,f,2026-05-07 21:29:35,2026-05-07 21:29:35,,Bank Transfer,OR-20240401-2230
2231,547,Rent Payment - Billing #547,FRNT-MAY2024-2231,Credit,Rent Payment,2024-05-01,7976.08,f,2026-05-07 21:29:35,2026-05-07 21:29:35,,Maya,OR-20240501-2231
2232,548,Rent Payment - Billing #548,FRNT-JUN2024-2232,Credit,Rent Payment,2024-06-01,7658.60,f,2026-05-07 21:29:35,2026-05-07 21:29:35,,Cash,OR-20240601-2232
2233,549,Rent Payment - Billing #549,FRNT-JUL2024-2233,Credit,Rent Payment,2024-07-01,7004.05,f,2026-05-07 21:29:35,2026-05-07 21:29:35,,GCash,OR-20240701-2233
2234,550,Move-Out Settlement - Billing #550,FRNT-JUL2024-2234,Credit,Rent Payment,2024-07-01,-4385.95,f,2026-05-07 21:29:35,2026-05-07 21:29:35,,Bank Transfer,OR-20240701-2234
2235,551,Move-In Payment - Billing #551,FRNT-JUL2023-2235,Credit,Rent Payment,2023-07-01,18672.00,f,2026-05-07 21:29:35,2026-05-07 21:29:35,,Maya,OR-20230701-2235
2236,552,Rent Payment - Billing #552,FRNT-AUG2023-2236,Credit,Rent Payment,2023-08-01,10783.87,f,2026-05-07 21:29:35,2026-05-07 21:29:35,,Maya,OR-20230801-2236
2237,553,Rent Payment - Billing #553,FRNT-SEP2023-2237,Credit,Rent Payment,2023-09-01,10630.70,f,2026-05-07 21:29:35,2026-05-07 21:29:35,,Maya,OR-20230901-2237
2238,554,Rent Payment - Billing #554,FRNT-OCT2023-2238,Credit,Rent Payment,2023-10-01,10649.08,f,2026-05-07 21:29:35,2026-05-07 21:29:35,,GCash,OR-20231001-2238
2239,555,Move-Out Settlement - Billing #555,FRNT-OCT2023-2239,Credit,Rent Payment,2023-10-01,-8522.92,f,2026-05-07 21:29:35,2026-05-07 21:29:35,,Cash,OR-20231001-2239
2240,556,Rent Payment - Billing #556,FRNT-AUG2023-2240,Credit,Rent Payment,2023-08-01,13307.40,f,2026-05-07 21:29:35,2026-05-07 21:29:35,,GCash,OR-20230801-2240
2241,557,Rent Payment - Billing #557,FRNT-SEP2023-2241,Credit,Rent Payment,2023-09-01,13672.94,f,2026-05-07 21:29:35,2026-05-07 21:29:35,,Cash,OR-20230901-2241
2242,558,Rent Payment - Billing #558,FRNT-OCT2023-2242,Credit,Rent Payment,2023-10-01,13281.67,f,2026-05-07 21:29:35,2026-05-07 21:29:35,,Bank Transfer,OR-20231001-2242
2243,559,Rent Payment - Billing #559,FRNT-NOV2023-2243,Credit,Rent Payment,2023-11-01,13302.54,f,2026-05-07 21:29:35,2026-05-07 21:29:35,,Bank Transfer,OR-20231101-2243
2244,560,Rent Payment - Billing #560,FRNT-DEC2023-2244,Credit,Rent Payment,2023-12-01,13225.59,f,2026-05-07 21:29:35,2026-05-07 21:29:35,,Bank Transfer,OR-20231201-2244
2245,561,Rent Payment - Billing #561,FRNT-JAN2024-2245,Credit,Rent Payment,2024-01-01,12872.73,f,2026-05-07 21:29:35,2026-05-07 21:29:35,,Maya,OR-20240101-2245
2246,562,Move-Out Settlement - Billing #562,FRNT-JAN2024-2246,Credit,Rent Payment,2024-01-01,-11719.27,f,2026-05-07 21:29:35,2026-05-07 21:29:35,,Bank Transfer,OR-20240101-2246
2247,563,Move-In Payment - Billing #563,FRNT-JUL2023-2247,Credit,Rent Payment,2023-07-01,27486.00,f,2026-05-07 21:29:35,2026-05-07 21:29:35,,Bank Transfer,OR-20230701-2247
2248,564,Rent Payment - Billing #564,FRNT-AUG2023-2248,Credit,Rent Payment,2023-08-01,14877.00,f,2026-05-07 21:29:35,2026-05-07 21:29:35,,Cash,OR-20230801-2248
2249,565,Rent Payment - Billing #565,FRNT-SEP2023-2249,Credit,Rent Payment,2023-09-01,14592.32,f,2026-05-07 21:29:35,2026-05-07 21:29:35,,GCash,OR-20230901-2249
2250,566,Rent Payment - Billing #566,FRNT-OCT2023-2250,Credit,Rent Payment,2023-10-01,14816.91,f,2026-05-07 21:29:35,2026-05-07 21:29:35,,Bank Transfer,OR-20231001-2250
2251,567,Rent Payment - Billing #567,FRNT-NOV2023-2251,Credit,Rent Payment,2023-11-01,14905.43,f,2026-05-07 21:29:35,2026-05-07 21:29:35,,Bank Transfer,OR-20231101-2251
2252,568,Rent Payment - Billing #568,FRNT-DEC2023-2252,Credit,Rent Payment,2023-12-01,14919.06,f,2026-05-07 21:29:35,2026-05-07 21:29:35,,Cash,OR-20231201-2252
2253,569,Rent Payment - Billing #569,FRNT-JAN2024-2253,Credit,Rent Payment,2024-01-01,14570.46,f,2026-05-07 21:29:35,2026-05-07 21:29:35,,Cash,OR-20240101-2253
2254,570,Rent Payment - Billing #570,FRNT-FEB2024-2254,Credit,Rent Payment,2024-02-01,14483.36,f,2026-05-07 21:29:35,2026-05-07 21:29:35,,Cash,OR-20240201-2254
2255,571,Rent Payment - Billing #571,FRNT-MAR2024-2255,Credit,Rent Payment,2024-03-01,14633.47,f,2026-05-07 21:29:35,2026-05-07 21:29:35,,Cash,OR-20240301-2255
2256,572,Rent Payment - Billing #572,FRNT-APR2024-2256,Credit,Rent Payment,2024-04-01,14377.05,f,2026-05-07 21:29:35,2026-05-07 21:29:35,,GCash,OR-20240401-2256
2257,573,Rent Payment - Billing #573,FRNT-MAY2024-2257,Credit,Rent Payment,2024-05-01,14558.02,f,2026-05-07 21:29:36,2026-05-07 21:29:36,,Maya,OR-20240501-2257
2258,574,Rent Payment - Billing #574,FRNT-JUN2024-2258,Credit,Rent Payment,2024-06-01,14658.06,f,2026-05-07 21:29:36,2026-05-07 21:29:36,,Maya,OR-20240601-2258
2259,575,Rent Payment - Billing #575,FRNT-JUL2024-2259,Credit,Rent Payment,2024-07-01,14295.78,f,2026-05-07 21:29:36,2026-05-07 21:29:36,,Bank Transfer,OR-20240701-2259
2260,576,Move-Out Settlement - Billing #576,FRNT-JUL2024-2260,Credit,Rent Payment,2024-07-01,-13190.22,f,2026-05-07 21:29:36,2026-05-07 21:29:36,,GCash,OR-20240701-2260
2261,577,Rent Payment - Billing #577,FRNT-SEP2023-2261,Credit,Rent Payment,2023-09-01,14164.06,f,2026-05-07 21:29:36,2026-05-07 21:29:36,,Cash,OR-20230901-2261
2262,578,Move-Out Settlement - Billing #578,FRNT-SEP2023-2262,Credit,Rent Payment,2023-09-01,-11961.94,f,2026-05-07 21:29:36,2026-05-07 21:29:36,,Cash,OR-20230901-2262
2263,579,Rent Payment - Billing #579,FRNT-OCT2023-2263,Credit,Rent Payment,2023-10-01,14597.28,f,2026-05-07 21:29:36,2026-05-07 21:29:36,,Maya,OR-20231001-2263
2264,580,Rent Payment - Billing #580,FRNT-NOV2023-2264,Credit,Rent Payment,2023-11-01,15844.08,f,2026-05-07 21:29:36,2026-05-07 21:29:36,,Maya,OR-20231101-2264
2265,581,Rent Payment - Billing #581,FRNT-DEC2023-2265,Credit,Rent Payment,2023-12-01,14289.95,f,2026-05-07 21:29:36,2026-05-07 21:29:36,,Bank Transfer,OR-20231201-2265
2266,582,Move-Out Settlement - Billing #582,FRNT-DEC2023-2266,Credit,Rent Payment,2023-12-01,-11836.05,f,2026-05-07 21:29:36,2026-05-07 21:29:36,,Cash,OR-20231201-2266
2267,583,Rent Payment - Billing #583,FRNT-OCT2023-2267,Credit,Rent Payment,2023-10-01,11680.82,f,2026-05-07 21:29:36,2026-05-07 21:29:36,,Maya,OR-20231001-2267
2268,584,Move-Out Settlement - Billing #584,FRNT-OCT2023-2268,Credit,Rent Payment,2023-10-01,-9169.18,f,2026-05-07 21:29:36,2026-05-07 21:29:36,,Cash,OR-20231001-2268
2269,585,Move-In Payment - Billing #585,FRNT-SEP2023-2269,Credit,Rent Payment,2023-09-01,24302.00,f,2026-05-07 21:29:36,2026-05-07 21:29:36,,Cash,OR-20230901-2269
2270,586,Rent Payment - Billing #586,FRNT-OCT2023-2270,Credit,Rent Payment,2023-10-01,13579.58,f,2026-05-07 21:29:36,2026-05-07 21:29:36,,Maya,OR-20231001-2270
2271,587,Move-Out Settlement - Billing #587,FRNT-OCT2023-2271,Credit,Rent Payment,2023-10-01,-11222.42,f,2026-05-07 21:29:36,2026-05-07 21:29:36,,Bank Transfer,OR-20231001-2271
2272,588,Rent Payment - Billing #588,FRNT-OCT2023-2272,Credit,Rent Payment,2023-10-01,12981.62,f,2026-05-07 21:29:36,2026-05-07 21:29:36,,Maya,OR-20231001-2272
2273,589,Rent Payment - Billing #589,FRNT-NOV2023-2273,Credit,Rent Payment,2023-11-01,13194.49,f,2026-05-07 21:29:36,2026-05-07 21:29:36,,GCash,OR-20231101-2273
2274,590,Rent Payment - Billing #590,FRNT-DEC2023-2274,Credit,Rent Payment,2023-12-01,12168.62,f,2026-05-07 21:29:36,2026-05-07 21:29:36,,Bank Transfer,OR-20231201-2274
2275,591,Move-Out Settlement - Billing #591,FRNT-DEC2023-2275,Credit,Rent Payment,2023-12-01,-10097.38,f,2026-05-07 21:29:36,2026-05-07 21:29:36,,Maya,OR-20231201-2275
2276,592,Rent Payment - Billing #592,FRNT-OCT2023-2276,Credit,Rent Payment,2023-10-01,15331.39,f,2026-05-07 21:29:36,2026-05-07 21:29:36,,Maya,OR-20231001-2276
2277,593,Rent Payment - Billing #593,FRNT-NOV2023-2277,Credit,Rent Payment,2023-11-01,14143.72,f,2026-05-07 21:29:36,2026-05-07 21:29:36,,Cash,OR-20231101-2277
2278,594,Rent Payment - Billing #594,FRNT-DEC2023-2278,Credit,Rent Payment,2023-12-01,14450.57,f,2026-05-07 21:29:36,2026-05-07 21:29:36,,GCash,OR-20231201-2278
2279,595,Rent Payment - Billing #595,FRNT-JAN2024-2279,Credit,Rent Payment,2024-01-01,14517.90,f,2026-05-07 21:29:36,2026-05-07 21:29:36,,Cash,OR-20240101-2279
2280,596,Rent Payment - Billing #596,FRNT-FEB2024-2280,Credit,Rent Payment,2024-02-01,15248.53,f,2026-05-07 21:29:36,2026-05-07 21:29:36,,Cash,OR-20240201-2280
2281,597,Rent Payment - Billing #597,FRNT-MAR2024-2281,Credit,Rent Payment,2024-03-01,14488.17,f,2026-05-07 21:29:36,2026-05-07 21:29:36,,Bank Transfer,OR-20240301-2281
2282,598,Rent Payment - Billing #598,FRNT-APR2024-2282,Credit,Rent Payment,2024-04-01,14920.03,f,2026-05-07 21:29:36,2026-05-07 21:29:36,,Cash,OR-20240401-2282
2283,599,Rent Payment - Billing #599,FRNT-MAY2024-2283,Credit,Rent Payment,2024-05-01,13872.90,f,2026-05-07 21:29:36,2026-05-07 21:29:36,,Bank Transfer,OR-20240501-2283
2284,600,Rent Payment - Billing #600,FRNT-JUN2024-2284,Credit,Rent Payment,2024-06-01,13345.47,f,2026-05-07 21:29:36,2026-05-07 21:29:36,,Cash,OR-20240601-2284
2285,601,Rent Payment - Billing #601,FRNT-JUL2024-2285,Credit,Rent Payment,2024-07-01,14218.39,f,2026-05-07 21:29:36,2026-05-07 21:29:36,,GCash,OR-20240701-2285
2286,602,Rent Payment - Billing #602,FRNT-AUG2024-2286,Credit,Rent Payment,2024-08-01,13448.06,f,2026-05-07 21:29:36,2026-05-07 21:29:36,,GCash,OR-20240801-2286
2287,603,Rent Payment - Billing #603,FRNT-SEP2024-2287,Credit,Rent Payment,2024-09-01,13262.03,f,2026-05-07 21:29:36,2026-05-07 21:29:36,,GCash,OR-20240901-2287
2288,604,Move-Out Settlement - Billing #604,FRNT-SEP2024-2288,Credit,Rent Payment,2024-09-01,-12395.97,f,2026-05-07 21:29:36,2026-05-07 21:29:36,,Cash,OR-20240901-2288
2289,605,Rent Payment - Billing #605,FRNT-NOV2023-2289,Credit,Rent Payment,2023-11-01,8134.08,f,2026-05-07 21:29:36,2026-05-07 21:29:36,,Cash,OR-20231101-2289
2290,606,Move-Out Settlement - Billing #606,FRNT-NOV2023-2290,Credit,Rent Payment,2023-11-01,-6211.92,f,2026-05-07 21:29:36,2026-05-07 21:29:36,,Cash,OR-20231101-2290
2291,607,Rent Payment - Billing #607,FRNT-NOV2023-2291,Credit,Rent Payment,2023-11-01,7634.08,f,2026-05-07 21:29:36,2026-05-07 21:29:36,,Cash,OR-20231101-2291
2292,608,Rent Payment - Billing #608,FRNT-DEC2023-2292,Credit,Rent Payment,2023-12-01,7677.56,f,2026-05-07 21:29:36,2026-05-07 21:29:36,,Cash,OR-20231201-2292
2293,609,Rent Payment - Billing #609,FRNT-JAN2024-2293,Credit,Rent Payment,2024-01-01,7591.17,f,2026-05-07 21:29:36,2026-05-07 21:29:36,,Bank Transfer,OR-20240101-2293
2294,610,Rent Payment - Billing #610,FRNT-FEB2024-2294,Credit,Rent Payment,2024-02-01,7721.88,f,2026-05-07 21:29:36,2026-05-07 21:29:36,,Maya,OR-20240201-2294
2295,611,Rent Payment - Billing #611,FRNT-MAR2024-2295,Credit,Rent Payment,2024-03-01,7900.71,f,2026-05-07 21:29:36,2026-05-07 21:29:36,,Bank Transfer,OR-20240301-2295
2296,612,Rent Payment - Billing #612,FRNT-APR2024-2296,Credit,Rent Payment,2024-04-01,8139.14,f,2026-05-07 21:29:36,2026-05-07 21:29:36,,GCash,OR-20240401-2296
2297,613,Rent Payment - Billing #613,FRNT-MAY2024-2297,Credit,Rent Payment,2024-05-01,8016.01,f,2026-05-07 21:29:36,2026-05-07 21:29:36,,Bank Transfer,OR-20240501-2297
2298,614,Rent Payment - Billing #614,FRNT-JUN2024-2298,Credit,Rent Payment,2024-06-01,8067.20,f,2026-05-07 21:29:36,2026-05-07 21:29:36,,Cash,OR-20240601-2298
2299,615,Rent Payment - Billing #615,FRNT-JUL2024-2299,Credit,Rent Payment,2024-07-01,7895.69,f,2026-05-07 21:29:36,2026-05-07 21:29:36,,Bank Transfer,OR-20240701-2299
2300,616,Rent Payment - Billing #616,FRNT-AUG2024-2300,Credit,Rent Payment,2024-08-01,7557.43,f,2026-05-07 21:29:36,2026-05-07 21:29:36,,Maya,OR-20240801-2300
2301,617,Rent Payment - Billing #617,FRNT-SEP2024-2301,Credit,Rent Payment,2024-09-01,7807.59,f,2026-05-07 21:29:36,2026-05-07 21:29:36,,Bank Transfer,OR-20240901-2301
2302,618,Rent Payment - Billing #618,FRNT-OCT2024-2302,Credit,Rent Payment,2024-10-01,7631.65,f,2026-05-07 21:29:36,2026-05-07 21:29:36,,Maya,OR-20241001-2302
2303,619,Move-Out Settlement - Billing #619,FRNT-OCT2024-2303,Credit,Rent Payment,2024-10-01,-6214.35,f,2026-05-07 21:29:36,2026-05-07 21:29:36,,Maya,OR-20241001-2303
2304,620,Rent Payment - Billing #620,FRNT-NOV2023-2304,Credit,Rent Payment,2023-11-01,11398.38,f,2026-05-07 21:29:36,2026-05-07 21:29:36,,Maya,OR-20231101-2304
2305,621,Move-Out Settlement - Billing #621,FRNT-NOV2023-2305,Credit,Rent Payment,2023-11-01,-9451.62,f,2026-05-07 21:29:36,2026-05-07 21:29:36,,Cash,OR-20231101-2305
2306,622,Rent Payment - Billing #622,FRNT-NOV2023-2306,Credit,Rent Payment,2023-11-01,14338.39,f,2026-05-07 21:29:36,2026-05-07 21:29:36,,Bank Transfer,OR-20231101-2306
2307,623,Rent Payment - Billing #623,FRNT-DEC2023-2307,Credit,Rent Payment,2023-12-01,14190.02,f,2026-05-07 21:29:36,2026-05-07 21:29:36,,Cash,OR-20231201-2307
2308,624,Rent Payment - Billing #624,FRNT-JAN2024-2308,Credit,Rent Payment,2024-01-01,13542.99,f,2026-05-07 21:29:36,2026-05-07 21:29:36,,Maya,OR-20240101-2308
2309,625,Rent Payment - Billing #625,FRNT-FEB2024-2309,Credit,Rent Payment,2024-02-01,14355.52,f,2026-05-07 21:29:36,2026-05-07 21:29:36,,Bank Transfer,OR-20240201-2309
2310,626,Rent Payment - Billing #626,FRNT-MAR2024-2310,Credit,Rent Payment,2024-03-01,13521.17,f,2026-05-07 21:29:36,2026-05-07 21:29:36,,Cash,OR-20240301-2310
2311,627,Rent Payment - Billing #627,FRNT-APR2024-2311,Credit,Rent Payment,2024-04-01,13303.39,f,2026-05-07 21:29:36,2026-05-07 21:29:36,,Bank Transfer,OR-20240401-2311
2312,628,Move-Out Settlement - Billing #628,FRNT-APR2024-2312,Credit,Rent Payment,2024-04-01,-10704.61,f,2026-05-07 21:29:36,2026-05-07 21:29:36,,Bank Transfer,OR-20240401-2312
2313,629,Rent Payment - Billing #629,FRNT-NOV2023-2313,Credit,Rent Payment,2023-11-01,10634.02,f,2026-05-07 21:29:36,2026-05-07 21:29:36,,Cash,OR-20231101-2313
2314,630,Rent Payment - Billing #630,FRNT-DEC2023-2314,Credit,Rent Payment,2023-12-01,10275.95,f,2026-05-07 21:29:36,2026-05-07 21:29:36,,Cash,OR-20231201-2314
2315,631,Rent Payment - Billing #631,FRNT-JAN2024-2315,Credit,Rent Payment,2024-01-01,9737.23,f,2026-05-07 21:29:36,2026-05-07 21:29:36,,Bank Transfer,OR-20240101-2315
2316,632,Rent Payment - Billing #632,FRNT-FEB2024-2316,Credit,Rent Payment,2024-02-01,10073.99,f,2026-05-07 21:29:36,2026-05-07 21:29:36,,Maya,OR-20240201-2316
2317,633,Rent Payment - Billing #633,FRNT-MAR2024-2317,Credit,Rent Payment,2024-03-01,10081.48,f,2026-05-07 21:29:36,2026-05-07 21:29:36,,GCash,OR-20240301-2317
2318,634,Rent Payment - Billing #634,FRNT-APR2024-2318,Credit,Rent Payment,2024-04-01,9948.72,f,2026-05-07 21:29:36,2026-05-07 21:29:36,,GCash,OR-20240401-2318
2319,635,Rent Payment - Billing #635,FRNT-MAY2024-2319,Credit,Rent Payment,2024-05-01,10033.12,f,2026-05-07 21:29:36,2026-05-07 21:29:36,,Maya,OR-20240501-2319
2320,636,Rent Payment - Billing #636,FRNT-JUN2024-2320,Credit,Rent Payment,2024-06-01,9903.80,f,2026-05-07 21:29:36,2026-05-07 21:29:36,,GCash,OR-20240601-2320
2321,637,Rent Payment - Billing #637,FRNT-JUL2024-2321,Credit,Rent Payment,2024-07-01,9871.60,f,2026-05-07 21:29:36,2026-05-07 21:29:36,,Cash,OR-20240701-2321
2322,638,Rent Payment - Billing #638,FRNT-AUG2024-2322,Credit,Rent Payment,2024-08-01,9924.01,f,2026-05-07 21:29:36,2026-05-07 21:29:36,,Cash,OR-20240801-2322
2323,639,Rent Payment - Billing #639,FRNT-SEP2024-2323,Credit,Rent Payment,2024-09-01,10053.93,f,2026-05-07 21:29:36,2026-05-07 21:29:36,,Maya,OR-20240901-2323
2324,640,Rent Payment - Billing #640,FRNT-OCT2024-2324,Credit,Rent Payment,2024-10-01,9588.56,f,2026-05-07 21:29:36,2026-05-07 21:29:36,,Bank Transfer,OR-20241001-2324
2325,641,Move-Out Settlement - Billing #641,FRNT-OCT2024-2325,Credit,Rent Payment,2024-10-01,-9083.44,f,2026-05-07 21:29:36,2026-05-07 21:29:36,,Cash,OR-20241001-2325
2326,642,Rent Payment - Billing #642,FRNT-NOV2023-2326,Credit,Rent Payment,2023-11-01,14817.80,f,2026-05-07 21:29:36,2026-05-07 21:29:36,,Bank Transfer,OR-20231101-2326
2327,643,Rent Payment - Billing #643,FRNT-DEC2023-2327,Credit,Rent Payment,2023-12-01,14542.12,f,2026-05-07 21:29:36,2026-05-07 21:29:36,,GCash,OR-20231201-2327
2328,644,Rent Payment - Billing #644,FRNT-JAN2024-2328,Credit,Rent Payment,2024-01-01,13928.25,f,2026-05-07 21:29:36,2026-05-07 21:29:36,,Maya,OR-20240101-2328
2329,645,Rent Payment - Billing #645,FRNT-FEB2024-2329,Credit,Rent Payment,2024-02-01,13701.18,f,2026-05-07 21:29:36,2026-05-07 21:29:36,,Cash,OR-20240201-2329
2330,646,Rent Payment - Billing #646,FRNT-MAR2024-2330,Credit,Rent Payment,2024-03-01,13846.02,f,2026-05-07 21:29:36,2026-05-07 21:29:36,,Maya,OR-20240301-2330
2331,647,Rent Payment - Billing #647,FRNT-APR2024-2331,Credit,Rent Payment,2024-04-01,13513.80,f,2026-05-07 21:29:36,2026-05-07 21:29:36,,Maya,OR-20240401-2331
2332,648,Move-Out Settlement - Billing #648,FRNT-APR2024-2332,Credit,Rent Payment,2024-04-01,-10788.20,f,2026-05-07 21:29:36,2026-05-07 21:29:36,,Cash,OR-20240401-2332
2333,649,Rent Payment - Billing #649,FRNT-DEC2023-2333,Credit,Rent Payment,2023-12-01,7864.72,f,2026-05-07 21:29:36,2026-05-07 21:29:36,,GCash,OR-20231201-2333
2334,650,Rent Payment - Billing #650,FRNT-JAN2024-2334,Credit,Rent Payment,2024-01-01,8715.86,f,2026-05-07 21:29:36,2026-05-07 21:29:36,,Bank Transfer,OR-20240101-2334
2335,651,Rent Payment - Billing #651,FRNT-FEB2024-2335,Credit,Rent Payment,2024-02-01,8227.98,f,2026-05-07 21:29:36,2026-05-07 21:29:36,,Maya,OR-20240201-2335
2336,652,Rent Payment - Billing #652,FRNT-MAR2024-2336,Credit,Rent Payment,2024-03-01,9123.15,f,2026-05-07 21:29:36,2026-05-07 21:29:36,,Bank Transfer,OR-20240301-2336
2337,653,Rent Payment - Billing #653,FRNT-APR2024-2337,Credit,Rent Payment,2024-04-01,8621.89,f,2026-05-07 21:29:36,2026-05-07 21:29:36,,GCash,OR-20240401-2337
2338,654,Rent Payment - Billing #654,FRNT-MAY2024-2338,Credit,Rent Payment,2024-05-01,7592.88,f,2026-05-07 21:29:36,2026-05-07 21:29:36,,Maya,OR-20240501-2338
2339,655,Move-Out Settlement - Billing #655,FRNT-MAY2024-2339,Credit,Rent Payment,2024-05-01,-5063.12,f,2026-05-07 21:29:36,2026-05-07 21:29:36,,Cash,OR-20240501-2339
2340,656,Rent Payment - Billing #656,FRNT-DEC2023-2340,Credit,Rent Payment,2023-12-01,12715.77,f,2026-05-07 21:29:36,2026-05-07 21:29:36,,Maya,OR-20231201-2340
2341,657,Rent Payment - Billing #657,FRNT-JAN2024-2341,Credit,Rent Payment,2024-01-01,12947.24,f,2026-05-07 21:29:36,2026-05-07 21:29:36,,Bank Transfer,OR-20240101-2341
2342,658,Rent Payment - Billing #658,FRNT-FEB2024-2342,Credit,Rent Payment,2024-02-01,12190.25,f,2026-05-07 21:29:36,2026-05-07 21:29:36,,Bank Transfer,OR-20240201-2342
2343,659,Move-Out Settlement - Billing #659,FRNT-FEB2024-2343,Credit,Rent Payment,2024-02-01,-9605.75,f,2026-05-07 21:29:36,2026-05-07 21:29:36,,Cash,OR-20240201-2343
2344,660,Rent Payment - Billing #660,FRNT-DEC2023-2344,Credit,Rent Payment,2023-12-01,7677.56,f,2026-05-07 21:29:36,2026-05-07 21:29:36,,Bank Transfer,OR-20231201-2344
2345,661,Rent Payment - Billing #661,FRNT-JAN2024-2345,Credit,Rent Payment,2024-01-01,7591.17,f,2026-05-07 21:29:36,2026-05-07 21:29:36,,Maya,OR-20240101-2345
2346,662,Rent Payment - Billing #662,FRNT-FEB2024-2346,Credit,Rent Payment,2024-02-01,7721.88,f,2026-05-07 21:29:36,2026-05-07 21:29:36,,Cash,OR-20240201-2346
2347,663,Rent Payment - Billing #663,FRNT-MAR2024-2347,Credit,Rent Payment,2024-03-01,7900.71,f,2026-05-07 21:29:36,2026-05-07 21:29:36,,Bank Transfer,OR-20240301-2347
2348,664,Rent Payment - Billing #664,FRNT-APR2024-2348,Credit,Rent Payment,2024-04-01,8139.14,f,2026-05-07 21:29:36,2026-05-07 21:29:36,,Cash,OR-20240401-2348
2349,665,Rent Payment - Billing #665,FRNT-MAY2024-2349,Credit,Rent Payment,2024-05-01,8016.01,f,2026-05-07 21:29:36,2026-05-07 21:29:36,,GCash,OR-20240501-2349
2350,666,Rent Payment - Billing #666,FRNT-JUN2024-2350,Credit,Rent Payment,2024-06-01,8067.20,f,2026-05-07 21:29:36,2026-05-07 21:29:36,,Cash,OR-20240601-2350
2351,667,Rent Payment - Billing #667,FRNT-JUL2024-2351,Credit,Rent Payment,2024-07-01,7895.69,f,2026-05-07 21:29:36,2026-05-07 21:29:36,,Maya,OR-20240701-2351
2352,668,Rent Payment - Billing #668,FRNT-AUG2024-2352,Credit,Rent Payment,2024-08-01,7557.43,f,2026-05-07 21:29:36,2026-05-07 21:29:36,,GCash,OR-20240801-2352
2353,669,Rent Payment - Billing #669,FRNT-SEP2024-2353,Credit,Rent Payment,2024-09-01,7807.59,f,2026-05-07 21:29:36,2026-05-07 21:29:36,,Maya,OR-20240901-2353
2354,670,Rent Payment - Billing #670,FRNT-OCT2024-2354,Credit,Rent Payment,2024-10-01,7631.65,f,2026-05-07 21:29:36,2026-05-07 21:29:36,,Bank Transfer,OR-20241001-2354
2355,671,Rent Payment - Billing #671,FRNT-NOV2024-2355,Credit,Rent Payment,2024-11-01,7363.47,f,2026-05-07 21:29:36,2026-05-07 21:29:36,,Cash,OR-20241101-2355
2356,672,Move-Out Settlement - Billing #672,FRNT-NOV2024-2356,Credit,Rent Payment,2024-11-01,-6482.53,f,2026-05-07 21:29:36,2026-05-07 21:29:36,,GCash,OR-20241101-2356
2357,673,Rent Payment - Billing #673,FRNT-DEC2023-2357,Credit,Rent Payment,2023-12-01,12317.98,f,2026-05-07 21:29:36,2026-05-07 21:29:36,,Bank Transfer,OR-20231201-2357
2358,674,Rent Payment - Billing #674,FRNT-JAN2024-2358,Credit,Rent Payment,2024-01-01,13655.70,f,2026-05-07 21:29:36,2026-05-07 21:29:36,,GCash,OR-20240101-2358
2359,675,Rent Payment - Billing #675,FRNT-FEB2024-2359,Credit,Rent Payment,2024-02-01,11560.79,f,2026-05-07 21:29:36,2026-05-07 21:29:36,,GCash,OR-20240201-2359
2360,676,Move-Out Settlement - Billing #676,FRNT-FEB2024-2360,Credit,Rent Payment,2024-02-01,-9289.21,f,2026-05-07 21:29:36,2026-05-07 21:29:36,,Bank Transfer,OR-20240201-2360
2361,677,Rent Payment - Billing #677,FRNT-JAN2024-2361,Credit,Rent Payment,2024-01-01,15060.08,f,2026-05-07 21:29:36,2026-05-07 21:29:36,,Bank Transfer,OR-20240101-2361
2362,678,Rent Payment - Billing #678,FRNT-FEB2024-2362,Credit,Rent Payment,2024-02-01,15610.31,f,2026-05-07 21:29:36,2026-05-07 21:29:36,,Cash,OR-20240201-2362
2363,679,Rent Payment - Billing #679,FRNT-MAR2024-2363,Credit,Rent Payment,2024-03-01,14694.61,f,2026-05-07 21:29:36,2026-05-07 21:29:36,,Maya,OR-20240301-2363
2364,680,Move-Out Settlement - Billing #680,FRNT-MAR2024-2364,Credit,Rent Payment,2024-03-01,-11431.39,f,2026-05-07 21:29:36,2026-05-07 21:29:36,,Maya,OR-20240301-2364
2365,681,Rent Payment - Billing #681,FRNT-JAN2024-2365,Credit,Rent Payment,2024-01-01,8921.45,f,2026-05-07 21:29:36,2026-05-07 21:29:36,,Bank Transfer,OR-20240101-2365
2366,682,Rent Payment - Billing #682,FRNT-FEB2024-2366,Credit,Rent Payment,2024-02-01,9322.58,f,2026-05-07 21:29:36,2026-05-07 21:29:36,,Bank Transfer,OR-20240201-2366
2367,683,Rent Payment - Billing #683,FRNT-MAR2024-2367,Credit,Rent Payment,2024-03-01,9279.85,f,2026-05-07 21:29:36,2026-05-07 21:29:36,,GCash,OR-20240301-2367
2368,684,Rent Payment - Billing #684,FRNT-APR2024-2368,Credit,Rent Payment,2024-04-01,9584.62,f,2026-05-07 21:29:36,2026-05-07 21:29:36,,Cash,OR-20240401-2368
2369,685,Rent Payment - Billing #685,FRNT-MAY2024-2369,Credit,Rent Payment,2024-05-01,9353.86,f,2026-05-07 21:29:36,2026-05-07 21:29:36,,Bank Transfer,OR-20240501-2369
2370,686,Rent Payment - Billing #686,FRNT-JUN2024-2370,Credit,Rent Payment,2024-06-01,8307.05,f,2026-05-07 21:29:36,2026-05-07 21:29:36,,Bank Transfer,OR-20240601-2370
2371,687,Move-Out Settlement - Billing #687,FRNT-JUN2024-2371,Credit,Rent Payment,2024-06-01,-5866.95,f,2026-05-07 21:29:36,2026-05-07 21:29:36,,Maya,OR-20240601-2371
2372,688,Rent Payment - Billing #688,FRNT-JAN2024-2372,Credit,Rent Payment,2024-01-01,12416.58,f,2026-05-07 21:29:36,2026-05-07 21:29:36,,GCash,OR-20240101-2372
2373,689,Rent Payment - Billing #689,FRNT-FEB2024-2373,Credit,Rent Payment,2024-02-01,12697.71,f,2026-05-07 21:29:36,2026-05-07 21:29:36,,Cash,OR-20240201-2373
2374,690,Rent Payment - Billing #690,FRNT-MAR2024-2374,Credit,Rent Payment,2024-03-01,12460.03,f,2026-05-07 21:29:36,2026-05-07 21:29:36,,Cash,OR-20240301-2374
2375,691,Rent Payment - Billing #691,FRNT-APR2024-2375,Credit,Rent Payment,2024-04-01,13186.93,f,2026-05-07 21:29:36,2026-05-07 21:29:36,,Bank Transfer,OR-20240401-2375
2376,692,Rent Payment - Billing #692,FRNT-MAY2024-2376,Credit,Rent Payment,2024-05-01,13127.33,f,2026-05-07 21:29:36,2026-05-07 21:29:36,,Cash,OR-20240501-2376
2377,693,Rent Payment - Billing #693,FRNT-JUN2024-2377,Credit,Rent Payment,2024-06-01,12114.01,f,2026-05-07 21:29:36,2026-05-07 21:29:36,,Cash,OR-20240601-2377
2378,694,Move-Out Settlement - Billing #694,FRNT-JUN2024-2378,Credit,Rent Payment,2024-06-01,-9651.99,f,2026-05-07 21:29:36,2026-05-07 21:29:36,,Maya,OR-20240601-2378
2379,695,Rent Payment - Billing #695,FRNT-JAN2024-2379,Credit,Rent Payment,2024-01-01,8505.07,f,2026-05-07 21:29:36,2026-05-07 21:29:36,,GCash,OR-20240101-2379
2380,696,Rent Payment - Billing #696,FRNT-FEB2024-2380,Credit,Rent Payment,2024-02-01,8248.77,f,2026-05-07 21:29:36,2026-05-07 21:29:36,,Cash,OR-20240201-2380
2381,697,Rent Payment - Billing #697,FRNT-MAR2024-2381,Credit,Rent Payment,2024-03-01,7974.42,f,2026-05-07 21:29:36,2026-05-07 21:29:36,,Maya,OR-20240301-2381
2382,698,Rent Payment - Billing #698,FRNT-APR2024-2382,Credit,Rent Payment,2024-04-01,8186.44,f,2026-05-07 21:29:36,2026-05-07 21:29:36,,Cash,OR-20240401-2382
2383,699,Rent Payment - Billing #699,FRNT-MAY2024-2383,Credit,Rent Payment,2024-05-01,8599.06,f,2026-05-07 21:29:36,2026-05-07 21:29:36,,Maya,OR-20240501-2383
2384,700,Rent Payment - Billing #700,FRNT-JUN2024-2384,Credit,Rent Payment,2024-06-01,8070.60,f,2026-05-07 21:29:36,2026-05-07 21:29:36,,GCash,OR-20240601-2384
2385,701,Rent Payment - Billing #701,FRNT-JUL2024-2385,Credit,Rent Payment,2024-07-01,7883.36,f,2026-05-07 21:29:36,2026-05-07 21:29:36,,Bank Transfer,OR-20240701-2385
2386,702,Rent Payment - Billing #702,FRNT-AUG2024-2386,Credit,Rent Payment,2024-08-01,8531.18,f,2026-05-07 21:29:36,2026-05-07 21:29:36,,GCash,OR-20240801-2386
2387,703,Rent Payment - Billing #703,FRNT-SEP2024-2387,Credit,Rent Payment,2024-09-01,8307.71,f,2026-05-07 21:29:36,2026-05-07 21:29:36,,Maya,OR-20240901-2387
2388,704,Rent Payment - Billing #704,FRNT-OCT2024-2388,Credit,Rent Payment,2024-10-01,8273.01,f,2026-05-07 21:29:36,2026-05-07 21:29:36,,Cash,OR-20241001-2388
2389,705,Rent Payment - Billing #705,FRNT-NOV2024-2389,Credit,Rent Payment,2024-11-01,8407.77,f,2026-05-07 21:29:36,2026-05-07 21:29:36,,Cash,OR-20241101-2389
2390,706,Rent Payment - Billing #706,FRNT-DEC2024-2390,Credit,Rent Payment,2024-12-01,7945.87,f,2026-05-07 21:29:36,2026-05-07 21:29:36,,Cash,OR-20241201-2390
2391,707,Move-Out Settlement - Billing #707,FRNT-DEC2024-2391,Credit,Rent Payment,2024-12-01,-6764.13,f,2026-05-07 21:29:36,2026-05-07 21:29:36,,Maya,OR-20241201-2391
2392,708,Rent Payment - Billing #708,FRNT-JAN2024-2392,Credit,Rent Payment,2024-01-01,14227.01,f,2026-05-07 21:29:36,2026-05-07 21:29:36,,GCash,OR-20240101-2392
2393,709,Rent Payment - Billing #709,FRNT-FEB2024-2393,Credit,Rent Payment,2024-02-01,14000.23,f,2026-05-07 21:29:36,2026-05-07 21:29:36,,Maya,OR-20240201-2393
2394,710,Rent Payment - Billing #710,FRNT-MAR2024-2394,Credit,Rent Payment,2024-03-01,14787.43,f,2026-05-07 21:29:36,2026-05-07 21:29:36,,Cash,OR-20240301-2394
2395,711,Rent Payment - Billing #711,FRNT-APR2024-2395,Credit,Rent Payment,2024-04-01,14659.21,f,2026-05-07 21:29:36,2026-05-07 21:29:36,,GCash,OR-20240401-2395
2396,712,Rent Payment - Billing #712,FRNT-MAY2024-2396,Credit,Rent Payment,2024-05-01,15019.95,f,2026-05-07 21:29:36,2026-05-07 21:29:36,,Cash,OR-20240501-2396
2397,713,Rent Payment - Billing #713,FRNT-JUN2024-2397,Credit,Rent Payment,2024-06-01,13837.79,f,2026-05-07 21:29:36,2026-05-07 21:29:36,,Bank Transfer,OR-20240601-2397
2398,714,Move-Out Settlement - Billing #714,FRNT-JUN2024-2398,Credit,Rent Payment,2024-06-01,-11006.21,f,2026-05-07 21:29:36,2026-05-07 21:29:36,,Cash,OR-20240601-2398
2399,715,Rent Payment - Billing #715,FRNT-FEB2024-2399,Credit,Rent Payment,2024-02-01,10573.99,f,2026-05-07 21:29:36,2026-05-07 21:29:36,,GCash,OR-20240201-2399
2400,716,Rent Payment - Billing #716,FRNT-MAR2024-2400,Credit,Rent Payment,2024-03-01,10581.48,f,2026-05-07 21:29:36,2026-05-07 21:29:36,,Cash,OR-20240301-2400
2401,717,Rent Payment - Billing #717,FRNT-APR2024-2401,Credit,Rent Payment,2024-04-01,10448.72,f,2026-05-07 21:29:36,2026-05-07 21:29:36,,Maya,OR-20240401-2401
2402,718,Move-Out Settlement - Billing #718,FRNT-APR2024-2402,Credit,Rent Payment,2024-04-01,-8723.28,f,2026-05-07 21:29:36,2026-05-07 21:29:36,,Bank Transfer,OR-20240401-2402
2403,719,Move-In Payment - Billing #719,FRNT-JAN2024-2403,Credit,Rent Payment,2024-01-01,18672.00,f,2026-05-07 21:29:36,2026-05-07 21:29:36,,GCash,OR-20240101-2403
2404,720,Rent Payment - Billing #720,FRNT-FEB2024-2404,Credit,Rent Payment,2024-02-01,10073.99,f,2026-05-07 21:29:36,2026-05-07 21:29:36,,Maya,OR-20240201-2404
2405,721,Rent Payment - Billing #721,FRNT-MAR2024-2405,Credit,Rent Payment,2024-03-01,10081.48,f,2026-05-07 21:29:36,2026-05-07 21:29:36,,Maya,OR-20240301-2405
2406,722,Rent Payment - Billing #722,FRNT-APR2024-2406,Credit,Rent Payment,2024-04-01,9948.72,f,2026-05-07 21:29:36,2026-05-07 21:29:36,,Cash,OR-20240401-2406
2407,723,Rent Payment - Billing #723,FRNT-MAY2024-2407,Credit,Rent Payment,2024-05-01,10033.12,f,2026-05-07 21:29:37,2026-05-07 21:29:37,,Maya,OR-20240501-2407
2408,724,Rent Payment - Billing #724,FRNT-JUN2024-2408,Credit,Rent Payment,2024-06-01,9903.80,f,2026-05-07 21:29:37,2026-05-07 21:29:37,,Bank Transfer,OR-20240601-2408
2409,725,Rent Payment - Billing #725,FRNT-JUL2024-2409,Credit,Rent Payment,2024-07-01,9871.60,f,2026-05-07 21:29:37,2026-05-07 21:29:37,,Maya,OR-20240701-2409
2410,726,Move-Out Settlement - Billing #726,FRNT-JUL2024-2410,Credit,Rent Payment,2024-07-01,-8800.40,f,2026-05-07 21:29:37,2026-05-07 21:29:37,,Bank Transfer,OR-20240701-2410
2411,727,Rent Payment - Billing #727,FRNT-FEB2024-2411,Credit,Rent Payment,2024-02-01,13387.10,f,2026-05-07 21:29:37,2026-05-07 21:29:37,,Cash,OR-20240201-2411
2412,728,Rent Payment - Billing #728,FRNT-MAR2024-2412,Credit,Rent Payment,2024-03-01,13418.34,f,2026-05-07 21:29:37,2026-05-07 21:29:37,,Maya,OR-20240301-2412
2413,729,Rent Payment - Billing #729,FRNT-APR2024-2413,Credit,Rent Payment,2024-04-01,13117.50,f,2026-05-07 21:29:37,2026-05-07 21:29:37,,GCash,OR-20240401-2413
2414,730,Rent Payment - Billing #730,FRNT-MAY2024-2414,Credit,Rent Payment,2024-05-01,13052.66,f,2026-05-07 21:29:37,2026-05-07 21:29:37,,GCash,OR-20240501-2414
2415,731,Rent Payment - Billing #731,FRNT-JUN2024-2415,Credit,Rent Payment,2024-06-01,13442.81,f,2026-05-07 21:29:37,2026-05-07 21:29:37,,GCash,OR-20240601-2415
2416,732,Rent Payment - Billing #732,FRNT-JUL2024-2416,Credit,Rent Payment,2024-07-01,13712.86,f,2026-05-07 21:29:37,2026-05-07 21:29:37,,Bank Transfer,OR-20240701-2416
2417,733,Rent Payment - Billing #733,FRNT-AUG2024-2417,Credit,Rent Payment,2024-08-01,13375.61,f,2026-05-07 21:29:37,2026-05-07 21:29:37,,Maya,OR-20240801-2417
2418,734,Rent Payment - Billing #734,FRNT-SEP2024-2418,Credit,Rent Payment,2024-09-01,13557.52,f,2026-05-07 21:29:37,2026-05-07 21:29:37,,Cash,OR-20240901-2418
2419,735,Rent Payment - Billing #735,FRNT-OCT2024-2419,Credit,Rent Payment,2024-10-01,12966.75,f,2026-05-07 21:29:37,2026-05-07 21:29:37,,GCash,OR-20241001-2419
2420,736,Rent Payment - Billing #736,FRNT-NOV2024-2420,Credit,Rent Payment,2024-11-01,12704.57,f,2026-05-07 21:29:37,2026-05-07 21:29:37,,Maya,OR-20241101-2420
2421,737,Rent Payment - Billing #737,FRNT-DEC2024-2421,Credit,Rent Payment,2024-12-01,13522.04,f,2026-05-07 21:29:37,2026-05-07 21:29:37,,GCash,OR-20241201-2421
2422,738,Rent Payment - Billing #738,FRNT-JAN2025-2422,Credit,Rent Payment,2025-01-01,12858.09,f,2026-05-07 21:29:37,2026-05-07 21:29:37,,GCash,OR-20250101-2422
2423,739,Move-Out Settlement - Billing #739,FRNT-JAN2025-2423,Credit,Rent Payment,2025-01-01,-11733.91,f,2026-05-07 21:29:37,2026-05-07 21:29:37,,Maya,OR-20250101-2423
2424,740,Move-In Payment - Billing #740,FRNT-JAN2024-2424,Credit,Rent Payment,2024-01-01,14482.00,f,2026-05-07 21:29:37,2026-05-07 21:29:37,,Maya,OR-20240101-2424
2425,741,Rent Payment - Billing #741,FRNT-FEB2024-2425,Credit,Rent Payment,2024-02-01,8369.11,f,2026-05-07 21:29:37,2026-05-07 21:29:37,,Cash,OR-20240201-2425
2426,742,Move-Out Settlement - Billing #742,FRNT-FEB2024-2426,Credit,Rent Payment,2024-02-01,-6612.89,f,2026-05-07 21:29:37,2026-05-07 21:29:37,,Maya,OR-20240201-2426
2427,743,Rent Payment - Billing #743,FRNT-FEB2024-2427,Credit,Rent Payment,2024-02-01,13887.10,f,2026-05-07 21:29:37,2026-05-07 21:29:37,,GCash,OR-20240201-2427
2428,744,Rent Payment - Billing #744,FRNT-MAR2024-2428,Credit,Rent Payment,2024-03-01,13918.34,f,2026-05-07 21:29:37,2026-05-07 21:29:37,,Cash,OR-20240301-2428
2429,745,Rent Payment - Billing #745,FRNT-APR2024-2429,Credit,Rent Payment,2024-04-01,13617.50,f,2026-05-07 21:29:37,2026-05-07 21:29:37,,Maya,OR-20240401-2429
2430,746,Move-Out Settlement - Billing #746,FRNT-APR2024-2430,Credit,Rent Payment,2024-04-01,-11474.50,f,2026-05-07 21:29:37,2026-05-07 21:29:37,,GCash,OR-20240401-2430
2431,747,Rent Payment - Billing #747,FRNT-MAR2024-2431,Credit,Rent Payment,2024-03-01,11829.93,f,2026-05-07 21:29:37,2026-05-07 21:29:37,,Bank Transfer,OR-20240301-2431
2432,748,Rent Payment - Billing #748,FRNT-APR2024-2432,Credit,Rent Payment,2024-04-01,13111.91,f,2026-05-07 21:29:37,2026-05-07 21:29:37,,Maya,OR-20240401-2432
2433,749,Rent Payment - Billing #749,FRNT-MAY2024-2433,Credit,Rent Payment,2024-05-01,12028.25,f,2026-05-07 21:29:37,2026-05-07 21:29:37,,Cash,OR-20240501-2433
2434,750,Rent Payment - Billing #750,FRNT-JUN2024-2434,Credit,Rent Payment,2024-06-01,12222.56,f,2026-05-07 21:29:37,2026-05-07 21:29:37,,GCash,OR-20240601-2434
2435,751,Rent Payment - Billing #751,FRNT-JUL2024-2435,Credit,Rent Payment,2024-07-01,11914.65,f,2026-05-07 21:29:37,2026-05-07 21:29:37,,GCash,OR-20240701-2435
2436,752,Rent Payment - Billing #752,FRNT-AUG2024-2436,Credit,Rent Payment,2024-08-01,10919.14,f,2026-05-07 21:29:37,2026-05-07 21:29:37,,Bank Transfer,OR-20240801-2436
2437,753,Move-Out Settlement - Billing #753,FRNT-AUG2024-2437,Credit,Rent Payment,2024-08-01,-9430.86,f,2026-05-07 21:29:37,2026-05-07 21:29:37,,GCash,OR-20240801-2437
2438,754,Rent Payment - Billing #754,FRNT-MAR2024-2438,Credit,Rent Payment,2024-03-01,10573.30,f,2026-05-07 21:29:37,2026-05-07 21:29:37,,Maya,OR-20240301-2438
2439,755,Rent Payment - Billing #755,FRNT-APR2024-2439,Credit,Rent Payment,2024-04-01,9921.49,f,2026-05-07 21:29:37,2026-05-07 21:29:37,,Bank Transfer,OR-20240401-2439
2440,756,Rent Payment - Billing #756,FRNT-MAY2024-2440,Credit,Rent Payment,2024-05-01,8734.14,f,2026-05-07 21:29:37,2026-05-07 21:29:37,,Bank Transfer,OR-20240501-2440
2441,757,Move-Out Settlement - Billing #757,FRNT-MAY2024-2441,Credit,Rent Payment,2024-05-01,-6247.86,f,2026-05-07 21:29:37,2026-05-07 21:29:37,,GCash,OR-20240501-2441
2442,758,Rent Payment - Billing #758,FRNT-MAR2024-2442,Credit,Rent Payment,2024-03-01,13533.95,f,2026-05-07 21:29:37,2026-05-07 21:29:37,,Maya,OR-20240301-2442
2443,759,Rent Payment - Billing #759,FRNT-APR2024-2443,Credit,Rent Payment,2024-04-01,13117.71,f,2026-05-07 21:29:37,2026-05-07 21:29:37,,Cash,OR-20240401-2443
2444,760,Rent Payment - Billing #760,FRNT-MAY2024-2444,Credit,Rent Payment,2024-05-01,12373.18,f,2026-05-07 21:29:37,2026-05-07 21:29:37,,Maya,OR-20240501-2444
2445,761,Move-Out Settlement - Billing #761,FRNT-MAY2024-2445,Credit,Rent Payment,2024-05-01,-9422.82,f,2026-05-07 21:29:37,2026-05-07 21:29:37,,Bank Transfer,OR-20240501-2445
2446,762,Rent Payment - Billing #762,FRNT-APR2024-2446,Credit,Rent Payment,2024-04-01,8686.44,f,2026-05-07 21:29:37,2026-05-07 21:29:37,,Bank Transfer,OR-20240401-2446
2447,763,Rent Payment - Billing #763,FRNT-MAY2024-2447,Credit,Rent Payment,2024-05-01,9099.06,f,2026-05-07 21:29:37,2026-05-07 21:29:37,,GCash,OR-20240501-2447
2448,764,Rent Payment - Billing #764,FRNT-JUN2024-2448,Credit,Rent Payment,2024-06-01,8570.60,f,2026-05-07 21:29:37,2026-05-07 21:29:37,,Bank Transfer,OR-20240601-2448
2449,765,Move-Out Settlement - Billing #765,FRNT-JUN2024-2449,Credit,Rent Payment,2024-06-01,-6639.40,f,2026-05-07 21:29:37,2026-05-07 21:29:37,,Cash,OR-20240601-2449
2450,766,Move-In Payment - Billing #766,FRNT-MAR2024-2450,Credit,Rent Payment,2024-03-01,22130.00,f,2026-05-07 21:29:37,2026-05-07 21:29:37,,GCash,OR-20240301-2450
2451,767,Rent Payment - Billing #767,FRNT-APR2024-2451,Credit,Rent Payment,2024-04-01,12126.55,f,2026-05-07 21:29:37,2026-05-07 21:29:37,,GCash,OR-20240401-2451
2452,768,Move-Out Settlement - Billing #768,FRNT-APR2024-2452,Credit,Rent Payment,2024-04-01,-10503.45,f,2026-05-07 21:29:37,2026-05-07 21:29:37,,Bank Transfer,OR-20240401-2452
2453,769,Rent Payment - Billing #769,FRNT-APR2024-2453,Credit,Rent Payment,2024-04-01,14326.55,f,2026-05-07 21:29:37,2026-05-07 21:29:37,,Cash,OR-20240401-2453
2454,770,Rent Payment - Billing #770,FRNT-MAY2024-2454,Credit,Rent Payment,2024-05-01,14600.09,f,2026-05-07 21:29:37,2026-05-07 21:29:37,,Cash,OR-20240501-2454
2455,771,Rent Payment - Billing #771,FRNT-JUN2024-2455,Credit,Rent Payment,2024-06-01,14753.83,f,2026-05-07 21:29:37,2026-05-07 21:29:37,,GCash,OR-20240601-2455
2456,772,Rent Payment - Billing #772,FRNT-JUL2024-2456,Credit,Rent Payment,2024-07-01,15230.69,f,2026-05-07 21:29:37,2026-05-07 21:29:37,,Cash,OR-20240701-2456
2457,773,Rent Payment - Billing #773,FRNT-AUG2024-2457,Credit,Rent Payment,2024-08-01,14580.65,f,2026-05-07 21:29:37,2026-05-07 21:29:37,,Bank Transfer,OR-20240801-2457
2458,774,Rent Payment - Billing #774,FRNT-SEP2024-2458,Credit,Rent Payment,2024-09-01,13739.33,f,2026-05-07 21:29:37,2026-05-07 21:29:37,,Maya,OR-20240901-2458
2459,775,Move-Out Settlement - Billing #775,FRNT-SEP2024-2459,Credit,Rent Payment,2024-09-01,-11886.67,f,2026-05-07 21:29:37,2026-05-07 21:29:37,,Cash,OR-20240901-2459
2460,776,Rent Payment - Billing #776,FRNT-APR2024-2460,Credit,Rent Payment,2024-04-01,13482.75,f,2026-05-07 21:29:37,2026-05-07 21:29:37,,Cash,OR-20240401-2460
2461,777,Rent Payment - Billing #777,FRNT-MAY2024-2461,Credit,Rent Payment,2024-05-01,12878.18,f,2026-05-07 21:29:37,2026-05-07 21:29:37,,Cash,OR-20240501-2461
2462,778,Rent Payment - Billing #778,FRNT-JUN2024-2462,Credit,Rent Payment,2024-06-01,12738.38,f,2026-05-07 21:29:37,2026-05-07 21:29:37,,Maya,OR-20240601-2462
2463,779,Rent Payment - Billing #779,FRNT-JUL2024-2463,Credit,Rent Payment,2024-07-01,12775.90,f,2026-05-07 21:29:37,2026-05-07 21:29:37,,GCash,OR-20240701-2463
2464,780,Rent Payment - Billing #780,FRNT-AUG2024-2464,Credit,Rent Payment,2024-08-01,13394.24,f,2026-05-07 21:29:37,2026-05-07 21:29:37,,Bank Transfer,OR-20240801-2464
2465,781,Rent Payment - Billing #781,FRNT-SEP2024-2465,Credit,Rent Payment,2024-09-01,12098.01,f,2026-05-07 21:29:37,2026-05-07 21:29:37,,Bank Transfer,OR-20240901-2465
2466,782,Move-Out Settlement - Billing #782,FRNT-SEP2024-2466,Credit,Rent Payment,2024-09-01,-9985.99,f,2026-05-07 21:29:37,2026-05-07 21:29:37,,Maya,OR-20240901-2466
2467,783,Move-In Payment - Billing #783,FRNT-MAR2024-2467,Credit,Rent Payment,2024-03-01,22130.00,f,2026-05-07 21:29:37,2026-05-07 21:29:37,,GCash,OR-20240301-2467
2468,784,Rent Payment - Billing #784,FRNT-APR2024-2468,Credit,Rent Payment,2024-04-01,12126.55,f,2026-05-07 21:29:37,2026-05-07 21:29:37,,Cash,OR-20240401-2468
2469,785,Move-Out Settlement - Billing #785,FRNT-APR2024-2469,Credit,Rent Payment,2024-04-01,-10503.45,f,2026-05-07 21:29:37,2026-05-07 21:29:37,,Bank Transfer,OR-20240401-2469
2470,786,Rent Payment - Billing #786,FRNT-MAY2024-2470,Credit,Rent Payment,2024-05-01,13552.66,f,2026-05-07 21:29:37,2026-05-07 21:29:37,,Maya,OR-20240501-2470
2471,787,Move-Out Settlement - Billing #787,FRNT-MAY2024-2471,Credit,Rent Payment,2024-05-01,-11539.34,f,2026-05-07 21:29:37,2026-05-07 21:29:37,,Bank Transfer,OR-20240501-2471
2472,788,Rent Payment - Billing #788,FRNT-MAY2024-2472,Credit,Rent Payment,2024-05-01,9541.92,f,2026-05-07 21:29:37,2026-05-07 21:29:37,,Cash,OR-20240501-2472
2473,789,Rent Payment - Billing #789,FRNT-JUN2024-2473,Credit,Rent Payment,2024-06-01,8582.61,f,2026-05-07 21:29:37,2026-05-07 21:29:37,,Bank Transfer,OR-20240601-2473
2474,790,Rent Payment - Billing #790,FRNT-JUL2024-2474,Credit,Rent Payment,2024-07-01,8037.73,f,2026-05-07 21:29:37,2026-05-07 21:29:37,,Bank Transfer,OR-20240701-2474
2475,791,Move-Out Settlement - Billing #791,FRNT-JUL2024-2475,Credit,Rent Payment,2024-07-01,-5898.27,f,2026-05-07 21:29:37,2026-05-07 21:29:37,,Bank Transfer,OR-20240701-2475
2476,792,Rent Payment - Billing #792,FRNT-MAY2024-2476,Credit,Rent Payment,2024-05-01,14362.17,f,2026-05-07 21:29:37,2026-05-07 21:29:37,,Maya,OR-20240501-2476
2477,793,Rent Payment - Billing #793,FRNT-JUN2024-2477,Credit,Rent Payment,2024-06-01,14469.31,f,2026-05-07 21:29:37,2026-05-07 21:29:37,,Maya,OR-20240601-2477
2478,794,Rent Payment - Billing #794,FRNT-JUL2024-2478,Credit,Rent Payment,2024-07-01,14399.90,f,2026-05-07 21:29:37,2026-05-07 21:29:37,,GCash,OR-20240701-2478
2479,795,Rent Payment - Billing #795,FRNT-AUG2024-2479,Credit,Rent Payment,2024-08-01,14235.86,f,2026-05-07 21:29:37,2026-05-07 21:29:37,,Maya,OR-20240801-2479
2480,796,Rent Payment - Billing #796,FRNT-SEP2024-2480,Credit,Rent Payment,2024-09-01,14431.51,f,2026-05-07 21:29:37,2026-05-07 21:29:37,,GCash,OR-20240901-2480
2481,797,Rent Payment - Billing #797,FRNT-OCT2024-2481,Credit,Rent Payment,2024-10-01,13267.62,f,2026-05-07 21:29:37,2026-05-07 21:29:37,,Cash,OR-20241001-2481
2482,798,Move-Out Settlement - Billing #798,FRNT-OCT2024-2482,Credit,Rent Payment,2024-10-01,-11034.38,f,2026-05-07 21:29:37,2026-05-07 21:29:37,,GCash,OR-20241001-2482
2483,799,Rent Payment - Billing #799,FRNT-MAY2024-2483,Credit,Rent Payment,2024-05-01,11712.65,f,2026-05-07 21:29:37,2026-05-07 21:29:37,,Bank Transfer,OR-20240501-2483
2484,800,Rent Payment - Billing #800,FRNT-JUN2024-2484,Credit,Rent Payment,2024-06-01,11964.05,f,2026-05-07 21:29:37,2026-05-07 21:29:37,,Maya,OR-20240601-2484
2485,801,Rent Payment - Billing #801,FRNT-JUL2024-2485,Credit,Rent Payment,2024-07-01,11786.62,f,2026-05-07 21:29:37,2026-05-07 21:29:37,,Cash,OR-20240701-2485
2486,802,Rent Payment - Billing #802,FRNT-AUG2024-2486,Credit,Rent Payment,2024-08-01,12505.99,f,2026-05-07 21:29:37,2026-05-07 21:29:37,,Maya,OR-20240801-2486
2487,803,Rent Payment - Billing #803,FRNT-SEP2024-2487,Credit,Rent Payment,2024-09-01,12487.36,f,2026-05-07 21:29:37,2026-05-07 21:29:37,,Maya,OR-20240901-2487
2488,804,Rent Payment - Billing #804,FRNT-OCT2024-2488,Credit,Rent Payment,2024-10-01,11807.99,f,2026-05-07 21:29:37,2026-05-07 21:29:37,,GCash,OR-20241001-2488
2489,805,Move-Out Settlement - Billing #805,FRNT-OCT2024-2489,Credit,Rent Payment,2024-10-01,-10322.01,f,2026-05-07 21:29:37,2026-05-07 21:29:37,,Bank Transfer,OR-20241001-2489
2490,806,Rent Payment - Billing #806,FRNT-MAY2024-2490,Credit,Rent Payment,2024-05-01,12212.65,f,2026-05-07 21:29:37,2026-05-07 21:29:37,,Bank Transfer,OR-20240501-2490
2491,807,Move-Out Settlement - Billing #807,FRNT-MAY2024-2491,Credit,Rent Payment,2024-05-01,-10417.35,f,2026-05-07 21:29:37,2026-05-07 21:29:37,,GCash,OR-20240501-2491
2492,808,Rent Payment - Billing #808,FRNT-MAY2024-2492,Credit,Rent Payment,2024-05-01,14558.02,f,2026-05-07 21:29:37,2026-05-07 21:29:37,,GCash,OR-20240501-2492
2493,809,Rent Payment - Billing #809,FRNT-JUN2024-2493,Credit,Rent Payment,2024-06-01,14658.06,f,2026-05-07 21:29:37,2026-05-07 21:29:37,,Maya,OR-20240601-2493
2494,810,Rent Payment - Billing #810,FRNT-JUL2024-2494,Credit,Rent Payment,2024-07-01,14295.78,f,2026-05-07 21:29:37,2026-05-07 21:29:37,,GCash,OR-20240701-2494
2495,811,Rent Payment - Billing #811,FRNT-AUG2024-2495,Credit,Rent Payment,2024-08-01,14673.32,f,2026-05-07 21:29:37,2026-05-07 21:29:37,,Maya,OR-20240801-2495
2496,812,Rent Payment - Billing #812,FRNT-SEP2024-2496,Credit,Rent Payment,2024-09-01,14676.06,f,2026-05-07 21:29:37,2026-05-07 21:29:37,,Bank Transfer,OR-20240901-2496
2497,813,Rent Payment - Billing #813,FRNT-OCT2024-2497,Credit,Rent Payment,2024-10-01,14297.15,f,2026-05-07 21:29:37,2026-05-07 21:29:37,,Bank Transfer,OR-20241001-2497
2498,814,Move-Out Settlement - Billing #814,FRNT-OCT2024-2498,Credit,Rent Payment,2024-10-01,-13188.85,f,2026-05-07 21:29:37,2026-05-07 21:29:37,,Maya,OR-20241001-2498
2499,815,Rent Payment - Billing #815,FRNT-MAY2024-2499,Credit,Rent Payment,2024-05-01,10533.12,f,2026-05-07 21:29:37,2026-05-07 21:29:37,,GCash,OR-20240501-2499
2500,816,Rent Payment - Billing #816,FRNT-JUN2024-2500,Credit,Rent Payment,2024-06-01,10403.80,f,2026-05-07 21:29:37,2026-05-07 21:29:37,,Bank Transfer,OR-20240601-2500
2501,817,Rent Payment - Billing #817,FRNT-JUL2024-2501,Credit,Rent Payment,2024-07-01,10371.60,f,2026-05-07 21:29:37,2026-05-07 21:29:37,,GCash,OR-20240701-2501
2502,818,Move-Out Settlement - Billing #818,FRNT-JUL2024-2502,Credit,Rent Payment,2024-07-01,-8800.40,f,2026-05-07 21:29:37,2026-05-07 21:29:37,,GCash,OR-20240701-2502
2503,819,Rent Payment - Billing #819,FRNT-MAY2024-2503,Credit,Rent Payment,2024-05-01,14172.30,f,2026-05-07 21:29:37,2026-05-07 21:29:37,,Maya,OR-20240501-2503
2504,820,Rent Payment - Billing #820,FRNT-JUN2024-2504,Credit,Rent Payment,2024-06-01,14125.66,f,2026-05-07 21:29:37,2026-05-07 21:29:37,,Maya,OR-20240601-2504
2505,821,Rent Payment - Billing #821,FRNT-JUL2024-2505,Credit,Rent Payment,2024-07-01,13288.28,f,2026-05-07 21:29:37,2026-05-07 21:29:37,,GCash,OR-20240701-2505
2506,822,Move-Out Settlement - Billing #822,FRNT-JUL2024-2506,Credit,Rent Payment,2024-07-01,-11219.72,f,2026-05-07 21:29:37,2026-05-07 21:29:37,,Cash,OR-20240701-2506
2507,823,Rent Payment - Billing #823,FRNT-JUN2024-2507,Credit,Rent Payment,2024-06-01,7696.12,f,2026-05-07 21:29:37,2026-05-07 21:29:37,,Bank Transfer,OR-20240601-2507
2508,824,Move-Out Settlement - Billing #824,FRNT-JUN2024-2508,Credit,Rent Payment,2024-06-01,-5459.88,f,2026-05-07 21:29:37,2026-05-07 21:29:37,,Bank Transfer,OR-20240601-2508
2509,825,Rent Payment - Billing #825,FRNT-JUN2024-2509,Credit,Rent Payment,2024-06-01,8831.37,f,2026-05-07 21:29:37,2026-05-07 21:29:37,,GCash,OR-20240601-2509
2510,826,Rent Payment - Billing #826,FRNT-JUL2024-2510,Credit,Rent Payment,2024-07-01,9573.71,f,2026-05-07 21:29:37,2026-05-07 21:29:37,,Cash,OR-20240701-2510
2511,827,Rent Payment - Billing #827,FRNT-AUG2024-2511,Credit,Rent Payment,2024-08-01,9899.86,f,2026-05-07 21:29:37,2026-05-07 21:29:37,,GCash,OR-20240801-2511
2512,828,Rent Payment - Billing #828,FRNT-SEP2024-2512,Credit,Rent Payment,2024-09-01,8779.00,f,2026-05-07 21:29:37,2026-05-07 21:29:37,,GCash,OR-20240901-2512
2513,829,Rent Payment - Billing #829,FRNT-OCT2024-2513,Credit,Rent Payment,2024-10-01,9592.53,f,2026-05-07 21:29:37,2026-05-07 21:29:37,,Maya,OR-20241001-2513
2514,830,Rent Payment - Billing #830,FRNT-NOV2024-2514,Credit,Rent Payment,2024-11-01,7925.37,f,2026-05-07 21:29:37,2026-05-07 21:29:37,,Maya,OR-20241101-2514
2515,831,Move-Out Settlement - Billing #831,FRNT-NOV2024-2515,Credit,Rent Payment,2024-11-01,-6556.63,f,2026-05-07 21:29:37,2026-05-07 21:29:37,,GCash,OR-20241101-2515
2516,832,Rent Payment - Billing #832,FRNT-JUN2024-2516,Credit,Rent Payment,2024-06-01,11964.05,f,2026-05-07 21:29:37,2026-05-07 21:29:37,,Maya,OR-20240601-2516
2517,833,Rent Payment - Billing #833,FRNT-JUL2024-2517,Credit,Rent Payment,2024-07-01,11786.62,f,2026-05-07 21:29:37,2026-05-07 21:29:37,,GCash,OR-20240701-2517
2518,834,Rent Payment - Billing #834,FRNT-AUG2024-2518,Credit,Rent Payment,2024-08-01,12505.99,f,2026-05-07 21:29:37,2026-05-07 21:29:37,,GCash,OR-20240801-2518
2519,835,Rent Payment - Billing #835,FRNT-SEP2024-2519,Credit,Rent Payment,2024-09-01,12487.36,f,2026-05-07 21:29:37,2026-05-07 21:29:37,,Maya,OR-20240901-2519
2520,836,Rent Payment - Billing #836,FRNT-OCT2024-2520,Credit,Rent Payment,2024-10-01,11807.99,f,2026-05-07 21:29:37,2026-05-07 21:29:37,,Cash,OR-20241001-2520
2521,837,Rent Payment - Billing #837,FRNT-NOV2024-2521,Credit,Rent Payment,2024-11-01,11907.18,f,2026-05-07 21:29:37,2026-05-07 21:29:37,,Maya,OR-20241101-2521
2522,838,Rent Payment - Billing #838,FRNT-DEC2024-2522,Credit,Rent Payment,2024-12-01,12411.08,f,2026-05-07 21:29:37,2026-05-07 21:29:37,,Bank Transfer,OR-20241201-2522
2523,839,Rent Payment - Billing #839,FRNT-JAN2025-2523,Credit,Rent Payment,2025-01-01,11708.32,f,2026-05-07 21:29:37,2026-05-07 21:29:37,,Maya,OR-20250101-2523
2524,840,Rent Payment - Billing #840,FRNT-FEB2025-2524,Credit,Rent Payment,2025-02-01,11915.61,f,2026-05-07 21:29:37,2026-05-07 21:29:37,,Bank Transfer,OR-20250201-2524
2525,841,Rent Payment - Billing #841,FRNT-MAR2025-2525,Credit,Rent Payment,2025-03-01,12148.97,f,2026-05-07 21:29:37,2026-05-07 21:29:37,,Bank Transfer,OR-20250301-2525
2526,842,Rent Payment - Billing #842,FRNT-APR2025-2526,Credit,Rent Payment,2025-04-01,11916.36,f,2026-05-07 21:29:37,2026-05-07 21:29:37,,Bank Transfer,OR-20250401-2526
2527,843,Rent Payment - Billing #843,FRNT-MAY2025-2527,Credit,Rent Payment,2025-05-01,11658.46,f,2026-05-07 21:29:37,2026-05-07 21:29:37,,Cash,OR-20250501-2527
2528,844,Move-Out Settlement - Billing #844,FRNT-MAY2025-2528,Credit,Rent Payment,2025-05-01,-10471.54,f,2026-05-07 21:29:37,2026-05-07 21:29:37,,GCash,OR-20250501-2528
2529,845,Rent Payment - Billing #845,FRNT-JUN2024-2529,Credit,Rent Payment,2024-06-01,12940.76,f,2026-05-07 21:29:37,2026-05-07 21:29:37,,Bank Transfer,OR-20240601-2529
2530,846,Rent Payment - Billing #846,FRNT-JUL2024-2530,Credit,Rent Payment,2024-07-01,13542.41,f,2026-05-07 21:29:37,2026-05-07 21:29:37,,Cash,OR-20240701-2530
2531,847,Rent Payment - Billing #847,FRNT-AUG2024-2531,Credit,Rent Payment,2024-08-01,12837.96,f,2026-05-07 21:29:37,2026-05-07 21:29:37,,Cash,OR-20240801-2531
2532,848,Rent Payment - Billing #848,FRNT-SEP2024-2532,Credit,Rent Payment,2024-09-01,12881.82,f,2026-05-07 21:29:37,2026-05-07 21:29:37,,Maya,OR-20240901-2532
2533,849,Rent Payment - Billing #849,FRNT-OCT2024-2533,Credit,Rent Payment,2024-10-01,12934.12,f,2026-05-07 21:29:37,2026-05-07 21:29:37,,Maya,OR-20241001-2533
2534,850,Rent Payment - Billing #850,FRNT-NOV2024-2534,Credit,Rent Payment,2024-11-01,12496.54,f,2026-05-07 21:29:37,2026-05-07 21:29:37,,Cash,OR-20241101-2534
2535,851,Rent Payment - Billing #851,FRNT-DEC2024-2535,Credit,Rent Payment,2024-12-01,12962.48,f,2026-05-07 21:29:37,2026-05-07 21:29:37,,Cash,OR-20241201-2535
2536,852,Rent Payment - Billing #852,FRNT-JAN2025-2536,Credit,Rent Payment,2025-01-01,12633.86,f,2026-05-07 21:29:37,2026-05-07 21:29:37,,GCash,OR-20250101-2536
2537,853,Rent Payment - Billing #853,FRNT-FEB2025-2537,Credit,Rent Payment,2025-02-01,12485.42,f,2026-05-07 21:29:37,2026-05-07 21:29:37,,Bank Transfer,OR-20250201-2537
2538,854,Rent Payment - Billing #854,FRNT-MAR2025-2538,Credit,Rent Payment,2025-03-01,12830.88,f,2026-05-07 21:29:37,2026-05-07 21:29:37,,Cash,OR-20250301-2538
2539,855,Rent Payment - Billing #855,FRNT-APR2025-2539,Credit,Rent Payment,2025-04-01,12849.42,f,2026-05-07 21:29:37,2026-05-07 21:29:37,,Bank Transfer,OR-20250401-2539
2540,856,Rent Payment - Billing #856,FRNT-MAY2025-2540,Credit,Rent Payment,2025-05-01,11592.26,f,2026-05-07 21:29:37,2026-05-07 21:29:37,,Maya,OR-20250501-2540
2541,857,Move-Out Settlement - Billing #857,FRNT-MAY2025-2541,Credit,Rent Payment,2025-05-01,-9703.74,f,2026-05-07 21:29:37,2026-05-07 21:29:37,,GCash,OR-20250501-2541
2542,858,Rent Payment - Billing #858,FRNT-JUN2024-2542,Credit,Rent Payment,2024-06-01,13442.81,f,2026-05-07 21:29:37,2026-05-07 21:29:37,,GCash,OR-20240601-2542
2543,859,Rent Payment - Billing #859,FRNT-JUL2024-2543,Credit,Rent Payment,2024-07-01,13712.86,f,2026-05-07 21:29:37,2026-05-07 21:29:37,,Bank Transfer,OR-20240701-2543
2544,860,Rent Payment - Billing #860,FRNT-AUG2024-2544,Credit,Rent Payment,2024-08-01,13375.61,f,2026-05-07 21:29:37,2026-05-07 21:29:37,,Bank Transfer,OR-20240801-2544
2545,861,Rent Payment - Billing #861,FRNT-SEP2024-2545,Credit,Rent Payment,2024-09-01,13557.52,f,2026-05-07 21:29:37,2026-05-07 21:29:37,,GCash,OR-20240901-2545
2546,862,Rent Payment - Billing #862,FRNT-OCT2024-2546,Credit,Rent Payment,2024-10-01,12966.75,f,2026-05-07 21:29:37,2026-05-07 21:29:37,,Maya,OR-20241001-2546
2547,863,Rent Payment - Billing #863,FRNT-NOV2024-2547,Credit,Rent Payment,2024-11-01,12704.57,f,2026-05-07 21:29:37,2026-05-07 21:29:37,,Cash,OR-20241101-2547
2548,864,Move-Out Settlement - Billing #864,FRNT-NOV2024-2548,Credit,Rent Payment,2024-11-01,-11887.43,f,2026-05-07 21:29:37,2026-05-07 21:29:37,,Cash,OR-20241101-2548
2549,865,Move-In Payment - Billing #865,FRNT-MAY2024-2549,Credit,Rent Payment,2024-05-01,25658.00,f,2026-05-07 21:29:37,2026-05-07 21:29:37,,Cash,OR-20240501-2549
2550,866,Rent Payment - Billing #866,FRNT-JUN2024-2550,Credit,Rent Payment,2024-06-01,13845.47,f,2026-05-07 21:29:37,2026-05-07 21:29:37,,GCash,OR-20240601-2550
2551,867,Move-Out Settlement - Billing #867,FRNT-JUN2024-2551,Credit,Rent Payment,2024-06-01,-12312.53,f,2026-05-07 21:29:37,2026-05-07 21:29:37,,Bank Transfer,OR-20240601-2551
2552,868,Rent Payment - Billing #868,FRNT-JUL2024-2552,Credit,Rent Payment,2024-07-01,15458.76,f,2026-05-07 21:29:37,2026-05-07 21:29:37,,Maya,OR-20240701-2552
2553,869,Rent Payment - Billing #869,FRNT-AUG2024-2553,Credit,Rent Payment,2024-08-01,15141.04,f,2026-05-07 21:29:37,2026-05-07 21:29:37,,Cash,OR-20240801-2553
2554,870,Rent Payment - Billing #870,FRNT-SEP2024-2554,Credit,Rent Payment,2024-09-01,13667.47,f,2026-05-07 21:29:37,2026-05-07 21:29:37,,Bank Transfer,OR-20240901-2554
2555,871,Move-Out Settlement - Billing #871,FRNT-SEP2024-2555,Credit,Rent Payment,2024-09-01,-11676.53,f,2026-05-07 21:29:37,2026-05-07 21:29:37,,Bank Transfer,OR-20240901-2555
2556,872,Rent Payment - Billing #872,FRNT-JUL2024-2556,Credit,Rent Payment,2024-07-01,8517.88,f,2026-05-07 21:29:37,2026-05-07 21:29:37,,Bank Transfer,OR-20240701-2556
2557,873,Move-Out Settlement - Billing #873,FRNT-JUL2024-2557,Credit,Rent Payment,2024-07-01,-6156.12,f,2026-05-07 21:29:37,2026-05-07 21:29:37,,GCash,OR-20240701-2557
2558,874,Rent Payment - Billing #874,FRNT-JUL2024-2558,Credit,Rent Payment,2024-07-01,12176.92,f,2026-05-07 21:29:37,2026-05-07 21:29:37,,Maya,OR-20240701-2558
2559,875,Move-Out Settlement - Billing #875,FRNT-JUL2024-2559,Credit,Rent Payment,2024-07-01,-10089.08,f,2026-05-07 21:29:37,2026-05-07 21:29:37,,Cash,OR-20240701-2559
2560,876,Rent Payment - Billing #876,FRNT-JUL2024-2560,Credit,Rent Payment,2024-07-01,8880.85,f,2026-05-07 21:29:37,2026-05-07 21:29:37,,Bank Transfer,OR-20240701-2560
2561,877,Rent Payment - Billing #877,FRNT-AUG2024-2561,Credit,Rent Payment,2024-08-01,8095.88,f,2026-05-07 21:29:37,2026-05-07 21:29:37,,Bank Transfer,OR-20240801-2561
2562,878,Rent Payment - Billing #878,FRNT-SEP2024-2562,Credit,Rent Payment,2024-09-01,8232.96,f,2026-05-07 21:29:37,2026-05-07 21:29:37,,Maya,OR-20240901-2562
2563,879,Rent Payment - Billing #879,FRNT-OCT2024-2563,Credit,Rent Payment,2024-10-01,8826.20,f,2026-05-07 21:29:37,2026-05-07 21:29:37,,GCash,OR-20241001-2563
2564,880,Rent Payment - Billing #880,FRNT-NOV2024-2564,Credit,Rent Payment,2024-11-01,8052.98,f,2026-05-07 21:29:37,2026-05-07 21:29:37,,Maya,OR-20241101-2564
2565,881,Rent Payment - Billing #881,FRNT-DEC2024-2565,Credit,Rent Payment,2024-12-01,8128.36,f,2026-05-07 21:29:37,2026-05-07 21:29:37,,GCash,OR-20241201-2565
2566,882,Rent Payment - Billing #882,FRNT-JAN2025-2566,Credit,Rent Payment,2025-01-01,8178.91,f,2026-05-07 21:29:37,2026-05-07 21:29:37,,Cash,OR-20250101-2566
2567,883,Rent Payment - Billing #883,FRNT-FEB2025-2567,Credit,Rent Payment,2025-02-01,8165.61,f,2026-05-07 21:29:37,2026-05-07 21:29:37,,Maya,OR-20250201-2567
2568,884,Rent Payment - Billing #884,FRNT-MAR2025-2568,Credit,Rent Payment,2025-03-01,8595.20,f,2026-05-07 21:29:37,2026-05-07 21:29:37,,Cash,OR-20250301-2568
2569,885,Rent Payment - Billing #885,FRNT-APR2025-2569,Credit,Rent Payment,2025-04-01,8467.49,f,2026-05-07 21:29:37,2026-05-07 21:29:37,,GCash,OR-20250401-2569
2570,886,Rent Payment - Billing #886,FRNT-MAY2025-2570,Credit,Rent Payment,2025-05-01,8504.05,f,2026-05-07 21:29:37,2026-05-07 21:29:37,,Maya,OR-20250501-2570
2571,887,Rent Payment - Billing #887,FRNT-JUN2025-2571,Credit,Rent Payment,2025-06-01,7445.06,f,2026-05-07 21:29:37,2026-05-07 21:29:37,,Maya,OR-20250601-2571
2572,888,Move-Out Settlement - Billing #888,FRNT-JUN2025-2572,Credit,Rent Payment,2025-06-01,-5210.94,f,2026-05-07 21:29:37,2026-05-07 21:29:37,,Cash,OR-20250601-2572
2573,889,Rent Payment - Billing #889,FRNT-JUL2024-2573,Credit,Rent Payment,2024-07-01,14218.39,f,2026-05-07 21:29:37,2026-05-07 21:29:37,,Bank Transfer,OR-20240701-2573
2574,890,Rent Payment - Billing #890,FRNT-AUG2024-2574,Credit,Rent Payment,2024-08-01,13448.06,f,2026-05-07 21:29:37,2026-05-07 21:29:37,,Bank Transfer,OR-20240801-2574
2575,891,Rent Payment - Billing #891,FRNT-SEP2024-2575,Credit,Rent Payment,2024-09-01,13262.03,f,2026-05-07 21:29:37,2026-05-07 21:29:37,,Bank Transfer,OR-20240901-2575
2576,892,Rent Payment - Billing #892,FRNT-OCT2024-2576,Credit,Rent Payment,2024-10-01,13948.10,f,2026-05-07 21:29:37,2026-05-07 21:29:37,,GCash,OR-20241001-2576
2577,893,Rent Payment - Billing #893,FRNT-NOV2024-2577,Credit,Rent Payment,2024-11-01,13832.32,f,2026-05-07 21:29:37,2026-05-07 21:29:37,,GCash,OR-20241101-2577
2578,894,Rent Payment - Billing #894,FRNT-DEC2024-2578,Credit,Rent Payment,2024-12-01,13684.47,f,2026-05-07 21:29:37,2026-05-07 21:29:37,,Bank Transfer,OR-20241201-2578
2579,895,Rent Payment - Billing #895,FRNT-JAN2025-2579,Credit,Rent Payment,2025-01-01,13608.45,f,2026-05-07 21:29:37,2026-05-07 21:29:37,,Cash,OR-20250101-2579
2580,896,Rent Payment - Billing #896,FRNT-FEB2025-2580,Credit,Rent Payment,2025-02-01,14037.84,f,2026-05-07 21:29:37,2026-05-07 21:29:37,,Cash,OR-20250201-2580
2581,897,Rent Payment - Billing #897,FRNT-MAR2025-2581,Credit,Rent Payment,2025-03-01,14139.72,f,2026-05-07 21:29:37,2026-05-07 21:29:37,,GCash,OR-20250301-2581
2582,898,Rent Payment - Billing #898,FRNT-APR2025-2582,Credit,Rent Payment,2025-04-01,13359.81,f,2026-05-07 21:29:37,2026-05-07 21:29:37,,Cash,OR-20250401-2582
2583,899,Rent Payment - Billing #899,FRNT-MAY2025-2583,Credit,Rent Payment,2025-05-01,13707.64,f,2026-05-07 21:29:37,2026-05-07 21:29:37,,Maya,OR-20250501-2583
2584,900,Rent Payment - Billing #900,FRNT-JUN2025-2584,Credit,Rent Payment,2025-06-01,13597.44,f,2026-05-07 21:29:37,2026-05-07 21:29:37,,Cash,OR-20250601-2584
2585,901,Move-Out Settlement - Billing #901,FRNT-JUN2025-2585,Credit,Rent Payment,2025-06-01,-12060.56,f,2026-05-07 21:29:37,2026-05-07 21:29:37,,GCash,OR-20250601-2585
2586,902,Rent Payment - Billing #902,FRNT-JUL2024-2586,Credit,Rent Payment,2024-07-01,8383.36,f,2026-05-07 21:29:37,2026-05-07 21:29:37,,GCash,OR-20240701-2586
2587,903,Move-Out Settlement - Billing #903,FRNT-JUL2024-2587,Credit,Rent Payment,2024-07-01,-6826.64,f,2026-05-07 21:29:37,2026-05-07 21:29:37,,GCash,OR-20240701-2587
2588,904,Rent Payment - Billing #904,FRNT-JUL2024-2588,Credit,Rent Payment,2024-07-01,11718.55,f,2026-05-07 21:29:37,2026-05-07 21:29:37,,Cash,OR-20240701-2588
2589,905,Rent Payment - Billing #905,FRNT-AUG2024-2589,Credit,Rent Payment,2024-08-01,11813.98,f,2026-05-07 21:29:37,2026-05-07 21:29:37,,GCash,OR-20240801-2589
2590,906,Rent Payment - Billing #906,FRNT-SEP2024-2590,Credit,Rent Payment,2024-09-01,10941.44,f,2026-05-07 21:29:37,2026-05-07 21:29:37,,Maya,OR-20240901-2590
2591,907,Move-Out Settlement - Billing #907,FRNT-SEP2024-2591,Credit,Rent Payment,2024-09-01,-8182.56,f,2026-05-07 21:29:37,2026-05-07 21:29:37,,Maya,OR-20240901-2591
2592,908,Rent Payment - Billing #908,FRNT-AUG2024-2592,Credit,Rent Payment,2024-08-01,8287.61,f,2026-05-07 21:29:37,2026-05-07 21:29:37,,Bank Transfer,OR-20240801-2592
2593,909,Rent Payment - Billing #909,FRNT-SEP2024-2593,Credit,Rent Payment,2024-09-01,8586.10,f,2026-05-07 21:29:37,2026-05-07 21:29:37,,Bank Transfer,OR-20240901-2593
2594,910,Rent Payment - Billing #910,FRNT-OCT2024-2594,Credit,Rent Payment,2024-10-01,8323.50,f,2026-05-07 21:29:37,2026-05-07 21:29:37,,Maya,OR-20241001-2594
2595,911,Rent Payment - Billing #911,FRNT-NOV2024-2595,Credit,Rent Payment,2024-11-01,8539.08,f,2026-05-07 21:29:37,2026-05-07 21:29:37,,GCash,OR-20241101-2595
2596,912,Rent Payment - Billing #912,FRNT-DEC2024-2596,Credit,Rent Payment,2024-12-01,9394.46,f,2026-05-07 21:29:37,2026-05-07 21:29:37,,Cash,OR-20241201-2596
2597,913,Rent Payment - Billing #913,FRNT-JAN2025-2597,Credit,Rent Payment,2025-01-01,8056.56,f,2026-05-07 21:29:37,2026-05-07 21:29:37,,GCash,OR-20250101-2597
2598,914,Move-Out Settlement - Billing #914,FRNT-JAN2025-2598,Credit,Rent Payment,2025-01-01,-5379.44,f,2026-05-07 21:29:37,2026-05-07 21:29:37,,Bank Transfer,OR-20250101-2598
2599,915,Rent Payment - Billing #915,FRNT-AUG2024-2599,Credit,Rent Payment,2024-08-01,14673.32,f,2026-05-07 21:29:37,2026-05-07 21:29:37,,Maya,OR-20240801-2599
2600,916,Rent Payment - Billing #916,FRNT-SEP2024-2600,Credit,Rent Payment,2024-09-01,14676.06,f,2026-05-07 21:29:37,2026-05-07 21:29:37,,GCash,OR-20240901-2600
2601,917,Rent Payment - Billing #917,FRNT-OCT2024-2601,Credit,Rent Payment,2024-10-01,14297.15,f,2026-05-07 21:29:37,2026-05-07 21:29:37,,Maya,OR-20241001-2601
2602,918,Rent Payment - Billing #918,FRNT-NOV2024-2602,Credit,Rent Payment,2024-11-01,14560.28,f,2026-05-07 21:29:37,2026-05-07 21:29:37,,Cash,OR-20241101-2602
2603,919,Rent Payment - Billing #919,FRNT-DEC2024-2603,Credit,Rent Payment,2024-12-01,14843.43,f,2026-05-07 21:29:37,2026-05-07 21:29:37,,GCash,OR-20241201-2603
2604,920,Rent Payment - Billing #920,FRNT-JAN2025-2604,Credit,Rent Payment,2025-01-01,14803.96,f,2026-05-07 21:29:37,2026-05-07 21:29:37,,Bank Transfer,OR-20250101-2604
2605,921,Rent Payment - Billing #921,FRNT-FEB2025-2605,Credit,Rent Payment,2025-02-01,14821.35,f,2026-05-07 21:29:37,2026-05-07 21:29:37,,Maya,OR-20250201-2605
2606,922,Rent Payment - Billing #922,FRNT-MAR2025-2606,Credit,Rent Payment,2025-03-01,14733.87,f,2026-05-07 21:29:37,2026-05-07 21:29:37,,Bank Transfer,OR-20250301-2606
2607,923,Rent Payment - Billing #923,FRNT-APR2025-2607,Credit,Rent Payment,2025-04-01,14448.74,f,2026-05-07 21:29:37,2026-05-07 21:29:37,,Maya,OR-20250401-2607
2608,924,Rent Payment - Billing #924,FRNT-MAY2025-2608,Credit,Rent Payment,2025-05-01,14813.28,f,2026-05-07 21:29:37,2026-05-07 21:29:37,,Bank Transfer,OR-20250501-2608
2609,925,Rent Payment - Billing #925,FRNT-JUN2025-2609,Credit,Rent Payment,2025-06-01,14513.24,f,2026-05-07 21:29:37,2026-05-07 21:29:37,,GCash,OR-20250601-2609
2610,926,Rent Payment - Billing #926,FRNT-JUL2025-2610,Credit,Rent Payment,2025-07-01,14616.10,f,2026-05-07 21:29:37,2026-05-07 21:29:37,,GCash,OR-20250701-2610
2611,927,Move-Out Settlement - Billing #927,FRNT-JUL2025-2611,Credit,Rent Payment,2025-07-01,-12869.90,f,2026-05-07 21:29:37,2026-05-07 21:29:37,,GCash,OR-20250701-2611
2612,928,Rent Payment - Billing #928,FRNT-AUG2024-2612,Credit,Rent Payment,2024-08-01,10424.01,f,2026-05-07 21:29:37,2026-05-07 21:29:37,,Cash,OR-20240801-2612
2613,929,Rent Payment - Billing #929,FRNT-SEP2024-2613,Credit,Rent Payment,2024-09-01,10553.93,f,2026-05-07 21:29:37,2026-05-07 21:29:37,,Maya,OR-20240901-2613
2614,930,Rent Payment - Billing #930,FRNT-OCT2024-2614,Credit,Rent Payment,2024-10-01,10088.56,f,2026-05-07 21:29:37,2026-05-07 21:29:37,,Cash,OR-20241001-2614
2615,931,Move-Out Settlement - Billing #931,FRNT-OCT2024-2615,Credit,Rent Payment,2024-10-01,-9083.44,f,2026-05-07 21:29:37,2026-05-07 21:29:37,,Cash,OR-20241001-2615
2616,932,Rent Payment - Billing #932,FRNT-AUG2024-2616,Credit,Rent Payment,2024-08-01,10424.01,f,2026-05-07 21:29:37,2026-05-07 21:29:37,,Cash,OR-20240801-2616
2617,933,Rent Payment - Billing #933,FRNT-SEP2024-2617,Credit,Rent Payment,2024-09-01,10553.93,f,2026-05-07 21:29:37,2026-05-07 21:29:37,,Cash,OR-20240901-2617
2618,934,Rent Payment - Billing #934,FRNT-OCT2024-2618,Credit,Rent Payment,2024-10-01,10088.56,f,2026-05-07 21:29:37,2026-05-07 21:29:37,,Bank Transfer,OR-20241001-2618
2619,935,Move-Out Settlement - Billing #935,FRNT-OCT2024-2619,Credit,Rent Payment,2024-10-01,-9083.44,f,2026-05-07 21:29:37,2026-05-07 21:29:37,,Cash,OR-20241001-2619
2620,936,Rent Payment - Billing #936,FRNT-AUG2024-2620,Credit,Rent Payment,2024-08-01,14377.50,f,2026-05-07 21:29:37,2026-05-07 21:29:37,,Maya,OR-20240801-2620
2621,937,Rent Payment - Billing #937,FRNT-SEP2024-2621,Credit,Rent Payment,2024-09-01,14109.54,f,2026-05-07 21:29:37,2026-05-07 21:29:37,,Bank Transfer,OR-20240901-2621
2622,938,Rent Payment - Billing #938,FRNT-OCT2024-2622,Credit,Rent Payment,2024-10-01,13920.51,f,2026-05-07 21:29:37,2026-05-07 21:29:37,,Bank Transfer,OR-20241001-2622
2623,939,Rent Payment - Billing #939,FRNT-NOV2024-2623,Credit,Rent Payment,2024-11-01,14015.87,f,2026-05-07 21:29:37,2026-05-07 21:29:37,,Cash,OR-20241101-2623
2624,940,Rent Payment - Billing #940,FRNT-DEC2024-2624,Credit,Rent Payment,2024-12-01,14100.18,f,2026-05-07 21:29:37,2026-05-07 21:29:37,,Maya,OR-20241201-2624
2625,941,Rent Payment - Billing #941,FRNT-JAN2025-2625,Credit,Rent Payment,2025-01-01,12989.64,f,2026-05-07 21:29:37,2026-05-07 21:29:37,,Bank Transfer,OR-20250101-2625
2626,942,Move-Out Settlement - Billing #942,FRNT-JAN2025-2626,Credit,Rent Payment,2025-01-01,-11018.36,f,2026-05-07 21:29:37,2026-05-07 21:29:37,,Cash,OR-20250101-2626
2627,943,Rent Payment - Billing #943,FRNT-AUG2024-2627,Credit,Rent Payment,2024-08-01,9031.18,f,2026-05-07 21:29:37,2026-05-07 21:29:37,,Cash,OR-20240801-2627
2628,944,Rent Payment - Billing #944,FRNT-SEP2024-2628,Credit,Rent Payment,2024-09-01,8807.71,f,2026-05-07 21:29:37,2026-05-07 21:29:37,,Cash,OR-20240901-2628
2629,945,Rent Payment - Billing #945,FRNT-OCT2024-2629,Credit,Rent Payment,2024-10-01,8773.01,f,2026-05-07 21:29:37,2026-05-07 21:29:37,,Cash,OR-20241001-2629
2630,946,Move-Out Settlement - Billing #946,FRNT-OCT2024-2630,Credit,Rent Payment,2024-10-01,-6436.99,f,2026-05-07 21:29:37,2026-05-07 21:29:37,,Maya,OR-20241001-2630
2631,947,Rent Payment - Billing #947,FRNT-AUG2024-2631,Credit,Rent Payment,2024-08-01,7420.52,f,2026-05-07 21:29:37,2026-05-07 21:29:37,,Maya,OR-20240801-2631
2632,948,Rent Payment - Billing #948,FRNT-SEP2024-2632,Credit,Rent Payment,2024-09-01,8418.94,f,2026-05-07 21:29:37,2026-05-07 21:29:37,,Bank Transfer,OR-20240901-2632
2633,949,Rent Payment - Billing #949,FRNT-OCT2024-2633,Credit,Rent Payment,2024-10-01,8154.39,f,2026-05-07 21:29:37,2026-05-07 21:29:37,,GCash,OR-20241001-2633
2634,950,Rent Payment - Billing #950,FRNT-NOV2024-2634,Credit,Rent Payment,2024-11-01,8018.41,f,2026-05-07 21:29:37,2026-05-07 21:29:37,,GCash,OR-20241101-2634
2635,951,Rent Payment - Billing #951,FRNT-DEC2024-2635,Credit,Rent Payment,2024-12-01,8140.95,f,2026-05-07 21:29:37,2026-05-07 21:29:37,,GCash,OR-20241201-2635
2636,952,Rent Payment - Billing #952,FRNT-JAN2025-2636,Credit,Rent Payment,2025-01-01,8014.39,f,2026-05-07 21:29:37,2026-05-07 21:29:37,,Cash,OR-20250101-2636
2637,953,Rent Payment - Billing #953,FRNT-FEB2025-2637,Credit,Rent Payment,2025-02-01,7823.45,f,2026-05-07 21:29:37,2026-05-07 21:29:37,,Bank Transfer,OR-20250201-2637
2638,954,Rent Payment - Billing #954,FRNT-MAR2025-2638,Credit,Rent Payment,2025-03-01,7143.52,f,2026-05-07 21:29:37,2026-05-07 21:29:37,,Maya,OR-20250301-2638
2639,955,Rent Payment - Billing #955,FRNT-APR2025-2639,Credit,Rent Payment,2025-04-01,8115.21,f,2026-05-07 21:29:37,2026-05-07 21:29:37,,GCash,OR-20250401-2639
2640,956,Rent Payment - Billing #956,FRNT-MAY2025-2640,Credit,Rent Payment,2025-05-01,8174.19,f,2026-05-07 21:29:37,2026-05-07 21:29:37,,Maya,OR-20250501-2640
2641,957,Rent Payment - Billing #957,FRNT-JUN2025-2641,Credit,Rent Payment,2025-06-01,8329.82,f,2026-05-07 21:29:37,2026-05-07 21:29:37,,Bank Transfer,OR-20250601-2641
2642,958,Rent Payment - Billing #958,FRNT-JUL2025-2642,Credit,Rent Payment,2025-07-01,6594.79,f,2026-05-07 21:29:37,2026-05-07 21:29:37,,Cash,OR-20250701-2642
2643,959,Move-Out Settlement - Billing #959,FRNT-JUL2025-2643,Credit,Rent Payment,2025-07-01,-4795.21,f,2026-05-07 21:29:37,2026-05-07 21:29:37,,Cash,OR-20250701-2643
2644,960,Rent Payment - Billing #960,FRNT-AUG2024-2644,Credit,Rent Payment,2024-08-01,8574.47,f,2026-05-07 21:29:37,2026-05-07 21:29:37,,Bank Transfer,OR-20240801-2644
2645,961,Move-Out Settlement - Billing #961,FRNT-AUG2024-2645,Credit,Rent Payment,2024-08-01,-6099.53,f,2026-05-07 21:29:37,2026-05-07 21:29:37,,GCash,OR-20240801-2645
2646,962,Rent Payment - Billing #962,FRNT-AUG2024-2646,Credit,Rent Payment,2024-08-01,13659.45,f,2026-05-07 21:29:37,2026-05-07 21:29:37,,Cash,OR-20240801-2646
2647,963,Rent Payment - Billing #963,FRNT-SEP2024-2647,Credit,Rent Payment,2024-09-01,12920.01,f,2026-05-07 21:29:37,2026-05-07 21:29:37,,Maya,OR-20240901-2647
2648,964,Rent Payment - Billing #964,FRNT-OCT2024-2648,Credit,Rent Payment,2024-10-01,12849.70,f,2026-05-07 21:29:37,2026-05-07 21:29:37,,Maya,OR-20241001-2648
2649,965,Rent Payment - Billing #965,FRNT-NOV2024-2649,Credit,Rent Payment,2024-11-01,12869.30,f,2026-05-07 21:29:37,2026-05-07 21:29:37,,Bank Transfer,OR-20241101-2649
2650,966,Rent Payment - Billing #966,FRNT-DEC2024-2650,Credit,Rent Payment,2024-12-01,13675.61,f,2026-05-07 21:29:37,2026-05-07 21:29:37,,Maya,OR-20241201-2650
2651,967,Rent Payment - Billing #967,FRNT-JAN2025-2651,Credit,Rent Payment,2025-01-01,12476.36,f,2026-05-07 21:29:37,2026-05-07 21:29:37,,Cash,OR-20250101-2651
2652,968,Rent Payment - Billing #968,FRNT-FEB2025-2652,Credit,Rent Payment,2025-02-01,13285.27,f,2026-05-07 21:29:37,2026-05-07 21:29:37,,GCash,OR-20250201-2652
2653,969,Rent Payment - Billing #969,FRNT-MAR2025-2653,Credit,Rent Payment,2025-03-01,13701.80,f,2026-05-07 21:29:37,2026-05-07 21:29:37,,Bank Transfer,OR-20250301-2653
2654,970,Rent Payment - Billing #970,FRNT-APR2025-2654,Credit,Rent Payment,2025-04-01,12845.19,f,2026-05-07 21:29:37,2026-05-07 21:29:37,,Bank Transfer,OR-20250401-2654
2655,971,Rent Payment - Billing #971,FRNT-MAY2025-2655,Credit,Rent Payment,2025-05-01,12795.16,f,2026-05-07 21:29:37,2026-05-07 21:29:37,,GCash,OR-20250501-2655
2656,972,Rent Payment - Billing #972,FRNT-JUN2025-2656,Credit,Rent Payment,2025-06-01,12483.56,f,2026-05-07 21:29:37,2026-05-07 21:29:37,,Cash,OR-20250601-2656
2657,973,Rent Payment - Billing #973,FRNT-JUL2025-2657,Credit,Rent Payment,2025-07-01,11885.51,f,2026-05-07 21:29:37,2026-05-07 21:29:37,,Cash,OR-20250701-2657
2658,974,Move-Out Settlement - Billing #974,FRNT-JUL2025-2658,Credit,Rent Payment,2025-07-01,-9880.49,f,2026-05-07 21:29:37,2026-05-07 21:29:37,,Cash,OR-20250701-2658
2659,975,Rent Payment - Billing #975,FRNT-SEP2024-2659,Credit,Rent Payment,2024-09-01,11853.16,f,2026-05-07 21:29:37,2026-05-07 21:29:37,,Maya,OR-20240901-2659
2660,976,Rent Payment - Billing #976,FRNT-OCT2024-2660,Credit,Rent Payment,2024-10-01,12331.24,f,2026-05-07 21:29:37,2026-05-07 21:29:37,,GCash,OR-20241001-2660
2661,977,Rent Payment - Billing #977,FRNT-NOV2024-2661,Credit,Rent Payment,2024-11-01,12498.06,f,2026-05-07 21:29:37,2026-05-07 21:29:37,,GCash,OR-20241101-2661
2662,978,Rent Payment - Billing #978,FRNT-DEC2024-2662,Credit,Rent Payment,2024-12-01,12249.58,f,2026-05-07 21:29:37,2026-05-07 21:29:37,,GCash,OR-20241201-2662
2663,979,Rent Payment - Billing #979,FRNT-JAN2025-2663,Credit,Rent Payment,2025-01-01,11416.79,f,2026-05-07 21:29:37,2026-05-07 21:29:37,,GCash,OR-20250101-2663
2664,980,Rent Payment - Billing #980,FRNT-FEB2025-2664,Credit,Rent Payment,2025-02-01,10886.16,f,2026-05-07 21:29:37,2026-05-07 21:29:37,,Bank Transfer,OR-20250201-2664
2665,981,Move-Out Settlement - Billing #981,FRNT-FEB2025-2665,Credit,Rent Payment,2025-02-01,-9463.84,f,2026-05-07 21:29:37,2026-05-07 21:29:37,,Maya,OR-20250201-2665
2666,982,Rent Payment - Billing #982,FRNT-SEP2024-2666,Credit,Rent Payment,2024-09-01,9781.29,f,2026-05-07 21:29:37,2026-05-07 21:29:37,,Bank Transfer,OR-20240901-2666
2667,983,Rent Payment - Billing #983,FRNT-OCT2024-2667,Credit,Rent Payment,2024-10-01,9277.39,f,2026-05-07 21:29:37,2026-05-07 21:29:37,,Cash,OR-20241001-2667
2668,984,Rent Payment - Billing #984,FRNT-NOV2024-2668,Credit,Rent Payment,2024-11-01,9033.71,f,2026-05-07 21:29:37,2026-05-07 21:29:37,,Cash,OR-20241101-2668
2669,985,Move-Out Settlement - Billing #985,FRNT-NOV2024-2669,Credit,Rent Payment,2024-11-01,-5640.29,f,2026-05-07 21:29:37,2026-05-07 21:29:37,,Bank Transfer,OR-20241101-2669
2670,986,Rent Payment - Billing #986,FRNT-OCT2024-2670,Credit,Rent Payment,2024-10-01,14448.10,f,2026-05-07 21:29:37,2026-05-07 21:29:37,,GCash,OR-20241001-2670
2671,987,Rent Payment - Billing #987,FRNT-NOV2024-2671,Credit,Rent Payment,2024-11-01,14332.32,f,2026-05-07 21:29:37,2026-05-07 21:29:37,,Cash,OR-20241101-2671
2672,988,Rent Payment - Billing #988,FRNT-DEC2024-2672,Credit,Rent Payment,2024-12-01,14184.47,f,2026-05-07 21:29:37,2026-05-07 21:29:37,,Bank Transfer,OR-20241201-2672
2673,989,Move-Out Settlement - Billing #989,FRNT-DEC2024-2673,Credit,Rent Payment,2024-12-01,-11973.53,f,2026-05-07 21:29:37,2026-05-07 21:29:37,,Maya,OR-20241201-2673
2674,990,Rent Payment - Billing #990,FRNT-OCT2024-2674,Credit,Rent Payment,2024-10-01,12596.40,f,2026-05-07 21:29:37,2026-05-07 21:29:37,,Cash,OR-20241001-2674
2675,991,Move-Out Settlement - Billing #991,FRNT-OCT2024-2675,Credit,Rent Payment,2024-10-01,-9987.60,f,2026-05-07 21:29:37,2026-05-07 21:29:37,,GCash,OR-20241001-2675
2676,992,Rent Payment - Billing #992,FRNT-OCT2024-2676,Credit,Rent Payment,2024-10-01,14491.22,f,2026-05-07 21:29:37,2026-05-07 21:29:37,,Bank Transfer,OR-20241001-2676
2677,993,Rent Payment - Billing #993,FRNT-NOV2024-2677,Credit,Rent Payment,2024-11-01,14562.61,f,2026-05-07 21:29:37,2026-05-07 21:29:37,,Maya,OR-20241101-2677
2678,994,Rent Payment - Billing #994,FRNT-DEC2024-2678,Credit,Rent Payment,2024-12-01,14673.33,f,2026-05-07 21:29:37,2026-05-07 21:29:37,,Cash,OR-20241201-2678
2679,995,Rent Payment - Billing #995,FRNT-JAN2025-2679,Credit,Rent Payment,2025-01-01,14440.90,f,2026-05-07 21:29:37,2026-05-07 21:29:37,,Bank Transfer,OR-20250101-2679
2680,996,Rent Payment - Billing #996,FRNT-FEB2025-2680,Credit,Rent Payment,2025-02-01,15107.21,f,2026-05-07 21:29:37,2026-05-07 21:29:37,,GCash,OR-20250201-2680
2681,997,Rent Payment - Billing #997,FRNT-MAR2025-2681,Credit,Rent Payment,2025-03-01,13076.92,f,2026-05-07 21:29:37,2026-05-07 21:29:37,,Bank Transfer,OR-20250301-2681
2682,998,Move-Out Settlement - Billing #998,FRNT-MAR2025-2682,Credit,Rent Payment,2025-03-01,-11767.08,f,2026-05-07 21:29:37,2026-05-07 21:29:37,,Maya,OR-20250301-2682
2683,999,Rent Payment - Billing #999,FRNT-OCT2024-2683,Credit,Rent Payment,2024-10-01,12403.27,f,2026-05-07 21:29:37,2026-05-07 21:29:37,,GCash,OR-20241001-2683
2684,1000,Rent Payment - Billing #1000,FRNT-NOV2024-2684,Credit,Rent Payment,2024-11-01,12327.92,f,2026-05-07 21:29:37,2026-05-07 21:29:37,,Bank Transfer,OR-20241101-2684
2685,1001,Rent Payment - Billing #1001,FRNT-DEC2024-2685,Credit,Rent Payment,2024-12-01,10860.74,f,2026-05-07 21:29:39,2026-05-07 21:29:39,,Maya,OR-20241201-2685
2686,1002,Move-Out Settlement - Billing #1002,FRNT-DEC2024-2686,Credit,Rent Payment,2024-12-01,-8263.26,f,2026-05-07 21:29:39,2026-05-07 21:29:39,,GCash,OR-20241201-2686
2687,1003,Rent Payment - Billing #1003,FRNT-OCT2024-2687,Credit,Rent Payment,2024-10-01,14296.14,f,2026-05-07 21:29:39,2026-05-07 21:29:39,,GCash,OR-20241001-2687
2688,1004,Move-Out Settlement - Billing #1004,FRNT-OCT2024-2688,Credit,Rent Payment,2024-10-01,-11829.86,f,2026-05-07 21:29:39,2026-05-07 21:29:39,,Maya,OR-20241001-2688
2689,1005,Rent Payment - Billing #1005,FRNT-NOV2024-2689,Credit,Rent Payment,2024-11-01,14798.48,f,2026-05-07 21:29:39,2026-05-07 21:29:39,,Maya,OR-20241101-2689
2690,1006,Rent Payment - Billing #1006,FRNT-DEC2024-2690,Credit,Rent Payment,2024-12-01,14772.25,f,2026-05-07 21:29:39,2026-05-07 21:29:39,,Bank Transfer,OR-20241201-2690
2691,1007,Rent Payment - Billing #1007,FRNT-JAN2025-2691,Credit,Rent Payment,2025-01-01,14836.18,f,2026-05-07 21:29:39,2026-05-07 21:29:39,,Cash,OR-20250101-2691
2692,1008,Rent Payment - Billing #1008,FRNT-FEB2025-2692,Credit,Rent Payment,2025-02-01,14234.95,f,2026-05-07 21:29:39,2026-05-07 21:29:39,,Cash,OR-20250201-2692
2693,1009,Rent Payment - Billing #1009,FRNT-MAR2025-2693,Credit,Rent Payment,2025-03-01,14611.07,f,2026-05-07 21:29:39,2026-05-07 21:29:39,,GCash,OR-20250301-2693
2694,1010,Rent Payment - Billing #1010,FRNT-APR2025-2694,Credit,Rent Payment,2025-04-01,14478.03,f,2026-05-07 21:29:39,2026-05-07 21:29:39,,GCash,OR-20250401-2694
2695,1011,Rent Payment - Billing #1011,FRNT-MAY2025-2695,Credit,Rent Payment,2025-05-01,14867.46,f,2026-05-07 21:29:39,2026-05-07 21:29:39,,GCash,OR-20250501-2695
2696,1012,Rent Payment - Billing #1012,FRNT-JUN2025-2696,Credit,Rent Payment,2025-06-01,13608.79,f,2026-05-07 21:29:39,2026-05-07 21:29:39,,Maya,OR-20250601-2696
2697,1013,Rent Payment - Billing #1013,FRNT-JUL2025-2697,Credit,Rent Payment,2025-07-01,13934.22,f,2026-05-07 21:29:39,2026-05-07 21:29:39,,GCash,OR-20250701-2697
2698,1014,Rent Payment - Billing #1014,FRNT-AUG2025-2698,Credit,Rent Payment,2025-08-01,14574.33,f,2026-05-07 21:29:39,2026-05-07 21:29:39,,Maya,OR-20250801-2698
2699,1015,Rent Payment - Billing #1015,FRNT-SEP2025-2699,Credit,Rent Payment,2025-09-01,13820.06,f,2026-05-07 21:29:39,2026-05-07 21:29:39,,Cash,OR-20250901-2699
2700,1016,Rent Payment - Billing #1016,FRNT-OCT2025-2700,Credit,Rent Payment,2025-10-01,13117.23,f,2026-05-07 21:29:39,2026-05-07 21:29:39,,GCash,OR-20251001-2700
2701,1017,Move-Out Settlement - Billing #1017,FRNT-OCT2025-2701,Credit,Rent Payment,2025-10-01,-11184.77,f,2026-05-07 21:29:39,2026-05-07 21:29:39,,Maya,OR-20251001-2701
2702,1018,Rent Payment - Billing #1018,FRNT-NOV2024-2702,Credit,Rent Payment,2024-11-01,10190.68,f,2026-05-07 21:29:39,2026-05-07 21:29:39,,Cash,OR-20241101-2702
2703,1019,Move-Out Settlement - Billing #1019,FRNT-NOV2024-2703,Credit,Rent Payment,2024-11-01,-8981.32,f,2026-05-07 21:29:39,2026-05-07 21:29:39,,GCash,OR-20241101-2703
2704,1020,Rent Payment - Billing #1020,FRNT-NOV2024-2704,Credit,Rent Payment,2024-11-01,10190.68,f,2026-05-07 21:29:39,2026-05-07 21:29:39,,Maya,OR-20241101-2704
2705,1021,Rent Payment - Billing #1021,FRNT-DEC2024-2705,Credit,Rent Payment,2024-12-01,10558.89,f,2026-05-07 21:29:39,2026-05-07 21:29:39,,GCash,OR-20241201-2705
2706,1022,Rent Payment - Billing #1022,FRNT-JAN2025-2706,Credit,Rent Payment,2025-01-01,10313.28,f,2026-05-07 21:29:39,2026-05-07 21:29:39,,Maya,OR-20250101-2706
2707,1023,Move-Out Settlement - Billing #1023,FRNT-JAN2025-2707,Credit,Rent Payment,2025-01-01,-8858.72,f,2026-05-07 21:29:39,2026-05-07 21:29:39,,Bank Transfer,OR-20250101-2707
2708,1024,Rent Payment - Billing #1024,FRNT-NOV2024-2708,Credit,Rent Payment,2024-11-01,12407.18,f,2026-05-07 21:29:39,2026-05-07 21:29:39,,Cash,OR-20241101-2708
2709,1025,Move-Out Settlement - Billing #1025,FRNT-NOV2024-2709,Credit,Rent Payment,2024-11-01,-10222.82,f,2026-05-07 21:29:39,2026-05-07 21:29:39,,GCash,OR-20241101-2709
2710,1026,Rent Payment - Billing #1026,FRNT-NOV2024-2710,Credit,Rent Payment,2024-11-01,14706.76,f,2026-05-07 21:29:39,2026-05-07 21:29:39,,GCash,OR-20241101-2710
2711,1027,Rent Payment - Billing #1027,FRNT-DEC2024-2711,Credit,Rent Payment,2024-12-01,14413.62,f,2026-05-07 21:29:39,2026-05-07 21:29:39,,Bank Transfer,OR-20241201-2711
2712,1028,Rent Payment - Billing #1028,FRNT-JAN2025-2712,Credit,Rent Payment,2025-01-01,14811.52,f,2026-05-07 21:29:39,2026-05-07 21:29:39,,Bank Transfer,OR-20250101-2712
2713,1029,Rent Payment - Billing #1029,FRNT-FEB2025-2713,Credit,Rent Payment,2025-02-01,13622.35,f,2026-05-07 21:29:39,2026-05-07 21:29:39,,Bank Transfer,OR-20250201-2713
2714,1030,Rent Payment - Billing #1030,FRNT-MAR2025-2714,Credit,Rent Payment,2025-03-01,13879.44,f,2026-05-07 21:29:39,2026-05-07 21:29:39,,Bank Transfer,OR-20250301-2714
2715,1031,Rent Payment - Billing #1031,FRNT-APR2025-2715,Credit,Rent Payment,2025-04-01,13864.33,f,2026-05-07 21:29:39,2026-05-07 21:29:39,,Bank Transfer,OR-20250401-2715
2716,1032,Rent Payment - Billing #1032,FRNT-MAY2025-2716,Credit,Rent Payment,2025-05-01,13460.20,f,2026-05-07 21:29:39,2026-05-07 21:29:39,,Cash,OR-20250501-2716
2717,1033,Rent Payment - Billing #1033,FRNT-JUN2025-2717,Credit,Rent Payment,2025-06-01,13647.93,f,2026-05-07 21:29:39,2026-05-07 21:29:39,,Cash,OR-20250601-2717
2718,1034,Rent Payment - Billing #1034,FRNT-JUL2025-2718,Credit,Rent Payment,2025-07-01,13777.12,f,2026-05-07 21:29:39,2026-05-07 21:29:39,,Cash,OR-20250701-2718
2719,1035,Rent Payment - Billing #1035,FRNT-AUG2025-2719,Credit,Rent Payment,2025-08-01,13830.05,f,2026-05-07 21:29:39,2026-05-07 21:29:39,,Bank Transfer,OR-20250801-2719
2720,1036,Rent Payment - Billing #1036,FRNT-SEP2025-2720,Credit,Rent Payment,2025-09-01,13761.46,f,2026-05-07 21:29:39,2026-05-07 21:29:39,,Cash,OR-20250901-2720
2721,1037,Rent Payment - Billing #1037,FRNT-OCT2025-2721,Credit,Rent Payment,2025-10-01,13572.83,f,2026-05-07 21:29:39,2026-05-07 21:29:39,,Cash,OR-20251001-2721
2722,1038,Move-Out Settlement - Billing #1038,FRNT-OCT2025-2722,Credit,Rent Payment,2025-10-01,-12053.17,f,2026-05-07 21:29:39,2026-05-07 21:29:39,,GCash,OR-20251001-2722
2723,1039,Rent Payment - Billing #1039,FRNT-NOV2024-2723,Credit,Rent Payment,2024-11-01,14560.28,f,2026-05-07 21:29:39,2026-05-07 21:29:39,,Maya,OR-20241101-2723
2724,1040,Rent Payment - Billing #1040,FRNT-DEC2024-2724,Credit,Rent Payment,2024-12-01,14843.43,f,2026-05-07 21:29:39,2026-05-07 21:29:39,,GCash,OR-20241201-2724
2725,1041,Rent Payment - Billing #1041,FRNT-JAN2025-2725,Credit,Rent Payment,2025-01-01,14803.96,f,2026-05-07 21:29:39,2026-05-07 21:29:39,,Bank Transfer,OR-20250101-2725
2726,1042,Rent Payment - Billing #1042,FRNT-FEB2025-2726,Credit,Rent Payment,2025-02-01,14821.35,f,2026-05-07 21:29:39,2026-05-07 21:29:39,,Maya,OR-20250201-2726
2727,1043,Rent Payment - Billing #1043,FRNT-MAR2025-2727,Credit,Rent Payment,2025-03-01,14733.87,f,2026-05-07 21:29:39,2026-05-07 21:29:39,,Bank Transfer,OR-20250301-2727
2728,1044,Rent Payment - Billing #1044,FRNT-APR2025-2728,Credit,Rent Payment,2025-04-01,14448.74,f,2026-05-07 21:29:39,2026-05-07 21:29:39,,Maya,OR-20250401-2728
2729,1045,Move-Out Settlement - Billing #1045,FRNT-APR2025-2729,Credit,Rent Payment,2025-04-01,-13037.26,f,2026-05-07 21:29:39,2026-05-07 21:29:39,,Cash,OR-20250401-2729
2730,1046,Rent Payment - Billing #1046,FRNT-NOV2024-2730,Credit,Rent Payment,2024-11-01,8407.77,f,2026-05-07 21:29:39,2026-05-07 21:29:39,,Cash,OR-20241101-2730
2731,1047,Rent Payment - Billing #1047,FRNT-DEC2024-2731,Credit,Rent Payment,2024-12-01,7945.87,f,2026-05-07 21:29:39,2026-05-07 21:29:39,,Bank Transfer,OR-20241201-2731
2732,1048,Rent Payment - Billing #1048,FRNT-JAN2025-2732,Credit,Rent Payment,2025-01-01,8120.70,f,2026-05-07 21:29:39,2026-05-07 21:29:39,,Bank Transfer,OR-20250101-2732
2733,1049,Rent Payment - Billing #1049,FRNT-FEB2025-2733,Credit,Rent Payment,2025-02-01,8516.44,f,2026-05-07 21:29:39,2026-05-07 21:29:39,,GCash,OR-20250201-2733
2734,1050,Rent Payment - Billing #1050,FRNT-MAR2025-2734,Credit,Rent Payment,2025-03-01,8107.22,f,2026-05-07 21:29:39,2026-05-07 21:29:39,,Bank Transfer,OR-20250301-2734
2735,1051,Rent Payment - Billing #1051,FRNT-APR2025-2735,Credit,Rent Payment,2025-04-01,8540.30,f,2026-05-07 21:29:39,2026-05-07 21:29:39,,Bank Transfer,OR-20250401-2735
2736,1052,Rent Payment - Billing #1052,FRNT-MAY2025-2736,Credit,Rent Payment,2025-05-01,8581.82,f,2026-05-07 21:29:39,2026-05-07 21:29:39,,Maya,OR-20250501-2736
2737,1053,Rent Payment - Billing #1053,FRNT-JUN2025-2737,Credit,Rent Payment,2025-06-01,8293.82,f,2026-05-07 21:29:39,2026-05-07 21:29:39,,GCash,OR-20250601-2737
2738,1054,Rent Payment - Billing #1054,FRNT-JUL2025-2738,Credit,Rent Payment,2025-07-01,8165.10,f,2026-05-07 21:29:39,2026-05-07 21:29:39,,Bank Transfer,OR-20250701-2738
2739,1055,Rent Payment - Billing #1055,FRNT-AUG2025-2739,Credit,Rent Payment,2025-08-01,8439.72,f,2026-05-07 21:29:39,2026-05-07 21:29:39,,Bank Transfer,OR-20250801-2739
2740,1056,Rent Payment - Billing #1056,FRNT-SEP2025-2740,Credit,Rent Payment,2025-09-01,8185.36,f,2026-05-07 21:29:39,2026-05-07 21:29:39,,Maya,OR-20250901-2740
2741,1057,Rent Payment - Billing #1057,FRNT-OCT2025-2741,Credit,Rent Payment,2025-10-01,7944.11,f,2026-05-07 21:29:39,2026-05-07 21:29:39,,Bank Transfer,OR-20251001-2741
2742,1058,Move-Out Settlement - Billing #1058,FRNT-OCT2025-2742,Credit,Rent Payment,2025-10-01,-6765.89,f,2026-05-07 21:29:39,2026-05-07 21:29:39,,Maya,OR-20251001-2742
2743,1059,Rent Payment - Billing #1059,FRNT-NOV2024-2743,Credit,Rent Payment,2024-11-01,7863.47,f,2026-05-07 21:29:39,2026-05-07 21:29:39,,GCash,OR-20241101-2743
2744,1060,Move-Out Settlement - Billing #1060,FRNT-NOV2024-2744,Credit,Rent Payment,2024-11-01,-6482.53,f,2026-05-07 21:29:39,2026-05-07 21:29:39,,Cash,OR-20241101-2744
2745,1061,Rent Payment - Billing #1061,FRNT-NOV2024-2745,Credit,Rent Payment,2024-11-01,12707.00,f,2026-05-07 21:29:39,2026-05-07 21:29:39,,Bank Transfer,OR-20241101-2745
2746,1062,Rent Payment - Billing #1062,FRNT-DEC2024-2746,Credit,Rent Payment,2024-12-01,13430.61,f,2026-05-07 21:29:39,2026-05-07 21:29:39,,Bank Transfer,OR-20241201-2746
2747,1063,Rent Payment - Billing #1063,FRNT-JAN2025-2747,Credit,Rent Payment,2025-01-01,12475.90,f,2026-05-07 21:29:39,2026-05-07 21:29:39,,Cash,OR-20250101-2747
2748,1064,Rent Payment - Billing #1064,FRNT-FEB2025-2748,Credit,Rent Payment,2025-02-01,12746.00,f,2026-05-07 21:29:39,2026-05-07 21:29:39,,Cash,OR-20250201-2748
2749,1065,Rent Payment - Billing #1065,FRNT-MAR2025-2749,Credit,Rent Payment,2025-03-01,12659.84,f,2026-05-07 21:29:39,2026-05-07 21:29:39,,GCash,OR-20250301-2749
2750,1066,Rent Payment - Billing #1066,FRNT-APR2025-2750,Credit,Rent Payment,2025-04-01,11888.27,f,2026-05-07 21:29:39,2026-05-07 21:29:39,,Maya,OR-20250401-2750
2751,1067,Move-Out Settlement - Billing #1067,FRNT-APR2025-2751,Credit,Rent Payment,2025-04-01,-10195.73,f,2026-05-07 21:29:39,2026-05-07 21:29:39,,Cash,OR-20250401-2751
2752,1068,Rent Payment - Billing #1068,FRNT-NOV2024-2752,Credit,Rent Payment,2024-11-01,10190.68,f,2026-05-07 21:29:39,2026-05-07 21:29:39,,Bank Transfer,OR-20241101-2752
2753,1069,Move-Out Settlement - Billing #1069,FRNT-NOV2024-2753,Credit,Rent Payment,2024-11-01,-8981.32,f,2026-05-07 21:29:39,2026-05-07 21:29:39,,Bank Transfer,OR-20241101-2753
2754,1070,Rent Payment - Billing #1070,FRNT-DEC2024-2754,Credit,Rent Payment,2024-12-01,7919.99,f,2026-05-07 21:29:39,2026-05-07 21:29:39,,Bank Transfer,OR-20241201-2754
2755,1071,Move-Out Settlement - Billing #1071,FRNT-DEC2024-2755,Credit,Rent Payment,2024-12-01,-6426.01,f,2026-05-07 21:29:39,2026-05-07 21:29:39,,GCash,OR-20241201-2755
2756,1072,Rent Payment - Billing #1072,FRNT-DEC2024-2756,Credit,Rent Payment,2024-12-01,10558.89,f,2026-05-07 21:29:39,2026-05-07 21:29:39,,Bank Transfer,OR-20241201-2756
2757,1073,Move-Out Settlement - Billing #1073,FRNT-DEC2024-2757,Credit,Rent Payment,2024-12-01,-8613.11,f,2026-05-07 21:29:39,2026-05-07 21:29:39,,Bank Transfer,OR-20241201-2757
2758,1074,Rent Payment - Billing #1074,FRNT-DEC2024-2758,Credit,Rent Payment,2024-12-01,14022.04,f,2026-05-07 21:29:39,2026-05-07 21:29:39,,Cash,OR-20241201-2758
2759,1075,Rent Payment - Billing #1075,FRNT-JAN2025-2759,Credit,Rent Payment,2025-01-01,13358.09,f,2026-05-07 21:29:39,2026-05-07 21:29:39,,Bank Transfer,OR-20250101-2759
2760,1076,Rent Payment - Billing #1076,FRNT-FEB2025-2760,Credit,Rent Payment,2025-02-01,13736.88,f,2026-05-07 21:29:39,2026-05-07 21:29:39,,GCash,OR-20250201-2760
2761,1077,Move-Out Settlement - Billing #1077,FRNT-FEB2025-2761,Credit,Rent Payment,2025-02-01,-11355.12,f,2026-05-07 21:29:39,2026-05-07 21:29:39,,Bank Transfer,OR-20250201-2761
2762,1078,Rent Payment - Billing #1078,FRNT-DEC2024-2762,Credit,Rent Payment,2024-12-01,10058.89,f,2026-05-07 21:29:39,2026-05-07 21:29:39,,Maya,OR-20241201-2762
2763,1079,Rent Payment - Billing #1079,FRNT-JAN2025-2763,Credit,Rent Payment,2025-01-01,9813.28,f,2026-05-07 21:29:39,2026-05-07 21:29:39,,Bank Transfer,OR-20250101-2763
2764,1080,Rent Payment - Billing #1080,FRNT-FEB2025-2764,Credit,Rent Payment,2025-02-01,10132.47,f,2026-05-07 21:29:39,2026-05-07 21:29:39,,GCash,OR-20250201-2764
2765,1081,Rent Payment - Billing #1081,FRNT-MAR2025-2765,Credit,Rent Payment,2025-03-01,9978.37,f,2026-05-07 21:29:39,2026-05-07 21:29:39,,Maya,OR-20250301-2765
2766,1082,Rent Payment - Billing #1082,FRNT-APR2025-2766,Credit,Rent Payment,2025-04-01,9918.80,f,2026-05-07 21:29:39,2026-05-07 21:29:39,,Maya,OR-20250401-2766
2767,1083,Rent Payment - Billing #1083,FRNT-MAY2025-2767,Credit,Rent Payment,2025-05-01,9941.82,f,2026-05-07 21:29:39,2026-05-07 21:29:39,,Cash,OR-20250501-2767
2768,1084,Move-Out Settlement - Billing #1084,FRNT-MAY2025-2768,Credit,Rent Payment,2025-05-01,-8730.18,f,2026-05-07 21:29:39,2026-05-07 21:29:39,,Bank Transfer,OR-20250501-2768
2769,1085,Rent Payment - Billing #1085,FRNT-DEC2024-2769,Credit,Rent Payment,2024-12-01,12911.08,f,2026-05-07 21:29:39,2026-05-07 21:29:39,,Bank Transfer,OR-20241201-2769
2770,1086,Rent Payment - Billing #1086,FRNT-JAN2025-2770,Credit,Rent Payment,2025-01-01,12208.32,f,2026-05-07 21:29:39,2026-05-07 21:29:39,,Maya,OR-20250101-2770
2771,1087,Rent Payment - Billing #1087,FRNT-FEB2025-2771,Credit,Rent Payment,2025-02-01,12415.61,f,2026-05-07 21:29:39,2026-05-07 21:29:39,,Cash,OR-20250201-2771
2772,1088,Move-Out Settlement - Billing #1088,FRNT-FEB2025-2772,Credit,Rent Payment,2025-02-01,-10214.39,f,2026-05-07 21:29:39,2026-05-07 21:29:39,,Bank Transfer,OR-20250201-2772
2773,1089,Rent Payment - Billing #1089,FRNT-DEC2024-2773,Credit,Rent Payment,2024-12-01,9855.43,f,2026-05-07 21:29:39,2026-05-07 21:29:39,,Bank Transfer,OR-20241201-2773
2774,1090,Rent Payment - Billing #1090,FRNT-JAN2025-2774,Credit,Rent Payment,2025-01-01,10099.30,f,2026-05-07 21:29:39,2026-05-07 21:29:39,,Cash,OR-20250101-2774
2775,1091,Rent Payment - Billing #1091,FRNT-FEB2025-2775,Credit,Rent Payment,2025-02-01,8794.66,f,2026-05-07 21:29:39,2026-05-07 21:29:39,,Maya,OR-20250201-2775
2776,1092,Move-Out Settlement - Billing #1092,FRNT-FEB2025-2776,Credit,Rent Payment,2025-02-01,-6187.34,f,2026-05-07 21:29:39,2026-05-07 21:29:39,,Cash,OR-20250201-2776
2777,1093,Rent Payment - Billing #1093,FRNT-DEC2024-2777,Credit,Rent Payment,2024-12-01,9792.01,f,2026-05-07 21:29:39,2026-05-07 21:29:39,,Cash,OR-20241201-2777
2778,1094,Rent Payment - Billing #1094,FRNT-JAN2025-2778,Credit,Rent Payment,2025-01-01,9218.57,f,2026-05-07 21:29:39,2026-05-07 21:29:39,,Bank Transfer,OR-20250101-2778
2779,1095,Rent Payment - Billing #1095,FRNT-FEB2025-2779,Credit,Rent Payment,2025-02-01,8975.13,f,2026-05-07 21:29:39,2026-05-07 21:29:39,,Cash,OR-20250201-2779
2780,1096,Rent Payment - Billing #1096,FRNT-MAR2025-2780,Credit,Rent Payment,2025-03-01,9609.99,f,2026-05-07 21:29:39,2026-05-07 21:29:39,,GCash,OR-20250301-2780
2781,1097,Rent Payment - Billing #1097,FRNT-APR2025-2781,Credit,Rent Payment,2025-04-01,9674.69,f,2026-05-07 21:29:39,2026-05-07 21:29:39,,Bank Transfer,OR-20250401-2781
2782,1098,Rent Payment - Billing #1098,FRNT-MAY2025-2782,Credit,Rent Payment,2025-05-01,8584.87,f,2026-05-07 21:29:39,2026-05-07 21:29:39,,Cash,OR-20250501-2782
2783,1099,Rent Payment - Billing #1099,FRNT-JUN2025-2783,Credit,Rent Payment,2025-06-01,8816.84,f,2026-05-07 21:29:39,2026-05-07 21:29:39,,Cash,OR-20250601-2783
2784,1100,Rent Payment - Billing #1100,FRNT-JUL2025-2784,Credit,Rent Payment,2025-07-01,9690.89,f,2026-05-07 21:29:39,2026-05-07 21:29:39,,Bank Transfer,OR-20250701-2784
2785,1101,Rent Payment - Billing #1101,FRNT-AUG2025-2785,Credit,Rent Payment,2025-08-01,8574.02,f,2026-05-07 21:29:39,2026-05-07 21:29:39,,Cash,OR-20250801-2785
2786,1102,Rent Payment - Billing #1102,FRNT-SEP2025-2786,Credit,Rent Payment,2025-09-01,9036.27,f,2026-05-07 21:29:39,2026-05-07 21:29:39,,Bank Transfer,OR-20250901-2786
2787,1103,Rent Payment - Billing #1103,FRNT-OCT2025-2787,Credit,Rent Payment,2025-10-01,8955.77,f,2026-05-07 21:29:39,2026-05-07 21:29:39,,Bank Transfer,OR-20251001-2787
2788,1104,Rent Payment - Billing #1104,FRNT-NOV2025-2788,Credit,Rent Payment,2025-11-01,7948.09,f,2026-05-07 21:29:39,2026-05-07 21:29:39,,Bank Transfer,OR-20251101-2788
2789,1105,Move-Out Settlement - Billing #1105,FRNT-NOV2025-2789,Credit,Rent Payment,2025-11-01,-6225.91,f,2026-05-07 21:29:39,2026-05-07 21:29:39,,Bank Transfer,OR-20251101-2789
2790,1106,Move-In Payment - Billing #1106,FRNT-NOV2024-2790,Credit,Rent Payment,2024-11-01,23630.00,f,2026-05-07 21:29:39,2026-05-07 21:29:39,,Cash,OR-20241101-2790
2791,1107,Rent Payment - Billing #1107,FRNT-DEC2024-2791,Credit,Rent Payment,2024-12-01,13878.54,f,2026-05-07 21:29:39,2026-05-07 21:29:39,,Cash,OR-20241201-2791
2792,1108,Rent Payment - Billing #1108,FRNT-JAN2025-2792,Credit,Rent Payment,2025-01-01,14129.43,f,2026-05-07 21:29:39,2026-05-07 21:29:39,,Cash,OR-20250101-2792
2793,1109,Rent Payment - Billing #1109,FRNT-FEB2025-2793,Credit,Rent Payment,2025-02-01,13849.10,f,2026-05-07 21:29:39,2026-05-07 21:29:39,,GCash,OR-20250201-2793
2794,1110,Rent Payment - Billing #1110,FRNT-MAR2025-2794,Credit,Rent Payment,2025-03-01,13271.86,f,2026-05-07 21:29:39,2026-05-07 21:29:39,,GCash,OR-20250301-2794
2795,1111,Rent Payment - Billing #1111,FRNT-APR2025-2795,Credit,Rent Payment,2025-04-01,14105.11,f,2026-05-07 21:29:39,2026-05-07 21:29:39,,Cash,OR-20250401-2795
2796,1112,Rent Payment - Billing #1112,FRNT-MAY2025-2796,Credit,Rent Payment,2025-05-01,14110.23,f,2026-05-07 21:29:39,2026-05-07 21:29:39,,Bank Transfer,OR-20250501-2796
2797,1113,Rent Payment - Billing #1113,FRNT-JUN2025-2797,Credit,Rent Payment,2025-06-01,13830.87,f,2026-05-07 21:29:39,2026-05-07 21:29:39,,Maya,OR-20250601-2797
2798,1114,Rent Payment - Billing #1114,FRNT-JUL2025-2798,Credit,Rent Payment,2025-07-01,14658.71,f,2026-05-07 21:29:39,2026-05-07 21:29:39,,GCash,OR-20250701-2798
2799,1115,Rent Payment - Billing #1115,FRNT-AUG2025-2799,Credit,Rent Payment,2025-08-01,13788.78,f,2026-05-07 21:29:39,2026-05-07 21:29:39,,GCash,OR-20250801-2799
2800,1116,Rent Payment - Billing #1116,FRNT-SEP2025-2800,Credit,Rent Payment,2025-09-01,14149.14,f,2026-05-07 21:29:39,2026-05-07 21:29:39,,GCash,OR-20250901-2800
2801,1117,Rent Payment - Billing #1117,FRNT-OCT2025-2801,Credit,Rent Payment,2025-10-01,13626.00,f,2026-05-07 21:29:39,2026-05-07 21:29:39,,GCash,OR-20251001-2801
2802,1118,Rent Payment - Billing #1118,FRNT-NOV2025-2802,Credit,Rent Payment,2025-11-01,12758.22,f,2026-05-07 21:29:39,2026-05-07 21:29:39,,GCash,OR-20251101-2802
2803,1119,Move-Out Settlement - Billing #1119,FRNT-NOV2025-2803,Credit,Rent Payment,2025-11-01,-10871.78,f,2026-05-07 21:29:39,2026-05-07 21:29:39,,Bank Transfer,OR-20251101-2803
2804,1120,Rent Payment - Billing #1120,FRNT-DEC2024-2804,Credit,Rent Payment,2024-12-01,7919.99,f,2026-05-07 21:29:39,2026-05-07 21:29:39,,GCash,OR-20241201-2804
2805,1121,Move-Out Settlement - Billing #1121,FRNT-DEC2024-2805,Credit,Rent Payment,2024-12-01,-6426.01,f,2026-05-07 21:29:39,2026-05-07 21:29:39,,GCash,OR-20241201-2805
2806,1122,Rent Payment - Billing #1122,FRNT-JAN2025-2806,Credit,Rent Payment,2025-01-01,14108.45,f,2026-05-07 21:29:39,2026-05-07 21:29:39,,Maya,OR-20250101-2806
2807,1123,Move-Out Settlement - Billing #1123,FRNT-JAN2025-2807,Credit,Rent Payment,2025-01-01,-12049.55,f,2026-05-07 21:29:39,2026-05-07 21:29:39,,GCash,OR-20250101-2807
2808,1124,Rent Payment - Billing #1124,FRNT-JAN2025-2808,Credit,Rent Payment,2025-01-01,8120.70,f,2026-05-07 21:29:39,2026-05-07 21:29:39,,Cash,OR-20250101-2808
2809,1125,Rent Payment - Billing #1125,FRNT-FEB2025-2809,Credit,Rent Payment,2025-02-01,8516.44,f,2026-05-07 21:29:39,2026-05-07 21:29:39,,GCash,OR-20250201-2809
2810,1126,Rent Payment - Billing #1126,FRNT-MAR2025-2810,Credit,Rent Payment,2025-03-01,8107.22,f,2026-05-07 21:29:39,2026-05-07 21:29:39,,Bank Transfer,OR-20250301-2810
2811,1127,Rent Payment - Billing #1127,FRNT-APR2025-2811,Credit,Rent Payment,2025-04-01,8540.30,f,2026-05-07 21:29:39,2026-05-07 21:29:39,,Maya,OR-20250401-2811
2812,1128,Rent Payment - Billing #1128,FRNT-MAY2025-2812,Credit,Rent Payment,2025-05-01,8581.82,f,2026-05-07 21:29:39,2026-05-07 21:29:39,,GCash,OR-20250501-2812
2813,1129,Rent Payment - Billing #1129,FRNT-JUN2025-2813,Credit,Rent Payment,2025-06-01,8293.82,f,2026-05-07 21:29:39,2026-05-07 21:29:39,,GCash,OR-20250601-2813
2814,1130,Rent Payment - Billing #1130,FRNT-JUL2025-2814,Credit,Rent Payment,2025-07-01,8165.10,f,2026-05-07 21:29:39,2026-05-07 21:29:39,,Bank Transfer,OR-20250701-2814
2815,1131,Rent Payment - Billing #1131,FRNT-AUG2025-2815,Credit,Rent Payment,2025-08-01,8439.72,f,2026-05-07 21:29:39,2026-05-07 21:29:39,,Maya,OR-20250801-2815
2816,1132,Rent Payment - Billing #1132,FRNT-SEP2025-2816,Credit,Rent Payment,2025-09-01,8185.36,f,2026-05-07 21:29:39,2026-05-07 21:29:39,,Bank Transfer,OR-20250901-2816
2817,1133,Rent Payment - Billing #1133,FRNT-OCT2025-2817,Credit,Rent Payment,2025-10-01,7944.11,f,2026-05-07 21:29:39,2026-05-07 21:29:39,,Maya,OR-20251001-2817
2818,1134,Rent Payment - Billing #1134,FRNT-NOV2025-2818,Credit,Rent Payment,2025-11-01,8463.02,f,2026-05-07 21:29:39,2026-05-07 21:29:39,,Bank Transfer,OR-20251101-2818
2819,1135,Rent Payment - Billing #1135,FRNT-DEC2025-2819,Credit,Rent Payment,2025-12-01,8079.30,f,2026-05-07 21:29:39,2026-05-07 21:29:39,,Bank Transfer,OR-20251201-2819
2820,1136,Move-Out Settlement - Billing #1136,FRNT-DEC2025-2820,Credit,Rent Payment,2025-12-01,-6630.70,f,2026-05-07 21:29:39,2026-05-07 21:29:39,,Maya,OR-20251201-2820
2821,1137,Move-In Payment - Billing #1137,FRNT-DEC2024-2821,Credit,Rent Payment,2024-12-01,13846.00,f,2026-05-07 21:29:39,2026-05-07 21:29:39,,Cash,OR-20241201-2821
2822,1138,Rent Payment - Billing #1138,FRNT-JAN2025-2822,Credit,Rent Payment,2025-01-01,7823.03,f,2026-05-07 21:29:39,2026-05-07 21:29:39,,Maya,OR-20250101-2822
2823,1139,Rent Payment - Billing #1139,FRNT-FEB2025-2823,Credit,Rent Payment,2025-02-01,7720.56,f,2026-05-07 21:29:39,2026-05-07 21:29:39,,Bank Transfer,OR-20250201-2823
2824,1140,Rent Payment - Billing #1140,FRNT-MAR2025-2824,Credit,Rent Payment,2025-03-01,7454.38,f,2026-05-07 21:29:39,2026-05-07 21:29:39,,GCash,OR-20250301-2824
2825,1141,Rent Payment - Billing #1141,FRNT-APR2025-2825,Credit,Rent Payment,2025-04-01,7628.27,f,2026-05-07 21:29:39,2026-05-07 21:29:39,,Bank Transfer,OR-20250401-2825
2826,1142,Rent Payment - Billing #1142,FRNT-MAY2025-2826,Credit,Rent Payment,2025-05-01,7685.13,f,2026-05-07 21:29:39,2026-05-07 21:29:39,,Maya,OR-20250501-2826
2827,1143,Rent Payment - Billing #1143,FRNT-JUN2025-2827,Credit,Rent Payment,2025-06-01,7443.74,f,2026-05-07 21:29:39,2026-05-07 21:29:39,,Maya,OR-20250601-2827
2828,1144,Move-Out Settlement - Billing #1144,FRNT-JUN2025-2828,Credit,Rent Payment,2025-06-01,-6402.26,f,2026-05-07 21:29:39,2026-05-07 21:29:39,,Maya,OR-20250601-2828
2829,1145,Rent Payment - Billing #1145,FRNT-JAN2025-2829,Credit,Rent Payment,2025-01-01,8323.03,f,2026-05-07 21:29:39,2026-05-07 21:29:39,,Cash,OR-20250101-2829
2830,1146,Rent Payment - Billing #1146,FRNT-FEB2025-2830,Credit,Rent Payment,2025-02-01,8220.56,f,2026-05-07 21:29:39,2026-05-07 21:29:39,,GCash,OR-20250201-2830
2831,1147,Rent Payment - Billing #1147,FRNT-MAR2025-2831,Credit,Rent Payment,2025-03-01,7954.38,f,2026-05-07 21:29:39,2026-05-07 21:29:39,,GCash,OR-20250301-2831
2832,1148,Move-Out Settlement - Billing #1148,FRNT-MAR2025-2832,Credit,Rent Payment,2025-03-01,-6391.62,f,2026-05-07 21:29:39,2026-05-07 21:29:39,,Cash,OR-20250301-2832
2833,1149,Rent Payment - Billing #1149,FRNT-JAN2025-2833,Credit,Rent Payment,2025-01-01,7823.03,f,2026-05-07 21:29:39,2026-05-07 21:29:39,,Cash,OR-20250101-2833
2834,1150,Rent Payment - Billing #1150,FRNT-FEB2025-2834,Credit,Rent Payment,2025-02-01,7720.56,f,2026-05-07 21:29:39,2026-05-07 21:29:39,,Bank Transfer,OR-20250201-2834
2835,1151,Rent Payment - Billing #1151,FRNT-MAR2025-2835,Credit,Rent Payment,2025-03-01,7454.38,f,2026-05-07 21:29:39,2026-05-07 21:29:39,,Bank Transfer,OR-20250301-2835
2836,1152,Rent Payment - Billing #1152,FRNT-APR2025-2836,Credit,Rent Payment,2025-04-01,7628.27,f,2026-05-07 21:29:39,2026-05-07 21:29:39,,Cash,OR-20250401-2836
2837,1153,Rent Payment - Billing #1153,FRNT-MAY2025-2837,Credit,Rent Payment,2025-05-01,7685.13,f,2026-05-07 21:29:39,2026-05-07 21:29:39,,Maya,OR-20250501-2837
2838,1154,Rent Payment - Billing #1154,FRNT-JUN2025-2838,Credit,Rent Payment,2025-06-01,7443.74,f,2026-05-07 21:29:39,2026-05-07 21:29:39,,Maya,OR-20250601-2838
2839,1155,Rent Payment - Billing #1155,FRNT-JUL2025-2839,Credit,Rent Payment,2025-07-01,7673.82,f,2026-05-07 21:29:39,2026-05-07 21:29:39,,GCash,OR-20250701-2839
2840,1156,Rent Payment - Billing #1156,FRNT-AUG2025-2840,Credit,Rent Payment,2025-08-01,7660.06,f,2026-05-07 21:29:39,2026-05-07 21:29:39,,Cash,OR-20250801-2840
2841,1157,Rent Payment - Billing #1157,FRNT-SEP2025-2841,Credit,Rent Payment,2025-09-01,7731.26,f,2026-05-07 21:29:39,2026-05-07 21:29:39,,Maya,OR-20250901-2841
2842,1158,Rent Payment - Billing #1158,FRNT-OCT2025-2842,Credit,Rent Payment,2025-10-01,7420.60,f,2026-05-07 21:29:39,2026-05-07 21:29:39,,Bank Transfer,OR-20251001-2842
2843,1159,Rent Payment - Billing #1159,FRNT-NOV2025-2843,Credit,Rent Payment,2025-11-01,7481.38,f,2026-05-07 21:29:39,2026-05-07 21:29:39,,Bank Transfer,OR-20251101-2843
2844,1160,Rent Payment - Billing #1160,FRNT-DEC2025-2844,Credit,Rent Payment,2025-12-01,7487.20,f,2026-05-07 21:29:39,2026-05-07 21:29:39,,GCash,OR-20251201-2844
2845,1161,Move-Out Settlement - Billing #1161,FRNT-DEC2025-2845,Credit,Rent Payment,2025-12-01,-6358.80,f,2026-05-07 21:29:39,2026-05-07 21:29:39,,GCash,OR-20251201-2845
2846,1162,Rent Payment - Billing #1162,FRNT-JAN2025-2846,Credit,Rent Payment,2025-01-01,9813.28,f,2026-05-07 21:29:39,2026-05-07 21:29:39,,Bank Transfer,OR-20250101-2846
2847,1163,Rent Payment - Billing #1163,FRNT-FEB2025-2847,Credit,Rent Payment,2025-02-01,10132.47,f,2026-05-07 21:29:39,2026-05-07 21:29:39,,Bank Transfer,OR-20250201-2847
2848,1164,Rent Payment - Billing #1164,FRNT-MAR2025-2848,Credit,Rent Payment,2025-03-01,9978.37,f,2026-05-07 21:29:39,2026-05-07 21:29:39,,GCash,OR-20250301-2848
2849,1165,Rent Payment - Billing #1165,FRNT-APR2025-2849,Credit,Rent Payment,2025-04-01,9918.80,f,2026-05-07 21:29:39,2026-05-07 21:29:39,,Cash,OR-20250401-2849
2850,1166,Rent Payment - Billing #1166,FRNT-MAY2025-2850,Credit,Rent Payment,2025-05-01,9941.82,f,2026-05-07 21:29:39,2026-05-07 21:29:39,,GCash,OR-20250501-2850
2851,1167,Rent Payment - Billing #1167,FRNT-JUN2025-2851,Credit,Rent Payment,2025-06-01,9881.32,f,2026-05-07 21:29:39,2026-05-07 21:29:39,,GCash,OR-20250601-2851
2852,1168,Rent Payment - Billing #1168,FRNT-JUL2025-2852,Credit,Rent Payment,2025-07-01,9980.70,f,2026-05-07 21:29:39,2026-05-07 21:29:39,,Bank Transfer,OR-20250701-2852
2853,1169,Rent Payment - Billing #1169,FRNT-AUG2025-2853,Credit,Rent Payment,2025-08-01,10208.36,f,2026-05-07 21:29:39,2026-05-07 21:29:39,,Maya,OR-20250801-2853
2854,1170,Rent Payment - Billing #1170,FRNT-SEP2025-2854,Credit,Rent Payment,2025-09-01,10208.40,f,2026-05-07 21:29:39,2026-05-07 21:29:39,,Maya,OR-20250901-2854
2855,1171,Rent Payment - Billing #1171,FRNT-OCT2025-2855,Credit,Rent Payment,2025-10-01,10012.55,f,2026-05-07 21:29:39,2026-05-07 21:29:39,,Bank Transfer,OR-20251001-2855
2856,1172,Rent Payment - Billing #1172,FRNT-NOV2025-2856,Credit,Rent Payment,2025-11-01,9937.31,f,2026-05-07 21:29:39,2026-05-07 21:29:39,,GCash,OR-20251101-2856
2857,1173,Rent Payment - Billing #1173,FRNT-DEC2025-2857,Credit,Rent Payment,2025-12-01,9955.02,f,2026-05-07 21:29:39,2026-05-07 21:29:39,,Bank Transfer,OR-20251201-2857
2858,1174,Move-Out Settlement - Billing #1174,FRNT-DEC2025-2858,Credit,Rent Payment,2025-12-01,-8716.98,f,2026-05-07 21:29:39,2026-05-07 21:29:39,,Cash,OR-20251201-2858
2859,1175,Move-In Payment - Billing #1175,FRNT-DEC2024-2859,Credit,Rent Payment,2024-12-01,26338.00,f,2026-05-07 21:29:39,2026-05-07 21:29:39,,Maya,OR-20241201-2859
2860,1176,Rent Payment - Billing #1176,FRNT-JAN2025-2860,Credit,Rent Payment,2025-01-01,16476.48,f,2026-05-07 21:29:39,2026-05-07 21:29:39,,Maya,OR-20250101-2860
2861,1177,Rent Payment - Billing #1177,FRNT-FEB2025-2861,Credit,Rent Payment,2025-02-01,16262.53,f,2026-05-07 21:29:39,2026-05-07 21:29:39,,Bank Transfer,OR-20250201-2861
2862,1178,Rent Payment - Billing #1178,FRNT-MAR2025-2862,Credit,Rent Payment,2025-03-01,14862.94,f,2026-05-07 21:29:39,2026-05-07 21:29:39,,Cash,OR-20250301-2862
2863,1179,Move-Out Settlement - Billing #1179,FRNT-MAR2025-2863,Credit,Rent Payment,2025-03-01,-11975.06,f,2026-05-07 21:29:39,2026-05-07 21:29:39,,Maya,OR-20250301-2863
2864,1180,Rent Payment - Billing #1180,FRNT-JAN2025-2864,Credit,Rent Payment,2025-01-01,11986.47,f,2026-05-07 21:29:39,2026-05-07 21:29:39,,Bank Transfer,OR-20250101-2864
2865,1181,Rent Payment - Billing #1181,FRNT-FEB2025-2865,Credit,Rent Payment,2025-02-01,12064.16,f,2026-05-07 21:29:39,2026-05-07 21:29:39,,Bank Transfer,OR-20250201-2865
2866,1182,Rent Payment - Billing #1182,FRNT-MAR2025-2866,Credit,Rent Payment,2025-03-01,10963.61,f,2026-05-07 21:29:39,2026-05-07 21:29:39,,Bank Transfer,OR-20250301-2866
2867,1183,Move-Out Settlement - Billing #1183,FRNT-MAR2025-2867,Credit,Rent Payment,2025-03-01,-8160.39,f,2026-05-07 21:29:39,2026-05-07 21:29:39,,Maya,OR-20250301-2867
2868,1184,Rent Payment - Billing #1184,FRNT-FEB2025-2868,Credit,Rent Payment,2025-02-01,9908.38,f,2026-05-07 21:29:39,2026-05-07 21:29:39,,GCash,OR-20250201-2868
2869,1185,Rent Payment - Billing #1185,FRNT-MAR2025-2869,Credit,Rent Payment,2025-03-01,9286.42,f,2026-05-07 21:29:39,2026-05-07 21:29:39,,Cash,OR-20250301-2869
2870,1186,Rent Payment - Billing #1186,FRNT-APR2025-2870,Credit,Rent Payment,2025-04-01,7938.90,f,2026-05-07 21:29:39,2026-05-07 21:29:39,,Maya,OR-20250401-2870
2871,1187,Move-Out Settlement - Billing #1187,FRNT-APR2025-2871,Credit,Rent Payment,2025-04-01,-5997.10,f,2026-05-07 21:29:39,2026-05-07 21:29:39,,Bank Transfer,OR-20250401-2871
2872,1188,Rent Payment - Billing #1188,FRNT-FEB2025-2872,Credit,Rent Payment,2025-02-01,10632.47,f,2026-05-07 21:29:39,2026-05-07 21:29:39,,Cash,OR-20250201-2872
2873,1189,Rent Payment - Billing #1189,FRNT-MAR2025-2873,Credit,Rent Payment,2025-03-01,10478.37,f,2026-05-07 21:29:39,2026-05-07 21:29:39,,GCash,OR-20250301-2873
2874,1190,Rent Payment - Billing #1190,FRNT-APR2025-2874,Credit,Rent Payment,2025-04-01,10418.80,f,2026-05-07 21:29:39,2026-05-07 21:29:39,,GCash,OR-20250401-2874
2875,1191,Move-Out Settlement - Billing #1191,FRNT-APR2025-2875,Credit,Rent Payment,2025-04-01,-8753.20,f,2026-05-07 21:29:39,2026-05-07 21:29:39,,GCash,OR-20250401-2875
2876,1192,Move-In Payment - Billing #1192,FRNT-JAN2025-2876,Credit,Rent Payment,2025-01-01,22694.00,f,2026-05-07 21:29:39,2026-05-07 21:29:39,,Cash,OR-20250101-2876
2877,1193,Rent Payment - Billing #1193,FRNT-FEB2025-2877,Credit,Rent Payment,2025-02-01,12912.83,f,2026-05-07 21:29:39,2026-05-07 21:29:39,,Cash,OR-20250201-2877
2878,1194,Move-Out Settlement - Billing #1194,FRNT-FEB2025-2878,Credit,Rent Payment,2025-02-01,-10281.17,f,2026-05-07 21:29:39,2026-05-07 21:29:39,,Cash,OR-20250201-2878
2879,1195,Rent Payment - Billing #1195,FRNT-FEB2025-2879,Credit,Rent Payment,2025-02-01,14537.84,f,2026-05-07 21:29:39,2026-05-07 21:29:39,,Cash,OR-20250201-2879
2880,1196,Rent Payment - Billing #1196,FRNT-MAR2025-2880,Credit,Rent Payment,2025-03-01,14639.72,f,2026-05-07 21:29:39,2026-05-07 21:29:39,,GCash,OR-20250301-2880
2881,1197,Rent Payment - Billing #1197,FRNT-APR2025-2881,Credit,Rent Payment,2025-04-01,13859.81,f,2026-05-07 21:29:39,2026-05-07 21:29:39,,Maya,OR-20250401-2881
2882,1198,Move-Out Settlement - Billing #1198,FRNT-APR2025-2882,Credit,Rent Payment,2025-04-01,-12298.19,f,2026-05-07 21:29:39,2026-05-07 21:29:39,,GCash,OR-20250401-2882
2883,1199,Rent Payment - Billing #1199,FRNT-FEB2025-2883,Credit,Rent Payment,2025-02-01,14317.50,f,2026-05-07 21:29:39,2026-05-07 21:29:39,,Maya,OR-20250201-2883
2884,1200,Rent Payment - Billing #1200,FRNT-MAR2025-2884,Credit,Rent Payment,2025-03-01,13778.30,f,2026-05-07 21:29:39,2026-05-07 21:29:39,,Maya,OR-20250301-2884
2885,1201,Rent Payment - Billing #1201,FRNT-APR2025-2885,Credit,Rent Payment,2025-04-01,13415.28,f,2026-05-07 21:29:39,2026-05-07 21:29:39,,Bank Transfer,OR-20250401-2885
2886,1202,Rent Payment - Billing #1202,FRNT-MAY2025-2886,Credit,Rent Payment,2025-05-01,14073.71,f,2026-05-07 21:29:39,2026-05-07 21:29:39,,Cash,OR-20250501-2886
2887,1203,Rent Payment - Billing #1203,FRNT-JUN2025-2887,Credit,Rent Payment,2025-06-01,13335.83,f,2026-05-07 21:29:39,2026-05-07 21:29:39,,Cash,OR-20250601-2887
2888,1204,Rent Payment - Billing #1204,FRNT-JUL2025-2888,Credit,Rent Payment,2025-07-01,13623.22,f,2026-05-07 21:29:39,2026-05-07 21:29:39,,GCash,OR-20250701-2888
2889,1205,Rent Payment - Billing #1205,FRNT-AUG2025-2889,Credit,Rent Payment,2025-08-01,14192.03,f,2026-05-07 21:29:39,2026-05-07 21:29:39,,GCash,OR-20250801-2889
2890,1206,Rent Payment - Billing #1206,FRNT-SEP2025-2890,Credit,Rent Payment,2025-09-01,13848.37,f,2026-05-07 21:29:39,2026-05-07 21:29:39,,Bank Transfer,OR-20250901-2890
2891,1207,Rent Payment - Billing #1207,FRNT-OCT2025-2891,Credit,Rent Payment,2025-10-01,13680.15,f,2026-05-07 21:29:39,2026-05-07 21:29:39,,Cash,OR-20251001-2891
2892,1208,Rent Payment - Billing #1208,FRNT-NOV2025-2892,Credit,Rent Payment,2025-11-01,14536.96,f,2026-05-07 21:29:39,2026-05-07 21:29:39,,GCash,OR-20251101-2892
2893,1209,Rent Payment - Billing #1209,FRNT-DEC2025-2893,Credit,Rent Payment,2025-12-01,13730.34,f,2026-05-07 21:29:39,2026-05-07 21:29:39,,Bank Transfer,OR-20251201-2893
2894,1210,Rent Payment - Billing #1210,FRNT-JAN2026-2894,Credit,Rent Payment,2026-01-01,12965.54,f,2026-05-07 21:29:39,2026-05-07 21:29:39,,Cash,OR-20260101-2894
2895,1211,Move-Out Settlement - Billing #1211,FRNT-JAN2026-2895,Credit,Rent Payment,2026-01-01,-11042.46,f,2026-05-07 21:29:39,2026-05-07 21:29:39,,GCash,OR-20260101-2895
2896,1212,Rent Payment - Billing #1212,FRNT-FEB2025-2896,Credit,Rent Payment,2025-02-01,13736.88,f,2026-05-07 21:29:39,2026-05-07 21:29:39,,GCash,OR-20250201-2896
2897,1213,Rent Payment - Billing #1213,FRNT-MAR2025-2897,Credit,Rent Payment,2025-03-01,13425.67,f,2026-05-07 21:29:39,2026-05-07 21:29:39,,GCash,OR-20250301-2897
2898,1214,Rent Payment - Billing #1214,FRNT-APR2025-2898,Credit,Rent Payment,2025-04-01,13243.43,f,2026-05-07 21:29:39,2026-05-07 21:29:39,,Cash,OR-20250401-2898
2899,1215,Move-Out Settlement - Billing #1215,FRNT-APR2025-2899,Credit,Rent Payment,2025-04-01,-11848.57,f,2026-05-07 21:29:39,2026-05-07 21:29:39,,Maya,OR-20250401-2899
2900,1216,Rent Payment - Billing #1216,FRNT-MAR2025-2900,Credit,Rent Payment,2025-03-01,13425.67,f,2026-05-07 21:29:39,2026-05-07 21:29:39,,Bank Transfer,OR-20250301-2900
2901,1217,Rent Payment - Billing #1217,FRNT-APR2025-2901,Credit,Rent Payment,2025-04-01,13243.43,f,2026-05-07 21:29:39,2026-05-07 21:29:39,,Cash,OR-20250401-2901
2902,1218,Rent Payment - Billing #1218,FRNT-MAY2025-2902,Credit,Rent Payment,2025-05-01,13173.67,f,2026-05-07 21:29:39,2026-05-07 21:29:39,,Cash,OR-20250501-2902
2903,1219,Move-Out Settlement - Billing #1219,FRNT-MAY2025-2903,Credit,Rent Payment,2025-05-01,-11918.33,f,2026-05-07 21:29:39,2026-05-07 21:29:39,,GCash,OR-20250501-2903
2904,1220,Rent Payment - Billing #1220,FRNT-MAR2025-2904,Credit,Rent Payment,2025-03-01,12148.97,f,2026-05-07 21:29:39,2026-05-07 21:29:39,,GCash,OR-20250301-2904
2905,1221,Rent Payment - Billing #1221,FRNT-APR2025-2905,Credit,Rent Payment,2025-04-01,11916.36,f,2026-05-07 21:29:39,2026-05-07 21:29:39,,Maya,OR-20250401-2905
2906,1222,Rent Payment - Billing #1222,FRNT-MAY2025-2906,Credit,Rent Payment,2025-05-01,11658.46,f,2026-05-07 21:29:39,2026-05-07 21:29:39,,Maya,OR-20250501-2906
2907,1223,Rent Payment - Billing #1223,FRNT-JUN2025-2907,Credit,Rent Payment,2025-06-01,11732.05,f,2026-05-07 21:29:39,2026-05-07 21:29:39,,Maya,OR-20250601-2907
2908,1224,Rent Payment - Billing #1224,FRNT-JUL2025-2908,Credit,Rent Payment,2025-07-01,11528.72,f,2026-05-07 21:29:39,2026-05-07 21:29:39,,GCash,OR-20250701-2908
2909,1225,Rent Payment - Billing #1225,FRNT-AUG2025-2909,Credit,Rent Payment,2025-08-01,11367.43,f,2026-05-07 21:29:39,2026-05-07 21:29:39,,Cash,OR-20250801-2909
2910,1226,Move-Out Settlement - Billing #1226,FRNT-AUG2025-2910,Credit,Rent Payment,2025-08-01,-10762.57,f,2026-05-07 21:29:39,2026-05-07 21:29:39,,GCash,OR-20250801-2910
2911,1227,Rent Payment - Billing #1227,FRNT-MAR2025-2911,Credit,Rent Payment,2025-03-01,12948.02,f,2026-05-07 21:29:39,2026-05-07 21:29:39,,Bank Transfer,OR-20250301-2911
2912,1228,Rent Payment - Billing #1228,FRNT-APR2025-2912,Credit,Rent Payment,2025-04-01,12025.75,f,2026-05-07 21:29:39,2026-05-07 21:29:39,,Cash,OR-20250401-2912
2913,1229,Rent Payment - Billing #1229,FRNT-MAY2025-2913,Credit,Rent Payment,2025-05-01,11728.02,f,2026-05-07 21:29:39,2026-05-07 21:29:39,,Maya,OR-20250501-2913
2914,1230,Move-Out Settlement - Billing #1230,FRNT-MAY2025-2914,Credit,Rent Payment,2025-05-01,-9121.98,f,2026-05-07 21:29:39,2026-05-07 21:29:39,,Cash,OR-20250501-2914
2915,1231,Rent Payment - Billing #1231,FRNT-MAR2025-2915,Credit,Rent Payment,2025-03-01,14267.80,f,2026-05-07 21:29:39,2026-05-07 21:29:39,,Maya,OR-20250301-2915
2916,1232,Rent Payment - Billing #1232,FRNT-APR2025-2916,Credit,Rent Payment,2025-04-01,14050.34,f,2026-05-07 21:29:39,2026-05-07 21:29:39,,Maya,OR-20250401-2916
2917,1233,Rent Payment - Billing #1233,FRNT-MAY2025-2917,Credit,Rent Payment,2025-05-01,12776.12,f,2026-05-07 21:29:39,2026-05-07 21:29:39,,GCash,OR-20250501-2917
2918,1234,Move-Out Settlement - Billing #1234,FRNT-MAY2025-2918,Credit,Rent Payment,2025-05-01,-10417.88,f,2026-05-07 21:29:39,2026-05-07 21:29:39,,Cash,OR-20250501-2918
2919,1235,Move-In Payment - Billing #1235,FRNT-FEB2025-2919,Credit,Rent Payment,2025-02-01,25626.00,f,2026-05-07 21:29:39,2026-05-07 21:29:39,,Bank Transfer,OR-20250201-2919
2920,1236,Rent Payment - Billing #1236,FRNT-MAR2025-2920,Credit,Rent Payment,2025-03-01,14379.44,f,2026-05-07 21:29:39,2026-05-07 21:29:39,,GCash,OR-20250301-2920
2921,1237,Rent Payment - Billing #1237,FRNT-APR2025-2921,Credit,Rent Payment,2025-04-01,14364.33,f,2026-05-07 21:29:39,2026-05-07 21:29:39,,Cash,OR-20250401-2921
2922,1238,Rent Payment - Billing #1238,FRNT-MAY2025-2922,Credit,Rent Payment,2025-05-01,13960.20,f,2026-05-07 21:29:39,2026-05-07 21:29:39,,Bank Transfer,OR-20250501-2922
2923,1239,Move-Out Settlement - Billing #1239,FRNT-MAY2025-2923,Credit,Rent Payment,2025-05-01,-12165.80,f,2026-05-07 21:29:39,2026-05-07 21:29:40,,Bank Transfer,OR-20250501-2923
2924,1240,Rent Payment - Billing #1240,FRNT-MAR2025-2924,Credit,Rent Payment,2025-03-01,9270.15,f,2026-05-07 21:29:40,2026-05-07 21:29:40,,Bank Transfer,OR-20250301-2924
2925,1241,Rent Payment - Billing #1241,FRNT-APR2025-2925,Credit,Rent Payment,2025-04-01,8657.09,f,2026-05-07 21:29:40,2026-05-07 21:29:40,,Cash,OR-20250401-2925
2926,1242,Rent Payment - Billing #1242,FRNT-MAY2025-2926,Credit,Rent Payment,2025-05-01,8959.13,f,2026-05-07 21:29:40,2026-05-07 21:29:40,,Cash,OR-20250501-2926
2927,1243,Rent Payment - Billing #1243,FRNT-JUN2025-2927,Credit,Rent Payment,2025-06-01,9478.87,f,2026-05-07 21:29:40,2026-05-07 21:29:40,,Maya,OR-20250601-2927
2928,1244,Rent Payment - Billing #1244,FRNT-JUL2025-2928,Credit,Rent Payment,2025-07-01,9154.27,f,2026-05-07 21:29:40,2026-05-07 21:29:40,,GCash,OR-20250701-2928
2929,1245,Rent Payment - Billing #1245,FRNT-AUG2025-2929,Credit,Rent Payment,2025-08-01,8297.50,f,2026-05-07 21:29:40,2026-05-07 21:29:40,,Maya,OR-20250801-2929
2930,1246,Move-Out Settlement - Billing #1246,FRNT-AUG2025-2930,Credit,Rent Payment,2025-08-01,-6184.50,f,2026-05-07 21:29:40,2026-05-07 21:29:40,,GCash,OR-20250801-2930
2931,1247,Rent Payment - Billing #1247,FRNT-APR2025-2931,Credit,Rent Payment,2025-04-01,15399.60,f,2026-05-07 21:29:40,2026-05-07 21:29:40,,GCash,OR-20250401-2931
2932,1248,Rent Payment - Billing #1248,FRNT-MAY2025-2932,Credit,Rent Payment,2025-05-01,15118.86,f,2026-05-07 21:29:40,2026-05-07 21:29:40,,Bank Transfer,OR-20250501-2932
2933,1249,Rent Payment - Billing #1249,FRNT-JUN2025-2933,Credit,Rent Payment,2025-06-01,14864.36,f,2026-05-07 21:29:40,2026-05-07 21:29:40,,Cash,OR-20250601-2933
2934,1250,Rent Payment - Billing #1250,FRNT-JUL2025-2934,Credit,Rent Payment,2025-07-01,15478.53,f,2026-05-07 21:29:40,2026-05-07 21:29:40,,Cash,OR-20250701-2934
2935,1251,Rent Payment - Billing #1251,FRNT-AUG2025-2935,Credit,Rent Payment,2025-08-01,15354.62,f,2026-05-07 21:29:40,2026-05-07 21:29:40,,Bank Transfer,OR-20250801-2935
2936,1252,Rent Payment - Billing #1252,FRNT-SEP2025-2936,Credit,Rent Payment,2025-09-01,14023.61,f,2026-05-07 21:29:40,2026-05-07 21:29:40,,Bank Transfer,OR-20250901-2936
2937,1253,Move-Out Settlement - Billing #1253,FRNT-SEP2025-2937,Credit,Rent Payment,2025-09-01,-12314.39,f,2026-05-07 21:29:40,2026-05-07 21:29:40,,Bank Transfer,OR-20250901-2937
2938,1254,Rent Payment - Billing #1254,FRNT-APR2025-2938,Credit,Rent Payment,2025-04-01,14289.39,f,2026-05-07 21:29:40,2026-05-07 21:29:40,,GCash,OR-20250401-2938
2939,1255,Move-Out Settlement - Billing #1255,FRNT-APR2025-2939,Credit,Rent Payment,2025-04-01,-11054.61,f,2026-05-07 21:29:40,2026-05-07 21:29:40,,Cash,OR-20250401-2939
2940,1256,Move-In Payment - Billing #1256,FRNT-MAR2025-2940,Credit,Rent Payment,2025-03-01,24592.00,f,2026-05-07 21:29:40,2026-05-07 21:29:40,,Cash,OR-20250301-2940
2941,1257,Rent Payment - Billing #1257,FRNT-APR2025-2941,Credit,Rent Payment,2025-04-01,12743.43,f,2026-05-07 21:29:40,2026-05-07 21:29:40,,Bank Transfer,OR-20250401-2941
2942,1258,Rent Payment - Billing #1258,FRNT-MAY2025-2942,Credit,Rent Payment,2025-05-01,12673.67,f,2026-05-07 21:29:40,2026-05-07 21:29:40,,Cash,OR-20250501-2942
2943,1259,Rent Payment - Billing #1259,FRNT-JUN2025-2943,Credit,Rent Payment,2025-06-01,13058.56,f,2026-05-07 21:29:40,2026-05-07 21:29:40,,Cash,OR-20250601-2943
2944,1260,Rent Payment - Billing #1260,FRNT-JUL2025-2944,Credit,Rent Payment,2025-07-01,12707.05,f,2026-05-07 21:29:40,2026-05-07 21:29:40,,GCash,OR-20250701-2944
2945,1261,Rent Payment - Billing #1261,FRNT-AUG2025-2945,Credit,Rent Payment,2025-08-01,12972.08,f,2026-05-07 21:29:40,2026-05-07 21:29:40,,GCash,OR-20250801-2945
2946,1262,Rent Payment - Billing #1262,FRNT-SEP2025-2946,Credit,Rent Payment,2025-09-01,12633.83,f,2026-05-07 21:29:40,2026-05-07 21:29:40,,Cash,OR-20250901-2946
2947,1263,Move-Out Settlement - Billing #1263,FRNT-SEP2025-2947,Credit,Rent Payment,2025-09-01,-11958.17,f,2026-05-07 21:29:40,2026-05-07 21:29:40,,Maya,OR-20250901-2947
2948,1264,Rent Payment - Billing #1264,FRNT-APR2025-2948,Credit,Rent Payment,2025-04-01,7628.27,f,2026-05-07 21:29:40,2026-05-07 21:29:40,,GCash,OR-20250401-2948
2949,1265,Rent Payment - Billing #1265,FRNT-MAY2025-2949,Credit,Rent Payment,2025-05-01,7685.13,f,2026-05-07 21:29:40,2026-05-07 21:29:40,,Cash,OR-20250501-2949
2950,1266,Rent Payment - Billing #1266,FRNT-JUN2025-2950,Credit,Rent Payment,2025-06-01,7443.74,f,2026-05-07 21:29:40,2026-05-07 21:29:40,,Maya,OR-20250601-2950
2951,1267,Rent Payment - Billing #1267,FRNT-JUL2025-2951,Credit,Rent Payment,2025-07-01,7673.82,f,2026-05-07 21:29:40,2026-05-07 21:29:40,,GCash,OR-20250701-2951
2952,1268,Rent Payment - Billing #1268,FRNT-AUG2025-2952,Credit,Rent Payment,2025-08-01,7660.06,f,2026-05-07 21:29:40,2026-05-07 21:29:40,,GCash,OR-20250801-2952
2953,1269,Rent Payment - Billing #1269,FRNT-SEP2025-2953,Credit,Rent Payment,2025-09-01,7731.26,f,2026-05-07 21:29:40,2026-05-07 21:29:40,,Maya,OR-20250901-2953
2954,1270,Rent Payment - Billing #1270,FRNT-OCT2025-2954,Credit,Rent Payment,2025-10-01,7420.60,f,2026-05-07 21:29:40,2026-05-07 21:29:40,,GCash,OR-20251001-2954
2955,1271,Rent Payment - Billing #1271,FRNT-NOV2025-2955,Credit,Rent Payment,2025-11-01,7481.38,f,2026-05-07 21:29:40,2026-05-07 21:29:40,,Cash,OR-20251101-2955
2956,1272,Rent Payment - Billing #1272,FRNT-DEC2025-2956,Credit,Rent Payment,2025-12-01,7487.20,f,2026-05-07 21:29:40,2026-05-07 21:29:40,,Bank Transfer,OR-20251201-2956
2957,1273,Rent Payment - Billing #1273,FRNT-JAN2026-2957,Credit,Rent Payment,2026-01-01,7732.60,f,2026-05-07 21:29:40,2026-05-07 21:29:40,,Cash,OR-20260101-2957
2958,1274,Rent Payment - Billing #1274,FRNT-FEB2026-2958,Credit,Rent Payment,2026-02-01,7759.10,f,2026-05-07 21:29:40,2026-05-07 21:29:40,,Bank Transfer,OR-20260201-2958
2959,1275,Rent Payment - Billing #1275,FRNT-MAR2026-2959,Credit,Rent Payment,2026-03-01,7229.72,f,2026-05-07 21:29:40,2026-05-07 21:29:40,,Bank Transfer,OR-20260301-2959
2960,1276,Move-Out Settlement - Billing #1276,FRNT-MAR2026-2960,Credit,Rent Payment,2026-03-01,-6616.28,f,2026-05-07 21:29:40,2026-05-07 21:29:40,,Maya,OR-20260301-2960
2961,1277,Rent Payment - Billing #1277,FRNT-APR2025-2961,Credit,Rent Payment,2025-04-01,11407.18,f,2026-05-07 21:29:40,2026-05-07 21:29:40,,GCash,OR-20250401-2961
2962,1278,Rent Payment - Billing #1278,FRNT-MAY2025-2962,Credit,Rent Payment,2025-05-01,11302.64,f,2026-05-07 21:29:40,2026-05-07 21:29:40,,GCash,OR-20250501-2962
2963,1279,Rent Payment - Billing #1279,FRNT-JUN2025-2963,Credit,Rent Payment,2025-06-01,10654.26,f,2026-05-07 21:29:40,2026-05-07 21:29:40,,Bank Transfer,OR-20250601-2963
2964,1280,Rent Payment - Billing #1280,FRNT-JUL2025-2964,Credit,Rent Payment,2025-07-01,11128.35,f,2026-05-07 21:29:40,2026-05-07 21:29:40,,Maya,OR-20250701-2964
2965,1281,Rent Payment - Billing #1281,FRNT-AUG2025-2965,Credit,Rent Payment,2025-08-01,11169.91,f,2026-05-07 21:29:40,2026-05-07 21:29:40,,Maya,OR-20250801-2965
2966,1282,Rent Payment - Billing #1282,FRNT-SEP2025-2966,Credit,Rent Payment,2025-09-01,10169.46,f,2026-05-07 21:29:40,2026-05-07 21:29:40,,Cash,OR-20250901-2966
2967,1283,Move-Out Settlement - Billing #1283,FRNT-SEP2025-2967,Credit,Rent Payment,2025-09-01,-8454.54,f,2026-05-07 21:29:40,2026-05-07 21:29:40,,Bank Transfer,OR-20250901-2967
2968,1284,Rent Payment - Billing #1284,FRNT-MAY2025-2968,Credit,Rent Payment,2025-05-01,8437.87,f,2026-05-07 21:29:40,2026-05-07 21:29:40,,Maya,OR-20250501-2968
2969,1285,Rent Payment - Billing #1285,FRNT-JUN2025-2969,Credit,Rent Payment,2025-06-01,8725.06,f,2026-05-07 21:29:40,2026-05-07 21:29:40,,Bank Transfer,OR-20250601-2969
2970,1286,Rent Payment - Billing #1286,FRNT-JUL2025-2970,Credit,Rent Payment,2025-07-01,8885.07,f,2026-05-07 21:29:40,2026-05-07 21:29:40,,Maya,OR-20250701-2970
2971,1287,Rent Payment - Billing #1287,FRNT-AUG2025-2971,Credit,Rent Payment,2025-08-01,9400.05,f,2026-05-07 21:29:40,2026-05-07 21:29:40,,GCash,OR-20250801-2971
2972,1288,Rent Payment - Billing #1288,FRNT-SEP2025-2972,Credit,Rent Payment,2025-09-01,8509.98,f,2026-05-07 21:29:40,2026-05-07 21:29:40,,Maya,OR-20250901-2972
2973,1289,Rent Payment - Billing #1289,FRNT-OCT2025-2973,Credit,Rent Payment,2025-10-01,7551.08,f,2026-05-07 21:29:40,2026-05-07 21:29:40,,Bank Transfer,OR-20251001-2973
2974,1290,Move-Out Settlement - Billing #1290,FRNT-OCT2025-2974,Credit,Rent Payment,2025-10-01,-5884.92,f,2026-05-07 21:29:40,2026-05-07 21:29:40,,Bank Transfer,OR-20251001-2974
2975,1291,Rent Payment - Billing #1291,FRNT-MAY2025-2975,Credit,Rent Payment,2025-05-01,14207.64,f,2026-05-07 21:29:40,2026-05-07 21:29:40,,Cash,OR-20250501-2975
2976,1292,Rent Payment - Billing #1292,FRNT-JUN2025-2976,Credit,Rent Payment,2025-06-01,14097.44,f,2026-05-07 21:29:40,2026-05-07 21:29:40,,Cash,OR-20250601-2976
2977,1293,Rent Payment - Billing #1293,FRNT-JUL2025-2977,Credit,Rent Payment,2025-07-01,14108.86,f,2026-05-07 21:29:40,2026-05-07 21:29:40,,Bank Transfer,OR-20250701-2977
2978,1294,Move-Out Settlement - Billing #1294,FRNT-JUL2025-2978,Credit,Rent Payment,2025-07-01,-12049.14,f,2026-05-07 21:29:40,2026-05-07 21:29:40,,Bank Transfer,OR-20250701-2978
2979,1295,Rent Payment - Billing #1295,FRNT-MAY2025-2979,Credit,Rent Payment,2025-05-01,13173.67,f,2026-05-07 21:29:40,2026-05-07 21:29:40,,Maya,OR-20250501-2979
2980,1296,Rent Payment - Billing #1296,FRNT-JUN2025-2980,Credit,Rent Payment,2025-06-01,13558.56,f,2026-05-07 21:29:40,2026-05-07 21:29:40,,Bank Transfer,OR-20250601-2980
2981,1297,Rent Payment - Billing #1297,FRNT-JUL2025-2981,Credit,Rent Payment,2025-07-01,13207.05,f,2026-05-07 21:29:40,2026-05-07 21:29:40,,Cash,OR-20250701-2981
2982,1298,Move-Out Settlement - Billing #1298,FRNT-JUL2025-2982,Credit,Rent Payment,2025-07-01,-11884.95,f,2026-05-07 21:29:40,2026-05-07 21:29:40,,GCash,OR-20250701-2982
2983,1299,Rent Payment - Billing #1299,FRNT-MAY2025-2983,Credit,Rent Payment,2025-05-01,13517.48,f,2026-05-07 21:29:40,2026-05-07 21:29:40,,GCash,OR-20250501-2983
2984,1300,Rent Payment - Billing #1300,FRNT-JUN2025-2984,Credit,Rent Payment,2025-06-01,13302.58,f,2026-05-07 21:29:40,2026-05-07 21:29:40,,Maya,OR-20250601-2984
2985,1301,Rent Payment - Billing #1301,FRNT-JUL2025-2985,Credit,Rent Payment,2025-07-01,12681.19,f,2026-05-07 21:29:40,2026-05-07 21:29:40,,GCash,OR-20250701-2985
2986,1302,Rent Payment - Billing #1302,FRNT-AUG2025-2986,Credit,Rent Payment,2025-08-01,13525.57,f,2026-05-07 21:29:40,2026-05-07 21:29:40,,Cash,OR-20250801-2986
2987,1303,Rent Payment - Billing #1303,FRNT-SEP2025-2987,Credit,Rent Payment,2025-09-01,13504.57,f,2026-05-07 21:29:40,2026-05-07 21:29:40,,GCash,OR-20250901-2987
2988,1304,Rent Payment - Billing #1304,FRNT-OCT2025-2988,Credit,Rent Payment,2025-10-01,12942.44,f,2026-05-07 21:29:40,2026-05-07 21:29:40,,Maya,OR-20251001-2988
2989,1305,Rent Payment - Billing #1305,FRNT-NOV2025-2989,Credit,Rent Payment,2025-11-01,13961.48,f,2026-05-07 21:29:40,2026-05-07 21:29:40,,GCash,OR-20251101-2989
2990,1306,Rent Payment - Billing #1306,FRNT-DEC2025-2990,Credit,Rent Payment,2025-12-01,12839.59,f,2026-05-07 21:29:40,2026-05-07 21:29:40,,GCash,OR-20251201-2990
2991,1307,Rent Payment - Billing #1307,FRNT-JAN2026-2991,Credit,Rent Payment,2026-01-01,13051.34,f,2026-05-07 21:29:40,2026-05-07 21:29:40,,Cash,OR-20260101-2991
2992,1308,Rent Payment - Billing #1308,FRNT-FEB2026-2992,Credit,Rent Payment,2026-02-01,12835.30,f,2026-05-07 21:29:40,2026-05-07 21:29:40,,Cash,OR-20260201-2992
2993,1309,Rent Payment - Billing #1309,FRNT-MAR2026-2993,Credit,Rent Payment,2026-03-01,13155.71,f,2026-05-07 21:29:40,2026-05-07 21:29:40,,GCash,OR-20260301-2993
2994,1310,Rent Payment - Billing #1310,FRNT-APR2026-2994,Credit,Rent Payment,2026-04-01,11801.02,f,2026-05-07 21:29:40,2026-05-07 21:29:40,,Maya,OR-20260401-2994
2995,1311,Move-Out Settlement - Billing #1311,FRNT-APR2026-2995,Credit,Rent Payment,2026-04-01,-10282.98,f,2026-05-07 21:29:40,2026-05-07 21:29:40,,GCash,OR-20260401-2995
2996,1312,Rent Payment - Billing #1312,FRNT-MAY2025-2996,Credit,Rent Payment,2025-05-01,15006.80,f,2026-05-07 21:29:40,2026-05-07 21:29:40,,Maya,OR-20250501-2996
2997,1313,Rent Payment - Billing #1313,FRNT-JUN2025-2997,Credit,Rent Payment,2025-06-01,14492.35,f,2026-05-07 21:29:40,2026-05-07 21:29:40,,GCash,OR-20250601-2997
2998,1314,Rent Payment - Billing #1314,FRNT-JUL2025-2998,Credit,Rent Payment,2025-07-01,14190.84,f,2026-05-07 21:29:40,2026-05-07 21:29:40,,Bank Transfer,OR-20250701-2998
2999,1315,Move-Out Settlement - Billing #1315,FRNT-JUL2025-2999,Credit,Rent Payment,2025-07-01,-11153.16,f,2026-05-07 21:29:40,2026-05-07 21:29:40,,Maya,OR-20250701-2999
3000,1316,Rent Payment - Billing #1316,FRNT-MAY2025-3000,Credit,Rent Payment,2025-05-01,9941.82,f,2026-05-07 21:29:40,2026-05-07 21:29:40,,GCash,OR-20250501-3000
3001,1317,Rent Payment - Billing #1317,FRNT-JUN2025-3001,Credit,Rent Payment,2025-06-01,9881.32,f,2026-05-07 21:29:40,2026-05-07 21:29:40,,Maya,OR-20250601-3001
3002,1318,Rent Payment - Billing #1318,FRNT-JUL2025-3002,Credit,Rent Payment,2025-07-01,9980.70,f,2026-05-07 21:29:40,2026-05-07 21:29:40,,GCash,OR-20250701-3002
3003,1319,Rent Payment - Billing #1319,FRNT-AUG2025-3003,Credit,Rent Payment,2025-08-01,10208.36,f,2026-05-07 21:29:40,2026-05-07 21:29:40,,GCash,OR-20250801-3003
3004,1320,Rent Payment - Billing #1320,FRNT-SEP2025-3004,Credit,Rent Payment,2025-09-01,10208.40,f,2026-05-07 21:29:40,2026-05-07 21:29:40,,Bank Transfer,OR-20250901-3004
3005,1321,Rent Payment - Billing #1321,FRNT-OCT2025-3005,Credit,Rent Payment,2025-10-01,10012.55,f,2026-05-07 21:29:40,2026-05-07 21:29:40,,Maya,OR-20251001-3005
3006,1322,Move-Out Settlement - Billing #1322,FRNT-OCT2025-3006,Credit,Rent Payment,2025-10-01,-8659.45,f,2026-05-07 21:29:40,2026-05-07 21:29:40,,Bank Transfer,OR-20251001-3006
3007,1323,Rent Payment - Billing #1323,FRNT-MAY2025-3007,Credit,Rent Payment,2025-05-01,14813.28,f,2026-05-07 21:29:40,2026-05-07 21:29:40,,Maya,OR-20250501-3007
3008,1324,Rent Payment - Billing #1324,FRNT-JUN2025-3008,Credit,Rent Payment,2025-06-01,14513.24,f,2026-05-07 21:29:40,2026-05-07 21:29:40,,GCash,OR-20250601-3008
3009,1325,Rent Payment - Billing #1325,FRNT-JUL2025-3009,Credit,Rent Payment,2025-07-01,14616.10,f,2026-05-07 21:29:40,2026-05-07 21:29:40,,Cash,OR-20250701-3009
3010,1326,Rent Payment - Billing #1326,FRNT-AUG2025-3010,Credit,Rent Payment,2025-08-01,14638.76,f,2026-05-07 21:29:40,2026-05-07 21:29:40,,GCash,OR-20250801-3010
3011,1327,Rent Payment - Billing #1327,FRNT-SEP2025-3011,Credit,Rent Payment,2025-09-01,14509.06,f,2026-05-07 21:29:40,2026-05-07 21:29:40,,Bank Transfer,OR-20250901-3011
3012,1328,Rent Payment - Billing #1328,FRNT-OCT2025-3012,Credit,Rent Payment,2025-10-01,14412.85,f,2026-05-07 21:29:40,2026-05-07 21:29:40,,Cash,OR-20251001-3012
3013,1329,Rent Payment - Billing #1329,FRNT-NOV2025-3013,Credit,Rent Payment,2025-11-01,14788.87,f,2026-05-07 21:29:40,2026-05-07 21:29:40,,Maya,OR-20251101-3013
3014,1330,Rent Payment - Billing #1330,FRNT-DEC2025-3014,Credit,Rent Payment,2025-12-01,14821.96,f,2026-05-07 21:29:40,2026-05-07 21:29:40,,Cash,OR-20251201-3014
3015,1331,Rent Payment - Billing #1331,FRNT-JAN2026-3015,Credit,Rent Payment,2026-01-01,14559.14,f,2026-05-07 21:29:40,2026-05-07 21:29:40,,Maya,OR-20260101-3015
3016,1332,Rent Payment - Billing #1332,FRNT-FEB2026-3016,Credit,Rent Payment,2026-02-01,14760.14,f,2026-05-07 21:29:40,2026-05-07 21:29:40,,Cash,OR-20260201-3016
3017,1333,Rent Payment - Billing #1333,FRNT-MAR2026-3017,Credit,Rent Payment,2026-03-01,14681.71,f,2026-05-07 21:29:40,2026-05-07 21:29:40,,GCash,OR-20260301-3017
3018,1334,Rent Payment - Billing #1334,FRNT-APR2026-3018,Credit,Rent Payment,2026-04-01,14564.31,f,2026-05-07 21:29:40,2026-05-07 21:29:40,,GCash,OR-20260401-3018
3019,1335,Move-Out Settlement - Billing #1335,FRNT-APR2026-3019,Credit,Rent Payment,2026-04-01,-12921.69,f,2026-05-07 21:29:40,2026-05-07 21:29:40,,GCash,OR-20260401-3019
3020,1336,Rent Payment - Billing #1336,FRNT-JUN2025-3020,Credit,Rent Payment,2025-06-01,12803.68,f,2026-05-07 21:29:40,2026-05-07 21:29:40,,Bank Transfer,OR-20250601-3020
3021,1337,Rent Payment - Billing #1337,FRNT-JUL2025-3021,Credit,Rent Payment,2025-07-01,11390.69,f,2026-05-07 21:29:40,2026-05-07 21:29:40,,Bank Transfer,OR-20250701-3021
3022,1338,Rent Payment - Billing #1338,FRNT-AUG2025-3022,Credit,Rent Payment,2025-08-01,12093.70,f,2026-05-07 21:29:40,2026-05-07 21:29:40,,Bank Transfer,OR-20250801-3022
3023,1339,Rent Payment - Billing #1339,FRNT-SEP2025-3023,Credit,Rent Payment,2025-09-01,12593.28,f,2026-05-07 21:29:40,2026-05-07 21:29:40,,Maya,OR-20250901-3023
3024,1340,Rent Payment - Billing #1340,FRNT-OCT2025-3024,Credit,Rent Payment,2025-10-01,12839.64,f,2026-05-07 21:29:40,2026-05-07 21:29:40,,Maya,OR-20251001-3024
3025,1341,Rent Payment - Billing #1341,FRNT-NOV2025-3025,Credit,Rent Payment,2025-11-01,12002.84,f,2026-05-07 21:29:40,2026-05-07 21:29:40,,GCash,OR-20251101-3025
3026,1342,Rent Payment - Billing #1342,FRNT-DEC2025-3026,Credit,Rent Payment,2025-12-01,11510.77,f,2026-05-07 21:29:40,2026-05-07 21:29:40,,Bank Transfer,OR-20251201-3026
3027,1343,Rent Payment - Billing #1343,FRNT-JAN2026-3027,Credit,Rent Payment,2026-01-01,12442.63,f,2026-05-07 21:29:40,2026-05-07 21:29:40,,Bank Transfer,OR-20260101-3027
3028,1344,Rent Payment - Billing #1344,FRNT-FEB2026-3028,Credit,Rent Payment,2026-02-01,12724.28,f,2026-05-07 21:29:40,2026-05-07 21:29:40,,Bank Transfer,OR-20260201-3028
3029,1345,Rent Payment - Billing #1345,FRNT-MAR2026-3029,Credit,Rent Payment,2026-03-01,12164.52,f,2026-05-07 21:29:40,2026-05-07 21:29:40,,Bank Transfer,OR-20260301-3029
3030,1346,Rent Payment - Billing #1346,FRNT-APR2026-3030,Credit,Rent Payment,2026-04-01,12342.30,f,2026-05-07 21:29:40,2026-05-07 21:29:40,,Cash,OR-20260401-3030
3031,1347,Rent Payment - Billing #1347,FRNT-MAY2026-3031,Credit,Rent Payment,2026-05-01,10987.46,f,2026-05-07 21:29:40,2026-05-07 21:29:40,,GCash,OR-20260501-3031
3032,1348,Move-Out Settlement - Billing #1348,FRNT-MAY2026-3032,Credit,Rent Payment,2026-05-01,-9362.54,f,2026-05-07 21:29:40,2026-05-07 21:29:40,,Cash,OR-20260501-3032
3033,1349,Rent Payment - Billing #1349,FRNT-JUN2025-3033,Credit,Rent Payment,2025-06-01,13058.56,f,2026-05-07 21:29:40,2026-05-07 21:29:40,,Cash,OR-20250601-3033
3034,1350,Rent Payment - Billing #1350,FRNT-JUL2025-3034,Credit,Rent Payment,2025-07-01,12707.05,f,2026-05-07 21:29:40,2026-05-07 21:29:40,,Maya,OR-20250701-3034
3035,1351,Rent Payment - Billing #1351,FRNT-AUG2025-3035,Credit,Rent Payment,2025-08-01,12972.08,f,2026-05-07 21:29:40,2026-05-07 21:29:40,,GCash,OR-20250801-3035
3036,1352,Rent Payment - Billing #1352,FRNT-SEP2025-3036,Credit,Rent Payment,2025-09-01,12633.83,f,2026-05-07 21:29:40,2026-05-07 21:29:40,,Bank Transfer,OR-20250901-3036
3037,1353,Rent Payment - Billing #1353,FRNT-OCT2025-3037,Credit,Rent Payment,2025-10-01,12897.78,f,2026-05-07 21:29:40,2026-05-07 21:29:40,,GCash,OR-20251001-3037
3038,1354,Rent Payment - Billing #1354,FRNT-NOV2025-3038,Credit,Rent Payment,2025-11-01,12638.69,f,2026-05-07 21:29:40,2026-05-07 21:29:40,,GCash,OR-20251101-3038
3039,1355,Move-Out Settlement - Billing #1355,FRNT-NOV2025-3039,Credit,Rent Payment,2025-11-01,-11953.31,f,2026-05-07 21:29:40,2026-05-07 21:29:40,,GCash,OR-20251101-3039
3040,1356,Rent Payment - Billing #1356,FRNT-JUN2025-3040,Credit,Rent Payment,2025-06-01,13647.93,f,2026-05-07 21:29:40,2026-05-07 21:29:40,,Maya,OR-20250601-3040
3041,1357,Rent Payment - Billing #1357,FRNT-JUL2025-3041,Credit,Rent Payment,2025-07-01,13777.12,f,2026-05-07 21:29:40,2026-05-07 21:29:40,,GCash,OR-20250701-3041
3042,1358,Rent Payment - Billing #1358,FRNT-AUG2025-3042,Credit,Rent Payment,2025-08-01,13830.05,f,2026-05-07 21:29:40,2026-05-07 21:29:40,,Bank Transfer,OR-20250801-3042
3043,1359,Rent Payment - Billing #1359,FRNT-SEP2025-3043,Credit,Rent Payment,2025-09-01,13761.46,f,2026-05-07 21:29:40,2026-05-07 21:29:40,,Cash,OR-20250901-3043
3044,1360,Rent Payment - Billing #1360,FRNT-OCT2025-3044,Credit,Rent Payment,2025-10-01,13572.83,f,2026-05-07 21:29:40,2026-05-07 21:29:40,,Maya,OR-20251001-3044
3045,1361,Rent Payment - Billing #1361,FRNT-NOV2025-3045,Credit,Rent Payment,2025-11-01,13818.49,f,2026-05-07 21:29:40,2026-05-07 21:29:40,,Cash,OR-20251101-3045
3046,1362,Rent Payment - Billing #1362,FRNT-DEC2025-3046,Credit,Rent Payment,2025-12-01,13575.79,f,2026-05-07 21:29:40,2026-05-07 21:29:40,,Cash,OR-20251201-3046
3047,1363,Rent Payment - Billing #1363,FRNT-JAN2026-3047,Credit,Rent Payment,2026-01-01,13788.29,f,2026-05-07 21:29:40,2026-05-07 21:29:40,,Bank Transfer,OR-20260101-3047
3048,1364,Rent Payment - Billing #1364,FRNT-FEB2026-3048,Credit,Rent Payment,2026-02-01,13753.12,f,2026-05-07 21:29:40,2026-05-07 21:29:40,,GCash,OR-20260201-3048
3049,1365,Rent Payment - Billing #1365,FRNT-MAR2026-3049,Credit,Rent Payment,2026-03-01,14003.45,f,2026-05-07 21:29:40,2026-05-07 21:29:40,,Bank Transfer,OR-20260301-3049
3050,1366,Rent Payment - Billing #1366,FRNT-APR2026-3050,Credit,Rent Payment,2026-04-01,13755.70,f,2026-05-07 21:29:40,2026-05-07 21:29:40,,Cash,OR-20260401-3050
3051,1367,Rent Payment - Billing #1367,FRNT-MAY2026-3051,Credit,Rent Payment,2026-05-01,13393.08,f,2026-05-07 21:29:40,2026-05-07 21:29:40,,Bank Transfer,OR-20260501-3051
3052,1368,Move-Out Settlement - Billing #1368,FRNT-MAY2026-3052,Credit,Rent Payment,2026-05-01,-12232.92,f,2026-05-07 21:29:40,2026-05-07 21:29:40,,Cash,OR-20260501-3052
3053,1369,Rent Payment - Billing #1369,FRNT-JUN2025-3053,Credit,Rent Payment,2025-06-01,12232.05,f,2026-05-07 21:29:40,2026-05-07 21:29:40,,Bank Transfer,OR-20250601-3053
3054,1370,Move-Out Settlement - Billing #1370,FRNT-JUN2025-3054,Credit,Rent Payment,2025-06-01,-10397.95,f,2026-05-07 21:29:40,2026-05-07 21:29:40,,GCash,OR-20250601-3054
3055,1371,Rent Payment - Billing #1371,FRNT-JUN2025-3055,Credit,Rent Payment,2025-06-01,12933.47,f,2026-05-07 21:29:40,2026-05-07 21:29:40,,Bank Transfer,OR-20250601-3055
3056,1372,Rent Payment - Billing #1372,FRNT-JUL2025-3056,Credit,Rent Payment,2025-07-01,12457.28,f,2026-05-07 21:29:40,2026-05-07 21:29:40,,Bank Transfer,OR-20250701-3056
3057,1373,Rent Payment - Billing #1373,FRNT-AUG2025-3057,Credit,Rent Payment,2025-08-01,13066.98,f,2026-05-07 21:29:40,2026-05-07 21:29:40,,Maya,OR-20250801-3057
3058,1374,Rent Payment - Billing #1374,FRNT-SEP2025-3058,Credit,Rent Payment,2025-09-01,12449.64,f,2026-05-07 21:29:40,2026-05-07 21:29:40,,Bank Transfer,OR-20250901-3058
3059,1375,Rent Payment - Billing #1375,FRNT-OCT2025-3059,Credit,Rent Payment,2025-10-01,12917.86,f,2026-05-07 21:29:40,2026-05-07 21:29:40,,Bank Transfer,OR-20251001-3059
3060,1376,Rent Payment - Billing #1376,FRNT-NOV2025-3060,Credit,Rent Payment,2025-11-01,13095.83,f,2026-05-07 21:29:40,2026-05-07 21:29:40,,Cash,OR-20251101-3060
3061,1377,Rent Payment - Billing #1377,FRNT-DEC2025-3061,Credit,Rent Payment,2025-12-01,13110.68,f,2026-05-07 21:29:40,2026-05-07 21:29:40,,Cash,OR-20251201-3061
3062,1378,Rent Payment - Billing #1378,FRNT-JAN2026-3062,Credit,Rent Payment,2026-01-01,13519.25,f,2026-05-07 21:29:40,2026-05-07 21:29:40,,Bank Transfer,OR-20260101-3062
3063,1379,Rent Payment - Billing #1379,FRNT-FEB2026-3063,Credit,Rent Payment,2026-02-01,12654.71,f,2026-05-07 21:29:40,2026-05-07 21:29:40,,GCash,OR-20260201-3063
3064,1380,Rent Payment - Billing #1380,FRNT-MAR2026-3064,Credit,Rent Payment,2026-03-01,12457.94,f,2026-05-07 21:29:40,2026-05-07 21:29:40,,Maya,OR-20260301-3064
3065,1381,Rent Payment - Billing #1381,FRNT-APR2026-3065,Credit,Rent Payment,2026-04-01,12021.15,f,2026-05-07 21:29:40,2026-05-07 21:29:40,,GCash,OR-20260401-3065
3066,1382,Rent Payment - Billing #1382,FRNT-MAY2026-3066,Credit,Rent Payment,2026-05-01,11786.37,f,2026-05-07 21:29:40,2026-05-07 21:29:40,,Bank Transfer,OR-20260501-3066
3067,1383,Move-Out Settlement - Billing #1383,FRNT-MAY2026-3067,Credit,Rent Payment,2026-05-01,-9509.63,f,2026-05-07 21:29:40,2026-05-07 21:29:40,,Cash,OR-20260501-3067
3068,1384,Rent Payment - Billing #1384,FRNT-JUN2025-3068,Credit,Rent Payment,2025-06-01,10381.32,f,2026-05-07 21:29:40,2026-05-07 21:29:40,,Cash,OR-20250601-3068
3069,1385,Move-Out Settlement - Billing #1385,FRNT-JUN2025-3069,Credit,Rent Payment,2025-06-01,-8790.68,f,2026-05-07 21:29:40,2026-05-07 21:29:40,,Bank Transfer,OR-20250601-3069
3070,1386,Rent Payment - Billing #1386,FRNT-JUN2025-3070,Credit,Rent Payment,2025-06-01,14143.13,f,2026-05-07 21:29:40,2026-05-07 21:29:40,,Cash,OR-20250601-3070
3071,1387,Rent Payment - Billing #1387,FRNT-JUL2025-3071,Credit,Rent Payment,2025-07-01,14439.70,f,2026-05-07 21:29:40,2026-05-07 21:29:40,,GCash,OR-20250701-3071
3072,1388,Rent Payment - Billing #1388,FRNT-AUG2025-3072,Credit,Rent Payment,2025-08-01,12593.68,f,2026-05-07 21:29:40,2026-05-07 21:29:40,,Maya,OR-20250801-3072
3073,1389,Move-Out Settlement - Billing #1389,FRNT-AUG2025-3073,Credit,Rent Payment,2025-08-01,-10600.32,f,2026-05-07 21:29:40,2026-05-07 21:29:40,,GCash,OR-20250801-3073
3074,1390,Rent Payment - Billing #1390,FRNT-JUL2025-3074,Credit,Rent Payment,2025-07-01,7673.82,f,2026-05-07 21:29:40,2026-05-07 21:29:40,,GCash,OR-20250701-3074
3075,1391,Rent Payment - Billing #1391,FRNT-AUG2025-3075,Credit,Rent Payment,2025-08-01,7660.06,f,2026-05-07 21:29:40,2026-05-07 21:29:40,,Maya,OR-20250801-3075
3076,1392,Rent Payment - Billing #1392,FRNT-SEP2025-3076,Credit,Rent Payment,2025-09-01,7731.26,f,2026-05-07 21:29:40,2026-05-07 21:29:40,,Cash,OR-20250901-3076
3077,1393,Rent Payment - Billing #1393,FRNT-OCT2025-3077,Credit,Rent Payment,2025-10-01,7420.60,f,2026-05-07 21:29:40,2026-05-07 21:29:40,,Bank Transfer,OR-20251001-3077
3078,1394,Rent Payment - Billing #1394,FRNT-NOV2025-3078,Credit,Rent Payment,2025-11-01,7481.38,f,2026-05-07 21:29:40,2026-05-07 21:29:40,,Bank Transfer,OR-20251101-3078
3079,1395,Rent Payment - Billing #1395,FRNT-DEC2025-3079,Credit,Rent Payment,2025-12-01,7487.20,f,2026-05-07 21:29:40,2026-05-07 21:29:40,,GCash,OR-20251201-3079
3080,1396,Move-Out Settlement - Billing #1396,FRNT-DEC2025-3080,Credit,Rent Payment,2025-12-01,-6358.80,f,2026-05-07 21:29:40,2026-05-07 21:29:40,,Maya,OR-20251201-3080
3081,1397,Rent Payment - Billing #1397,FRNT-JUL2025-3081,Credit,Rent Payment,2025-07-01,12028.72,f,2026-05-07 21:29:40,2026-05-07 21:29:40,,Bank Transfer,OR-20250701-3081
3082,1398,Move-Out Settlement - Billing #1398,FRNT-JUL2025-3082,Credit,Rent Payment,2025-07-01,-10601.28,f,2026-05-07 21:29:40,2026-05-07 21:29:40,,Cash,OR-20250701-3082
3083,1399,Rent Payment - Billing #1399,FRNT-JUL2025-3083,Credit,Rent Payment,2025-07-01,8789.32,f,2026-05-07 21:29:40,2026-05-07 21:29:40,,Cash,OR-20250701-3083
3084,1400,Rent Payment - Billing #1400,FRNT-AUG2025-3084,Credit,Rent Payment,2025-08-01,8807.84,f,2026-05-07 21:29:40,2026-05-07 21:29:40,,GCash,OR-20250801-3084
3085,1401,Rent Payment - Billing #1401,FRNT-SEP2025-3085,Credit,Rent Payment,2025-09-01,8338.73,f,2026-05-07 21:29:40,2026-05-07 21:29:40,,GCash,OR-20250901-3085
3086,1402,Rent Payment - Billing #1402,FRNT-OCT2025-3086,Credit,Rent Payment,2025-10-01,8462.14,f,2026-05-07 21:29:40,2026-05-07 21:29:40,,Bank Transfer,OR-20251001-3086
3087,1403,Rent Payment - Billing #1403,FRNT-NOV2025-3087,Credit,Rent Payment,2025-11-01,8035.96,f,2026-05-07 21:29:40,2026-05-07 21:29:40,,Cash,OR-20251101-3087
3088,1404,Rent Payment - Billing #1404,FRNT-DEC2025-3088,Credit,Rent Payment,2025-12-01,7419.96,f,2026-05-07 21:29:40,2026-05-07 21:29:40,,Maya,OR-20251201-3088
3089,1405,Move-Out Settlement - Billing #1405,FRNT-DEC2025-3089,Credit,Rent Payment,2025-12-01,-5236.04,f,2026-05-07 21:29:40,2026-05-07 21:29:40,,GCash,OR-20251201-3089
3090,1406,Rent Payment - Billing #1406,FRNT-JUL2025-3090,Credit,Rent Payment,2025-07-01,13608.86,f,2026-05-07 21:29:40,2026-05-07 21:29:40,,Maya,OR-20250701-3090
3091,1407,Rent Payment - Billing #1407,FRNT-AUG2025-3091,Credit,Rent Payment,2025-08-01,13814.97,f,2026-05-07 21:29:40,2026-05-07 21:29:40,,GCash,OR-20250801-3091
3092,1408,Rent Payment - Billing #1408,FRNT-SEP2025-3092,Credit,Rent Payment,2025-09-01,13708.69,f,2026-05-07 21:29:40,2026-05-07 21:29:40,,Bank Transfer,OR-20250901-3092
3093,1409,Rent Payment - Billing #1409,FRNT-OCT2025-3093,Credit,Rent Payment,2025-10-01,13547.43,f,2026-05-07 21:29:40,2026-05-07 21:29:40,,Cash,OR-20251001-3093
3094,1410,Rent Payment - Billing #1410,FRNT-NOV2025-3094,Credit,Rent Payment,2025-11-01,13930.81,f,2026-05-07 21:29:40,2026-05-07 21:29:40,,Cash,OR-20251101-3094
3095,1411,Rent Payment - Billing #1411,FRNT-DEC2025-3095,Credit,Rent Payment,2025-12-01,13715.92,f,2026-05-07 21:29:40,2026-05-07 21:29:40,,Cash,OR-20251201-3095
3096,1412,Move-Out Settlement - Billing #1412,FRNT-DEC2025-3096,Credit,Rent Payment,2025-12-01,-11942.08,f,2026-05-07 21:29:40,2026-05-07 21:29:40,,Cash,OR-20251201-3096
3097,1413,Rent Payment - Billing #1413,FRNT-JUL2025-3097,Credit,Rent Payment,2025-07-01,9980.70,f,2026-05-07 21:29:40,2026-05-07 21:29:40,,Bank Transfer,OR-20250701-3097
3098,1414,Rent Payment - Billing #1414,FRNT-AUG2025-3098,Credit,Rent Payment,2025-08-01,10208.36,f,2026-05-07 21:29:40,2026-05-07 21:29:40,,Maya,OR-20250801-3098
3099,1415,Rent Payment - Billing #1415,FRNT-SEP2025-3099,Credit,Rent Payment,2025-09-01,10208.40,f,2026-05-07 21:29:40,2026-05-07 21:29:40,,Cash,OR-20250901-3099
3100,1416,Rent Payment - Billing #1416,FRNT-OCT2025-3100,Credit,Rent Payment,2025-10-01,10012.55,f,2026-05-07 21:29:40,2026-05-07 21:29:40,,Bank Transfer,OR-20251001-3100
3101,1417,Rent Payment - Billing #1417,FRNT-NOV2025-3101,Credit,Rent Payment,2025-11-01,9937.31,f,2026-05-07 21:29:40,2026-05-07 21:29:40,,Bank Transfer,OR-20251101-3101
3102,1418,Rent Payment - Billing #1418,FRNT-DEC2025-3102,Credit,Rent Payment,2025-12-01,9955.02,f,2026-05-07 21:29:40,2026-05-07 21:29:40,,GCash,OR-20251201-3102
3103,1419,Rent Payment - Billing #1419,FRNT-JAN2026-3103,Credit,Rent Payment,2026-01-01,9812.92,f,2026-05-07 21:29:40,2026-05-07 21:29:40,,Maya,OR-20260101-3103
3104,1420,Rent Payment - Billing #1420,FRNT-FEB2026-3104,Credit,Rent Payment,2026-02-01,10138.48,f,2026-05-07 21:29:40,2026-05-07 21:29:40,,Maya,OR-20260201-3104
3105,1421,Rent Payment - Billing #1421,FRNT-MAR2026-3105,Credit,Rent Payment,2026-03-01,9884.82,f,2026-05-07 21:29:40,2026-05-07 21:29:40,,Maya,OR-20260301-3105
3106,1422,Rent Payment - Billing #1422,FRNT-APR2026-3106,Credit,Rent Payment,2026-04-01,9586.03,f,2026-05-07 21:29:40,2026-05-07 21:29:40,,Cash,OR-20260401-3106
3107,1423,Rent Payment - Billing #1423,FRNT-MAY2026-3107,Credit,Rent Payment,2026-05-01,9791.40,f,2026-05-07 21:29:40,2026-05-07 21:29:40,,Bank Transfer,OR-20260501-3107
3108,1424,Rent Payment - Billing #1424,FRNT-AUG2025-3108,Credit,Rent Payment,2025-08-01,11367.43,f,2026-05-07 21:29:40,2026-05-07 21:29:40,,Bank Transfer,OR-20250801-3108
3109,1425,Rent Payment - Billing #1425,FRNT-SEP2025-3109,Credit,Rent Payment,2025-09-01,11515.37,f,2026-05-07 21:29:40,2026-05-07 21:29:40,,Maya,OR-20250901-3109
3110,1426,Rent Payment - Billing #1426,FRNT-OCT2025-3110,Credit,Rent Payment,2025-10-01,11540.29,f,2026-05-07 21:29:40,2026-05-07 21:29:40,,GCash,OR-20251001-3110
3111,1427,Rent Payment - Billing #1427,FRNT-NOV2025-3111,Credit,Rent Payment,2025-11-01,11706.89,f,2026-05-07 21:29:40,2026-05-07 21:29:40,,GCash,OR-20251101-3111
3112,1428,Rent Payment - Billing #1428,FRNT-DEC2025-3112,Credit,Rent Payment,2025-12-01,11779.92,f,2026-05-07 21:29:40,2026-05-07 21:29:40,,GCash,OR-20251201-3112
3113,1429,Rent Payment - Billing #1429,FRNT-JAN2026-3113,Credit,Rent Payment,2026-01-01,11542.70,f,2026-05-07 21:29:40,2026-05-07 21:29:40,,Bank Transfer,OR-20260101-3113
3114,1430,Move-Out Settlement - Billing #1430,FRNT-JAN2026-3114,Credit,Rent Payment,2026-01-01,-10587.30,f,2026-05-07 21:29:40,2026-05-07 21:29:40,,Cash,OR-20260101-3114
3115,1431,Rent Payment - Billing #1431,FRNT-AUG2025-3115,Credit,Rent Payment,2025-08-01,15014.60,f,2026-05-07 21:29:40,2026-05-07 21:29:40,,Bank Transfer,OR-20250801-3115
3116,1432,Rent Payment - Billing #1432,FRNT-SEP2025-3116,Credit,Rent Payment,2025-09-01,15047.85,f,2026-05-07 21:29:40,2026-05-07 21:29:40,,GCash,OR-20250901-3116
3117,1433,Rent Payment - Billing #1433,FRNT-OCT2025-3117,Credit,Rent Payment,2025-10-01,14151.50,f,2026-05-07 21:29:40,2026-05-07 21:29:40,,Cash,OR-20251001-3117
3118,1434,Move-Out Settlement - Billing #1434,FRNT-OCT2025-3118,Credit,Rent Payment,2025-10-01,-11192.50,f,2026-05-07 21:29:40,2026-05-07 21:29:40,,Bank Transfer,OR-20251001-3118
3119,1435,Rent Payment - Billing #1435,FRNT-AUG2025-3119,Credit,Rent Payment,2025-08-01,7126.08,f,2026-05-07 21:29:40,2026-05-07 21:29:40,,Maya,OR-20250801-3119
3120,1436,Move-Out Settlement - Billing #1436,FRNT-AUG2025-3120,Credit,Rent Payment,2025-08-01,-4763.92,f,2026-05-07 21:29:40,2026-05-07 21:29:40,,GCash,OR-20250801-3120
3121,1437,Rent Payment - Billing #1437,FRNT-AUG2025-3121,Credit,Rent Payment,2025-08-01,12972.08,f,2026-05-07 21:29:40,2026-05-07 21:29:40,,Maya,OR-20250801-3121
3122,1438,Rent Payment - Billing #1438,FRNT-SEP2025-3122,Credit,Rent Payment,2025-09-01,12633.83,f,2026-05-07 21:29:40,2026-05-07 21:29:40,,Cash,OR-20250901-3122
3123,1439,Rent Payment - Billing #1439,FRNT-OCT2025-3123,Credit,Rent Payment,2025-10-01,12897.78,f,2026-05-07 21:29:40,2026-05-07 21:29:40,,Maya,OR-20251001-3123
3124,1440,Rent Payment - Billing #1440,FRNT-NOV2025-3124,Credit,Rent Payment,2025-11-01,12638.69,f,2026-05-07 21:29:40,2026-05-07 21:29:40,,Maya,OR-20251101-3124
3125,1441,Rent Payment - Billing #1441,FRNT-DEC2025-3125,Credit,Rent Payment,2025-12-01,12704.62,f,2026-05-07 21:29:40,2026-05-07 21:29:40,,Cash,OR-20251201-3125
3126,1442,Rent Payment - Billing #1442,FRNT-JAN2026-3126,Credit,Rent Payment,2026-01-01,12895.10,f,2026-05-07 21:29:40,2026-05-07 21:29:40,,Bank Transfer,OR-20260101-3126
3127,1443,Move-Out Settlement - Billing #1443,FRNT-JAN2026-3127,Credit,Rent Payment,2026-01-01,-11696.90,f,2026-05-07 21:29:40,2026-05-07 21:29:40,,GCash,OR-20260101-3127
3128,1444,Rent Payment - Billing #1444,FRNT-AUG2025-3128,Credit,Rent Payment,2025-08-01,13565.57,f,2026-05-07 21:29:40,2026-05-07 21:29:40,,Maya,OR-20250801-3128
3129,1445,Rent Payment - Billing #1445,FRNT-SEP2025-3129,Credit,Rent Payment,2025-09-01,12819.63,f,2026-05-07 21:29:40,2026-05-07 21:29:40,,GCash,OR-20250901-3129
3130,1446,Rent Payment - Billing #1446,FRNT-OCT2025-3130,Credit,Rent Payment,2025-10-01,12405.68,f,2026-05-07 21:29:40,2026-05-07 21:29:40,,Bank Transfer,OR-20251001-3130
3131,1447,Move-Out Settlement - Billing #1447,FRNT-OCT2025-3131,Credit,Rent Payment,2025-10-01,-9860.32,f,2026-05-07 21:29:40,2026-05-07 21:29:40,,Cash,OR-20251001-3131
3132,1448,Rent Payment - Billing #1448,FRNT-AUG2025-3132,Credit,Rent Payment,2025-08-01,13814.97,f,2026-05-07 21:29:40,2026-05-07 21:29:40,,Maya,OR-20250801-3132
3133,1449,Rent Payment - Billing #1449,FRNT-SEP2025-3133,Credit,Rent Payment,2025-09-01,13708.69,f,2026-05-07 21:29:40,2026-05-07 21:29:40,,Maya,OR-20250901-3133
3134,1450,Rent Payment - Billing #1450,FRNT-OCT2025-3134,Credit,Rent Payment,2025-10-01,13547.43,f,2026-05-07 21:29:40,2026-05-07 21:29:40,,Cash,OR-20251001-3134
3135,1451,Rent Payment - Billing #1451,FRNT-NOV2025-3135,Credit,Rent Payment,2025-11-01,13930.81,f,2026-05-07 21:29:40,2026-05-07 21:29:40,,Cash,OR-20251101-3135
3136,1452,Rent Payment - Billing #1452,FRNT-DEC2025-3136,Credit,Rent Payment,2025-12-01,13715.92,f,2026-05-07 21:29:40,2026-05-07 21:29:40,,Bank Transfer,OR-20251201-3136
3137,1453,Rent Payment - Billing #1453,FRNT-JAN2026-3137,Credit,Rent Payment,2026-01-01,13411.31,f,2026-05-07 21:29:40,2026-05-07 21:29:40,,GCash,OR-20260101-3137
3138,1454,Move-Out Settlement - Billing #1454,FRNT-JAN2026-3138,Credit,Rent Payment,2026-01-01,-12246.69,f,2026-05-07 21:29:40,2026-05-07 21:29:40,,Cash,OR-20260101-3138
3139,1455,Move-In Payment - Billing #1455,FRNT-JUL2025-3139,Credit,Rent Payment,2025-07-01,22130.00,f,2026-05-07 21:29:40,2026-05-07 21:29:40,,Bank Transfer,OR-20250701-3139
3140,1456,Rent Payment - Billing #1456,FRNT-AUG2025-3140,Credit,Rent Payment,2025-08-01,11867.43,f,2026-05-07 21:29:40,2026-05-07 21:29:40,,Maya,OR-20250801-3140
3141,1457,Rent Payment - Billing #1457,FRNT-SEP2025-3141,Credit,Rent Payment,2025-09-01,12015.37,f,2026-05-07 21:29:40,2026-05-07 21:29:40,,Maya,OR-20250901-3141
3142,1458,Rent Payment - Billing #1458,FRNT-OCT2025-3142,Credit,Rent Payment,2025-10-01,12040.29,f,2026-05-07 21:29:40,2026-05-07 21:29:40,,Bank Transfer,OR-20251001-3142
3143,1459,Move-Out Settlement - Billing #1459,FRNT-OCT2025-3143,Credit,Rent Payment,2025-10-01,-10589.71,f,2026-05-07 21:29:40,2026-05-07 21:29:40,,Maya,OR-20251001-3143
3144,1460,Rent Payment - Billing #1460,FRNT-AUG2025-3144,Credit,Rent Payment,2025-08-01,14638.76,f,2026-05-07 21:29:40,2026-05-07 21:29:40,,GCash,OR-20250801-3144
3145,1461,Rent Payment - Billing #1461,FRNT-SEP2025-3145,Credit,Rent Payment,2025-09-01,14509.06,f,2026-05-07 21:29:40,2026-05-07 21:29:40,,Bank Transfer,OR-20250901-3145
3146,1462,Rent Payment - Billing #1462,FRNT-OCT2025-3146,Credit,Rent Payment,2025-10-01,14412.85,f,2026-05-07 21:29:40,2026-05-07 21:29:40,,Bank Transfer,OR-20251001-3146
3147,1463,Rent Payment - Billing #1463,FRNT-NOV2025-3147,Credit,Rent Payment,2025-11-01,14788.87,f,2026-05-07 21:29:40,2026-05-07 21:29:40,,GCash,OR-20251101-3147
3148,1464,Rent Payment - Billing #1464,FRNT-DEC2025-3148,Credit,Rent Payment,2025-12-01,14821.96,f,2026-05-07 21:29:40,2026-05-07 21:29:40,,GCash,OR-20251201-3148
3149,1465,Rent Payment - Billing #1465,FRNT-JAN2026-3149,Credit,Rent Payment,2026-01-01,14559.14,f,2026-05-07 21:29:40,2026-05-07 21:29:40,,GCash,OR-20260101-3149
3150,1466,Rent Payment - Billing #1466,FRNT-FEB2026-3150,Credit,Rent Payment,2026-02-01,14760.14,f,2026-05-07 21:29:40,2026-05-07 21:29:40,,GCash,OR-20260201-3150
3151,1467,Rent Payment - Billing #1467,FRNT-MAR2026-3151,Credit,Rent Payment,2026-03-01,14681.71,f,2026-05-07 21:29:40,2026-05-07 21:29:40,,GCash,OR-20260301-3151
3152,1468,Rent Payment - Billing #1468,FRNT-APR2026-3152,Credit,Rent Payment,2026-04-01,14564.31,f,2026-05-07 21:29:40,2026-05-07 21:29:40,,Cash,OR-20260401-3152
3153,1469,Rent Payment - Billing #1469,FRNT-MAY2026-3153,Credit,Rent Payment,2026-05-01,14586.43,f,2026-05-07 21:29:40,2026-05-07 21:29:40,,Maya,OR-20260501-3153
3154,1470,Rent Payment - Billing #1470,FRNT-SEP2025-3154,Credit,Rent Payment,2025-09-01,13259.68,f,2026-05-07 21:29:40,2026-05-07 21:29:40,,GCash,OR-20250901-3154
3155,1471,Rent Payment - Billing #1471,FRNT-OCT2025-3155,Credit,Rent Payment,2025-10-01,12769.31,f,2026-05-07 21:29:40,2026-05-07 21:29:40,,GCash,OR-20251001-3155
3156,1472,Rent Payment - Billing #1472,FRNT-NOV2025-3156,Credit,Rent Payment,2025-11-01,13264.08,f,2026-05-07 21:29:40,2026-05-07 21:29:40,,Maya,OR-20251101-3156
3157,1473,Rent Payment - Billing #1473,FRNT-DEC2025-3157,Credit,Rent Payment,2025-12-01,13199.38,f,2026-05-07 21:29:40,2026-05-07 21:29:40,,Bank Transfer,OR-20251201-3157
3158,1474,Rent Payment - Billing #1474,FRNT-JAN2026-3158,Credit,Rent Payment,2026-01-01,13706.89,f,2026-05-07 21:29:40,2026-05-07 21:29:40,,GCash,OR-20260101-3158
3159,1475,Rent Payment - Billing #1475,FRNT-FEB2026-3159,Credit,Rent Payment,2026-02-01,13114.98,f,2026-05-07 21:29:40,2026-05-07 21:29:40,,GCash,OR-20260201-3159
3160,1476,Rent Payment - Billing #1476,FRNT-MAR2026-3160,Credit,Rent Payment,2026-03-01,12851.77,f,2026-05-07 21:29:40,2026-05-07 21:29:40,,Cash,OR-20260301-3160
3161,1477,Rent Payment - Billing #1477,FRNT-APR2026-3161,Credit,Rent Payment,2026-04-01,14155.22,f,2026-05-07 21:29:40,2026-05-07 21:29:40,,Maya,OR-20260401-3161
3162,1478,Rent Payment - Billing #1478,FRNT-MAY2026-3162,Credit,Rent Payment,2026-05-01,12763.30,f,2026-05-07 21:29:40,2026-05-07 21:29:40,,Maya,OR-20260501-3162
3163,1479,Rent Payment - Billing #1479,FRNT-SEP2025-3163,Credit,Rent Payment,2025-09-01,8941.65,f,2026-05-07 21:29:40,2026-05-07 21:29:40,,Cash,OR-20250901-3163
3164,1480,Rent Payment - Billing #1480,FRNT-OCT2025-3164,Credit,Rent Payment,2025-10-01,9677.61,f,2026-05-07 21:29:40,2026-05-07 21:29:40,,Cash,OR-20251001-3164
3165,1481,Rent Payment - Billing #1481,FRNT-NOV2025-3165,Credit,Rent Payment,2025-11-01,8567.79,f,2026-05-07 21:29:40,2026-05-07 21:29:40,,GCash,OR-20251101-3165
3166,1482,Move-Out Settlement - Billing #1482,FRNT-NOV2025-3166,Credit,Rent Payment,2025-11-01,-6414.21,f,2026-05-07 21:29:40,2026-05-07 21:29:40,,Bank Transfer,OR-20251101-3166
3167,1483,Rent Payment - Billing #1483,FRNT-SEP2025-3167,Credit,Rent Payment,2025-09-01,7723.45,f,2026-05-07 21:29:40,2026-05-07 21:29:40,,Bank Transfer,OR-20250901-3167
3168,1484,Rent Payment - Billing #1484,FRNT-OCT2025-3168,Credit,Rent Payment,2025-10-01,7505.78,f,2026-05-07 21:29:40,2026-05-07 21:29:40,,Bank Transfer,OR-20251001-3168
3169,1485,Rent Payment - Billing #1485,FRNT-NOV2025-3169,Credit,Rent Payment,2025-11-01,8009.82,f,2026-05-07 21:29:40,2026-05-07 21:29:40,,Cash,OR-20251101-3169
3170,1486,Rent Payment - Billing #1486,FRNT-DEC2025-3170,Credit,Rent Payment,2025-12-01,7571.75,f,2026-05-07 21:29:40,2026-05-07 21:29:40,,GCash,OR-20251201-3170
3171,1487,Rent Payment - Billing #1487,FRNT-JAN2026-3171,Credit,Rent Payment,2026-01-01,8038.44,f,2026-05-07 21:29:40,2026-05-07 21:29:40,,GCash,OR-20260101-3171
3172,1488,Rent Payment - Billing #1488,FRNT-FEB2026-3172,Credit,Rent Payment,2026-02-01,8096.41,f,2026-05-07 21:29:40,2026-05-07 21:29:40,,GCash,OR-20260201-3172
3173,1489,Rent Payment - Billing #1489,FRNT-MAR2026-3173,Credit,Rent Payment,2026-03-01,7885.31,f,2026-05-07 21:29:40,2026-05-07 21:29:40,,Bank Transfer,OR-20260301-3173
3174,1490,Rent Payment - Billing #1490,FRNT-APR2026-3174,Credit,Rent Payment,2026-04-01,8411.61,f,2026-05-07 21:29:40,2026-05-07 21:29:40,,Bank Transfer,OR-20260401-3174
3175,1491,Rent Payment - Billing #1491,FRNT-MAY2026-3175,Credit,Rent Payment,2026-05-01,7232.92,f,2026-05-07 21:29:40,2026-05-07 21:29:40,,Cash,OR-20260501-3175
3176,1492,Rent Payment - Billing #1492,FRNT-SEP2025-3176,Credit,Rent Payment,2025-09-01,12015.37,f,2026-05-07 21:29:40,2026-05-07 21:29:40,,Bank Transfer,OR-20250901-3176
3177,1493,Move-Out Settlement - Billing #1493,FRNT-SEP2025-3177,Credit,Rent Payment,2025-09-01,-10614.63,f,2026-05-07 21:29:40,2026-05-07 21:29:40,,GCash,OR-20250901-3177
3178,1494,Rent Payment - Billing #1494,FRNT-OCT2025-3178,Credit,Rent Payment,2025-10-01,14809.39,f,2026-05-07 21:29:40,2026-05-07 21:29:40,,Cash,OR-20251001-3178
3179,1495,Move-Out Settlement - Billing #1495,FRNT-OCT2025-3179,Credit,Rent Payment,2025-10-01,-12028.61,f,2026-05-07 21:29:40,2026-05-07 21:29:40,,Maya,OR-20251001-3179
3180,1496,Rent Payment - Billing #1496,FRNT-OCT2025-3180,Credit,Rent Payment,2025-10-01,11337.01,f,2026-05-07 21:29:40,2026-05-07 21:29:40,,Maya,OR-20251001-3180
3181,1497,Rent Payment - Billing #1497,FRNT-NOV2025-3181,Credit,Rent Payment,2025-11-01,10819.14,f,2026-05-07 21:29:40,2026-05-07 21:29:40,,Maya,OR-20251101-3181
3182,1498,Rent Payment - Billing #1498,FRNT-DEC2025-3182,Credit,Rent Payment,2025-12-01,11375.27,f,2026-05-07 21:29:40,2026-05-07 21:29:40,,Cash,OR-20251201-3182
3183,1499,Rent Payment - Billing #1499,FRNT-JAN2026-3183,Credit,Rent Payment,2026-01-01,10573.42,f,2026-05-07 21:29:40,2026-05-07 21:29:40,,Bank Transfer,OR-20260101-3183
3184,1500,Rent Payment - Billing #1500,FRNT-FEB2026-3184,Credit,Rent Payment,2026-02-01,12151.33,f,2026-05-07 21:29:40,2026-05-07 21:29:40,,Cash,OR-20260201-3184
3185,1501,Rent Payment - Billing #1501,FRNT-MAR2026-3185,Credit,Rent Payment,2026-03-01,10543.11,f,2026-05-07 21:29:40,2026-05-07 21:29:40,,Bank Transfer,OR-20260301-3185
3186,1502,Move-Out Settlement - Billing #1502,FRNT-MAR2026-3186,Credit,Rent Payment,2026-03-01,-8080.89,f,2026-05-07 21:29:40,2026-05-07 21:29:40,,Bank Transfer,OR-20260301-3186
3187,1503,Rent Payment - Billing #1503,FRNT-OCT2025-3187,Credit,Rent Payment,2025-10-01,12897.78,f,2026-05-07 21:29:40,2026-05-07 21:29:40,,GCash,OR-20251001-3187
3188,1504,Rent Payment - Billing #1504,FRNT-NOV2025-3188,Credit,Rent Payment,2025-11-01,12638.69,f,2026-05-07 21:29:40,2026-05-07 21:29:40,,Bank Transfer,OR-20251101-3188
3189,1505,Rent Payment - Billing #1505,FRNT-DEC2025-3189,Credit,Rent Payment,2025-12-01,12704.62,f,2026-05-07 21:29:40,2026-05-07 21:29:40,,Cash,OR-20251201-3189
3190,1506,Rent Payment - Billing #1506,FRNT-JAN2026-3190,Credit,Rent Payment,2026-01-01,12895.10,f,2026-05-07 21:29:40,2026-05-07 21:29:40,,Maya,OR-20260101-3190
3191,1507,Rent Payment - Billing #1507,FRNT-FEB2026-3191,Credit,Rent Payment,2026-02-01,13099.34,f,2026-05-07 21:29:40,2026-05-07 21:29:40,,Maya,OR-20260201-3191
3192,1508,Rent Payment - Billing #1508,FRNT-MAR2026-3192,Credit,Rent Payment,2026-03-01,13129.76,f,2026-05-07 21:29:40,2026-05-07 21:29:40,,Cash,OR-20260301-3192
3193,1509,Rent Payment - Billing #1509,FRNT-APR2026-3193,Credit,Rent Payment,2026-04-01,12705.66,f,2026-05-07 21:29:40,2026-05-07 21:29:40,,Bank Transfer,OR-20260401-3193
3194,1510,Rent Payment - Billing #1510,FRNT-MAY2026-3194,Credit,Rent Payment,2026-05-01,12799.12,f,2026-05-07 21:29:40,2026-05-07 21:29:40,,Maya,OR-20260501-3194
3195,1511,Rent Payment - Billing #1511,FRNT-OCT2025-3195,Credit,Rent Payment,2025-10-01,12040.29,f,2026-05-07 21:29:40,2026-05-07 21:29:40,,Maya,OR-20251001-3195
3196,1512,Rent Payment - Billing #1512,FRNT-NOV2025-3196,Credit,Rent Payment,2025-11-01,12206.89,f,2026-05-07 21:29:40,2026-05-07 21:29:40,,Bank Transfer,OR-20251101-3196
3197,1513,Rent Payment - Billing #1513,FRNT-DEC2025-3197,Credit,Rent Payment,2025-12-01,12279.92,f,2026-05-07 21:29:40,2026-05-07 21:29:40,,Maya,OR-20251201-3197
3198,1514,Move-Out Settlement - Billing #1514,FRNT-DEC2025-3198,Credit,Rent Payment,2025-12-01,-10350.08,f,2026-05-07 21:29:40,2026-05-07 21:29:40,,Maya,OR-20251201-3198
3199,1515,Rent Payment - Billing #1515,FRNT-NOV2025-3199,Credit,Rent Payment,2025-11-01,13818.49,f,2026-05-07 21:29:40,2026-05-07 21:29:40,,GCash,OR-20251101-3199
3200,1516,Rent Payment - Billing #1516,FRNT-DEC2025-3200,Credit,Rent Payment,2025-12-01,13575.79,f,2026-05-07 21:29:40,2026-05-07 21:29:40,,Bank Transfer,OR-20251201-3200
3201,1517,Rent Payment - Billing #1517,FRNT-JAN2026-3201,Credit,Rent Payment,2026-01-01,13788.29,f,2026-05-07 21:29:41,2026-05-07 21:29:41,,Bank Transfer,OR-20260101-3201
3202,1518,Rent Payment - Billing #1518,FRNT-FEB2026-3202,Credit,Rent Payment,2026-02-01,13753.12,f,2026-05-07 21:29:41,2026-05-07 21:29:41,,Maya,OR-20260201-3202
3203,1519,Rent Payment - Billing #1519,FRNT-MAR2026-3203,Credit,Rent Payment,2026-03-01,14003.45,f,2026-05-07 21:29:41,2026-05-07 21:29:41,,Cash,OR-20260301-3203
3204,1520,Rent Payment - Billing #1520,FRNT-APR2026-3204,Credit,Rent Payment,2026-04-01,13755.70,f,2026-05-07 21:29:41,2026-05-07 21:29:41,,Bank Transfer,OR-20260401-3204
3205,1521,Rent Payment - Billing #1521,FRNT-MAY2026-3205,Credit,Rent Payment,2026-05-01,13393.08,f,2026-05-07 21:29:41,2026-05-07 21:29:41,,Maya,OR-20260501-3205
3206,1522,Rent Payment - Billing #1522,FRNT-NOV2025-3206,Credit,Rent Payment,2025-11-01,12446.87,f,2026-05-07 21:29:41,2026-05-07 21:29:41,,Cash,OR-20251101-3206
3207,1523,Rent Payment - Billing #1523,FRNT-DEC2025-3207,Credit,Rent Payment,2025-12-01,12777.67,f,2026-05-07 21:29:41,2026-05-07 21:29:41,,Maya,OR-20251201-3207
3208,1524,Rent Payment - Billing #1524,FRNT-JAN2026-3208,Credit,Rent Payment,2026-01-01,12501.92,f,2026-05-07 21:29:41,2026-05-07 21:29:41,,Bank Transfer,OR-20260101-3208
3209,1525,Rent Payment - Billing #1525,FRNT-FEB2026-3209,Credit,Rent Payment,2026-02-01,12433.11,f,2026-05-07 21:29:41,2026-05-07 21:29:41,,Bank Transfer,OR-20260201-3209
3210,1526,Rent Payment - Billing #1526,FRNT-MAR2026-3210,Credit,Rent Payment,2026-03-01,12608.26,f,2026-05-07 21:29:41,2026-05-07 21:29:41,,Cash,OR-20260301-3210
3211,1527,Rent Payment - Billing #1527,FRNT-APR2026-3211,Credit,Rent Payment,2026-04-01,13157.53,f,2026-05-07 21:29:41,2026-05-07 21:29:41,,Cash,OR-20260401-3211
3212,1528,Rent Payment - Billing #1528,FRNT-MAY2026-3212,Credit,Rent Payment,2026-05-01,12496.42,f,2026-05-07 21:29:41,2026-05-07 21:29:41,,Bank Transfer,OR-20260501-3212
3213,1529,Rent Payment - Billing #1529,FRNT-NOV2025-3213,Credit,Rent Payment,2025-11-01,14601.18,f,2026-05-07 21:29:41,2026-05-07 21:29:41,,Maya,OR-20251101-3213
3214,1530,Rent Payment - Billing #1530,FRNT-DEC2025-3214,Credit,Rent Payment,2025-12-01,13943.66,f,2026-05-07 21:29:41,2026-05-07 21:29:41,,Cash,OR-20251201-3214
3215,1531,Rent Payment - Billing #1531,FRNT-JAN2026-3215,Credit,Rent Payment,2026-01-01,14173.15,f,2026-05-07 21:29:41,2026-05-07 21:29:41,,Cash,OR-20260101-3215
3216,1532,Rent Payment - Billing #1532,FRNT-FEB2026-3216,Credit,Rent Payment,2026-02-01,14554.27,f,2026-05-07 21:29:41,2026-05-07 21:29:41,,Bank Transfer,OR-20260201-3216
3217,1533,Rent Payment - Billing #1533,FRNT-MAR2026-3217,Credit,Rent Payment,2026-03-01,14119.98,f,2026-05-07 21:29:41,2026-05-07 21:29:41,,GCash,OR-20260301-3217
3218,1534,Rent Payment - Billing #1534,FRNT-APR2026-3218,Credit,Rent Payment,2026-04-01,14218.49,f,2026-05-07 21:29:41,2026-05-07 21:29:41,,GCash,OR-20260401-3218
3219,1535,Rent Payment - Billing #1535,FRNT-MAY2026-3219,Credit,Rent Payment,2026-05-01,14848.10,f,2026-05-07 21:29:41,2026-05-07 21:29:41,,GCash,OR-20260501-3219
3220,1536,Rent Payment - Billing #1536,FRNT-NOV2025-3220,Credit,Rent Payment,2025-11-01,10437.31,f,2026-05-07 21:29:41,2026-05-07 21:29:41,,Maya,OR-20251101-3220
3221,1537,Rent Payment - Billing #1537,FRNT-DEC2025-3221,Credit,Rent Payment,2025-12-01,10455.02,f,2026-05-07 21:29:41,2026-05-07 21:29:41,,GCash,OR-20251201-3221
3222,1538,Rent Payment - Billing #1538,FRNT-JAN2026-3222,Credit,Rent Payment,2026-01-01,10312.92,f,2026-05-07 21:29:41,2026-05-07 21:29:41,,Maya,OR-20260101-3222
3223,1539,Move-Out Settlement - Billing #1539,FRNT-JAN2026-3223,Credit,Rent Payment,2026-01-01,-8859.08,f,2026-05-07 21:29:41,2026-05-07 21:29:41,,Maya,OR-20260101-3223
3224,1540,Rent Payment - Billing #1540,FRNT-NOV2025-3224,Credit,Rent Payment,2025-11-01,9180.94,f,2026-05-07 21:29:41,2026-05-07 21:29:41,,Maya,OR-20251101-3224
3225,1541,Rent Payment - Billing #1541,FRNT-DEC2025-3225,Credit,Rent Payment,2025-12-01,8601.14,f,2026-05-07 21:29:41,2026-05-07 21:29:41,,Bank Transfer,OR-20251201-3225
3226,1542,Rent Payment - Billing #1542,FRNT-JAN2026-3226,Credit,Rent Payment,2026-01-01,8427.25,f,2026-05-07 21:29:41,2026-05-07 21:29:41,,Maya,OR-20260101-3226
3227,1543,Move-Out Settlement - Billing #1543,FRNT-JAN2026-3227,Credit,Rent Payment,2026-01-01,-5508.75,f,2026-05-07 21:29:41,2026-05-07 21:29:41,,Maya,OR-20260101-3227
3228,1544,Rent Payment - Billing #1544,FRNT-NOV2025-3228,Credit,Rent Payment,2025-11-01,8463.02,f,2026-05-07 21:29:41,2026-05-07 21:29:41,,Bank Transfer,OR-20251101-3228
3229,1545,Rent Payment - Billing #1545,FRNT-DEC2025-3229,Credit,Rent Payment,2025-12-01,8079.30,f,2026-05-07 21:29:41,2026-05-07 21:29:41,,Maya,OR-20251201-3229
3230,1546,Rent Payment - Billing #1546,FRNT-JAN2026-3230,Credit,Rent Payment,2026-01-01,8100.36,f,2026-05-07 21:29:41,2026-05-07 21:29:41,,GCash,OR-20260101-3230
3231,1547,Rent Payment - Billing #1547,FRNT-FEB2026-3231,Credit,Rent Payment,2026-02-01,8557.17,f,2026-05-07 21:29:41,2026-05-07 21:29:41,,Maya,OR-20260201-3231
3232,1548,Rent Payment - Billing #1548,FRNT-MAR2026-3232,Credit,Rent Payment,2026-03-01,8138.61,f,2026-05-07 21:29:41,2026-05-07 21:29:41,,GCash,OR-20260301-3232
3233,1549,Rent Payment - Billing #1549,FRNT-APR2026-3233,Credit,Rent Payment,2026-04-01,8009.70,f,2026-05-07 21:29:41,2026-05-07 21:29:41,,GCash,OR-20260401-3233
3234,1550,Rent Payment - Billing #1550,FRNT-MAY2026-3234,Credit,Rent Payment,2026-05-01,8467.48,f,2026-05-07 21:29:41,2026-05-07 21:29:41,,GCash,OR-20260501-3234
3235,1551,Rent Payment - Billing #1551,FRNT-NOV2025-3235,Credit,Rent Payment,2025-11-01,13666.83,f,2026-05-07 21:29:41,2026-05-07 21:29:41,,Cash,OR-20251101-3235
3236,1552,Rent Payment - Billing #1552,FRNT-DEC2025-3236,Credit,Rent Payment,2025-12-01,15025.63,f,2026-05-07 21:29:41,2026-05-07 21:29:41,,GCash,OR-20251201-3236
3237,1553,Rent Payment - Billing #1553,FRNT-JAN2026-3237,Credit,Rent Payment,2026-01-01,15140.39,f,2026-05-07 21:29:41,2026-05-07 21:29:41,,GCash,OR-20260101-3237
3238,1554,Rent Payment - Billing #1554,FRNT-FEB2026-3238,Credit,Rent Payment,2026-02-01,14545.17,f,2026-05-07 21:29:41,2026-05-07 21:29:41,,Maya,OR-20260201-3238
3239,1555,Rent Payment - Billing #1555,FRNT-MAR2026-3239,Credit,Rent Payment,2026-03-01,14592.12,f,2026-05-07 21:29:41,2026-05-07 21:29:41,,Bank Transfer,OR-20260301-3239
3240,1556,Rent Payment - Billing #1556,FRNT-APR2026-3240,Credit,Rent Payment,2026-04-01,14504.38,f,2026-05-07 21:29:41,2026-05-07 21:29:41,,GCash,OR-20260401-3240
3241,1558,Rent Payment - Billing #1558,FRNT-NOV2025-3241,Credit,Rent Payment,2025-11-01,14986.02,f,2026-05-07 21:29:41,2026-05-07 21:29:41,,Bank Transfer,OR-20251101-3241
3242,1559,Rent Payment - Billing #1559,FRNT-DEC2025-3242,Credit,Rent Payment,2025-12-01,16226.25,f,2026-05-07 21:29:41,2026-05-07 21:29:41,,GCash,OR-20251201-3242
3243,1560,Rent Payment - Billing #1560,FRNT-JAN2026-3243,Credit,Rent Payment,2026-01-01,14771.15,f,2026-05-07 21:29:41,2026-05-07 21:29:41,,Maya,OR-20260101-3243
3244,1561,Move-Out Settlement - Billing #1561,FRNT-JAN2026-3244,Credit,Rent Payment,2026-01-01,-12066.85,f,2026-05-07 21:29:41,2026-05-07 21:29:41,,Maya,OR-20260101-3244
3245,1562,Rent Payment - Billing #1562,FRNT-NOV2025-3245,Credit,Rent Payment,2025-11-01,11706.89,f,2026-05-07 21:29:41,2026-05-07 21:29:41,,Maya,OR-20251101-3245
3246,1563,Rent Payment - Billing #1563,FRNT-DEC2025-3246,Credit,Rent Payment,2025-12-01,11779.92,f,2026-05-07 21:29:41,2026-05-07 21:29:41,,Cash,OR-20251201-3246
3247,1564,Rent Payment - Billing #1564,FRNT-JAN2026-3247,Credit,Rent Payment,2026-01-01,11542.70,f,2026-05-07 21:29:41,2026-05-07 21:29:41,,Maya,OR-20260101-3247
3248,1565,Rent Payment - Billing #1565,FRNT-FEB2026-3248,Credit,Rent Payment,2026-02-01,11712.24,f,2026-05-07 21:29:41,2026-05-07 21:29:41,,GCash,OR-20260201-3248
3249,1566,Rent Payment - Billing #1566,FRNT-MAR2026-3249,Credit,Rent Payment,2026-03-01,11542.75,f,2026-05-07 21:29:41,2026-05-07 21:29:41,,GCash,OR-20260301-3249
3250,1567,Rent Payment - Billing #1567,FRNT-APR2026-3250,Credit,Rent Payment,2026-04-01,11436.19,f,2026-05-07 21:29:41,2026-05-07 21:29:41,,GCash,OR-20260401-3250
3251,1568,Move-Out Settlement - Billing #1568,FRNT-APR2026-3251,Credit,Rent Payment,2026-04-01,-10693.81,f,2026-05-07 21:29:41,2026-05-07 21:29:41,,GCash,OR-20260401-3251
3252,1569,Rent Payment - Billing #1569,FRNT-DEC2025-3252,Credit,Rent Payment,2025-12-01,12704.62,f,2026-05-07 21:29:41,2026-05-07 21:29:41,,Cash,OR-20251201-3252
3253,1570,Rent Payment - Billing #1570,FRNT-JAN2026-3253,Credit,Rent Payment,2026-01-01,12895.10,f,2026-05-07 21:29:41,2026-05-07 21:29:41,,Maya,OR-20260101-3253
3254,1571,Rent Payment - Billing #1571,FRNT-FEB2026-3254,Credit,Rent Payment,2026-02-01,13099.34,f,2026-05-07 21:29:41,2026-05-07 21:29:41,,Bank Transfer,OR-20260201-3254
3255,1572,Rent Payment - Billing #1572,FRNT-MAR2026-3255,Credit,Rent Payment,2026-03-01,13129.76,f,2026-05-07 21:29:41,2026-05-07 21:29:41,,Maya,OR-20260301-3255
3256,1573,Rent Payment - Billing #1573,FRNT-APR2026-3256,Credit,Rent Payment,2026-04-01,12705.66,f,2026-05-07 21:29:41,2026-05-07 21:29:41,,Bank Transfer,OR-20260401-3256
3257,1574,Rent Payment - Billing #1574,FRNT-MAY2026-3257,Credit,Rent Payment,2026-05-01,12799.12,f,2026-05-07 21:29:41,2026-05-07 21:29:41,,Maya,OR-20260501-3257
3258,1575,Move-Out Settlement - Billing #1575,FRNT-MAY2026-3258,Credit,Rent Payment,2026-05-01,-11792.88,f,2026-05-07 21:29:41,2026-05-07 21:29:41,,Cash,OR-20260501-3258
3259,1576,Rent Payment - Billing #1576,FRNT-DEC2025-3259,Credit,Rent Payment,2025-12-01,9465.32,f,2026-05-07 21:29:41,2026-05-07 21:29:41,,Maya,OR-20251201-3259
3260,1577,Rent Payment - Billing #1577,FRNT-JAN2026-3260,Credit,Rent Payment,2026-01-01,8992.25,f,2026-05-07 21:29:41,2026-05-07 21:29:41,,GCash,OR-20260101-3260
3261,1578,Rent Payment - Billing #1578,FRNT-FEB2026-3261,Credit,Rent Payment,2026-02-01,8613.68,f,2026-05-07 21:29:41,2026-05-07 21:29:41,,GCash,OR-20260201-3261
3262,1579,Rent Payment - Billing #1579,FRNT-MAR2026-3262,Credit,Rent Payment,2026-03-01,8549.84,f,2026-05-07 21:29:41,2026-05-07 21:29:41,,Bank Transfer,OR-20260301-3262
3263,1580,Rent Payment - Billing #1580,FRNT-APR2026-3263,Credit,Rent Payment,2026-04-01,9940.76,f,2026-05-07 21:29:41,2026-05-07 21:29:41,,Maya,OR-20260401-3263
3264,1581,Rent Payment - Billing #1581,FRNT-MAY2026-3264,Credit,Rent Payment,2026-05-01,9114.36,f,2026-05-07 21:29:41,2026-05-07 21:29:41,,Bank Transfer,OR-20260501-3264
3265,1582,Rent Payment - Billing #1582,FRNT-DEC2025-3265,Credit,Rent Payment,2025-12-01,9522.44,f,2026-05-07 21:29:41,2026-05-07 21:29:41,,Bank Transfer,OR-20251201-3265
3266,1583,Rent Payment - Billing #1583,FRNT-JAN2026-3266,Credit,Rent Payment,2026-01-01,9368.97,f,2026-05-07 21:29:41,2026-05-07 21:29:41,,GCash,OR-20260101-3266
3267,1584,Rent Payment - Billing #1584,FRNT-FEB2026-3267,Credit,Rent Payment,2026-02-01,8360.75,f,2026-05-07 21:29:41,2026-05-07 21:29:41,,Cash,OR-20260201-3267
3268,1585,Rent Payment - Billing #1585,FRNT-MAR2026-3268,Credit,Rent Payment,2026-03-01,9693.07,f,2026-05-07 21:29:41,2026-05-07 21:29:41,,Cash,OR-20260301-3268
3269,1586,Rent Payment - Billing #1586,FRNT-APR2026-3269,Credit,Rent Payment,2026-04-01,9605.87,f,2026-05-07 21:29:41,2026-05-07 21:29:41,,Maya,OR-20260401-3269
3270,1587,Rent Payment - Billing #1587,FRNT-MAY2026-3270,Credit,Rent Payment,2026-05-01,8050.32,f,2026-05-07 21:29:41,2026-05-07 21:29:41,,Maya,OR-20260501-3270
3271,1588,Move-Out Settlement - Billing #1588,FRNT-MAY2026-3271,Credit,Rent Payment,2026-05-01,-6123.68,f,2026-05-07 21:29:41,2026-05-07 21:29:41,,Bank Transfer,OR-20260501-3271
3272,1589,Rent Payment - Billing #1589,FRNT-DEC2025-3272,Credit,Rent Payment,2025-12-01,13164.08,f,2026-05-07 21:29:41,2026-05-07 21:29:41,,GCash,OR-20251201-3272
3273,1590,Move-Out Settlement - Billing #1590,FRNT-DEC2025-3273,Credit,Rent Payment,2025-12-01,-10965.92,f,2026-05-07 21:29:41,2026-05-07 21:29:41,,Bank Transfer,OR-20251201-3273
3274,1591,Rent Payment - Billing #1591,FRNT-JAN2026-3274,Credit,Rent Payment,2026-01-01,8232.60,f,2026-05-07 21:29:41,2026-05-07 21:29:41,,Maya,OR-20260101-3274
3275,1592,Rent Payment - Billing #1592,FRNT-FEB2026-3275,Credit,Rent Payment,2026-02-01,8259.10,f,2026-05-07 21:29:41,2026-05-07 21:29:41,,Bank Transfer,OR-20260201-3275
3276,1593,Rent Payment - Billing #1593,FRNT-MAR2026-3276,Credit,Rent Payment,2026-03-01,7729.72,f,2026-05-07 21:29:41,2026-05-07 21:29:41,,Bank Transfer,OR-20260301-3276
3277,1594,Move-Out Settlement - Billing #1594,FRNT-MAR2026-3277,Credit,Rent Payment,2026-03-01,-6616.28,f,2026-05-07 21:29:41,2026-05-07 21:29:41,,Maya,OR-20260301-3277
3278,1595,Rent Payment - Billing #1595,FRNT-JAN2026-3278,Credit,Rent Payment,2026-01-01,13911.31,f,2026-05-07 21:29:41,2026-05-07 21:29:41,,Maya,OR-20260101-3278
3279,1596,Move-Out Settlement - Billing #1596,FRNT-JAN2026-3279,Credit,Rent Payment,2026-01-01,-12246.69,f,2026-05-07 21:29:41,2026-05-07 21:29:41,,Maya,OR-20260101-3279
3280,1597,Rent Payment - Billing #1597,FRNT-JAN2026-3280,Credit,Rent Payment,2026-01-01,10312.92,f,2026-05-07 21:29:41,2026-05-07 21:29:41,,Bank Transfer,OR-20260101-3280
3281,1598,Move-Out Settlement - Billing #1598,FRNT-JAN2026-3281,Credit,Rent Payment,2026-01-01,-8859.08,f,2026-05-07 21:29:41,2026-05-07 21:29:41,,GCash,OR-20260101-3281
3282,1599,Rent Payment - Billing #1599,FRNT-JAN2026-3282,Credit,Rent Payment,2026-01-01,14185.17,f,2026-05-07 21:29:41,2026-05-07 21:29:41,,Cash,OR-20260101-3282
3283,1600,Rent Payment - Billing #1600,FRNT-FEB2026-3283,Credit,Rent Payment,2026-02-01,13623.97,f,2026-05-07 21:29:41,2026-05-07 21:29:41,,GCash,OR-20260201-3283
3284,1601,Rent Payment - Billing #1601,FRNT-MAR2026-3284,Credit,Rent Payment,2026-03-01,13544.44,f,2026-05-07 21:29:41,2026-05-07 21:29:41,,Maya,OR-20260301-3284
3285,1602,Move-Out Settlement - Billing #1602,FRNT-MAR2026-3285,Credit,Rent Payment,2026-03-01,-10585.56,f,2026-05-07 21:29:41,2026-05-07 21:29:41,,GCash,OR-20260301-3285
3286,1603,Rent Payment - Billing #1603,FRNT-JAN2026-3286,Credit,Rent Payment,2026-01-01,8730.51,f,2026-05-07 21:29:41,2026-05-07 21:29:41,,Bank Transfer,OR-20260101-3286
3287,1604,Rent Payment - Billing #1604,FRNT-FEB2026-3287,Credit,Rent Payment,2026-02-01,8228.67,f,2026-05-07 21:29:41,2026-05-07 21:29:41,,Bank Transfer,OR-20260201-3287
3288,1605,Rent Payment - Billing #1605,FRNT-MAR2026-3288,Credit,Rent Payment,2026-03-01,8693.97,f,2026-05-07 21:29:41,2026-05-07 21:29:41,,Bank Transfer,OR-20260301-3288
3289,1606,Rent Payment - Billing #1606,FRNT-APR2026-3289,Credit,Rent Payment,2026-04-01,8614.89,f,2026-05-07 21:29:41,2026-05-07 21:29:41,,Maya,OR-20260401-3289
3290,1608,Rent Payment - Billing #1608,FRNT-JAN2026-3290,Credit,Rent Payment,2026-01-01,8600.36,f,2026-05-07 21:29:41,2026-05-07 21:29:41,,GCash,OR-20260101-3290
3291,1609,Rent Payment - Billing #1609,FRNT-FEB2026-3291,Credit,Rent Payment,2026-02-01,9057.17,f,2026-05-07 21:29:41,2026-05-07 21:29:41,,GCash,OR-20260201-3291
3292,1610,Rent Payment - Billing #1610,FRNT-MAR2026-3292,Credit,Rent Payment,2026-03-01,8638.61,f,2026-05-07 21:29:41,2026-05-07 21:29:41,,Maya,OR-20260301-3292
3293,1611,Move-Out Settlement - Billing #1611,FRNT-MAR2026-3293,Credit,Rent Payment,2026-03-01,-6571.39,f,2026-05-07 21:29:41,2026-05-07 21:29:41,,Maya,OR-20260301-3293
3294,1612,Rent Payment - Billing #1612,FRNT-JAN2026-3294,Credit,Rent Payment,2026-01-01,7732.60,f,2026-05-07 21:29:41,2026-05-07 21:29:41,,GCash,OR-20260101-3294
3295,1613,Rent Payment - Billing #1613,FRNT-FEB2026-3295,Credit,Rent Payment,2026-02-01,7759.10,f,2026-05-07 21:29:41,2026-05-07 21:29:41,,Maya,OR-20260201-3295
3296,1614,Rent Payment - Billing #1614,FRNT-MAR2026-3296,Credit,Rent Payment,2026-03-01,7229.72,f,2026-05-07 21:29:41,2026-05-07 21:29:41,,Cash,OR-20260301-3296
3297,1617,Rent Payment - Billing #1617,FRNT-JAN2026-3297,Credit,Rent Payment,2026-01-01,11542.70,f,2026-05-07 21:29:41,2026-05-07 21:29:41,,GCash,OR-20260101-3297
3298,1618,Rent Payment - Billing #1618,FRNT-FEB2026-3298,Credit,Rent Payment,2026-02-01,11712.24,f,2026-05-07 21:29:41,2026-05-07 21:29:41,,GCash,OR-20260201-3298
3299,1619,Rent Payment - Billing #1619,FRNT-MAR2026-3299,Credit,Rent Payment,2026-03-01,11542.75,f,2026-05-07 21:29:41,2026-05-07 21:29:41,,GCash,OR-20260301-3299
3300,1620,Rent Payment - Billing #1620,FRNT-APR2026-3300,Credit,Rent Payment,2026-04-01,11436.19,f,2026-05-07 21:29:41,2026-05-07 21:29:41,,GCash,OR-20260401-3300
3301,1621,Rent Payment - Billing #1621,FRNT-MAY2026-3301,Credit,Rent Payment,2026-05-01,11427.44,f,2026-05-07 21:29:41,2026-05-07 21:29:41,,Cash,OR-20260501-3301
3302,1622,Rent Payment - Billing #1622,FRNT-FEB2026-3302,Credit,Rent Payment,2026-02-01,15664.71,f,2026-05-07 21:29:41,2026-05-07 21:29:41,,Cash,OR-20260201-3302
3303,1623,Rent Payment - Billing #1623,FRNT-MAR2026-3303,Credit,Rent Payment,2026-03-01,15243.76,f,2026-05-07 21:29:41,2026-05-07 21:29:41,,Cash,OR-20260301-3303
3304,1624,Rent Payment - Billing #1624,FRNT-APR2026-3304,Credit,Rent Payment,2026-04-01,14727.14,f,2026-05-07 21:29:41,2026-05-07 21:29:41,,GCash,OR-20260401-3304
3305,1625,Rent Payment - Billing #1625,FRNT-MAY2026-3305,Credit,Rent Payment,2026-05-01,14933.54,f,2026-05-07 21:29:41,2026-05-07 21:29:41,,Cash,OR-20260501-3305
3306,1626,Rent Payment - Billing #1626,FRNT-FEB2026-3306,Credit,Rent Payment,2026-02-01,13823.04,f,2026-05-07 21:29:41,2026-05-07 21:29:41,,Cash,OR-20260201-3306
3307,1627,Move-Out Settlement - Billing #1627,FRNT-FEB2026-3307,Credit,Rent Payment,2026-02-01,-12334.96,f,2026-05-07 21:29:41,2026-05-07 21:29:41,,Bank Transfer,OR-20260201-3307
3308,1628,Rent Payment - Billing #1628,FRNT-FEB2026-3308,Credit,Rent Payment,2026-02-01,11712.24,f,2026-05-07 21:29:41,2026-05-07 21:29:41,,Bank Transfer,OR-20260201-3308
3309,1629,Rent Payment - Billing #1629,FRNT-MAR2026-3309,Credit,Rent Payment,2026-03-01,11542.75,f,2026-05-07 21:29:41,2026-05-07 21:29:41,,Bank Transfer,OR-20260301-3309
3310,1630,Rent Payment - Billing #1630,FRNT-APR2026-3310,Credit,Rent Payment,2026-04-01,11436.19,f,2026-05-07 21:29:41,2026-05-07 21:29:41,,GCash,OR-20260401-3310
3311,1631,Rent Payment - Billing #1631,FRNT-MAY2026-3311,Credit,Rent Payment,2026-05-01,11427.44,f,2026-05-07 21:29:41,2026-05-07 21:29:41,,Cash,OR-20260501-3311
3312,1632,Rent Payment - Billing #1632,FRNT-FEB2026-3312,Credit,Rent Payment,2026-02-01,10638.48,f,2026-05-07 21:29:41,2026-05-07 21:29:41,,Bank Transfer,OR-20260201-3312
3313,1633,Rent Payment - Billing #1633,FRNT-MAR2026-3313,Credit,Rent Payment,2026-03-01,10384.82,f,2026-05-07 21:29:41,2026-05-07 21:29:41,,Maya,OR-20260301-3313
3314,1634,Rent Payment - Billing #1634,FRNT-APR2026-3314,Credit,Rent Payment,2026-04-01,10086.03,f,2026-05-07 21:29:41,2026-05-07 21:29:41,,Bank Transfer,OR-20260401-3314
3315,1635,Move-Out Settlement - Billing #1635,FRNT-APR2026-3315,Credit,Rent Payment,2026-04-01,-9085.97,f,2026-05-07 21:29:41,2026-05-07 21:29:41,,Maya,OR-20260401-3315
3316,1636,Rent Payment - Billing #1636,FRNT-FEB2026-3316,Credit,Rent Payment,2026-02-01,13751.26,f,2026-05-07 21:29:41,2026-05-07 21:29:41,,Bank Transfer,OR-20260201-3316
3317,1637,Rent Payment - Billing #1637,FRNT-MAR2026-3317,Credit,Rent Payment,2026-03-01,13946.20,f,2026-05-07 21:29:41,2026-05-07 21:29:41,,GCash,OR-20260301-3317
3318,1638,Rent Payment - Billing #1638,FRNT-APR2026-3318,Credit,Rent Payment,2026-04-01,13307.66,f,2026-05-07 21:29:41,2026-05-07 21:29:41,,Cash,OR-20260401-3318
3319,1639,Move-Out Settlement - Billing #1639,FRNT-APR2026-3319,Credit,Rent Payment,2026-04-01,-11200.34,f,2026-05-07 21:29:41,2026-05-07 21:29:41,,GCash,OR-20260401-3319
3320,1640,Rent Payment - Billing #1640,FRNT-FEB2026-3320,Credit,Rent Payment,2026-02-01,9140.98,f,2026-05-07 21:29:41,2026-05-07 21:29:41,,Maya,OR-20260201-3320
3321,1641,Rent Payment - Billing #1641,FRNT-MAR2026-3321,Credit,Rent Payment,2026-03-01,9193.50,f,2026-05-07 21:29:41,2026-05-07 21:29:41,,Bank Transfer,OR-20260301-3321
3322,1642,Rent Payment - Billing #1642,FRNT-APR2026-3322,Credit,Rent Payment,2026-04-01,8728.16,f,2026-05-07 21:29:41,2026-05-07 21:29:41,,GCash,OR-20260401-3322
3323,1644,Move-In Payment - Billing #1644,FRNT-JAN2026-3323,Credit,Rent Payment,2026-01-01,10690.00,f,2026-05-07 21:29:41,2026-05-07 21:29:41,,Bank Transfer,OR-20260101-3323
3324,1645,Rent Payment - Billing #1645,FRNT-FEB2026-3324,Credit,Rent Payment,2026-02-01,6876.30,f,2026-05-07 21:29:41,2026-05-07 21:29:41,,Cash,OR-20260201-3324
3325,1646,Move-Out Settlement - Billing #1646,FRNT-FEB2026-3325,Credit,Rent Payment,2026-02-01,-4313.70,f,2026-05-07 21:29:41,2026-05-07 21:29:41,,Cash,OR-20260201-3325
3326,1647,Rent Payment - Billing #1647,FRNT-FEB2026-3326,Credit,Rent Payment,2026-02-01,13099.34,f,2026-05-07 21:29:41,2026-05-07 21:29:41,,Bank Transfer,OR-20260201-3326
3327,1648,Rent Payment - Billing #1648,FRNT-MAR2026-3327,Credit,Rent Payment,2026-03-01,13129.76,f,2026-05-07 21:29:41,2026-05-07 21:29:41,,Maya,OR-20260301-3327
3328,1649,Rent Payment - Billing #1649,FRNT-APR2026-3328,Credit,Rent Payment,2026-04-01,12705.66,f,2026-05-07 21:29:41,2026-05-07 21:29:41,,Maya,OR-20260401-3328
3329,1651,Rent Payment - Billing #1651,FRNT-FEB2026-3329,Credit,Rent Payment,2026-02-01,10638.48,f,2026-05-07 21:29:41,2026-05-07 21:29:41,,Cash,OR-20260201-3329
3330,1652,Rent Payment - Billing #1652,FRNT-MAR2026-3330,Credit,Rent Payment,2026-03-01,10384.82,f,2026-05-07 21:29:41,2026-05-07 21:29:41,,Maya,OR-20260301-3330
3331,1654,Move-Out Settlement - Billing #1654,FRNT-APR2026-3331,Credit,Rent Payment,2026-04-01,-9085.97,f,2026-05-07 21:29:41,2026-05-07 21:29:41,,Maya,OR-20260401-3331
3332,1655,Rent Payment - Billing #1655,FRNT-FEB2026-3332,Credit,Rent Payment,2026-02-01,13823.04,f,2026-05-07 21:29:41,2026-05-07 21:29:41,,Bank Transfer,OR-20260201-3332
3333,1656,Move-Out Settlement - Billing #1656,FRNT-FEB2026-3333,Credit,Rent Payment,2026-02-01,-12334.96,f,2026-05-07 21:29:41,2026-05-07 21:29:41,,Cash,OR-20260201-3333
3334,1657,Rent Payment - Billing #1657,FRNT-MAR2026-3334,Credit,Rent Payment,2026-03-01,14106.40,f,2026-05-07 21:29:41,2026-05-07 21:29:41,,Maya,OR-20260301-3334
3335,1658,Rent Payment - Billing #1658,FRNT-APR2026-3335,Credit,Rent Payment,2026-04-01,14073.83,f,2026-05-07 21:29:41,2026-05-07 21:29:41,,Cash,OR-20260401-3335
3336,1659,Rent Payment - Billing #1659,FRNT-MAY2026-3336,Credit,Rent Payment,2026-05-01,13835.19,f,2026-05-07 21:29:41,2026-05-07 21:29:41,,Bank Transfer,OR-20260501-3336
3337,1660,Rent Payment - Billing #1660,FRNT-MAR2026-3337,Credit,Rent Payment,2026-03-01,14106.40,f,2026-05-07 21:29:41,2026-05-07 21:29:41,,Maya,OR-20260301-3337
3338,1661,Rent Payment - Billing #1661,FRNT-APR2026-3338,Credit,Rent Payment,2026-04-01,14073.83,f,2026-05-07 21:29:41,2026-05-07 21:29:41,,GCash,OR-20260401-3338
3339,1662,Rent Payment - Billing #1662,FRNT-MAY2026-3339,Credit,Rent Payment,2026-05-01,13835.19,f,2026-05-07 21:29:41,2026-05-07 21:29:41,,Maya,OR-20260501-3339
3340,1663,Rent Payment - Billing #1663,FRNT-MAR2026-3340,Credit,Rent Payment,2026-03-01,7929.68,f,2026-05-07 21:29:41,2026-05-07 21:29:41,,Maya,OR-20260301-3340
3341,1664,Rent Payment - Billing #1664,FRNT-APR2026-3341,Credit,Rent Payment,2026-04-01,8052.25,f,2026-05-07 21:29:41,2026-05-07 21:29:41,,Maya,OR-20260401-3341
3342,1665,Rent Payment - Billing #1665,FRNT-MAY2026-3342,Credit,Rent Payment,2026-05-01,7590.29,f,2026-05-07 21:29:41,2026-05-07 21:29:41,,Maya,OR-20260501-3342
3343,1666,Rent Payment - Billing #1666,FRNT-APR2026-3343,Credit,Rent Payment,2026-04-01,7821.83,f,2026-05-07 21:29:41,2026-05-07 21:29:41,,Bank Transfer,OR-20260401-3343
3344,1667,Move-Out Settlement - Billing #1667,FRNT-APR2026-3344,Credit,Rent Payment,2026-04-01,-6524.17,f,2026-05-07 21:29:41,2026-05-07 21:29:41,,Cash,OR-20260401-3344
3345,1668,Rent Payment - Billing #1668,FRNT-APR2026-3345,Credit,Rent Payment,2026-04-01,10596.31,f,2026-05-07 21:29:41,2026-05-07 21:29:41,,Bank Transfer,OR-20260401-3345
3346,1669,Move-Out Settlement - Billing #1669,FRNT-APR2026-3346,Credit,Rent Payment,2026-04-01,-8527.69,f,2026-05-07 21:29:41,2026-05-07 21:29:41,,GCash,OR-20260401-3346
3347,1670,Move-In Payment - Billing #1670,FRNT-MAR2026-3347,Credit,Rent Payment,2026-03-01,26932.00,f,2026-05-07 21:29:41,2026-05-07 21:29:41,,Bank Transfer,OR-20260301-3347
3348,1671,Rent Payment - Billing #1671,FRNT-APR2026-3348,Credit,Rent Payment,2026-04-01,15300.07,f,2026-05-07 21:29:41,2026-05-07 21:29:41,,Maya,OR-20260401-3348
3349,1672,Move-Out Settlement - Billing #1672,FRNT-APR2026-3349,Credit,Rent Payment,2026-04-01,-12131.93,f,2026-05-07 21:29:41,2026-05-07 21:29:41,,Maya,OR-20260401-3349
3350,1673,Rent Payment - Billing #1673,FRNT-APR2026-3350,Credit,Rent Payment,2026-04-01,8509.70,f,2026-05-07 21:29:41,2026-05-07 21:29:41,,Maya,OR-20260401-3350
3351,1674,Move-Out Settlement - Billing #1674,FRNT-APR2026-3351,Credit,Rent Payment,2026-04-01,-6700.30,f,2026-05-07 21:29:41,2026-05-07 21:29:41,,Cash,OR-20260401-3351
3352,1675,Rent Payment - Billing #1675,FRNT-APR2026-3352,Credit,Rent Payment,2026-04-01,7821.83,f,2026-05-07 21:29:41,2026-05-07 21:29:41,,Bank Transfer,OR-20260401-3352
3353,1676,Move-Out Settlement - Billing #1676,FRNT-APR2026-3353,Credit,Rent Payment,2026-04-01,-6524.17,f,2026-05-07 21:29:41,2026-05-07 21:29:41,,Cash,OR-20260401-3353
3354,1677,Rent Payment - Billing #1677,FRNT-APR2026-3354,Credit,Rent Payment,2026-04-01,14403.79,f,2026-05-07 21:29:41,2026-05-07 21:29:41,,Cash,OR-20260401-3354
3355,1680,Move-Out Settlement - Billing #1680,FRNT-MAY2026-3355,Credit,Rent Payment,2026-05-01,-6487.28,f,2026-05-07 21:29:41,2026-05-07 21:29:41,,Cash,OR-20260501-3355
3356,1681,Rent Payment - Billing #1681,FRNT-MAY2026-3356,Credit,Rent Payment,2026-05-01,11927.44,f,2026-05-07 21:29:41,2026-05-07 21:29:41,,Cash,OR-20260501-3356
3357,1682,Move-Out Settlement - Billing #1682,FRNT-MAY2026-3357,Credit,Rent Payment,2026-05-01,-10702.56,f,2026-05-07 21:29:41,2026-05-07 21:29:41,,Cash,OR-20260501-3357
3358,1684,Rent Payment - Billing #1684,FRNT-MAY2026-3358,Credit,Rent Payment,2026-05-01,13654.79,f,2026-05-07 21:29:41,2026-05-07 21:29:41,,Cash,OR-20260501-3358
3359,1685,Move-Out Settlement - Billing #1685,FRNT-MAY2026-3359,Credit,Rent Payment,2026-05-01,-10853.21,f,2026-05-07 21:29:41,2026-05-07 21:29:41,,GCash,OR-20260501-3359
3360,1687,Rent Payment - Billing #1687,FRNT-MAY2026-3360,Credit,Rent Payment,2026-05-01,8967.48,f,2026-05-07 21:29:41,2026-05-07 21:29:41,,Cash,OR-20260501-3360
3361,1688,Rent Payment - Billing #1688,FRNT-MAY2026-3361,Credit,Rent Payment,2026-05-01,12634.26,f,2026-05-07 21:29:41,2026-05-07 21:29:41,,Bank Transfer,OR-20260501-3361
3362,1689,Move-Out Settlement - Billing #1689,FRNT-MAY2026-3362,Credit,Rent Payment,2026-05-01,-9949.74,f,2026-05-07 21:29:41,2026-05-07 21:29:41,,Cash,OR-20260501-3362
3363,1690,Rent Payment - Billing #1690,FRNT-MAY2026-3363,Credit,Rent Payment,2026-05-01,10291.40,f,2026-05-07 21:29:41,2026-05-07 21:29:41,,Cash,OR-20260501-3363
3364,1691,Move-Out Settlement - Billing #1691,FRNT-MAY2026-3364,Credit,Rent Payment,2026-05-01,-8880.60,f,2026-05-07 21:29:41,2026-05-07 21:29:41,,GCash,OR-20260501-3364
3365,1692,Rent Payment - Billing #1692,FRNT-MAY2026-3365,Credit,Rent Payment,2026-05-01,10291.40,f,2026-05-07 21:29:41,2026-05-07 21:29:41,,Maya,OR-20260501-3365
3366,1693,Move-Out Settlement - Billing #1693,FRNT-MAY2026-3366,Credit,Rent Payment,2026-05-01,-8880.60,f,2026-05-07 21:29:41,2026-05-07 21:29:41,,Cash,OR-20260501-3366
3367,1694,Rent Payment - Billing #1694,FRNT-MAY2026-3367,Credit,Rent Payment,2026-05-01,14872.56,f,2026-05-07 21:29:41,2026-05-07 21:29:41,,Bank Transfer,OR-20260501-3367
3368,1695,Move-Out Settlement - Billing #1695,FRNT-MAY2026-3368,Credit,Rent Payment,2026-05-01,-12559.44,f,2026-05-07 21:29:41,2026-05-07 21:29:41,,Maya,OR-20260501-3368
