utility_bill_id,unit_id,utility_type,billing_period,total_amount,tenant_count,per_tenant_amount,entered_by,created_at,updated_at,deleted_at
1,23,electricity,2022-10-01,1768.32,1,1768.32,42,2026-05-07 21:26:09,2026-05-07 21:26:09,
2,23,electricity,2022-11-01,1261.80,1,1261.80,42,2026-05-07 21:26:10,2026-05-07 21:26:10,
3,23,water,2022-11-01,294.43,1,294.43,42,2026-05-07 21:26:10,2026-05-07 21:26:10,
4,23,electricity,2022-12-01,1310.71,1,1310.71,42,2026-05-07 21:26:10,2026-05-07 21:26:10,
5,23,electricity,2023-01-01,1601.94,2,800.97,42,2026-05-07 21:26:10,2026-05-07 21:26:10,
6,23,electricity,2023-02-01,1950.69,2,975.35,42,2026-05-07 21:26:10,2026-05-07 21:26:10,
7,23,water,2023-02-01,492.84,2,246.42,42,2026-05-07 21:26:10,2026-05-07 21:26:10,
8,23,electricity,2023-03-01,1499.88,2,749.94,42,2026-05-07 21:26:10,2026-05-07 21:26:10,
9,23,water,2023-03-01,409.15,2,204.58,42,2026-05-07 21:26:10,2026-05-07 21:26:10,
10,23,electricity,2023-04-01,1326.69,1,1326.69,42,2026-05-07 21:26:10,2026-05-07 21:26:10,
11,23,electricity,2023-05-01,1488.50,1,1488.50,42,2026-05-07 21:26:10,2026-05-07 21:26:10,
12,23,electricity,2023-06-01,2351.72,2,1175.86,42,2026-05-07 21:26:10,2026-05-07 21:26:10,
13,23,water,2023-06-01,299.93,2,149.97,42,2026-05-07 21:26:10,2026-05-07 21:26:10,
14,23,electricity,2023-07-01,1424.21,1,1424.21,42,2026-05-07 21:26:10,2026-05-07 21:26:10,
15,23,water,2023-07-01,402.12,1,402.12,42,2026-05-07 21:26:10,2026-05-07 21:26:10,
16,23,electricity,2023-08-01,2270.31,1,2270.31,42,2026-05-07 21:26:10,2026-05-07 21:26:10,
17,23,electricity,2023-09-01,1359.96,1,1359.96,42,2026-05-07 21:26:10,2026-05-07 21:26:10,
18,23,electricity,2023-10-01,2292.84,1,2292.84,42,2026-05-07 21:26:11,2026-05-07 21:26:11,
19,23,electricity,2023-11-01,1301.70,1,1301.70,42,2026-05-07 21:26:11,2026-05-07 21:26:11,
20,23,electricity,2023-12-01,1800.42,1,1800.42,42,2026-05-07 21:26:11,2026-05-07 21:26:11,
21,23,water,2023-12-01,465.82,1,465.82,42,2026-05-07 21:26:11,2026-05-07 21:26:11,
22,23,electricity,2024-01-01,1409.88,1,1409.88,42,2026-05-07 21:26:11,2026-05-07 21:26:11,
23,23,water,2024-01-01,469.42,1,469.42,42,2026-05-07 21:26:11,2026-05-07 21:26:11,
24,23,electricity,2024-02-01,2162.01,1,2162.01,42,2026-05-07 21:26:11,2026-05-07 21:26:11,
25,23,water,2024-02-01,257.45,1,257.45,42,2026-05-07 21:26:11,2026-05-07 21:26:11,
26,23,electricity,2024-03-01,2199.14,1,2199.14,42,2026-05-07 21:26:11,2026-05-07 21:26:11,
27,23,water,2024-03-01,305.90,1,305.90,42,2026-05-07 21:26:11,2026-05-07 21:26:11,
28,23,electricity,2024-04-01,1642.30,1,1642.30,42,2026-05-07 21:26:11,2026-05-07 21:26:11,
29,23,water,2024-04-01,360.36,1,360.36,42,2026-05-07 21:26:11,2026-05-07 21:26:11,
30,23,electricity,2024-05-01,2463.91,1,2463.91,42,2026-05-07 21:26:11,2026-05-07 21:26:11,
31,23,electricity,2024-06-01,2372.70,2,1186.35,42,2026-05-07 21:26:11,2026-05-07 21:26:11,
32,23,electricity,2024-07-01,1702.99,1,1702.99,42,2026-05-07 21:26:11,2026-05-07 21:26:11,
33,23,water,2024-07-01,203.56,1,203.56,42,2026-05-07 21:26:11,2026-05-07 21:26:11,
34,23,electricity,2024-08-01,2001.98,1,2001.98,42,2026-05-07 21:26:11,2026-05-07 21:26:11,
35,23,electricity,2024-09-01,1958.88,2,979.44,42,2026-05-07 21:26:11,2026-05-07 21:26:11,
36,23,water,2024-09-01,300.00,2,150.00,42,2026-05-07 21:26:11,2026-05-07 21:26:11,
37,23,electricity,2024-10-01,2103.39,1,2103.39,42,2026-05-07 21:26:12,2026-05-07 21:26:12,
38,23,water,2024-10-01,487.88,1,487.88,42,2026-05-07 21:26:12,2026-05-07 21:26:12,
39,23,electricity,2024-11-01,2272.19,1,2272.19,42,2026-05-07 21:26:12,2026-05-07 21:26:12,
40,23,water,2024-11-01,243.73,1,243.73,42,2026-05-07 21:26:12,2026-05-07 21:26:12,
41,23,electricity,2024-12-01,1646.57,2,823.29,42,2026-05-07 21:26:12,2026-05-07 21:26:12,
42,23,water,2024-12-01,450.90,2,225.45,42,2026-05-07 21:26:12,2026-05-07 21:26:12,
43,23,electricity,2025-01-01,1899.62,1,1899.62,42,2026-05-07 21:26:12,2026-05-07 21:26:12,
44,23,water,2025-01-01,274.85,1,274.85,42,2026-05-07 21:26:12,2026-05-07 21:26:12,
45,23,electricity,2025-02-01,1756.31,1,1756.31,42,2026-05-07 21:26:12,2026-05-07 21:26:12,
46,23,water,2025-02-01,495.85,1,495.85,42,2026-05-07 21:26:12,2026-05-07 21:26:12,
47,23,electricity,2025-03-01,1824.06,2,912.03,42,2026-05-07 21:26:12,2026-05-07 21:26:12,
48,23,water,2025-03-01,479.15,2,239.58,42,2026-05-07 21:26:12,2026-05-07 21:26:12,
49,23,electricity,2025-04-01,2095.18,1,2095.18,42,2026-05-07 21:26:12,2026-05-07 21:26:12,
50,23,electricity,2025-05-01,1990.64,1,1990.64,42,2026-05-07 21:26:12,2026-05-07 21:26:12,
51,23,electricity,2025-06-01,1342.26,1,1342.26,42,2026-05-07 21:26:12,2026-05-07 21:26:12,
52,23,electricity,2025-07-01,1568.30,1,1568.30,42,2026-05-07 21:26:13,2026-05-07 21:26:13,
53,23,water,2025-07-01,248.05,1,248.05,42,2026-05-07 21:26:13,2026-05-07 21:26:13,
54,23,electricity,2025-08-01,1458.76,1,1458.76,42,2026-05-07 21:26:13,2026-05-07 21:26:13,
55,23,water,2025-08-01,399.15,1,399.15,42,2026-05-07 21:26:13,2026-05-07 21:26:13,
56,23,electricity,2025-09-01,1714.92,2,857.46,42,2026-05-07 21:26:13,2026-05-07 21:26:13,
57,23,electricity,2025-10-01,2025.01,1,2025.01,42,2026-05-07 21:26:13,2026-05-07 21:26:13,
58,23,electricity,2025-11-01,1296.15,1,1296.15,42,2026-05-07 21:26:13,2026-05-07 21:26:13,
59,23,water,2025-11-01,210.99,1,210.99,42,2026-05-07 21:26:13,2026-05-07 21:26:13,
60,23,electricity,2025-12-01,1805.38,1,1805.38,42,2026-05-07 21:26:13,2026-05-07 21:26:13,
61,23,water,2025-12-01,257.89,1,257.89,42,2026-05-07 21:26:13,2026-05-07 21:26:13,
62,23,electricity,2026-01-01,1261.42,1,1261.42,42,2026-05-07 21:26:13,2026-05-07 21:26:13,
63,23,electricity,2026-02-01,2492.56,1,2492.56,42,2026-05-07 21:26:13,2026-05-07 21:26:13,
64,23,water,2026-02-01,346.77,1,346.77,42,2026-05-07 21:26:13,2026-05-07 21:26:13,
65,23,electricity,2026-03-01,2196.11,2,1098.06,42,2026-05-07 21:26:13,2026-05-07 21:26:13,
66,23,water,2026-03-01,266.09,2,133.05,42,2026-05-07 21:26:13,2026-05-07 21:26:13,
67,23,electricity,2026-04-01,1568.62,2,784.31,42,2026-05-07 21:26:13,2026-05-07 21:26:13,
68,23,electricity,2026-05-01,1305.27,1,1305.27,42,2026-05-07 21:26:13,2026-05-07 21:26:13,
69,39,electricity,2021-03-01,1584.01,1,1584.01,4,2026-05-07 21:26:14,2026-05-07 21:26:14,
70,39,water,2021-03-01,335.11,1,335.11,4,2026-05-07 21:26:14,2026-05-07 21:26:14,
71,39,electricity,2021-04-01,2390.84,2,1195.42,4,2026-05-07 21:26:14,2026-05-07 21:26:14,
72,39,water,2021-04-01,262.41,2,131.21,4,2026-05-07 21:26:14,2026-05-07 21:26:14,
73,39,electricity,2021-05-01,2285.92,2,1142.96,4,2026-05-07 21:26:14,2026-05-07 21:26:14,
74,39,water,2021-05-01,319.49,2,159.75,4,2026-05-07 21:26:14,2026-05-07 21:26:14,
75,39,electricity,2021-06-01,2406.77,2,1203.39,4,2026-05-07 21:26:14,2026-05-07 21:26:14,
76,39,electricity,2021-07-01,2036.60,2,1018.30,4,2026-05-07 21:26:14,2026-05-07 21:26:14,
77,39,electricity,2021-08-01,1928.64,1,1928.64,4,2026-05-07 21:26:14,2026-05-07 21:26:14,
78,39,electricity,2021-09-01,1865.81,1,1865.81,4,2026-05-07 21:26:14,2026-05-07 21:26:14,
79,39,water,2021-09-01,468.93,1,468.93,4,2026-05-07 21:26:14,2026-05-07 21:26:14,
80,39,electricity,2021-10-01,1422.46,1,1422.46,4,2026-05-07 21:26:14,2026-05-07 21:26:14,
81,39,water,2021-10-01,387.96,1,387.96,4,2026-05-07 21:26:14,2026-05-07 21:26:14,
82,39,electricity,2021-11-01,1655.42,1,1655.42,4,2026-05-07 21:26:14,2026-05-07 21:26:14,
83,39,water,2021-11-01,310.25,1,310.25,4,2026-05-07 21:26:14,2026-05-07 21:26:14,
84,39,electricity,2021-12-01,1315.62,1,1315.62,4,2026-05-07 21:26:14,2026-05-07 21:26:14,
85,39,water,2021-12-01,494.05,1,494.05,4,2026-05-07 21:26:14,2026-05-07 21:26:14,
86,39,electricity,2022-01-01,2013.41,2,1006.71,4,2026-05-07 21:26:14,2026-05-07 21:26:14,
87,39,electricity,2022-02-01,1766.66,1,1766.66,4,2026-05-07 21:26:15,2026-05-07 21:26:15,
88,39,water,2022-02-01,384.17,1,384.17,4,2026-05-07 21:26:15,2026-05-07 21:26:15,
89,39,electricity,2022-03-01,1357.73,1,1357.73,4,2026-05-07 21:26:15,2026-05-07 21:26:15,
90,39,water,2022-03-01,239.80,1,239.80,4,2026-05-07 21:26:15,2026-05-07 21:26:15,
91,39,electricity,2022-04-01,1322.14,1,1322.14,4,2026-05-07 21:26:15,2026-05-07 21:26:15,
92,39,water,2022-04-01,480.64,1,480.64,4,2026-05-07 21:26:15,2026-05-07 21:26:15,
93,39,electricity,2022-05-01,1568.33,1,1568.33,4,2026-05-07 21:26:15,2026-05-07 21:26:15,
94,39,water,2022-05-01,471.73,1,471.73,4,2026-05-07 21:26:15,2026-05-07 21:26:15,
95,39,electricity,2022-06-01,2153.92,1,2153.92,4,2026-05-07 21:26:15,2026-05-07 21:26:15,
96,39,water,2022-06-01,341.67,1,341.67,4,2026-05-07 21:26:15,2026-05-07 21:26:15,
97,39,electricity,2022-07-01,1768.50,2,884.25,4,2026-05-07 21:26:15,2026-05-07 21:26:15,
98,39,electricity,2022-08-01,2099.61,1,2099.61,4,2026-05-07 21:26:15,2026-05-07 21:26:15,
99,39,water,2022-08-01,381.42,1,381.42,4,2026-05-07 21:26:15,2026-05-07 21:26:15,
100,39,electricity,2022-09-01,2155.70,1,2155.70,4,2026-05-07 21:26:15,2026-05-07 21:26:15,
101,39,electricity,2022-10-01,2355.98,2,1177.99,4,2026-05-07 21:26:15,2026-05-07 21:26:15,
102,39,electricity,2022-11-01,1917.66,1,1917.66,4,2026-05-07 21:26:15,2026-05-07 21:26:15,
103,39,water,2022-11-01,443.22,1,443.22,4,2026-05-07 21:26:15,2026-05-07 21:26:15,
104,39,electricity,2022-12-01,1540.38,1,1540.38,4,2026-05-07 21:26:16,2026-05-07 21:26:16,
105,39,water,2022-12-01,345.99,1,345.99,4,2026-05-07 21:26:16,2026-05-07 21:26:16,
106,39,electricity,2023-01-01,1843.83,1,1843.83,4,2026-05-07 21:26:16,2026-05-07 21:26:16,
107,39,water,2023-01-01,341.26,1,341.26,4,2026-05-07 21:26:16,2026-05-07 21:26:16,
108,39,electricity,2023-02-01,2171.93,1,2171.93,4,2026-05-07 21:26:16,2026-05-07 21:26:16,
109,39,electricity,2023-03-01,2298.74,1,2298.74,4,2026-05-07 21:26:16,2026-05-07 21:26:16,
110,39,electricity,2023-04-01,1799.96,1,1799.96,4,2026-05-07 21:26:16,2026-05-07 21:26:16,
111,39,water,2023-04-01,344.81,1,344.81,4,2026-05-07 21:26:16,2026-05-07 21:26:16,
112,39,electricity,2023-05-01,2170.40,1,2170.40,4,2026-05-07 21:26:16,2026-05-07 21:26:16,
113,39,electricity,2023-06-01,1846.56,1,1846.56,4,2026-05-07 21:26:16,2026-05-07 21:26:16,
114,39,water,2023-06-01,414.33,1,414.33,4,2026-05-07 21:26:16,2026-05-07 21:26:16,
115,39,electricity,2023-07-01,2451.21,1,2451.21,4,2026-05-07 21:26:16,2026-05-07 21:26:16,
116,39,electricity,2023-08-01,1496.82,1,1496.82,4,2026-05-07 21:26:16,2026-05-07 21:26:16,
117,39,electricity,2023-09-01,1793.33,1,1793.33,4,2026-05-07 21:26:16,2026-05-07 21:26:16,
118,39,electricity,2023-10-01,1860.13,2,930.07,4,2026-05-07 21:26:16,2026-05-07 21:26:16,
119,39,electricity,2023-11-01,2334.39,1,2334.39,4,2026-05-07 21:26:17,2026-05-07 21:26:17,
120,39,electricity,2023-12-01,2186.02,1,2186.02,4,2026-05-07 21:26:17,2026-05-07 21:26:17,
121,39,electricity,2024-01-01,1538.99,1,1538.99,4,2026-05-07 21:26:17,2026-05-07 21:26:17,
122,39,electricity,2024-02-01,2351.52,1,2351.52,4,2026-05-07 21:26:17,2026-05-07 21:26:17,
123,39,electricity,2024-03-01,1517.17,1,1517.17,4,2026-05-07 21:26:17,2026-05-07 21:26:17,
124,39,electricity,2024-04-01,2220.34,2,1110.17,4,2026-05-07 21:26:17,2026-05-07 21:26:17,
125,39,water,2024-04-01,378.43,2,189.22,4,2026-05-07 21:26:17,2026-05-07 21:26:17,
126,39,electricity,2024-05-01,1292.01,1,1292.01,4,2026-05-07 21:26:17,2026-05-07 21:26:17,
127,39,water,2024-05-01,376.29,1,376.29,4,2026-05-07 21:26:17,2026-05-07 21:26:17,
128,39,electricity,2024-06-01,1621.66,1,1621.66,4,2026-05-07 21:26:17,2026-05-07 21:26:17,
129,39,electricity,2024-07-01,1568.56,2,784.28,4,2026-05-07 21:26:17,2026-05-07 21:26:17,
130,39,electricity,2024-08-01,1914.03,1,1914.03,4,2026-05-07 21:26:18,2026-05-07 21:26:18,
131,39,water,2024-08-01,459.47,1,459.47,4,2026-05-07 21:26:18,2026-05-07 21:26:18,
132,39,electricity,2024-09-01,1677.99,1,1677.99,4,2026-05-07 21:26:18,2026-05-07 21:26:18,
133,39,water,2024-09-01,427.55,1,427.55,4,2026-05-07 21:26:18,2026-05-07 21:26:18,
134,39,electricity,2024-10-01,1706.43,1,1706.43,4,2026-05-07 21:26:18,2026-05-07 21:26:18,
135,39,water,2024-10-01,210.08,1,210.08,4,2026-05-07 21:26:18,2026-05-07 21:26:18,
136,39,electricity,2024-11-01,1561.20,1,1561.20,4,2026-05-07 21:26:18,2026-05-07 21:26:18,
137,39,water,2024-11-01,450.67,1,450.67,4,2026-05-07 21:26:18,2026-05-07 21:26:18,
138,39,electricity,2024-12-01,1895.86,1,1895.86,4,2026-05-07 21:26:18,2026-05-07 21:26:18,
139,39,water,2024-12-01,200.32,1,200.32,4,2026-05-07 21:26:18,2026-05-07 21:26:18,
140,39,electricity,2025-01-01,1503.93,2,751.97,4,2026-05-07 21:26:18,2026-05-07 21:26:18,
141,39,water,2025-01-01,467.34,2,233.67,4,2026-05-07 21:26:18,2026-05-07 21:26:18,
142,39,electricity,2025-02-01,2313.50,1,2313.50,4,2026-05-07 21:26:18,2026-05-07 21:26:18,
143,39,electricity,2025-03-01,1774.30,1,1774.30,4,2026-05-07 21:26:18,2026-05-07 21:26:18,
144,39,electricity,2025-04-01,1411.28,1,1411.28,4,2026-05-07 21:26:18,2026-05-07 21:26:18,
145,39,electricity,2025-05-01,1844.26,1,1844.26,4,2026-05-07 21:26:18,2026-05-07 21:26:18,
146,39,water,2025-05-01,225.45,1,225.45,4,2026-05-07 21:26:18,2026-05-07 21:26:18,
147,39,electricity,2025-06-01,1331.83,1,1331.83,4,2026-05-07 21:26:18,2026-05-07 21:26:18,
148,39,electricity,2025-07-01,1619.22,1,1619.22,4,2026-05-07 21:26:19,2026-05-07 21:26:19,
149,39,electricity,2025-08-01,1930.08,1,1930.08,4,2026-05-07 21:26:19,2026-05-07 21:26:19,
150,39,water,2025-08-01,257.95,1,257.95,4,2026-05-07 21:26:19,2026-05-07 21:26:19,
151,39,electricity,2025-09-01,1844.37,1,1844.37,4,2026-05-07 21:26:19,2026-05-07 21:26:19,
152,39,electricity,2025-10-01,1301.18,1,1301.18,4,2026-05-07 21:26:19,2026-05-07 21:26:19,
153,39,water,2025-10-01,374.97,1,374.97,4,2026-05-07 21:26:19,2026-05-07 21:26:19,
154,39,electricity,2025-11-01,2304.57,1,2304.57,4,2026-05-07 21:26:19,2026-05-07 21:26:19,
155,39,water,2025-11-01,228.39,1,228.39,4,2026-05-07 21:26:19,2026-05-07 21:26:19,
156,39,electricity,2025-12-01,1726.34,1,1726.34,4,2026-05-07 21:26:19,2026-05-07 21:26:19,
157,39,electricity,2026-01-01,1467.44,2,733.72,4,2026-05-07 21:26:19,2026-05-07 21:26:19,
158,39,water,2026-01-01,455.63,2,227.82,4,2026-05-07 21:26:19,2026-05-07 21:26:19,
159,39,electricity,2026-02-01,1247.26,1,1247.26,4,2026-05-07 21:26:19,2026-05-07 21:26:19,
160,39,electricity,2026-03-01,1442.20,1,1442.20,4,2026-05-07 21:26:19,2026-05-07 21:26:19,
161,39,electricity,2026-04-01,1232.23,2,616.12,4,2026-05-07 21:26:19,2026-05-07 21:26:19,
162,39,water,2026-04-01,375.08,2,187.54,4,2026-05-07 21:26:19,2026-05-07 21:26:19,
163,39,electricity,2026-05-01,2072.48,2,1036.24,4,2026-05-07 21:26:19,2026-05-07 21:26:19,
164,39,water,2026-05-01,229.10,2,114.55,4,2026-05-07 21:26:19,2026-05-07 21:26:19,
165,11,electricity,2021-04-01,1579.15,1,1579.15,4,2026-05-07 21:26:20,2026-05-07 21:26:20,
166,11,electricity,2021-05-01,1622.07,1,1622.07,4,2026-05-07 21:26:20,2026-05-07 21:26:20,
167,11,water,2021-05-01,364.80,1,364.80,4,2026-05-07 21:26:20,2026-05-07 21:26:20,
168,11,electricity,2021-06-01,2078.49,1,2078.49,4,2026-05-07 21:26:20,2026-05-07 21:26:20,
169,11,water,2021-06-01,272.18,1,272.18,4,2026-05-07 21:26:20,2026-05-07 21:26:20,
170,11,electricity,2021-07-01,1899.28,1,1899.28,4,2026-05-07 21:26:20,2026-05-07 21:26:20,
171,11,water,2021-07-01,222.73,1,222.73,4,2026-05-07 21:26:20,2026-05-07 21:26:20,
172,11,electricity,2021-08-01,2206.86,1,2206.86,4,2026-05-07 21:26:20,2026-05-07 21:26:20,
173,11,electricity,2021-09-01,1939.17,1,1939.17,4,2026-05-07 21:26:20,2026-05-07 21:26:20,
174,11,electricity,2021-10-01,2349.11,1,2349.11,4,2026-05-07 21:26:20,2026-05-07 21:26:20,
175,11,water,2021-10-01,289.96,1,289.96,4,2026-05-07 21:26:20,2026-05-07 21:26:20,
176,11,electricity,2021-11-01,2119.16,1,2119.16,4,2026-05-07 21:26:20,2026-05-07 21:26:20,
177,11,electricity,2021-12-01,1212.81,1,1212.81,4,2026-05-07 21:26:21,2026-05-07 21:26:21,
178,11,electricity,2022-01-01,1240.43,1,1240.43,4,2026-05-07 21:26:21,2026-05-07 21:26:21,
179,11,water,2022-01-01,307.60,1,307.60,4,2026-05-07 21:26:21,2026-05-07 21:26:21,
180,11,electricity,2022-02-01,1964.81,1,1964.81,4,2026-05-07 21:26:21,2026-05-07 21:26:21,
181,11,electricity,2022-03-01,2352.63,1,2352.63,4,2026-05-07 21:26:21,2026-05-07 21:26:21,
182,11,water,2022-03-01,377.30,1,377.30,4,2026-05-07 21:26:21,2026-05-07 21:26:21,
183,11,electricity,2022-04-01,2339.80,2,1169.90,4,2026-05-07 21:26:21,2026-05-07 21:26:21,
184,11,water,2022-04-01,479.94,2,239.97,4,2026-05-07 21:26:21,2026-05-07 21:26:21,
185,11,electricity,2022-05-01,2386.71,2,1193.36,4,2026-05-07 21:26:21,2026-05-07 21:26:21,
186,11,electricity,2022-06-01,2487.05,1,2487.05,4,2026-05-07 21:26:21,2026-05-07 21:26:21,
187,11,electricity,2022-07-01,2011.17,1,2011.17,4,2026-05-07 21:26:21,2026-05-07 21:26:21,
188,11,electricity,2022-08-01,1228.20,2,614.10,4,2026-05-07 21:26:21,2026-05-07 21:26:21,
189,11,water,2022-08-01,218.88,2,109.44,4,2026-05-07 21:26:21,2026-05-07 21:26:21,
190,11,electricity,2022-09-01,2111.02,1,2111.02,4,2026-05-07 21:26:21,2026-05-07 21:26:21,
191,11,water,2022-09-01,494.81,1,494.81,4,2026-05-07 21:26:21,2026-05-07 21:26:21,
192,11,electricity,2022-10-01,1861.23,1,1861.23,4,2026-05-07 21:26:21,2026-05-07 21:26:21,
193,11,water,2022-10-01,480.56,1,480.56,4,2026-05-07 21:26:21,2026-05-07 21:26:21,
194,11,electricity,2022-11-01,1420.22,1,1420.22,4,2026-05-07 21:26:21,2026-05-07 21:26:21,
195,11,electricity,2022-12-01,1646.29,1,1646.29,4,2026-05-07 21:26:22,2026-05-07 21:26:22,
196,11,electricity,2023-01-01,2169.40,1,2169.40,4,2026-05-07 21:26:22,2026-05-07 21:26:22,
197,11,water,2023-01-01,369.69,1,369.69,4,2026-05-07 21:26:22,2026-05-07 21:26:22,
198,11,electricity,2023-02-01,1659.99,1,1659.99,4,2026-05-07 21:26:22,2026-05-07 21:26:22,
199,11,water,2023-02-01,276.24,1,276.24,4,2026-05-07 21:26:22,2026-05-07 21:26:22,
200,11,electricity,2023-03-01,1369.20,1,1369.20,4,2026-05-07 21:26:22,2026-05-07 21:26:22,
201,11,water,2023-03-01,459.91,1,459.91,4,2026-05-07 21:26:22,2026-05-07 21:26:22,
202,11,electricity,2023-04-01,1242.72,1,1242.72,4,2026-05-07 21:26:22,2026-05-07 21:26:22,
203,11,electricity,2023-05-01,1626.89,1,1626.89,4,2026-05-07 21:26:22,2026-05-07 21:26:22,
204,11,water,2023-05-01,347.25,1,347.25,4,2026-05-07 21:26:22,2026-05-07 21:26:22,
205,11,electricity,2023-06-01,2150.75,1,2150.75,4,2026-05-07 21:26:22,2026-05-07 21:26:22,
206,11,electricity,2023-07-01,2247.44,1,2247.44,4,2026-05-07 21:26:22,2026-05-07 21:26:22,
207,11,electricity,2023-08-01,2336.42,2,1168.21,4,2026-05-07 21:26:22,2026-05-07 21:26:22,
208,11,water,2023-08-01,344.17,2,172.09,4,2026-05-07 21:26:22,2026-05-07 21:26:22,
209,11,electricity,2023-09-01,1328.08,2,664.04,4,2026-05-07 21:26:22,2026-05-07 21:26:22,
210,11,water,2023-09-01,374.04,2,187.02,4,2026-05-07 21:26:22,2026-05-07 21:26:22,
211,11,electricity,2023-10-01,1284.28,1,1284.28,4,2026-05-07 21:26:22,2026-05-07 21:26:22,
212,11,electricity,2023-11-01,2258.60,1,2258.60,4,2026-05-07 21:26:22,2026-05-07 21:26:22,
213,11,water,2023-11-01,272.48,1,272.48,4,2026-05-07 21:26:22,2026-05-07 21:26:22,
214,11,electricity,2023-12-01,1572.99,2,786.50,4,2026-05-07 21:26:23,2026-05-07 21:26:23,
215,11,water,2023-12-01,380.89,2,190.45,4,2026-05-07 21:26:23,2026-05-07 21:26:23,
216,11,electricity,2024-01-01,1258.22,1,1258.22,4,2026-05-07 21:26:23,2026-05-07 21:26:23,
217,11,water,2024-01-01,488.86,1,488.86,4,2026-05-07 21:26:23,2026-05-07 21:26:23,
218,11,electricity,2024-02-01,2297.31,1,2297.31,4,2026-05-07 21:26:23,2026-05-07 21:26:23,
219,11,electricity,2024-03-01,2421.75,2,1210.88,4,2026-05-07 21:26:23,2026-05-07 21:26:23,
220,11,water,2024-03-01,341.46,2,170.73,4,2026-05-07 21:26:23,2026-05-07 21:26:23,
221,11,electricity,2024-04-01,1513.55,1,1513.55,4,2026-05-07 21:26:23,2026-05-07 21:26:23,
222,11,electricity,2024-05-01,1787.09,1,1787.09,4,2026-05-07 21:26:23,2026-05-07 21:26:23,
223,11,electricity,2024-06-01,1528.45,1,1528.45,4,2026-05-07 21:26:23,2026-05-07 21:26:23,
224,11,water,2024-06-01,412.38,1,412.38,4,2026-05-07 21:26:23,2026-05-07 21:26:23,
225,11,electricity,2024-07-01,2017.18,1,2017.18,4,2026-05-07 21:26:23,2026-05-07 21:26:23,
226,11,water,2024-07-01,400.51,1,400.51,4,2026-05-07 21:26:23,2026-05-07 21:26:23,
227,11,electricity,2024-08-01,1282.50,1,1282.50,4,2026-05-07 21:26:23,2026-05-07 21:26:23,
228,11,water,2024-08-01,485.15,1,485.15,4,2026-05-07 21:26:23,2026-05-07 21:26:23,
229,11,electricity,2024-09-01,1466.33,2,733.17,4,2026-05-07 21:26:23,2026-05-07 21:26:23,
230,11,water,2024-09-01,386.31,2,193.16,4,2026-05-07 21:26:23,2026-05-07 21:26:23,
231,11,electricity,2024-10-01,1966.28,2,983.14,4,2026-05-07 21:26:23,2026-05-07 21:26:23,
232,11,electricity,2024-11-01,1893.76,1,1893.76,4,2026-05-07 21:26:24,2026-05-07 21:26:24,
233,11,electricity,2024-12-01,1600.62,1,1600.62,4,2026-05-07 21:26:24,2026-05-07 21:26:24,
234,11,electricity,2025-01-01,1698.36,1,1698.36,4,2026-05-07 21:26:24,2026-05-07 21:26:24,
235,11,water,2025-01-01,300.16,1,300.16,4,2026-05-07 21:26:24,2026-05-07 21:26:24,
236,11,electricity,2025-02-01,1411.57,2,705.79,4,2026-05-07 21:26:24,2026-05-07 21:26:24,
237,11,water,2025-02-01,207.12,2,103.56,4,2026-05-07 21:26:24,2026-05-07 21:26:24,
238,11,electricity,2025-03-01,1910.90,2,955.45,4,2026-05-07 21:26:24,2026-05-07 21:26:24,
239,11,water,2025-03-01,221.97,2,110.99,4,2026-05-07 21:26:24,2026-05-07 21:26:24,
240,11,electricity,2025-04-01,1624.96,2,812.48,4,2026-05-07 21:26:24,2026-05-07 21:26:24,
241,11,water,2025-04-01,477.70,2,238.85,4,2026-05-07 21:26:24,2026-05-07 21:26:24,
242,11,electricity,2025-05-01,1941.60,3,647.20,4,2026-05-07 21:26:24,2026-05-07 21:26:24,
243,11,electricity,2025-06-01,1669.85,2,834.93,4,2026-05-07 21:26:24,2026-05-07 21:26:24,
244,11,electricity,2025-07-01,1705.48,2,852.74,4,2026-05-07 21:26:24,2026-05-07 21:26:24,
245,11,water,2025-07-01,222.76,2,111.38,4,2026-05-07 21:26:24,2026-05-07 21:26:24,
246,11,electricity,2025-08-01,1749.96,2,874.98,4,2026-05-07 21:26:24,2026-05-07 21:26:24,
247,11,water,2025-08-01,284.13,2,142.07,4,2026-05-07 21:26:24,2026-05-07 21:26:24,
248,11,electricity,2025-09-01,1516.44,2,758.22,4,2026-05-07 21:26:24,2026-05-07 21:26:24,
249,11,water,2025-09-01,380.48,2,190.24,4,2026-05-07 21:26:24,2026-05-07 21:26:24,
250,11,electricity,2025-10-01,1919.02,3,639.67,4,2026-05-07 21:26:25,2026-05-07 21:26:25,
251,11,water,2025-10-01,360.47,3,120.16,4,2026-05-07 21:26:25,2026-05-07 21:26:25,
252,11,electricity,2025-11-01,2010.98,2,1005.49,4,2026-05-07 21:26:25,2026-05-07 21:26:25,
253,11,electricity,2025-12-01,1296.25,2,648.13,4,2026-05-07 21:26:25,2026-05-07 21:26:25,
254,11,water,2025-12-01,229.32,2,114.66,4,2026-05-07 21:26:25,2026-05-07 21:26:25,
255,11,electricity,2026-01-01,1623.82,2,811.91,4,2026-05-07 21:26:25,2026-05-07 21:26:25,
256,11,water,2026-01-01,326.75,2,163.38,4,2026-05-07 21:26:25,2026-05-07 21:26:25,
257,11,electricity,2026-02-01,1438.64,2,719.32,4,2026-05-07 21:26:25,2026-05-07 21:26:25,
258,11,water,2026-02-01,441.60,2,220.80,4,2026-05-07 21:26:25,2026-05-07 21:26:25,
259,11,electricity,2026-03-01,2380.90,2,1190.45,4,2026-05-07 21:26:25,2026-05-07 21:26:25,
260,11,electricity,2026-04-01,1593.85,2,796.93,4,2026-05-07 21:26:25,2026-05-07 21:26:25,
261,11,water,2026-04-01,291.54,2,145.77,4,2026-05-07 21:26:25,2026-05-07 21:26:25,
262,11,electricity,2026-05-01,1349.26,3,449.75,4,2026-05-07 21:26:26,2026-05-07 21:26:26,
263,11,water,2026-05-01,390.99,3,130.33,4,2026-05-07 21:26:26,2026-05-07 21:26:26,
264,8,electricity,2021-09-01,1753.67,1,1753.67,3,2026-05-07 21:26:26,2026-05-07 21:26:26,
265,8,water,2021-09-01,416.62,1,416.62,3,2026-05-07 21:26:26,2026-05-07 21:26:26,
266,8,electricity,2021-10-01,1795.95,1,1795.95,3,2026-05-07 21:26:26,2026-05-07 21:26:26,
267,8,water,2021-10-01,371.04,1,371.04,3,2026-05-07 21:26:26,2026-05-07 21:26:26,
268,8,electricity,2021-11-01,2061.05,1,2061.05,3,2026-05-07 21:26:26,2026-05-07 21:26:26,
269,8,water,2021-11-01,364.42,1,364.42,3,2026-05-07 21:26:26,2026-05-07 21:26:26,
270,8,electricity,2021-12-01,1717.33,2,858.67,3,2026-05-07 21:26:26,2026-05-07 21:26:26,
271,8,electricity,2022-01-01,1661.62,2,830.81,3,2026-05-07 21:26:26,2026-05-07 21:26:26,
272,8,water,2022-01-01,313.74,2,156.87,3,2026-05-07 21:26:26,2026-05-07 21:26:26,
273,8,electricity,2022-02-01,1885.26,2,942.63,3,2026-05-07 21:26:26,2026-05-07 21:26:26,
274,8,electricity,2022-03-01,2259.52,2,1129.76,3,2026-05-07 21:26:26,2026-05-07 21:26:26,
275,8,water,2022-03-01,431.12,2,215.56,3,2026-05-07 21:26:26,2026-05-07 21:26:26,
276,8,electricity,2022-04-01,1861.06,3,620.35,3,2026-05-07 21:26:26,2026-05-07 21:26:26,
277,8,water,2022-04-01,364.38,3,121.46,3,2026-05-07 21:26:26,2026-05-07 21:26:26,
278,8,electricity,2022-05-01,2395.45,3,798.48,3,2026-05-07 21:26:27,2026-05-07 21:26:27,
279,8,electricity,2022-06-01,2405.22,2,1202.61,3,2026-05-07 21:26:27,2026-05-07 21:26:27,
280,8,water,2022-06-01,440.53,2,220.27,3,2026-05-07 21:26:27,2026-05-07 21:26:27,
281,8,electricity,2022-07-01,1674.82,2,837.41,3,2026-05-07 21:26:27,2026-05-07 21:26:27,
282,8,electricity,2022-08-01,1642.98,2,821.49,3,2026-05-07 21:26:27,2026-05-07 21:26:27,
283,8,water,2022-08-01,493.83,2,246.92,3,2026-05-07 21:26:27,2026-05-07 21:26:27,
284,8,electricity,2022-09-01,2212.69,2,1106.35,3,2026-05-07 21:26:27,2026-05-07 21:26:27,
285,8,water,2022-09-01,224.52,2,112.26,3,2026-05-07 21:26:27,2026-05-07 21:26:27,
286,8,electricity,2022-10-01,1700.96,2,850.48,3,2026-05-07 21:26:27,2026-05-07 21:26:27,
287,8,electricity,2022-11-01,2088.21,2,1044.11,3,2026-05-07 21:26:27,2026-05-07 21:26:27,
288,8,water,2022-11-01,346.56,2,173.28,3,2026-05-07 21:26:27,2026-05-07 21:26:27,
289,8,electricity,2022-12-01,1976.30,3,658.77,3,2026-05-07 21:26:27,2026-05-07 21:26:27,
290,8,water,2022-12-01,375.23,3,125.08,3,2026-05-07 21:26:27,2026-05-07 21:26:27,
291,8,electricity,2023-01-01,2433.61,3,811.20,3,2026-05-07 21:26:28,2026-05-07 21:26:28,
292,8,electricity,2023-02-01,2272.13,2,1136.07,3,2026-05-07 21:26:28,2026-05-07 21:26:28,
293,8,water,2023-02-01,437.42,2,218.71,3,2026-05-07 21:26:28,2026-05-07 21:26:28,
294,8,electricity,2023-03-01,1656.99,2,828.50,3,2026-05-07 21:26:28,2026-05-07 21:26:28,
295,8,water,2023-03-01,371.92,2,185.96,3,2026-05-07 21:26:28,2026-05-07 21:26:28,
296,8,electricity,2023-04-01,2064.57,2,1032.29,3,2026-05-07 21:26:28,2026-05-07 21:26:28,
297,8,electricity,2023-05-01,1686.54,3,562.18,3,2026-05-07 21:26:28,2026-05-07 21:26:28,
298,8,water,2023-05-01,463.45,3,154.48,3,2026-05-07 21:26:28,2026-05-07 21:26:28,
299,8,electricity,2023-06-01,2405.24,3,801.75,3,2026-05-07 21:26:28,2026-05-07 21:26:28,
300,8,water,2023-06-01,356.45,3,118.82,3,2026-05-07 21:26:28,2026-05-07 21:26:28,
301,8,electricity,2023-07-01,1477.34,3,492.45,3,2026-05-07 21:26:28,2026-05-07 21:26:28,
302,8,electricity,2023-08-01,1746.24,2,873.12,3,2026-05-07 21:26:28,2026-05-07 21:26:28,
303,8,water,2023-08-01,276.56,2,138.28,3,2026-05-07 21:26:28,2026-05-07 21:26:28,
304,8,electricity,2023-09-01,2358.20,2,1179.10,3,2026-05-07 21:26:28,2026-05-07 21:26:28,
305,8,water,2023-09-01,395.67,2,197.84,3,2026-05-07 21:26:28,2026-05-07 21:26:28,
306,8,electricity,2023-10-01,1629.35,2,814.68,3,2026-05-07 21:26:29,2026-05-07 21:26:29,
307,8,water,2023-10-01,341.97,2,170.99,3,2026-05-07 21:26:29,2026-05-07 21:26:29,
308,8,electricity,2023-11-01,2013.08,2,1006.54,3,2026-05-07 21:26:29,2026-05-07 21:26:29,
309,8,electricity,2023-12-01,1859.18,2,929.59,3,2026-05-07 21:26:29,2026-05-07 21:26:29,
310,8,electricity,2024-01-01,2306.93,4,576.73,3,2026-05-07 21:26:29,2026-05-07 21:26:29,
311,8,electricity,2024-02-01,1739.61,2,869.81,3,2026-05-07 21:26:29,2026-05-07 21:26:29,
312,8,water,2024-02-01,442.58,2,221.29,3,2026-05-07 21:26:29,2026-05-07 21:26:29,
313,8,electricity,2024-03-01,1852.89,2,926.45,3,2026-05-07 21:26:29,2026-05-07 21:26:29,
314,8,water,2024-03-01,391.78,2,195.89,3,2026-05-07 21:26:29,2026-05-07 21:26:29,
315,8,electricity,2024-04-01,2464.50,3,821.50,3,2026-05-07 21:26:29,2026-05-07 21:26:29,
316,8,electricity,2024-05-01,2056.50,3,685.50,3,2026-05-07 21:26:29,2026-05-07 21:26:29,
317,8,water,2024-05-01,213.48,3,71.16,3,2026-05-07 21:26:29,2026-05-07 21:26:29,
318,8,electricity,2024-06-01,2293.61,2,1146.81,3,2026-05-07 21:26:29,2026-05-07 21:26:29,
319,8,electricity,2024-07-01,2462.75,2,1231.38,3,2026-05-07 21:26:30,2026-05-07 21:26:30,
320,8,water,2024-07-01,370.96,2,185.48,3,2026-05-07 21:26:30,2026-05-07 21:26:30,
321,8,electricity,2024-08-01,1713.50,2,856.75,3,2026-05-07 21:26:30,2026-05-07 21:26:30,
322,8,water,2024-08-01,445.71,2,222.86,3,2026-05-07 21:26:30,2026-05-07 21:26:30,
323,8,electricity,2024-09-01,2245.29,2,1122.65,3,2026-05-07 21:26:30,2026-05-07 21:26:30,
324,8,water,2024-09-01,277.73,2,138.87,3,2026-05-07 21:26:30,2026-05-07 21:26:30,
325,8,electricity,2024-10-01,1341.50,2,670.75,3,2026-05-07 21:26:30,2026-05-07 21:26:30,
326,8,electricity,2024-11-01,1225.70,3,408.57,3,2026-05-07 21:26:30,2026-05-07 21:26:30,
327,8,electricity,2024-12-01,2077.25,2,1038.63,3,2026-05-07 21:26:30,2026-05-07 21:26:30,
328,8,water,2024-12-01,374.81,2,187.41,3,2026-05-07 21:26:30,2026-05-07 21:26:30,
329,8,electricity,2025-01-01,1235.62,3,411.87,3,2026-05-07 21:26:30,2026-05-07 21:26:30,
330,8,water,2025-01-01,450.66,3,150.22,3,2026-05-07 21:26:30,2026-05-07 21:26:30,
331,8,electricity,2025-02-01,2391.67,3,797.22,3,2026-05-07 21:26:30,2026-05-07 21:26:30,
332,8,water,2025-02-01,430.97,3,143.66,3,2026-05-07 21:26:30,2026-05-07 21:26:30,
333,8,electricity,2025-03-01,1889.01,3,629.67,3,2026-05-07 21:26:30,2026-05-07 21:26:30,
334,8,electricity,2025-04-01,1478.41,4,369.60,3,2026-05-07 21:26:30,2026-05-07 21:26:30,
335,8,water,2025-04-01,311.31,4,77.83,3,2026-05-07 21:26:30,2026-05-07 21:26:30,
336,8,electricity,2025-05-01,1225.89,4,306.47,3,2026-05-07 21:26:31,2026-05-07 21:26:31,
337,8,water,2025-05-01,284.80,4,71.20,3,2026-05-07 21:26:31,2026-05-07 21:26:31,
338,8,electricity,2025-06-01,2287.67,3,762.56,3,2026-05-07 21:26:31,2026-05-07 21:26:31,
339,8,electricity,2025-07-01,1644.20,4,411.05,3,2026-05-07 21:26:31,2026-05-07 21:26:31,
340,8,electricity,2025-08-01,1648.21,3,549.40,3,2026-05-07 21:26:31,2026-05-07 21:26:31,
341,8,water,2025-08-01,380.05,3,126.68,3,2026-05-07 21:26:31,2026-05-07 21:26:31,
342,8,electricity,2025-09-01,1351.30,4,337.83,3,2026-05-07 21:26:31,2026-05-07 21:26:31,
343,8,electricity,2025-10-01,1805.34,3,601.78,3,2026-05-07 21:26:31,2026-05-07 21:26:31,
344,8,electricity,2025-11-01,1370.75,4,342.69,3,2026-05-07 21:26:31,2026-05-07 21:26:31,
345,8,electricity,2025-12-01,1225.87,3,408.62,3,2026-05-07 21:26:32,2026-05-07 21:26:32,
346,8,electricity,2026-01-01,2396.39,4,599.10,3,2026-05-07 21:26:32,2026-05-07 21:26:32,
347,8,electricity,2026-02-01,2410.02,3,803.34,3,2026-05-07 21:26:32,2026-05-07 21:26:32,
348,8,electricity,2026-03-01,2123.06,3,707.69,3,2026-05-07 21:26:32,2026-05-07 21:26:32,
349,8,water,2026-03-01,378.22,3,126.07,3,2026-05-07 21:26:32,2026-05-07 21:26:32,
350,8,electricity,2026-04-01,1228.98,3,409.66,3,2026-05-07 21:26:32,2026-05-07 21:26:32,
351,8,electricity,2026-05-01,1598.07,4,399.52,3,2026-05-07 21:26:32,2026-05-07 21:26:32,
352,8,water,2026-05-01,414.39,4,103.60,3,2026-05-07 21:26:32,2026-05-07 21:26:32,
353,19,electricity,2023-03-01,2453.00,1,2453.00,42,2026-05-07 21:26:32,2026-05-07 21:26:32,
354,19,electricity,2023-04-01,2350.13,1,2350.13,42,2026-05-07 21:26:32,2026-05-07 21:26:32,
355,19,electricity,2023-05-01,2011.86,1,2011.86,42,2026-05-07 21:26:32,2026-05-07 21:26:32,
356,19,water,2023-05-01,465.76,1,465.76,42,2026-05-07 21:26:32,2026-05-07 21:26:32,
357,19,electricity,2023-06-01,2320.26,1,2320.26,42,2026-05-07 21:26:32,2026-05-07 21:26:32,
358,19,water,2023-06-01,421.25,1,421.25,42,2026-05-07 21:26:32,2026-05-07 21:26:32,
359,19,electricity,2023-07-01,1346.70,1,1346.70,42,2026-05-07 21:26:33,2026-05-07 21:26:33,
360,19,water,2023-07-01,494.05,1,494.05,42,2026-05-07 21:26:33,2026-05-07 21:26:33,
361,19,electricity,2023-08-01,1553.35,1,1553.35,42,2026-05-07 21:26:33,2026-05-07 21:26:33,
362,19,water,2023-08-01,363.05,1,363.05,42,2026-05-07 21:26:33,2026-05-07 21:26:33,
363,19,electricity,2023-09-01,1294.46,2,647.23,42,2026-05-07 21:26:33,2026-05-07 21:26:33,
364,19,water,2023-09-01,470.44,2,235.22,42,2026-05-07 21:26:33,2026-05-07 21:26:33,
365,19,electricity,2023-10-01,1656.08,2,828.04,42,2026-05-07 21:26:33,2026-05-07 21:26:33,
366,19,water,2023-10-01,355.55,2,177.78,42,2026-05-07 21:26:33,2026-05-07 21:26:33,
367,19,electricity,2023-11-01,1446.75,2,723.38,42,2026-05-07 21:26:33,2026-05-07 21:26:33,
368,19,electricity,2023-12-01,1432.72,1,1432.72,42,2026-05-07 21:26:33,2026-05-07 21:26:33,
369,19,water,2023-12-01,210.26,1,210.26,42,2026-05-07 21:26:33,2026-05-07 21:26:33,
370,19,electricity,2024-01-01,2496.21,1,2496.21,42,2026-05-07 21:26:33,2026-05-07 21:26:33,
371,19,water,2024-01-01,484.49,1,484.49,42,2026-05-07 21:26:33,2026-05-07 21:26:33,
372,19,electricity,2024-02-01,1771.57,2,885.79,42,2026-05-07 21:26:33,2026-05-07 21:26:33,
373,19,electricity,2024-03-01,1377.90,1,1377.90,42,2026-05-07 21:26:33,2026-05-07 21:26:33,
374,19,water,2024-03-01,277.03,1,277.03,42,2026-05-07 21:26:33,2026-05-07 21:26:33,
375,19,electricity,2024-04-01,2449.28,1,2449.28,42,2026-05-07 21:26:33,2026-05-07 21:26:33,
376,19,water,2024-04-01,487.63,1,487.63,42,2026-05-07 21:26:33,2026-05-07 21:26:33,
377,19,electricity,2024-05-01,1474.88,1,1474.88,42,2026-05-07 21:26:33,2026-05-07 21:26:33,
378,19,water,2024-05-01,378.37,1,378.37,42,2026-05-07 21:26:33,2026-05-07 21:26:33,
379,19,electricity,2024-06-01,1585.91,1,1585.91,42,2026-05-07 21:26:33,2026-05-07 21:26:33,
380,19,water,2024-06-01,461.65,1,461.65,42,2026-05-07 21:26:33,2026-05-07 21:26:33,
381,19,electricity,2024-07-01,1515.45,1,1515.45,42,2026-05-07 21:26:34,2026-05-07 21:26:34,
382,19,water,2024-07-01,224.20,1,224.20,42,2026-05-07 21:26:34,2026-05-07 21:26:34,
383,19,electricity,2024-08-01,1280.02,2,640.01,42,2026-05-07 21:26:34,2026-05-07 21:26:34,
384,19,water,2024-08-01,208.26,2,104.13,42,2026-05-07 21:26:34,2026-05-07 21:26:34,
385,19,electricity,2024-09-01,1257.48,1,1257.48,42,2026-05-07 21:26:34,2026-05-07 21:26:34,
386,19,water,2024-09-01,420.68,1,420.68,42,2026-05-07 21:26:34,2026-05-07 21:26:34,
387,19,electricity,2024-10-01,1687.08,1,1687.08,42,2026-05-07 21:26:34,2026-05-07 21:26:34,
388,19,water,2024-10-01,469.16,1,469.16,42,2026-05-07 21:26:34,2026-05-07 21:26:34,
389,19,electricity,2024-11-01,2323.06,1,2323.06,42,2026-05-07 21:26:34,2026-05-07 21:26:34,
390,19,electricity,2024-12-01,1683.40,1,1683.40,42,2026-05-07 21:26:34,2026-05-07 21:26:34,
391,19,water,2024-12-01,391.18,1,391.18,42,2026-05-07 21:26:34,2026-05-07 21:26:34,
392,19,electricity,2025-01-01,1241.79,1,1241.79,42,2026-05-07 21:26:34,2026-05-07 21:26:34,
393,19,electricity,2025-02-01,1422.32,2,711.16,42,2026-05-07 21:26:34,2026-05-07 21:26:34,
394,19,electricity,2025-03-01,1805.35,1,1805.35,42,2026-05-07 21:26:34,2026-05-07 21:26:34,
395,19,water,2025-03-01,467.67,1,467.67,42,2026-05-07 21:26:34,2026-05-07 21:26:34,
396,19,electricity,2025-04-01,1350.75,1,1350.75,42,2026-05-07 21:26:34,2026-05-07 21:26:34,
397,19,electricity,2025-05-01,2106.03,2,1053.02,42,2026-05-07 21:26:34,2026-05-07 21:26:34,
398,19,electricity,2025-06-01,2207.54,1,2207.54,42,2026-05-07 21:26:34,2026-05-07 21:26:34,
399,19,water,2025-06-01,421.14,1,421.14,42,2026-05-07 21:26:34,2026-05-07 21:26:34,
400,19,electricity,2025-07-01,1215.69,1,1215.69,42,2026-05-07 21:26:35,2026-05-07 21:26:35,
401,19,electricity,2025-08-01,1918.70,1,1918.70,42,2026-05-07 21:26:35,2026-05-07 21:26:35,
402,19,electricity,2025-09-01,2186.03,1,2186.03,42,2026-05-07 21:26:35,2026-05-07 21:26:35,
403,19,water,2025-09-01,232.25,1,232.25,42,2026-05-07 21:26:35,2026-05-07 21:26:35,
404,19,electricity,2025-10-01,2399.40,1,2399.40,42,2026-05-07 21:26:35,2026-05-07 21:26:35,
405,19,water,2025-10-01,265.24,1,265.24,42,2026-05-07 21:26:35,2026-05-07 21:26:35,
406,19,electricity,2025-11-01,1827.84,1,1827.84,42,2026-05-07 21:26:35,2026-05-07 21:26:35,
407,19,electricity,2025-12-01,1335.77,1,1335.77,42,2026-05-07 21:26:35,2026-05-07 21:26:35,
408,19,electricity,2026-01-01,1778.57,1,1778.57,42,2026-05-07 21:26:35,2026-05-07 21:26:35,
409,19,water,2026-01-01,489.06,1,489.06,42,2026-05-07 21:26:35,2026-05-07 21:26:35,
410,19,electricity,2026-02-01,2264.95,1,2264.95,42,2026-05-07 21:26:35,2026-05-07 21:26:35,
411,19,water,2026-02-01,284.33,1,284.33,42,2026-05-07 21:26:35,2026-05-07 21:26:35,
412,19,electricity,2026-03-01,1717.96,1,1717.96,42,2026-05-07 21:26:35,2026-05-07 21:26:35,
413,19,water,2026-03-01,271.56,1,271.56,42,2026-05-07 21:26:35,2026-05-07 21:26:35,
414,19,electricity,2026-04-01,2167.30,1,2167.30,42,2026-05-07 21:26:35,2026-05-07 21:26:35,
415,19,electricity,2026-05-01,1624.92,2,812.46,42,2026-05-07 21:26:35,2026-05-07 21:26:35,
416,25,electricity,2023-01-01,2420.59,1,2420.59,43,2026-05-07 21:26:35,2026-05-07 21:26:35,
417,25,water,2023-01-01,222.83,1,222.83,43,2026-05-07 21:26:35,2026-05-07 21:26:35,
418,25,electricity,2023-02-01,1677.66,1,1677.66,43,2026-05-07 21:26:35,2026-05-07 21:26:35,
419,25,water,2023-02-01,461.99,1,461.99,43,2026-05-07 21:26:35,2026-05-07 21:26:35,
420,25,electricity,2023-03-01,2258.18,1,2258.18,43,2026-05-07 21:26:36,2026-05-07 21:26:36,
421,25,water,2023-03-01,366.78,1,366.78,43,2026-05-07 21:26:36,2026-05-07 21:26:36,
422,25,electricity,2023-04-01,1570.09,2,785.05,43,2026-05-07 21:26:36,2026-05-07 21:26:36,
423,25,water,2023-04-01,303.60,2,151.80,43,2026-05-07 21:26:36,2026-05-07 21:26:36,
424,25,electricity,2023-05-01,1645.39,1,1645.39,43,2026-05-07 21:26:36,2026-05-07 21:26:36,
425,25,water,2023-05-01,466.91,1,466.91,43,2026-05-07 21:26:36,2026-05-07 21:26:36,
426,25,electricity,2023-06-01,2159.52,1,2159.52,43,2026-05-07 21:26:36,2026-05-07 21:26:36,
427,25,water,2023-06-01,219.55,1,219.55,43,2026-05-07 21:26:36,2026-05-07 21:26:36,
428,25,electricity,2023-07-01,1372.95,2,686.48,43,2026-05-07 21:26:36,2026-05-07 21:26:36,
429,25,water,2023-07-01,476.34,2,238.17,43,2026-05-07 21:26:36,2026-05-07 21:26:36,
430,25,electricity,2023-08-01,2000.66,2,1000.33,43,2026-05-07 21:26:36,2026-05-07 21:26:36,
431,25,water,2023-08-01,267.33,2,133.67,43,2026-05-07 21:26:36,2026-05-07 21:26:36,
432,25,electricity,2023-09-01,1698.64,2,849.32,43,2026-05-07 21:26:36,2026-05-07 21:26:36,
433,25,electricity,2023-10-01,2147.82,2,1073.91,43,2026-05-07 21:26:36,2026-05-07 21:26:36,
434,25,electricity,2023-11-01,1917.20,2,958.60,43,2026-05-07 21:26:36,2026-05-07 21:26:36,
435,25,water,2023-11-01,407.66,2,203.83,43,2026-05-07 21:26:36,2026-05-07 21:26:36,
436,25,electricity,2023-12-01,2352.11,2,1176.06,43,2026-05-07 21:26:36,2026-05-07 21:26:36,
437,25,electricity,2024-01-01,1313.15,2,656.58,43,2026-05-07 21:26:36,2026-05-07 21:26:36,
438,25,water,2024-01-01,341.75,2,170.88,43,2026-05-07 21:26:36,2026-05-07 21:26:36,
439,25,electricity,2024-02-01,1249.59,2,624.80,43,2026-05-07 21:26:37,2026-05-07 21:26:37,
440,25,water,2024-02-01,231.11,2,115.56,43,2026-05-07 21:26:37,2026-05-07 21:26:37,
441,25,electricity,2024-03-01,1361.72,2,680.86,43,2026-05-07 21:26:37,2026-05-07 21:26:37,
442,25,water,2024-03-01,419.22,2,209.61,43,2026-05-07 21:26:37,2026-05-07 21:26:37,
443,25,electricity,2024-04-01,1539.91,3,513.30,43,2026-05-07 21:26:37,2026-05-07 21:26:37,
444,25,water,2024-04-01,362.24,3,120.75,43,2026-05-07 21:26:37,2026-05-07 21:26:37,
445,25,electricity,2024-05-01,1403.83,2,701.92,43,2026-05-07 21:26:37,2026-05-07 21:26:37,
446,25,water,2024-05-01,226.19,2,113.10,43,2026-05-07 21:26:37,2026-05-07 21:26:37,
447,25,electricity,2024-06-01,1350.43,2,675.22,43,2026-05-07 21:26:37,2026-05-07 21:26:37,
448,25,water,2024-06-01,479.67,2,239.84,43,2026-05-07 21:26:37,2026-05-07 21:26:37,
449,25,electricity,2024-07-01,1658.33,3,552.78,43,2026-05-07 21:26:37,2026-05-07 21:26:37,
450,25,electricity,2024-08-01,1652.12,2,826.06,43,2026-05-07 21:26:37,2026-05-07 21:26:37,
451,25,water,2024-08-01,208.51,2,104.26,43,2026-05-07 21:26:37,2026-05-07 21:26:37,
452,25,electricity,2024-09-01,1866.12,2,933.06,43,2026-05-07 21:26:37,2026-05-07 21:26:37,
453,25,electricity,2024-10-01,1662.46,3,554.15,43,2026-05-07 21:26:37,2026-05-07 21:26:37,
454,25,electricity,2024-11-01,1276.24,2,638.12,43,2026-05-07 21:26:37,2026-05-07 21:26:37,
455,25,water,2024-11-01,358.31,2,179.16,43,2026-05-07 21:26:37,2026-05-07 21:26:37,
456,25,electricity,2024-12-01,1913.60,2,956.80,43,2026-05-07 21:26:37,2026-05-07 21:26:37,
457,25,water,2024-12-01,287.26,2,143.63,43,2026-05-07 21:26:37,2026-05-07 21:26:37,
458,25,electricity,2025-01-01,2121.91,2,1060.96,43,2026-05-07 21:26:38,2026-05-07 21:26:38,
459,25,electricity,2025-02-01,1779.16,2,889.58,43,2026-05-07 21:26:38,2026-05-07 21:26:38,
460,25,water,2025-02-01,377.54,2,188.77,43,2026-05-07 21:26:38,2026-05-07 21:26:38,
461,25,electricity,2025-03-01,1605.98,2,802.99,43,2026-05-07 21:26:38,2026-05-07 21:26:38,
462,25,water,2025-03-01,375.75,2,187.88,43,2026-05-07 21:26:38,2026-05-07 21:26:38,
463,25,electricity,2025-04-01,1905.25,3,635.08,43,2026-05-07 21:26:38,2026-05-07 21:26:38,
464,25,water,2025-04-01,211.99,3,70.66,43,2026-05-07 21:26:38,2026-05-07 21:26:38,
465,25,electricity,2025-05-01,1650.21,2,825.11,43,2026-05-07 21:26:38,2026-05-07 21:26:38,
466,25,water,2025-05-01,490.33,2,245.17,43,2026-05-07 21:26:38,2026-05-07 21:26:38,
467,25,electricity,2025-06-01,1540.48,2,770.24,43,2026-05-07 21:26:38,2026-05-07 21:26:38,
468,25,electricity,2025-07-01,2256.72,3,752.24,43,2026-05-07 21:26:38,2026-05-07 21:26:38,
469,25,water,2025-07-01,362.59,3,120.86,43,2026-05-07 21:26:38,2026-05-07 21:26:38,
470,25,electricity,2025-08-01,1372.36,2,686.18,43,2026-05-07 21:26:38,2026-05-07 21:26:38,
471,25,water,2025-08-01,419.16,2,209.58,43,2026-05-07 21:26:38,2026-05-07 21:26:38,
472,25,electricity,2025-09-01,1532.11,2,766.06,43,2026-05-07 21:26:38,2026-05-07 21:26:38,
473,25,electricity,2025-10-01,1339.69,2,669.85,43,2026-05-07 21:26:38,2026-05-07 21:26:38,
474,25,electricity,2025-11-01,1834.47,2,917.24,43,2026-05-07 21:26:38,2026-05-07 21:26:38,
475,25,water,2025-11-01,257.26,2,128.63,43,2026-05-07 21:26:38,2026-05-07 21:26:38,
476,25,electricity,2025-12-01,1775.96,2,887.98,43,2026-05-07 21:26:38,2026-05-07 21:26:38,
477,25,water,2025-12-01,381.95,2,190.98,43,2026-05-07 21:26:38,2026-05-07 21:26:38,
478,25,electricity,2026-01-01,1632.27,2,816.14,43,2026-05-07 21:26:39,2026-05-07 21:26:39,
479,25,electricity,2026-02-01,1776.63,2,888.32,43,2026-05-07 21:26:39,2026-05-07 21:26:39,
480,25,water,2026-02-01,257.64,2,128.82,43,2026-05-07 21:26:39,2026-05-07 21:26:39,
481,25,electricity,2026-03-01,1877.41,2,938.71,43,2026-05-07 21:26:39,2026-05-07 21:26:39,
482,25,electricity,2026-04-01,2463.93,3,821.31,43,2026-05-07 21:26:39,2026-05-07 21:26:39,
483,25,electricity,2026-05-01,1367.21,2,683.61,43,2026-05-07 21:26:39,2026-05-07 21:26:39,
484,25,water,2026-05-01,319.63,2,159.82,43,2026-05-07 21:26:39,2026-05-07 21:26:39,
485,34,electricity,2024-01-01,1657.67,1,1657.67,43,2026-05-07 21:26:39,2026-05-07 21:26:39,
486,34,water,2024-01-01,354.49,1,354.49,43,2026-05-07 21:26:39,2026-05-07 21:26:39,
487,34,electricity,2024-02-01,1256.21,2,628.11,43,2026-05-07 21:26:39,2026-05-07 21:26:39,
488,34,electricity,2024-03-01,2459.57,1,2459.57,43,2026-05-07 21:26:39,2026-05-07 21:26:39,
489,34,water,2024-03-01,372.73,1,372.73,43,2026-05-07 21:26:39,2026-05-07 21:26:39,
490,34,electricity,2024-04-01,2180.49,1,2180.49,43,2026-05-07 21:26:39,2026-05-07 21:26:39,
491,34,electricity,2024-05-01,1676.17,2,838.09,43,2026-05-07 21:26:39,2026-05-07 21:26:39,
492,34,water,2024-05-01,310.10,2,155.05,43,2026-05-07 21:26:39,2026-05-07 21:26:39,
493,34,electricity,2024-06-01,1230.08,1,1230.08,43,2026-05-07 21:26:39,2026-05-07 21:26:39,
494,34,water,2024-06-01,360.29,1,360.29,43,2026-05-07 21:26:39,2026-05-07 21:26:39,
495,34,electricity,2024-07-01,2332.71,1,2332.71,43,2026-05-07 21:26:39,2026-05-07 21:26:39,
496,34,electricity,2024-08-01,2375.61,1,2375.61,43,2026-05-07 21:26:40,2026-05-07 21:26:40,
497,34,water,2024-08-01,283.25,1,283.25,43,2026-05-07 21:26:40,2026-05-07 21:26:40,
498,34,electricity,2024-09-01,1538.00,1,1538.00,43,2026-05-07 21:26:40,2026-05-07 21:26:40,
499,34,electricity,2024-10-01,1992.33,1,1992.33,43,2026-05-07 21:26:40,2026-05-07 21:26:40,
500,34,water,2024-10-01,359.20,1,359.20,43,2026-05-07 21:26:40,2026-05-07 21:26:40,
501,34,electricity,2024-11-01,1368.73,2,684.37,43,2026-05-07 21:26:40,2026-05-07 21:26:40,
502,34,electricity,2024-12-01,2114.43,1,2114.43,43,2026-05-07 21:26:40,2026-05-07 21:26:40,
503,34,electricity,2025-01-01,1869.46,1,1869.46,43,2026-05-07 21:26:40,2026-05-07 21:26:40,
504,34,water,2025-01-01,488.84,1,488.84,43,2026-05-07 21:26:40,2026-05-07 21:26:40,
505,34,electricity,2025-02-01,2107.31,2,1053.66,43,2026-05-07 21:26:40,2026-05-07 21:26:40,
506,34,electricity,2025-03-01,1805.18,1,1805.18,43,2026-05-07 21:26:40,2026-05-07 21:26:40,
507,34,water,2025-03-01,223.97,1,223.97,43,2026-05-07 21:26:40,2026-05-07 21:26:40,
508,34,electricity,2025-04-01,1416.09,1,1416.09,43,2026-05-07 21:26:40,2026-05-07 21:26:40,
509,34,electricity,2025-05-01,1440.23,1,1440.23,43,2026-05-07 21:26:40,2026-05-07 21:26:40,
510,34,water,2025-05-01,277.90,1,277.90,43,2026-05-07 21:26:40,2026-05-07 21:26:40,
511,34,electricity,2025-06-01,2237.87,1,2237.87,43,2026-05-07 21:26:40,2026-05-07 21:26:40,
512,34,electricity,2025-07-01,1679.19,1,1679.19,43,2026-05-07 21:26:40,2026-05-07 21:26:40,
513,34,water,2025-07-01,234.08,1,234.08,43,2026-05-07 21:26:40,2026-05-07 21:26:40,
514,34,electricity,2025-08-01,1660.65,2,830.33,43,2026-05-07 21:26:40,2026-05-07 21:26:40,
515,34,water,2025-08-01,452.34,2,226.17,43,2026-05-07 21:26:40,2026-05-07 21:26:40,
516,34,electricity,2025-09-01,1200.65,1,1200.65,43,2026-05-07 21:26:41,2026-05-07 21:26:41,
517,34,electricity,2025-10-01,1936.61,1,1936.61,43,2026-05-07 21:26:41,2026-05-07 21:26:41,
518,34,electricity,2025-11-01,1653.57,2,826.79,43,2026-05-07 21:26:41,2026-05-07 21:26:41,
519,34,electricity,2025-12-01,2224.32,1,2224.32,43,2026-05-07 21:26:41,2026-05-07 21:26:41,
520,34,electricity,2026-01-01,1300.65,1,1300.65,43,2026-05-07 21:26:41,2026-05-07 21:26:41,
521,34,water,2026-01-01,450.60,1,450.60,43,2026-05-07 21:26:41,2026-05-07 21:26:41,
522,34,electricity,2026-02-01,1372.68,1,1372.68,43,2026-05-07 21:26:41,2026-05-07 21:26:41,
523,34,electricity,2026-03-01,1308.84,1,1308.84,43,2026-05-07 21:26:41,2026-05-07 21:26:41,
524,34,electricity,2026-04-01,2235.46,1,2235.46,43,2026-05-07 21:26:41,2026-05-07 21:26:41,
525,34,water,2026-04-01,464.30,1,464.30,43,2026-05-07 21:26:41,2026-05-07 21:26:41,
526,34,electricity,2026-05-01,1382.18,1,1382.18,43,2026-05-07 21:26:41,2026-05-07 21:26:41,
527,34,water,2026-05-01,491.18,1,491.18,43,2026-05-07 21:26:41,2026-05-07 21:26:41,
528,21,electricity,2023-05-01,1269.90,1,1269.90,3,2026-05-07 21:26:41,2026-05-07 21:26:41,
529,21,water,2023-05-01,253.33,1,253.33,3,2026-05-07 21:26:41,2026-05-07 21:26:41,
530,21,electricity,2023-06-01,1719.50,1,1719.50,3,2026-05-07 21:26:41,2026-05-07 21:26:41,
531,21,electricity,2023-07-01,2492.87,1,2492.87,3,2026-05-07 21:26:41,2026-05-07 21:26:41,
532,21,electricity,2023-08-01,1436.95,1,1436.95,3,2026-05-07 21:26:41,2026-05-07 21:26:41,
533,21,water,2023-08-01,396.67,1,396.67,3,2026-05-07 21:26:41,2026-05-07 21:26:41,
534,21,electricity,2023-09-01,1473.74,1,1473.74,3,2026-05-07 21:26:41,2026-05-07 21:26:41,
535,21,electricity,2023-10-01,1821.35,1,1821.35,3,2026-05-07 21:26:42,2026-05-07 21:26:42,
536,21,water,2023-10-01,244.17,1,244.17,3,2026-05-07 21:26:42,2026-05-07 21:26:42,
537,21,electricity,2023-11-01,1233.94,2,616.97,3,2026-05-07 21:26:42,2026-05-07 21:26:42,
538,21,electricity,2023-12-01,1281.26,1,1281.26,3,2026-05-07 21:26:42,2026-05-07 21:26:42,
539,21,water,2023-12-01,255.46,1,255.46,3,2026-05-07 21:26:42,2026-05-07 21:26:42,
540,21,electricity,2024-01-01,2387.86,1,2387.86,3,2026-05-07 21:26:42,2026-05-07 21:26:42,
541,21,electricity,2024-02-01,1467.73,1,1467.73,3,2026-05-07 21:26:42,2026-05-07 21:26:42,
542,21,water,2024-02-01,432.25,1,432.25,3,2026-05-07 21:26:42,2026-05-07 21:26:42,
543,21,electricity,2024-03-01,2310.06,1,2310.06,3,2026-05-07 21:26:42,2026-05-07 21:26:42,
544,21,water,2024-03-01,485.09,1,485.09,3,2026-05-07 21:26:42,2026-05-07 21:26:42,
545,21,electricity,2024-04-01,2012.86,1,2012.86,3,2026-05-07 21:26:42,2026-05-07 21:26:42,
546,21,water,2024-04-01,281.03,1,281.03,3,2026-05-07 21:26:42,2026-05-07 21:26:42,
547,21,electricity,2024-05-01,2188.37,2,1094.19,3,2026-05-07 21:26:42,2026-05-07 21:26:42,
548,21,water,2024-05-01,341.37,2,170.69,3,2026-05-07 21:26:42,2026-05-07 21:26:42,
549,21,electricity,2024-06-01,1298.28,2,649.14,3,2026-05-07 21:26:42,2026-05-07 21:26:42,
550,21,water,2024-06-01,437.96,2,218.98,3,2026-05-07 21:26:42,2026-05-07 21:26:42,
551,21,electricity,2024-07-01,2108.79,1,2108.79,3,2026-05-07 21:26:42,2026-05-07 21:26:42,
552,21,water,2024-07-01,444.06,1,444.06,3,2026-05-07 21:26:42,2026-05-07 21:26:42,
553,21,electricity,2024-08-01,1767.88,1,1767.88,3,2026-05-07 21:26:42,2026-05-07 21:26:42,
554,21,electricity,2024-09-01,1904.96,1,1904.96,3,2026-05-07 21:26:42,2026-05-07 21:26:42,
555,21,electricity,2024-10-01,2498.20,1,2498.20,3,2026-05-07 21:26:42,2026-05-07 21:26:42,
556,21,electricity,2024-11-01,1485.76,1,1485.76,3,2026-05-07 21:26:43,2026-05-07 21:26:43,
557,21,water,2024-11-01,239.22,1,239.22,3,2026-05-07 21:26:43,2026-05-07 21:26:43,
558,21,electricity,2024-12-01,1333.77,1,1333.77,3,2026-05-07 21:26:43,2026-05-07 21:26:43,
559,21,water,2024-12-01,466.59,1,466.59,3,2026-05-07 21:26:43,2026-05-07 21:26:43,
560,21,electricity,2025-01-01,1483.39,1,1483.39,3,2026-05-07 21:26:43,2026-05-07 21:26:43,
561,21,water,2025-01-01,367.52,1,367.52,3,2026-05-07 21:26:43,2026-05-07 21:26:43,
562,21,electricity,2025-02-01,1837.61,1,1837.61,3,2026-05-07 21:26:43,2026-05-07 21:26:43,
563,21,electricity,2025-03-01,2267.20,1,2267.20,3,2026-05-07 21:26:43,2026-05-07 21:26:43,
564,21,electricity,2025-04-01,2139.49,1,2139.49,3,2026-05-07 21:26:43,2026-05-07 21:26:43,
565,21,electricity,2025-05-01,2176.05,1,2176.05,3,2026-05-07 21:26:43,2026-05-07 21:26:43,
566,21,electricity,2025-06-01,1884.24,2,942.12,3,2026-05-07 21:26:43,2026-05-07 21:26:43,
567,21,water,2025-06-01,349.87,2,174.94,3,2026-05-07 21:26:43,2026-05-07 21:26:43,
568,21,electricity,2025-07-01,1973.66,1,1973.66,3,2026-05-07 21:26:43,2026-05-07 21:26:43,
569,21,water,2025-07-01,487.66,1,487.66,3,2026-05-07 21:26:43,2026-05-07 21:26:43,
570,21,electricity,2025-08-01,2040.88,1,2040.88,3,2026-05-07 21:26:43,2026-05-07 21:26:43,
571,21,water,2025-08-01,438.96,1,438.96,3,2026-05-07 21:26:43,2026-05-07 21:26:43,
572,21,electricity,2025-09-01,1597.21,1,1597.21,3,2026-05-07 21:26:43,2026-05-07 21:26:43,
573,21,water,2025-09-01,413.52,1,413.52,3,2026-05-07 21:26:43,2026-05-07 21:26:43,
574,21,electricity,2025-10-01,2134.14,1,2134.14,3,2026-05-07 21:26:43,2026-05-07 21:26:43,
575,21,electricity,2025-11-01,1707.96,1,1707.96,3,2026-05-07 21:26:43,2026-05-07 21:26:43,
576,21,electricity,2025-12-01,2183.91,2,1091.96,3,2026-05-07 21:26:43,2026-05-07 21:26:43,
577,21,electricity,2026-01-01,2007.39,1,2007.39,3,2026-05-07 21:26:44,2026-05-07 21:26:44,
578,21,water,2026-01-01,395.12,1,395.12,3,2026-05-07 21:26:44,2026-05-07 21:26:44,
579,21,electricity,2026-02-01,1900.67,1,1900.67,3,2026-05-07 21:26:44,2026-05-07 21:26:44,
580,21,electricity,2026-03-01,2365.97,1,2365.97,3,2026-05-07 21:26:44,2026-05-07 21:26:44,
581,21,electricity,2026-04-01,2286.89,1,2286.89,3,2026-05-07 21:26:44,2026-05-07 21:26:44,
582,21,electricity,2026-05-01,2154.96,1,2154.96,3,2026-05-07 21:26:44,2026-05-07 21:26:44,
583,41,electricity,2024-12-01,1314.72,1,1314.72,44,2026-05-07 21:26:44,2026-05-07 21:26:44,
584,41,electricity,2025-01-01,2406.38,1,2406.38,44,2026-05-07 21:26:44,2026-05-07 21:26:44,
585,41,water,2025-01-01,401.10,1,401.10,44,2026-05-07 21:26:44,2026-05-07 21:26:44,
586,41,electricity,2025-02-01,2203.45,1,2203.45,44,2026-05-07 21:26:44,2026-05-07 21:26:44,
587,41,water,2025-02-01,390.08,1,390.08,44,2026-05-07 21:26:44,2026-05-07 21:26:44,
588,41,electricity,2025-03-01,1972.61,2,986.31,44,2026-05-07 21:26:44,2026-05-07 21:26:44,
589,41,water,2025-03-01,415.25,2,207.63,44,2026-05-07 21:26:44,2026-05-07 21:26:44,
590,41,electricity,2025-04-01,2230.60,1,2230.60,44,2026-05-07 21:26:44,2026-05-07 21:26:44,
591,41,electricity,2025-05-01,1506.28,1,1506.28,44,2026-05-07 21:26:44,2026-05-07 21:26:44,
592,41,water,2025-05-01,443.58,1,443.58,44,2026-05-07 21:26:44,2026-05-07 21:26:44,
593,41,electricity,2025-06-01,1303.59,1,1303.59,44,2026-05-07 21:26:44,2026-05-07 21:26:44,
594,41,water,2025-06-01,391.77,1,391.77,44,2026-05-07 21:26:44,2026-05-07 21:26:44,
595,41,electricity,2025-07-01,2309.53,1,2309.53,44,2026-05-07 21:26:44,2026-05-07 21:26:44,
596,41,electricity,2025-08-01,1956.48,1,1956.48,44,2026-05-07 21:26:44,2026-05-07 21:26:44,
597,41,water,2025-08-01,229.14,1,229.14,44,2026-05-07 21:26:44,2026-05-07 21:26:44,
598,41,electricity,2025-09-01,1256.36,2,628.18,44,2026-05-07 21:26:45,2026-05-07 21:26:45,
599,41,water,2025-09-01,452.86,2,226.43,44,2026-05-07 21:26:45,2026-05-07 21:26:45,
600,41,electricity,2025-10-01,2280.78,2,1140.39,44,2026-05-07 21:26:45,2026-05-07 21:26:45,
601,41,electricity,2025-11-01,1317.02,1,1317.02,44,2026-05-07 21:26:45,2026-05-07 21:26:45,
602,41,electricity,2025-12-01,2176.95,1,2176.95,44,2026-05-07 21:26:45,2026-05-07 21:26:45,
603,41,water,2025-12-01,380.30,1,380.30,44,2026-05-07 21:26:45,2026-05-07 21:26:45,
604,41,electricity,2026-01-01,1723.64,2,861.82,44,2026-05-07 21:26:45,2026-05-07 21:26:45,
605,41,water,2026-01-01,480.66,2,240.33,44,2026-05-07 21:26:45,2026-05-07 21:26:45,
606,41,electricity,2026-02-01,2128.86,1,2128.86,44,2026-05-07 21:26:45,2026-05-07 21:26:45,
607,41,water,2026-02-01,366.85,1,366.85,44,2026-05-07 21:26:45,2026-05-07 21:26:45,
608,41,electricity,2026-03-01,1760.83,1,1760.83,44,2026-05-07 21:26:45,2026-05-07 21:26:45,
609,41,water,2026-03-01,313.93,1,313.93,44,2026-05-07 21:26:45,2026-05-07 21:26:45,
610,41,electricity,2026-04-01,1289.08,1,1289.08,44,2026-05-07 21:26:45,2026-05-07 21:26:45,
611,41,water,2026-04-01,269.06,1,269.06,44,2026-05-07 21:26:45,2026-05-07 21:26:45,
612,41,electricity,2026-05-01,1764.54,1,1764.54,44,2026-05-07 21:26:45,2026-05-07 21:26:45,
613,50,electricity,2022-05-01,2165.09,1,2165.09,3,2026-05-07 21:26:45,2026-05-07 21:26:45,
614,50,water,2022-05-01,273.31,1,273.31,3,2026-05-07 21:26:45,2026-05-07 21:26:45,
615,50,electricity,2022-06-01,1556.21,1,1556.21,3,2026-05-07 21:26:45,2026-05-07 21:26:45,
616,50,electricity,2022-07-01,1734.79,1,1734.79,3,2026-05-07 21:26:45,2026-05-07 21:26:45,
617,50,electricity,2022-08-01,1877.82,2,938.91,3,2026-05-07 21:26:45,2026-05-07 21:26:45,
618,50,electricity,2022-09-01,1944.63,1,1944.63,3,2026-05-07 21:26:46,2026-05-07 21:26:46,
619,50,water,2022-09-01,257.24,1,257.24,3,2026-05-07 21:26:46,2026-05-07 21:26:46,
620,50,electricity,2022-10-01,1843.95,1,1843.95,3,2026-05-07 21:26:46,2026-05-07 21:26:46,
621,50,water,2022-10-01,262.38,1,262.38,3,2026-05-07 21:26:46,2026-05-07 21:26:46,
622,50,electricity,2022-11-01,2464.48,2,1232.24,3,2026-05-07 21:26:46,2026-05-07 21:26:46,
623,50,water,2022-11-01,437.55,2,218.78,3,2026-05-07 21:26:46,2026-05-07 21:26:46,
624,50,electricity,2022-12-01,2413.14,1,2413.14,3,2026-05-07 21:26:46,2026-05-07 21:26:46,
625,50,electricity,2023-01-01,2183.43,1,2183.43,3,2026-05-07 21:26:46,2026-05-07 21:26:46,
626,50,water,2023-01-01,323.07,1,323.07,3,2026-05-07 21:26:46,2026-05-07 21:26:46,
627,50,electricity,2023-02-01,1638.14,1,1638.14,3,2026-05-07 21:26:46,2026-05-07 21:26:46,
628,50,electricity,2023-03-01,2499.44,1,2499.44,3,2026-05-07 21:26:46,2026-05-07 21:26:46,
629,50,water,2023-03-01,468.54,1,468.54,3,2026-05-07 21:26:46,2026-05-07 21:26:46,
630,50,electricity,2023-04-01,1973.44,1,1973.44,3,2026-05-07 21:26:46,2026-05-07 21:26:46,
631,50,water,2023-04-01,351.60,1,351.60,3,2026-05-07 21:26:46,2026-05-07 21:26:46,
632,50,electricity,2023-05-01,2229.03,2,1114.52,3,2026-05-07 21:26:46,2026-05-07 21:26:46,
633,50,water,2023-05-01,451.82,2,225.91,3,2026-05-07 21:26:46,2026-05-07 21:26:46,
634,50,electricity,2023-06-01,1933.36,1,1933.36,3,2026-05-07 21:26:46,2026-05-07 21:26:46,
635,50,water,2023-06-01,283.57,1,283.57,3,2026-05-07 21:26:46,2026-05-07 21:26:46,
636,50,electricity,2023-07-01,1893.11,1,1893.11,3,2026-05-07 21:26:46,2026-05-07 21:26:46,
637,50,electricity,2023-08-01,1409.57,1,1409.57,3,2026-05-07 21:26:46,2026-05-07 21:26:46,
638,50,electricity,2023-09-01,2481.86,1,2481.86,3,2026-05-07 21:26:46,2026-05-07 21:26:46,
639,50,water,2023-09-01,341.73,1,341.73,3,2026-05-07 21:26:46,2026-05-07 21:26:46,
640,50,electricity,2023-10-01,2052.27,1,2052.27,3,2026-05-07 21:26:47,2026-05-07 21:26:47,
641,50,electricity,2023-11-01,1592.96,2,796.48,3,2026-05-07 21:26:47,2026-05-07 21:26:47,
642,50,electricity,2023-12-01,1255.49,1,1255.49,3,2026-05-07 21:26:47,2026-05-07 21:26:47,
643,50,water,2023-12-01,312.28,1,312.28,3,2026-05-07 21:26:47,2026-05-07 21:26:47,
644,50,electricity,2024-01-01,1535.24,1,1535.24,3,2026-05-07 21:26:47,2026-05-07 21:26:47,
645,50,water,2024-01-01,264.00,1,264.00,3,2026-05-07 21:26:47,2026-05-07 21:26:47,
646,50,electricity,2024-02-01,1663.06,2,831.53,3,2026-05-07 21:26:47,2026-05-07 21:26:47,
647,50,water,2024-02-01,421.44,2,210.72,3,2026-05-07 21:26:47,2026-05-07 21:26:47,
648,50,electricity,2024-03-01,2385.95,1,2385.95,3,2026-05-07 21:26:47,2026-05-07 21:26:47,
649,50,electricity,2024-04-01,1561.26,1,1561.26,3,2026-05-07 21:26:47,2026-05-07 21:26:47,
650,50,water,2024-04-01,408.45,1,408.45,3,2026-05-07 21:26:47,2026-05-07 21:26:47,
651,50,electricity,2024-05-01,2450.35,2,1225.18,3,2026-05-07 21:26:47,2026-05-07 21:26:47,
652,50,electricity,2024-06-01,1804.05,1,1804.05,3,2026-05-07 21:26:47,2026-05-07 21:26:47,
653,50,water,2024-06-01,488.71,1,488.71,3,2026-05-07 21:26:47,2026-05-07 21:26:47,
654,50,electricity,2024-07-01,2482.09,1,2482.09,3,2026-05-07 21:26:47,2026-05-07 21:26:47,
655,50,water,2024-07-01,412.32,1,412.32,3,2026-05-07 21:26:47,2026-05-07 21:26:47,
656,50,electricity,2024-08-01,1732.57,1,1732.57,3,2026-05-07 21:26:47,2026-05-07 21:26:47,
657,50,water,2024-08-01,457.39,1,457.39,3,2026-05-07 21:26:47,2026-05-07 21:26:47,
658,50,electricity,2024-09-01,1890.74,1,1890.74,3,2026-05-07 21:26:47,2026-05-07 21:26:47,
659,50,water,2024-09-01,343.08,1,343.08,3,2026-05-07 21:26:47,2026-05-07 21:26:47,
660,50,electricity,2024-10-01,2286.12,1,2286.12,3,2026-05-07 21:26:48,2026-05-07 21:26:48,
661,50,electricity,2024-11-01,1594.35,1,1594.35,3,2026-05-07 21:26:48,2026-05-07 21:26:48,
662,50,water,2024-11-01,254.19,1,254.19,3,2026-05-07 21:26:48,2026-05-07 21:26:48,
663,50,electricity,2024-12-01,2043.70,1,2043.70,3,2026-05-07 21:26:48,2026-05-07 21:26:48,
664,50,water,2024-12-01,270.78,1,270.78,3,2026-05-07 21:26:48,2026-05-07 21:26:48,
665,50,electricity,2025-01-01,1985.86,1,1985.86,3,2026-05-07 21:26:48,2026-05-07 21:26:48,
666,50,electricity,2025-02-01,1352.72,1,1352.72,3,2026-05-07 21:26:48,2026-05-07 21:26:48,
667,50,water,2025-02-01,484.70,1,484.70,3,2026-05-07 21:26:48,2026-05-07 21:26:48,
668,50,electricity,2025-03-01,1702.41,1,1702.41,3,2026-05-07 21:26:48,2026-05-07 21:26:48,
669,50,water,2025-03-01,480.47,1,480.47,3,2026-05-07 21:26:48,2026-05-07 21:26:48,
670,50,electricity,2025-04-01,2201.42,1,2201.42,3,2026-05-07 21:26:48,2026-05-07 21:26:48,
671,50,electricity,2025-05-01,1615.04,2,807.52,3,2026-05-07 21:26:48,2026-05-07 21:26:48,
672,50,water,2025-05-01,273.47,2,136.74,3,2026-05-07 21:26:48,2026-05-07 21:26:48,
673,50,electricity,2025-06-01,2285.47,1,2285.47,3,2026-05-07 21:26:48,2026-05-07 21:26:48,
674,50,electricity,2025-07-01,1809.28,1,1809.28,3,2026-05-07 21:26:48,2026-05-07 21:26:48,
675,50,electricity,2025-08-01,1938.55,1,1938.55,3,2026-05-07 21:26:48,2026-05-07 21:26:48,
676,50,water,2025-08-01,480.43,1,480.43,3,2026-05-07 21:26:48,2026-05-07 21:26:48,
677,50,electricity,2025-09-01,1801.64,1,1801.64,3,2026-05-07 21:26:48,2026-05-07 21:26:48,
678,50,electricity,2025-10-01,2269.86,1,2269.86,3,2026-05-07 21:26:48,2026-05-07 21:26:48,
679,50,electricity,2025-11-01,2447.83,1,2447.83,3,2026-05-07 21:26:49,2026-05-07 21:26:49,
680,50,electricity,2025-12-01,2462.68,1,2462.68,3,2026-05-07 21:26:49,2026-05-07 21:26:49,
681,50,electricity,2026-01-01,2458.37,1,2458.37,3,2026-05-07 21:26:49,2026-05-07 21:26:49,
682,50,water,2026-01-01,412.88,1,412.88,3,2026-05-07 21:26:49,2026-05-07 21:26:49,
683,50,electricity,2026-02-01,2006.71,1,2006.71,3,2026-05-07 21:26:49,2026-05-07 21:26:49,
684,50,electricity,2026-03-01,1809.94,1,1809.94,3,2026-05-07 21:26:49,2026-05-07 21:26:49,
685,50,electricity,2026-04-01,1373.15,1,1373.15,3,2026-05-07 21:26:49,2026-05-07 21:26:49,
686,50,electricity,2026-05-01,2276.74,2,1138.37,3,2026-05-07 21:26:49,2026-05-07 21:26:49,
687,40,electricity,2022-01-01,2399.16,1,2399.16,43,2026-05-07 21:26:49,2026-05-07 21:26:49,
688,40,electricity,2022-02-01,1214.55,1,1214.55,43,2026-05-07 21:26:49,2026-05-07 21:26:49,
689,40,water,2022-02-01,290.52,1,290.52,43,2026-05-07 21:26:49,2026-05-07 21:26:49,
690,40,electricity,2022-03-01,2418.12,1,2418.12,43,2026-05-07 21:26:49,2026-05-07 21:26:49,
691,40,water,2022-03-01,280.45,1,280.45,43,2026-05-07 21:26:49,2026-05-07 21:26:49,
692,40,electricity,2022-04-01,2470.03,2,1235.02,43,2026-05-07 21:26:49,2026-05-07 21:26:49,
693,40,water,2022-04-01,380.14,2,190.07,43,2026-05-07 21:26:49,2026-05-07 21:26:49,
694,40,electricity,2022-05-01,2356.37,1,2356.37,43,2026-05-07 21:26:49,2026-05-07 21:26:49,
695,40,electricity,2022-06-01,1205.08,1,1205.08,43,2026-05-07 21:26:49,2026-05-07 21:26:49,
696,40,water,2022-06-01,486.40,1,486.40,43,2026-05-07 21:26:49,2026-05-07 21:26:49,
697,40,electricity,2022-07-01,2294.64,1,2294.64,43,2026-05-07 21:26:49,2026-05-07 21:26:49,
698,40,water,2022-07-01,392.17,1,392.17,43,2026-05-07 21:26:49,2026-05-07 21:26:49,
699,40,electricity,2022-08-01,2043.19,1,2043.19,43,2026-05-07 21:26:50,2026-05-07 21:26:50,
700,40,electricity,2022-09-01,1970.77,1,1970.77,43,2026-05-07 21:26:50,2026-05-07 21:26:50,
701,40,electricity,2022-10-01,1802.63,2,901.32,43,2026-05-07 21:26:50,2026-05-07 21:26:50,
702,40,water,2022-10-01,256.01,2,128.01,43,2026-05-07 21:26:50,2026-05-07 21:26:50,
703,40,electricity,2022-11-01,1278.15,1,1278.15,43,2026-05-07 21:26:50,2026-05-07 21:26:50,
704,40,water,2022-11-01,492.02,1,492.02,43,2026-05-07 21:26:50,2026-05-07 21:26:50,
705,40,electricity,2022-12-01,1718.83,1,1718.83,43,2026-05-07 21:26:50,2026-05-07 21:26:50,
706,40,water,2022-12-01,350.70,1,350.70,43,2026-05-07 21:26:50,2026-05-07 21:26:50,
707,40,electricity,2023-01-01,1365.84,2,682.92,43,2026-05-07 21:26:50,2026-05-07 21:26:50,
708,40,electricity,2023-02-01,1688.52,1,1688.52,43,2026-05-07 21:26:50,2026-05-07 21:26:50,
709,40,electricity,2023-03-01,1565.45,1,1565.45,43,2026-05-07 21:26:50,2026-05-07 21:26:50,
710,40,electricity,2023-04-01,2239.53,1,2239.53,43,2026-05-07 21:26:50,2026-05-07 21:26:50,
711,40,electricity,2023-05-01,1969.77,1,1969.77,43,2026-05-07 21:26:50,2026-05-07 21:26:50,
712,40,water,2023-05-01,310.85,1,310.85,43,2026-05-07 21:26:50,2026-05-07 21:26:50,
713,40,electricity,2023-06-01,1397.89,1,1397.89,43,2026-05-07 21:26:50,2026-05-07 21:26:50,
714,40,water,2023-06-01,353.22,1,353.22,43,2026-05-07 21:26:50,2026-05-07 21:26:50,
715,40,electricity,2023-07-01,1430.47,2,715.24,43,2026-05-07 21:26:51,2026-05-07 21:26:51,
716,40,water,2023-07-01,295.27,2,147.64,43,2026-05-07 21:26:51,2026-05-07 21:26:51,
717,40,electricity,2023-08-01,2204.21,1,2204.21,43,2026-05-07 21:26:51,2026-05-07 21:26:51,
718,40,electricity,2023-09-01,2160.08,1,2160.08,43,2026-05-07 21:26:51,2026-05-07 21:26:51,
719,40,water,2023-09-01,420.33,1,420.33,43,2026-05-07 21:26:51,2026-05-07 21:26:51,
720,40,electricity,2023-10-01,1865.52,1,1865.52,43,2026-05-07 21:26:51,2026-05-07 21:26:51,
721,40,electricity,2023-11-01,1209.43,1,1209.43,43,2026-05-07 21:26:51,2026-05-07 21:26:51,
722,40,water,2023-11-01,344.13,1,344.13,43,2026-05-07 21:26:51,2026-05-07 21:26:51,
723,40,electricity,2023-12-01,2006.61,1,2006.61,43,2026-05-07 21:26:51,2026-05-07 21:26:51,
724,40,water,2023-12-01,484.43,1,484.43,43,2026-05-07 21:26:51,2026-05-07 21:26:51,
725,40,electricity,2024-01-01,1256.45,1,1256.45,43,2026-05-07 21:26:51,2026-05-07 21:26:51,
726,40,water,2024-01-01,480.47,1,480.47,43,2026-05-07 21:26:51,2026-05-07 21:26:51,
727,40,electricity,2024-02-01,1867.32,1,1867.32,43,2026-05-07 21:26:51,2026-05-07 21:26:51,
728,40,water,2024-02-01,258.01,1,258.01,43,2026-05-07 21:26:51,2026-05-07 21:26:51,
729,40,electricity,2024-03-01,1589.81,1,1589.81,43,2026-05-07 21:26:51,2026-05-07 21:26:51,
730,40,electricity,2024-04-01,1258.14,1,1258.14,43,2026-05-07 21:26:51,2026-05-07 21:26:51,
731,40,water,2024-04-01,351.64,1,351.64,43,2026-05-07 21:26:51,2026-05-07 21:26:51,
732,40,electricity,2024-05-01,1963.48,1,1963.48,43,2026-05-07 21:26:52,2026-05-07 21:26:52,
733,40,water,2024-05-01,317.60,1,317.60,43,2026-05-07 21:26:52,2026-05-07 21:26:52,
734,40,electricity,2024-06-01,1595.06,1,1595.06,43,2026-05-07 21:26:52,2026-05-07 21:26:52,
735,40,water,2024-06-01,368.54,1,368.54,43,2026-05-07 21:26:52,2026-05-07 21:26:52,
736,40,electricity,2024-07-01,2213.64,2,1106.82,43,2026-05-07 21:26:52,2026-05-07 21:26:52,
737,40,water,2024-07-01,404.45,2,202.23,43,2026-05-07 21:26:52,2026-05-07 21:26:52,
738,40,electricity,2024-08-01,1419.96,1,1419.96,43,2026-05-07 21:26:52,2026-05-07 21:26:52,
739,40,water,2024-08-01,305.56,1,305.56,43,2026-05-07 21:26:52,2026-05-07 21:26:52,
740,40,electricity,2024-09-01,2272.25,1,2272.25,43,2026-05-07 21:26:52,2026-05-07 21:26:52,
741,40,water,2024-09-01,451.69,1,451.69,43,2026-05-07 21:26:52,2026-05-07 21:26:52,
742,40,electricity,2024-10-01,2138.86,1,2138.86,43,2026-05-07 21:26:52,2026-05-07 21:26:52,
743,40,water,2024-10-01,320.53,1,320.53,43,2026-05-07 21:26:52,2026-05-07 21:26:52,
744,40,electricity,2024-11-01,2003.96,1,2003.96,43,2026-05-07 21:26:52,2026-05-07 21:26:52,
745,40,water,2024-11-01,319.45,1,319.45,43,2026-05-07 21:26:52,2026-05-07 21:26:52,
746,40,electricity,2024-12-01,2166.69,1,2166.69,43,2026-05-07 21:26:52,2026-05-07 21:26:52,
747,40,water,2024-12-01,279.26,1,279.26,43,2026-05-07 21:26:52,2026-05-07 21:26:52,
748,40,electricity,2025-01-01,1953.38,1,1953.38,43,2026-05-07 21:26:52,2026-05-07 21:26:52,
749,40,water,2025-01-01,366.01,1,366.01,43,2026-05-07 21:26:52,2026-05-07 21:26:52,
750,40,electricity,2025-02-01,1656.53,1,1656.53,43,2026-05-07 21:26:52,2026-05-07 21:26:52,
751,40,water,2025-02-01,471.92,1,471.92,43,2026-05-07 21:26:52,2026-05-07 21:26:52,
752,40,electricity,2025-03-01,1448.52,1,1448.52,43,2026-05-07 21:26:53,2026-05-07 21:26:53,
753,40,electricity,2025-04-01,2420.21,1,2420.21,43,2026-05-07 21:26:53,2026-05-07 21:26:53,
754,40,electricity,2025-05-01,1993.31,1,1993.31,43,2026-05-07 21:26:53,2026-05-07 21:26:53,
755,40,water,2025-05-01,485.88,1,485.88,43,2026-05-07 21:26:53,2026-05-07 21:26:53,
756,40,electricity,2025-06-01,2277.90,1,2277.90,43,2026-05-07 21:26:53,2026-05-07 21:26:53,
757,40,water,2025-06-01,356.92,1,356.92,43,2026-05-07 21:26:53,2026-05-07 21:26:53,
758,40,electricity,2025-07-01,1448.64,2,724.32,43,2026-05-07 21:26:53,2026-05-07 21:26:53,
759,40,water,2025-07-01,350.94,2,175.47,43,2026-05-07 21:26:53,2026-05-07 21:26:53,
760,40,electricity,2025-08-01,1862.16,2,931.08,43,2026-05-07 21:26:53,2026-05-07 21:26:53,
761,40,electricity,2025-09-01,1553.29,1,1553.29,43,2026-05-07 21:26:53,2026-05-07 21:26:53,
762,40,water,2025-09-01,475.16,1,475.16,43,2026-05-07 21:26:53,2026-05-07 21:26:53,
763,40,electricity,2025-10-01,1810.78,1,1810.78,43,2026-05-07 21:26:53,2026-05-07 21:26:53,
764,40,electricity,2025-11-01,2314.82,1,2314.82,43,2026-05-07 21:26:53,2026-05-07 21:26:53,
765,40,electricity,2025-12-01,1395.01,1,1395.01,43,2026-05-07 21:26:53,2026-05-07 21:26:53,
766,40,water,2025-12-01,481.74,1,481.74,43,2026-05-07 21:26:53,2026-05-07 21:26:53,
767,40,electricity,2026-01-01,2343.44,1,2343.44,43,2026-05-07 21:26:53,2026-05-07 21:26:53,
768,40,electricity,2026-02-01,1961.75,1,1961.75,43,2026-05-07 21:26:53,2026-05-07 21:26:53,
769,40,water,2026-02-01,439.66,1,439.66,43,2026-05-07 21:26:53,2026-05-07 21:26:53,
770,40,electricity,2026-03-01,1966.47,1,1966.47,43,2026-05-07 21:26:53,2026-05-07 21:26:53,
771,40,water,2026-03-01,223.84,1,223.84,43,2026-05-07 21:26:53,2026-05-07 21:26:53,
772,40,electricity,2026-04-01,2326.26,1,2326.26,43,2026-05-07 21:26:54,2026-05-07 21:26:54,
773,40,water,2026-04-01,390.35,1,390.35,43,2026-05-07 21:26:54,2026-05-07 21:26:54,
774,40,electricity,2026-05-01,1537.92,1,1537.92,43,2026-05-07 21:26:54,2026-05-07 21:26:54,
775,49,electricity,2022-04-01,1272.51,1,1272.51,3,2026-05-07 21:26:54,2026-05-07 21:26:54,
776,49,water,2022-04-01,380.17,1,380.17,3,2026-05-07 21:26:54,2026-05-07 21:26:54,
777,49,electricity,2022-05-01,1577.09,1,1577.09,3,2026-05-07 21:26:54,2026-05-07 21:26:54,
778,49,water,2022-05-01,283.44,1,283.44,3,2026-05-07 21:26:54,2026-05-07 21:26:54,
779,49,electricity,2022-06-01,1373.77,1,1373.77,3,2026-05-07 21:26:54,2026-05-07 21:26:54,
780,49,electricity,2022-07-01,2162.59,2,1081.30,3,2026-05-07 21:26:54,2026-05-07 21:26:54,
781,49,water,2022-07-01,323.19,2,161.60,3,2026-05-07 21:26:54,2026-05-07 21:26:54,
782,49,electricity,2022-08-01,1366.60,1,1366.60,3,2026-05-07 21:26:54,2026-05-07 21:26:54,
783,49,water,2022-08-01,415.47,1,415.47,3,2026-05-07 21:26:54,2026-05-07 21:26:54,
784,49,electricity,2022-09-01,1878.20,1,1878.20,3,2026-05-07 21:26:54,2026-05-07 21:26:54,
785,49,electricity,2022-10-01,1868.04,1,1868.04,3,2026-05-07 21:26:54,2026-05-07 21:26:54,
786,49,water,2022-10-01,294.17,1,294.17,3,2026-05-07 21:26:54,2026-05-07 21:26:54,
787,49,electricity,2022-11-01,2294.48,1,2294.48,3,2026-05-07 21:26:55,2026-05-07 21:26:55,
788,49,water,2022-11-01,207.22,1,207.22,3,2026-05-07 21:26:55,2026-05-07 21:26:55,
789,49,electricity,2022-12-01,2445.69,1,2445.69,3,2026-05-07 21:26:55,2026-05-07 21:26:55,
790,49,water,2022-12-01,477.73,1,477.73,3,2026-05-07 21:26:55,2026-05-07 21:26:55,
791,49,electricity,2023-01-01,2113.54,2,1056.77,3,2026-05-07 21:26:55,2026-05-07 21:26:55,
792,49,water,2023-01-01,264.94,2,132.47,3,2026-05-07 21:26:55,2026-05-07 21:26:55,
793,49,electricity,2023-02-01,1346.76,1,1346.76,3,2026-05-07 21:26:55,2026-05-07 21:26:55,
794,49,water,2023-02-01,474.79,1,474.79,3,2026-05-07 21:26:55,2026-05-07 21:26:55,
795,49,electricity,2023-03-01,1234.17,1,1234.17,3,2026-05-07 21:26:55,2026-05-07 21:26:55,
796,49,water,2023-03-01,304.27,1,304.27,3,2026-05-07 21:26:55,2026-05-07 21:26:55,
797,49,electricity,2023-04-01,1994.21,1,1994.21,3,2026-05-07 21:26:55,2026-05-07 21:26:55,
798,49,water,2023-04-01,365.88,1,365.88,3,2026-05-07 21:26:55,2026-05-07 21:26:55,
799,49,electricity,2023-05-01,1664.80,1,1664.80,3,2026-05-07 21:26:55,2026-05-07 21:26:55,
800,49,electricity,2023-06-01,2458.05,1,2458.05,3,2026-05-07 21:26:56,2026-05-07 21:26:56,
801,49,water,2023-06-01,375.26,1,375.26,3,2026-05-07 21:26:56,2026-05-07 21:26:56,
802,49,electricity,2023-07-01,1424.18,2,712.09,3,2026-05-07 21:26:56,2026-05-07 21:26:56,
803,49,electricity,2023-08-01,1895.73,2,947.87,3,2026-05-07 21:26:56,2026-05-07 21:26:56,
804,49,electricity,2023-09-01,1589.39,2,794.70,3,2026-05-07 21:26:56,2026-05-07 21:26:56,
805,49,electricity,2023-10-01,2439.24,3,813.08,3,2026-05-07 21:26:57,2026-05-07 21:26:57,
806,49,electricity,2023-11-01,2295.16,2,1147.58,3,2026-05-07 21:26:57,2026-05-07 21:26:57,
807,49,water,2023-11-01,300.88,2,150.44,3,2026-05-07 21:26:57,2026-05-07 21:26:57,
808,49,electricity,2023-12-01,1879.90,2,939.95,3,2026-05-07 21:26:57,2026-05-07 21:26:57,
809,49,electricity,2024-01-01,1396.96,4,349.24,3,2026-05-07 21:26:57,2026-05-07 21:26:57,
810,49,water,2024-01-01,207.95,4,51.99,3,2026-05-07 21:26:57,2026-05-07 21:26:57,
811,49,electricity,2024-02-01,2213.97,3,737.99,3,2026-05-07 21:26:57,2026-05-07 21:26:57,
812,49,electricity,2024-03-01,2236.43,3,745.48,3,2026-05-07 21:26:57,2026-05-07 21:26:57,
813,49,electricity,2024-04-01,2007.69,4,501.92,3,2026-05-07 21:26:58,2026-05-07 21:26:58,
814,49,water,2024-04-01,443.19,4,110.80,3,2026-05-07 21:26:58,2026-05-07 21:26:58,
815,49,electricity,2024-05-01,2091.37,3,697.12,3,2026-05-07 21:26:58,2026-05-07 21:26:58,
816,49,electricity,2024-06-01,1703.40,3,567.80,3,2026-05-07 21:26:58,2026-05-07 21:26:58,
817,49,electricity,2024-07-01,2432.12,5,486.42,3,2026-05-07 21:26:58,2026-05-07 21:26:58,
818,49,water,2024-07-01,245.91,5,49.18,3,2026-05-07 21:26:58,2026-05-07 21:26:58,
819,49,electricity,2024-08-01,1764.02,3,588.01,3,2026-05-07 21:26:58,2026-05-07 21:26:58,
820,49,electricity,2024-09-01,1665.95,3,555.32,3,2026-05-07 21:26:59,2026-05-07 21:26:59,
821,49,water,2024-09-01,487.82,3,162.61,3,2026-05-07 21:26:59,2026-05-07 21:26:59,
822,49,electricity,2024-10-01,1255.91,6,209.32,3,2026-05-07 21:26:59,2026-05-07 21:26:59,
823,49,water,2024-10-01,259.41,6,43.24,3,2026-05-07 21:26:59,2026-05-07 21:26:59,
824,49,electricity,2024-11-01,1465.45,5,293.09,3,2026-05-07 21:26:59,2026-05-07 21:26:59,
825,49,water,2024-11-01,307.94,5,61.59,3,2026-05-07 21:26:59,2026-05-07 21:26:59,
826,49,electricity,2024-12-01,2498.56,4,624.64,3,2026-05-07 21:26:59,2026-05-07 21:26:59,
827,49,water,2024-12-01,393.00,4,98.25,3,2026-05-07 21:26:59,2026-05-07 21:26:59,
828,49,electricity,2025-01-01,1546.50,4,386.63,3,2026-05-07 21:26:59,2026-05-07 21:26:59,
829,49,water,2025-01-01,362.60,4,90.65,3,2026-05-07 21:26:59,2026-05-07 21:26:59,
830,49,electricity,2025-02-01,2181.48,3,727.16,3,2026-05-07 21:27:00,2026-05-07 21:27:00,
831,49,water,2025-02-01,207.92,3,69.31,3,2026-05-07 21:27:00,2026-05-07 21:27:00,
832,49,electricity,2025-03-01,1927.12,3,642.37,3,2026-05-07 21:27:00,2026-05-07 21:27:00,
833,49,electricity,2025-04-01,1870.96,4,467.74,3,2026-05-07 21:27:00,2026-05-07 21:27:00,
834,49,water,2025-04-01,460.23,4,115.06,3,2026-05-07 21:27:00,2026-05-07 21:27:00,
835,49,electricity,2025-05-01,2056.10,4,514.03,3,2026-05-07 21:27:00,2026-05-07 21:27:00,
836,49,water,2025-05-01,367.14,4,91.79,3,2026-05-07 21:27:00,2026-05-07 21:27:00,
837,49,electricity,2025-06-01,1704.33,4,426.08,3,2026-05-07 21:27:00,2026-05-07 21:27:00,
838,49,water,2025-06-01,476.94,4,119.24,3,2026-05-07 21:27:00,2026-05-07 21:27:00,
839,49,electricity,2025-07-01,1681.69,3,560.56,3,2026-05-07 21:27:00,2026-05-07 21:27:00,
840,49,water,2025-07-01,252.43,3,84.14,3,2026-05-07 21:27:00,2026-05-07 21:27:00,
841,49,electricity,2025-08-01,2385.19,3,795.06,3,2026-05-07 21:27:01,2026-05-07 21:27:01,
842,49,water,2025-08-01,231.91,3,77.30,3,2026-05-07 21:27:01,2026-05-07 21:27:01,
843,49,electricity,2025-09-01,2297.54,3,765.85,3,2026-05-07 21:27:01,2026-05-07 21:27:01,
844,49,water,2025-09-01,319.65,3,106.55,3,2026-05-07 21:27:01,2026-05-07 21:27:01,
845,49,electricity,2025-10-01,2452.23,4,613.06,3,2026-05-07 21:27:01,2026-05-07 21:27:01,
846,49,water,2025-10-01,253.95,4,63.49,3,2026-05-07 21:27:01,2026-05-07 21:27:01,
847,49,electricity,2025-11-01,1469.54,3,489.85,3,2026-05-07 21:27:01,2026-05-07 21:27:01,
848,49,water,2025-11-01,334.37,3,111.46,3,2026-05-07 21:27:01,2026-05-07 21:27:01,
849,49,electricity,2025-12-01,2476.06,4,619.02,3,2026-05-07 21:27:01,2026-05-07 21:27:01,
850,49,electricity,2026-01-01,2106.06,5,421.21,3,2026-05-07 21:27:01,2026-05-07 21:27:01,
851,49,water,2026-01-01,278.53,5,55.71,3,2026-05-07 21:27:01,2026-05-07 21:27:01,
852,49,electricity,2026-02-01,2185.03,3,728.34,3,2026-05-07 21:27:02,2026-05-07 21:27:02,
853,49,water,2026-02-01,222.41,3,74.14,3,2026-05-07 21:27:02,2026-05-07 21:27:02,
854,49,electricity,2026-03-01,1393.22,3,464.41,3,2026-05-07 21:27:02,2026-05-07 21:27:02,
855,49,water,2026-03-01,253.24,3,84.41,3,2026-05-07 21:27:02,2026-05-07 21:27:02,
856,49,electricity,2026-04-01,1250.15,5,250.03,3,2026-05-07 21:27:02,2026-05-07 21:27:02,
857,49,electricity,2026-05-01,2063.58,5,412.72,3,2026-05-07 21:27:02,2026-05-07 21:27:02,
858,49,water,2026-05-01,213.39,5,42.68,3,2026-05-07 21:27:02,2026-05-07 21:27:02,
859,47,electricity,2023-03-01,2265.76,1,2265.76,44,2026-05-07 21:27:02,2026-05-07 21:27:02,
860,47,water,2023-03-01,326.47,1,326.47,44,2026-05-07 21:27:02,2026-05-07 21:27:02,
861,47,electricity,2023-04-01,1758.70,1,1758.70,44,2026-05-07 21:27:02,2026-05-07 21:27:02,
862,47,water,2023-04-01,347.27,1,347.27,44,2026-05-07 21:27:02,2026-05-07 21:27:02,
863,47,electricity,2023-05-01,1804.37,1,1804.37,44,2026-05-07 21:27:02,2026-05-07 21:27:02,
864,47,electricity,2023-06-01,2370.38,1,2370.38,44,2026-05-07 21:27:02,2026-05-07 21:27:02,
865,47,water,2023-06-01,260.77,1,260.77,44,2026-05-07 21:27:02,2026-05-07 21:27:02,
866,47,electricity,2023-07-01,2168.40,1,2168.40,44,2026-05-07 21:27:02,2026-05-07 21:27:02,
867,47,electricity,2023-08-01,1479.42,1,1479.42,44,2026-05-07 21:27:02,2026-05-07 21:27:02,
868,47,electricity,2023-09-01,2150.74,1,2150.74,44,2026-05-07 21:27:03,2026-05-07 21:27:03,
869,47,water,2023-09-01,395.23,1,395.23,44,2026-05-07 21:27:03,2026-05-07 21:27:03,
870,47,electricity,2023-10-01,1703.96,1,1703.96,44,2026-05-07 21:27:03,2026-05-07 21:27:03,
871,47,water,2023-10-01,396.96,1,396.96,44,2026-05-07 21:27:03,2026-05-07 21:27:03,
872,47,electricity,2023-11-01,1373.65,1,1373.65,44,2026-05-07 21:27:03,2026-05-07 21:27:03,
873,47,water,2023-11-01,275.34,1,275.34,44,2026-05-07 21:27:03,2026-05-07 21:27:03,
874,47,electricity,2023-12-01,2248.14,1,2248.14,44,2026-05-07 21:27:03,2026-05-07 21:27:03,
875,47,water,2023-12-01,262.02,1,262.02,44,2026-05-07 21:27:03,2026-05-07 21:27:03,
876,47,electricity,2024-01-01,1552.04,1,1552.04,44,2026-05-07 21:27:03,2026-05-07 21:27:03,
877,47,water,2024-01-01,426.63,1,426.63,44,2026-05-07 21:27:03,2026-05-07 21:27:03,
878,47,electricity,2024-02-01,1424.45,1,1424.45,44,2026-05-07 21:27:03,2026-05-07 21:27:03,
879,47,water,2024-02-01,389.78,1,389.78,44,2026-05-07 21:27:03,2026-05-07 21:27:03,
880,47,electricity,2024-03-01,2235.23,2,1117.62,44,2026-05-07 21:27:03,2026-05-07 21:27:03,
881,47,water,2024-03-01,346.19,2,173.10,44,2026-05-07 21:27:03,2026-05-07 21:27:03,
882,47,electricity,2024-04-01,2109.08,1,2109.08,44,2026-05-07 21:27:03,2026-05-07 21:27:03,
883,47,water,2024-04-01,331.67,1,331.67,44,2026-05-07 21:27:03,2026-05-07 21:27:03,
884,47,electricity,2024-05-01,1511.70,1,1511.70,44,2026-05-07 21:27:03,2026-05-07 21:27:03,
885,47,water,2024-05-01,324.48,1,324.48,44,2026-05-07 21:27:03,2026-05-07 21:27:03,
886,47,electricity,2024-06-01,1696.38,1,1696.38,44,2026-05-07 21:27:03,2026-05-07 21:27:03,
887,47,electricity,2024-07-01,1451.30,1,1451.30,44,2026-05-07 21:27:03,2026-05-07 21:27:03,
888,47,water,2024-07-01,282.60,1,282.60,44,2026-05-07 21:27:03,2026-05-07 21:27:03,
889,47,electricity,2024-08-01,1979.13,1,1979.13,44,2026-05-07 21:27:03,2026-05-07 21:27:03,
890,47,water,2024-08-01,373.11,1,373.11,44,2026-05-07 21:27:03,2026-05-07 21:27:03,
891,47,electricity,2024-09-01,1849.92,2,924.96,44,2026-05-07 21:27:03,2026-05-07 21:27:03,
892,47,water,2024-09-01,262.10,2,131.05,44,2026-05-07 21:27:03,2026-05-07 21:27:03,
893,47,electricity,2024-10-01,2108.79,2,1054.40,44,2026-05-07 21:27:03,2026-05-07 21:27:03,
894,47,electricity,2024-11-01,1233.53,1,1233.53,44,2026-05-07 21:27:04,2026-05-07 21:27:04,
895,47,water,2024-11-01,431.47,1,431.47,44,2026-05-07 21:27:04,2026-05-07 21:27:04,
896,47,electricity,2024-12-01,2388.61,1,2388.61,44,2026-05-07 21:27:04,2026-05-07 21:27:04,
897,47,electricity,2025-01-01,1433.90,1,1433.90,44,2026-05-07 21:27:04,2026-05-07 21:27:04,
898,47,electricity,2025-02-01,1286.67,1,1286.67,44,2026-05-07 21:27:04,2026-05-07 21:27:04,
899,47,water,2025-02-01,417.33,1,417.33,44,2026-05-07 21:27:04,2026-05-07 21:27:04,
900,47,electricity,2025-03-01,1328.25,1,1328.25,44,2026-05-07 21:27:04,2026-05-07 21:27:04,
901,47,water,2025-03-01,289.59,1,289.59,44,2026-05-07 21:27:04,2026-05-07 21:27:04,
902,47,electricity,2025-04-01,1317.14,2,658.57,44,2026-05-07 21:27:04,2026-05-07 21:27:04,
903,47,water,2025-04-01,375.40,2,187.70,44,2026-05-07 21:27:04,2026-05-07 21:27:04,
904,47,electricity,2025-05-01,2196.76,1,2196.76,44,2026-05-07 21:27:04,2026-05-07 21:27:04,
905,47,water,2025-05-01,278.72,1,278.72,44,2026-05-07 21:27:04,2026-05-07 21:27:04,
906,47,electricity,2025-06-01,1956.72,1,1956.72,44,2026-05-07 21:27:04,2026-05-07 21:27:04,
907,47,water,2025-06-01,303.86,1,303.86,44,2026-05-07 21:27:04,2026-05-07 21:27:04,
908,47,electricity,2025-07-01,1274.07,1,1274.07,44,2026-05-07 21:27:04,2026-05-07 21:27:04,
909,47,water,2025-07-01,365.12,1,365.12,44,2026-05-07 21:27:04,2026-05-07 21:27:04,
910,47,electricity,2025-08-01,1984.44,1,1984.44,44,2026-05-07 21:27:04,2026-05-07 21:27:04,
911,47,water,2025-08-01,499.13,1,499.13,44,2026-05-07 21:27:04,2026-05-07 21:27:04,
912,47,electricity,2025-09-01,2170.03,1,2170.03,44,2026-05-07 21:27:04,2026-05-07 21:27:04,
913,47,water,2025-09-01,292.54,1,292.54,44,2026-05-07 21:27:04,2026-05-07 21:27:04,
914,47,electricity,2025-10-01,1458.93,1,1458.93,44,2026-05-07 21:27:04,2026-05-07 21:27:04,
915,47,water,2025-10-01,441.51,1,441.51,44,2026-05-07 21:27:04,2026-05-07 21:27:04,
916,47,electricity,2025-11-01,2498.87,1,2498.87,44,2026-05-07 21:27:04,2026-05-07 21:27:04,
917,47,water,2025-11-01,420.61,1,420.61,44,2026-05-07 21:27:04,2026-05-07 21:27:04,
918,47,electricity,2025-12-01,1515.45,1,1515.45,44,2026-05-07 21:27:05,2026-05-07 21:27:05,
919,47,water,2025-12-01,282.14,1,282.14,44,2026-05-07 21:27:05,2026-05-07 21:27:05,
920,47,electricity,2026-01-01,1710.43,1,1710.43,44,2026-05-07 21:27:05,2026-05-07 21:27:05,
921,47,water,2026-01-01,298.91,1,298.91,44,2026-05-07 21:27:05,2026-05-07 21:27:05,
922,47,electricity,2026-02-01,1793.30,1,1793.30,44,2026-05-07 21:27:05,2026-05-07 21:27:05,
923,47,electricity,2026-03-01,2113.71,1,2113.71,44,2026-05-07 21:27:05,2026-05-07 21:27:05,
924,47,electricity,2026-04-01,1202.62,2,601.31,44,2026-05-07 21:27:05,2026-05-07 21:27:05,
925,47,water,2026-04-01,315.41,2,157.71,44,2026-05-07 21:27:05,2026-05-07 21:27:05,
926,47,electricity,2026-05-01,2184.52,2,1092.26,44,2026-05-07 21:27:05,2026-05-07 21:27:05,
927,14,electricity,2023-09-01,2013.85,1,2013.85,44,2026-05-07 21:27:05,2026-05-07 21:27:05,
928,14,water,2023-09-01,429.35,1,429.35,44,2026-05-07 21:27:05,2026-05-07 21:27:05,
929,14,electricity,2023-10-01,1599.74,2,799.87,44,2026-05-07 21:27:05,2026-05-07 21:27:05,
930,14,water,2023-10-01,257.42,2,128.71,44,2026-05-07 21:27:05,2026-05-07 21:27:05,
931,14,electricity,2023-11-01,2325.70,1,2325.70,44,2026-05-07 21:27:05,2026-05-07 21:27:05,
932,14,water,2023-11-01,341.10,1,341.10,44,2026-05-07 21:27:05,2026-05-07 21:27:05,
933,14,electricity,2023-12-01,2040.90,1,2040.90,44,2026-05-07 21:27:05,2026-05-07 21:27:05,
934,14,water,2023-12-01,350.22,1,350.22,44,2026-05-07 21:27:05,2026-05-07 21:27:05,
935,14,electricity,2024-01-01,1777.25,1,1777.25,44,2026-05-07 21:27:05,2026-05-07 21:27:05,
936,14,electricity,2024-02-01,1271.06,1,1271.06,44,2026-05-07 21:27:05,2026-05-07 21:27:05,
937,14,water,2024-02-01,279.12,1,279.12,44,2026-05-07 21:27:05,2026-05-07 21:27:05,
938,14,electricity,2024-03-01,1695.02,1,1695.02,44,2026-05-07 21:27:05,2026-05-07 21:27:05,
939,14,electricity,2024-04-01,2352.10,2,1176.05,44,2026-05-07 21:27:06,2026-05-07 21:27:06,
940,14,water,2024-04-01,373.50,2,186.75,44,2026-05-07 21:27:06,2026-05-07 21:27:06,
941,14,electricity,2024-05-01,1973.56,1,1973.56,44,2026-05-07 21:27:06,2026-05-07 21:27:06,
942,14,water,2024-05-01,237.61,1,237.61,44,2026-05-07 21:27:06,2026-05-07 21:27:06,
943,14,electricity,2024-06-01,1924.52,1,1924.52,44,2026-05-07 21:27:06,2026-05-07 21:27:06,
944,14,water,2024-06-01,393.79,1,393.79,44,2026-05-07 21:27:06,2026-05-07 21:27:06,
945,14,electricity,2024-07-01,2248.90,1,2248.90,44,2026-05-07 21:27:06,2026-05-07 21:27:06,
946,14,electricity,2024-08-01,2084.86,1,2084.86,44,2026-05-07 21:27:06,2026-05-07 21:27:06,
947,14,electricity,2024-09-01,1784.85,1,1784.85,44,2026-05-07 21:27:06,2026-05-07 21:27:06,
948,14,water,2024-09-01,495.66,1,495.66,44,2026-05-07 21:27:06,2026-05-07 21:27:06,
949,14,electricity,2024-10-01,2031.17,2,1015.59,44,2026-05-07 21:27:06,2026-05-07 21:27:06,
950,14,water,2024-10-01,202.05,2,101.03,44,2026-05-07 21:27:06,2026-05-07 21:27:06,
951,14,electricity,2024-11-01,2267.47,1,2267.47,44,2026-05-07 21:27:06,2026-05-07 21:27:06,
952,14,water,2024-11-01,380.01,1,380.01,44,2026-05-07 21:27:06,2026-05-07 21:27:06,
953,14,electricity,2024-12-01,2366.52,1,2366.52,44,2026-05-07 21:27:06,2026-05-07 21:27:06,
954,14,water,2024-12-01,254.73,1,254.73,44,2026-05-07 21:27:06,2026-05-07 21:27:06,
955,14,electricity,2025-01-01,2343.93,1,2343.93,44,2026-05-07 21:27:06,2026-05-07 21:27:06,
956,14,water,2025-01-01,341.25,1,341.25,44,2026-05-07 21:27:06,2026-05-07 21:27:06,
957,14,electricity,2025-02-01,2083.95,1,2083.95,44,2026-05-07 21:27:06,2026-05-07 21:27:06,
958,14,electricity,2025-03-01,2460.07,1,2460.07,44,2026-05-07 21:27:06,2026-05-07 21:27:06,
959,14,electricity,2025-04-01,1876.90,1,1876.90,44,2026-05-07 21:27:06,2026-05-07 21:27:06,
960,14,water,2025-04-01,450.13,1,450.13,44,2026-05-07 21:27:06,2026-05-07 21:27:06,
961,14,electricity,2025-05-01,2255.25,1,2255.25,44,2026-05-07 21:27:07,2026-05-07 21:27:07,
962,14,water,2025-05-01,461.21,1,461.21,44,2026-05-07 21:27:07,2026-05-07 21:27:07,
963,14,electricity,2025-06-01,1457.79,1,1457.79,44,2026-05-07 21:27:07,2026-05-07 21:27:07,
964,14,electricity,2025-07-01,1343.46,1,1343.46,44,2026-05-07 21:27:07,2026-05-07 21:27:07,
965,14,water,2025-07-01,439.76,1,439.76,44,2026-05-07 21:27:07,2026-05-07 21:27:07,
966,14,electricity,2025-08-01,2423.33,1,2423.33,44,2026-05-07 21:27:07,2026-05-07 21:27:07,
967,14,electricity,2025-09-01,1669.06,1,1669.06,44,2026-05-07 21:27:07,2026-05-07 21:27:07,
968,14,electricity,2025-10-01,1671.54,2,835.77,44,2026-05-07 21:27:07,2026-05-07 21:27:07,
969,14,water,2025-10-01,260.92,2,130.46,44,2026-05-07 21:27:07,2026-05-07 21:27:07,
970,14,electricity,2025-11-01,2247.01,1,2247.01,44,2026-05-07 21:27:07,2026-05-07 21:27:07,
971,14,water,2025-11-01,203.17,1,203.17,44,2026-05-07 21:27:07,2026-05-07 21:27:07,
972,14,electricity,2025-12-01,1346.78,1,1346.78,44,2026-05-07 21:27:07,2026-05-07 21:27:07,
973,14,water,2025-12-01,445.88,1,445.88,44,2026-05-07 21:27:07,2026-05-07 21:27:07,
974,14,electricity,2026-01-01,1714.43,1,1714.43,44,2026-05-07 21:27:07,2026-05-07 21:27:07,
975,14,water,2026-01-01,307.72,1,307.72,44,2026-05-07 21:27:07,2026-05-07 21:27:07,
976,14,electricity,2026-02-01,2093.79,1,2093.79,44,2026-05-07 21:27:07,2026-05-07 21:27:07,
977,14,water,2026-02-01,309.48,1,309.48,44,2026-05-07 21:27:07,2026-05-07 21:27:07,
978,14,electricity,2026-03-01,1554.10,1,1554.10,44,2026-05-07 21:27:07,2026-05-07 21:27:07,
979,14,water,2026-03-01,414.88,1,414.88,44,2026-05-07 21:27:07,2026-05-07 21:27:07,
980,14,electricity,2026-04-01,2067.49,1,2067.49,44,2026-05-07 21:27:07,2026-05-07 21:27:07,
981,14,electricity,2026-05-01,2421.15,1,2421.15,44,2026-05-07 21:27:07,2026-05-07 21:27:07,
982,14,water,2026-05-01,275.95,1,275.95,44,2026-05-07 21:27:07,2026-05-07 21:27:07,
983,3,electricity,2024-11-01,2481.29,1,2481.29,43,2026-05-07 21:27:08,2026-05-07 21:27:08,
984,3,water,2024-11-01,252.62,1,252.62,43,2026-05-07 21:27:08,2026-05-07 21:27:08,
985,3,electricity,2024-12-01,2063.54,1,2063.54,43,2026-05-07 21:27:08,2026-05-07 21:27:08,
986,3,electricity,2025-01-01,2029.46,1,2029.46,43,2026-05-07 21:27:08,2026-05-07 21:27:08,
987,3,water,2025-01-01,284.97,1,284.97,43,2026-05-07 21:27:08,2026-05-07 21:27:08,
988,3,electricity,2025-02-01,1585.36,1,1585.36,43,2026-05-07 21:27:08,2026-05-07 21:27:08,
989,3,water,2025-02-01,448.74,1,448.74,43,2026-05-07 21:27:08,2026-05-07 21:27:08,
990,3,electricity,2025-03-01,1456.86,1,1456.86,43,2026-05-07 21:27:08,2026-05-07 21:27:08,
991,3,electricity,2025-04-01,2017.75,1,2017.75,43,2026-05-07 21:27:08,2026-05-07 21:27:08,
992,3,water,2025-04-01,272.36,1,272.36,43,2026-05-07 21:27:08,2026-05-07 21:27:08,
993,3,electricity,2025-05-01,2295.23,1,2295.23,43,2026-05-07 21:27:08,2026-05-07 21:27:08,
994,3,electricity,2025-06-01,1653.30,1,1653.30,43,2026-05-07 21:27:08,2026-05-07 21:27:08,
995,3,water,2025-06-01,362.57,1,362.57,43,2026-05-07 21:27:08,2026-05-07 21:27:08,
996,3,electricity,2025-07-01,2383.74,1,2383.74,43,2026-05-07 21:27:08,2026-05-07 21:27:08,
997,3,water,2025-07-01,459.97,1,459.97,43,2026-05-07 21:27:08,2026-05-07 21:27:08,
998,3,electricity,2025-08-01,1973.78,1,1973.78,43,2026-05-07 21:27:08,2026-05-07 21:27:08,
999,3,electricity,2025-09-01,2110.67,1,2110.67,43,2026-05-07 21:27:08,2026-05-07 21:27:08,
1000,3,water,2025-09-01,223.47,1,223.47,43,2026-05-07 21:27:08,2026-05-07 21:27:08,
1001,3,electricity,2025-10-01,1811.00,1,1811.00,43,2026-05-07 21:27:08,2026-05-07 21:27:08,
1002,3,electricity,2025-11-01,1886.43,2,943.22,43,2026-05-07 21:27:08,2026-05-07 21:27:08,
1003,3,electricity,2025-12-01,1204.37,2,602.19,43,2026-05-07 21:27:08,2026-05-07 21:27:08,
1004,3,water,2025-12-01,493.78,2,246.89,43,2026-05-07 21:27:08,2026-05-07 21:27:08,
1005,3,electricity,2026-01-01,1381.24,1,1381.24,43,2026-05-07 21:27:09,2026-05-07 21:27:09,
1006,3,water,2026-01-01,488.93,1,488.93,43,2026-05-07 21:27:09,2026-05-07 21:27:09,
1007,3,electricity,2026-02-01,1308.97,1,1308.97,43,2026-05-07 21:27:09,2026-05-07 21:27:09,
1008,3,electricity,2026-03-01,2458.88,2,1229.44,43,2026-05-07 21:27:09,2026-05-07 21:27:09,
1009,3,electricity,2026-04-01,1829.83,1,1829.83,43,2026-05-07 21:27:09,2026-05-07 21:27:09,
1010,3,water,2026-04-01,258.96,1,258.96,43,2026-05-07 21:27:09,2026-05-07 21:27:09,
1011,3,electricity,2026-05-01,1234.71,1,1234.71,43,2026-05-07 21:27:09,2026-05-07 21:27:09,
1012,3,water,2026-05-01,368.68,1,368.68,43,2026-05-07 21:27:09,2026-05-07 21:27:09,
1013,43,electricity,2021-01-01,1629.58,1,1629.58,4,2026-05-07 21:27:09,2026-05-07 21:27:09,
1014,43,electricity,2021-02-01,1931.33,1,1931.33,4,2026-05-07 21:27:09,2026-05-07 21:27:09,
1015,43,water,2021-02-01,312.02,1,312.02,4,2026-05-07 21:27:09,2026-05-07 21:27:09,
1016,43,electricity,2021-03-01,2056.55,1,2056.55,4,2026-05-07 21:27:09,2026-05-07 21:27:09,
1017,43,water,2021-03-01,446.93,1,446.93,4,2026-05-07 21:27:09,2026-05-07 21:27:09,
1018,43,electricity,2021-04-01,2169.76,2,1084.88,4,2026-05-07 21:27:09,2026-05-07 21:27:09,
1019,43,water,2021-04-01,276.50,2,138.25,4,2026-05-07 21:27:09,2026-05-07 21:27:09,
1020,43,electricity,2021-05-01,1301.19,1,1301.19,4,2026-05-07 21:27:09,2026-05-07 21:27:09,
1021,43,water,2021-05-01,229.51,1,229.51,4,2026-05-07 21:27:09,2026-05-07 21:27:09,
1022,43,electricity,2021-06-01,1412.11,1,1412.11,4,2026-05-07 21:27:09,2026-05-07 21:27:09,
1023,43,water,2021-06-01,321.00,1,321.00,4,2026-05-07 21:27:09,2026-05-07 21:27:09,
1024,43,electricity,2021-07-01,1695.33,1,1695.33,4,2026-05-07 21:27:09,2026-05-07 21:27:09,
1025,43,water,2021-07-01,471.45,1,471.45,4,2026-05-07 21:27:09,2026-05-07 21:27:09,
1026,43,electricity,2021-08-01,1537.60,1,1537.60,4,2026-05-07 21:27:10,2026-05-07 21:27:10,
1027,43,electricity,2021-09-01,1207.75,1,1207.75,4,2026-05-07 21:27:10,2026-05-07 21:27:10,
1028,43,water,2021-09-01,304.44,1,304.44,4,2026-05-07 21:27:10,2026-05-07 21:27:10,
1029,43,electricity,2021-10-01,1223.18,2,611.59,4,2026-05-07 21:27:10,2026-05-07 21:27:10,
1030,43,electricity,2021-11-01,2323.03,1,2323.03,4,2026-05-07 21:27:10,2026-05-07 21:27:10,
1031,43,electricity,2021-12-01,1572.70,1,1572.70,4,2026-05-07 21:27:10,2026-05-07 21:27:10,
1032,43,electricity,2022-01-01,2467.95,2,1233.98,4,2026-05-07 21:27:10,2026-05-07 21:27:10,
1033,43,water,2022-01-01,255.78,2,127.89,4,2026-05-07 21:27:10,2026-05-07 21:27:10,
1034,43,electricity,2022-02-01,1563.71,2,781.86,4,2026-05-07 21:27:10,2026-05-07 21:27:10,
1035,43,water,2022-02-01,369.99,2,185.00,4,2026-05-07 21:27:10,2026-05-07 21:27:10,
1036,43,electricity,2022-03-01,2278.06,1,2278.06,4,2026-05-07 21:27:10,2026-05-07 21:27:10,
1037,43,water,2022-03-01,429.36,1,429.36,4,2026-05-07 21:27:10,2026-05-07 21:27:10,
1038,43,electricity,2022-04-01,2434.67,1,2434.67,4,2026-05-07 21:27:10,2026-05-07 21:27:10,
1039,43,water,2022-04-01,323.79,1,323.79,4,2026-05-07 21:27:10,2026-05-07 21:27:10,
1040,43,electricity,2022-05-01,1874.76,2,937.38,4,2026-05-07 21:27:10,2026-05-07 21:27:10,
1041,43,electricity,2022-06-01,1686.83,1,1686.83,4,2026-05-07 21:27:10,2026-05-07 21:27:10,
1042,43,water,2022-06-01,376.04,1,376.04,4,2026-05-07 21:27:10,2026-05-07 21:27:10,
1043,43,electricity,2022-07-01,1990.77,1,1990.77,4,2026-05-07 21:27:11,2026-05-07 21:27:11,
1044,43,electricity,2022-08-01,1260.45,1,1260.45,4,2026-05-07 21:27:11,2026-05-07 21:27:11,
1045,43,electricity,2022-09-01,1879.33,1,1879.33,4,2026-05-07 21:27:11,2026-05-07 21:27:11,
1046,43,water,2022-09-01,347.34,1,347.34,4,2026-05-07 21:27:11,2026-05-07 21:27:11,
1047,43,electricity,2022-10-01,1474.93,1,1474.93,4,2026-05-07 21:27:11,2026-05-07 21:27:11,
1048,43,water,2022-10-01,367.98,1,367.98,4,2026-05-07 21:27:11,2026-05-07 21:27:11,
1049,43,electricity,2022-11-01,1675.69,1,1675.69,4,2026-05-07 21:27:11,2026-05-07 21:27:11,
1050,43,electricity,2022-12-01,1921.00,1,1921.00,4,2026-05-07 21:27:11,2026-05-07 21:27:11,
1051,43,water,2022-12-01,465.77,1,465.77,4,2026-05-07 21:27:11,2026-05-07 21:27:11,
1052,43,electricity,2023-01-01,1542.54,1,1542.54,4,2026-05-07 21:27:11,2026-05-07 21:27:11,
1053,43,electricity,2023-02-01,1644.01,1,1644.01,4,2026-05-07 21:27:11,2026-05-07 21:27:11,
1054,43,water,2023-02-01,324.24,1,324.24,4,2026-05-07 21:27:11,2026-05-07 21:27:11,
1055,43,electricity,2023-03-01,1227.95,1,1227.95,4,2026-05-07 21:27:12,2026-05-07 21:27:12,
1056,43,water,2023-03-01,311.75,1,311.75,4,2026-05-07 21:27:12,2026-05-07 21:27:12,
1057,43,electricity,2023-04-01,1760.57,1,1760.57,4,2026-05-07 21:27:12,2026-05-07 21:27:12,
1058,43,electricity,2023-05-01,1805.19,2,902.60,4,2026-05-07 21:27:12,2026-05-07 21:27:12,
1059,43,water,2023-05-01,313.72,2,156.86,4,2026-05-07 21:27:12,2026-05-07 21:27:12,
1060,43,electricity,2023-06-01,1443.81,2,721.91,4,2026-05-07 21:27:12,2026-05-07 21:27:12,
1061,43,water,2023-06-01,338.58,2,169.29,4,2026-05-07 21:27:12,2026-05-07 21:27:12,
1062,43,electricity,2023-07-01,2434.61,1,2434.61,4,2026-05-07 21:27:12,2026-05-07 21:27:12,
1063,43,electricity,2023-08-01,1683.59,1,1683.59,4,2026-05-07 21:27:12,2026-05-07 21:27:12,
1064,43,water,2023-08-01,372.89,1,372.89,4,2026-05-07 21:27:12,2026-05-07 21:27:12,
1065,43,electricity,2023-09-01,2307.14,1,2307.14,4,2026-05-07 21:27:12,2026-05-07 21:27:12,
1066,43,water,2023-09-01,436.28,1,436.28,4,2026-05-07 21:27:12,2026-05-07 21:27:12,
1067,43,electricity,2023-10-01,1585.05,1,1585.05,4,2026-05-07 21:27:12,2026-05-07 21:27:12,
1068,43,water,2023-10-01,487.83,1,487.83,4,2026-05-07 21:27:12,2026-05-07 21:27:12,
1069,43,electricity,2023-11-01,1861.84,1,1861.84,4,2026-05-07 21:27:12,2026-05-07 21:27:12,
1070,43,electricity,2023-12-01,2352.06,2,1176.03,4,2026-05-07 21:27:12,2026-05-07 21:27:12,
1071,43,water,2023-12-01,491.40,2,245.70,4,2026-05-07 21:27:12,2026-05-07 21:27:12,
1072,43,electricity,2024-01-01,1604.69,1,1604.69,4,2026-05-07 21:27:13,2026-05-07 21:27:13,
1073,43,water,2024-01-01,200.32,1,200.32,4,2026-05-07 21:27:13,2026-05-07 21:27:13,
1074,43,electricity,2024-02-01,1202.37,1,1202.37,4,2026-05-07 21:27:13,2026-05-07 21:27:13,
1075,43,water,2024-02-01,375.86,1,375.86,4,2026-05-07 21:27:13,2026-05-07 21:27:13,
1076,43,electricity,2024-03-01,2365.43,1,2365.43,4,2026-05-07 21:27:13,2026-05-07 21:27:13,
1077,43,electricity,2024-04-01,1972.96,1,1972.96,4,2026-05-07 21:27:13,2026-05-07 21:27:13,
1078,43,water,2024-04-01,264.25,1,264.25,4,2026-05-07 21:27:13,2026-05-07 21:27:13,
1079,43,electricity,2024-05-01,2344.37,1,2344.37,4,2026-05-07 21:27:13,2026-05-07 21:27:13,
1080,43,water,2024-05-01,253.58,1,253.58,4,2026-05-07 21:27:13,2026-05-07 21:27:13,
1081,43,electricity,2024-06-01,2499.16,2,1249.58,4,2026-05-07 21:27:14,2026-05-07 21:27:14,
1082,43,water,2024-06-01,332.42,2,166.21,4,2026-05-07 21:27:14,2026-05-07 21:27:14,
1083,43,electricity,2024-07-01,2319.74,1,2319.74,4,2026-05-07 21:27:15,2026-05-07 21:27:15,
1084,43,water,2024-07-01,217.02,1,217.02,4,2026-05-07 21:27:15,2026-05-07 21:27:15,
1085,43,electricity,2024-08-01,1943.17,1,1943.17,4,2026-05-07 21:27:16,2026-05-07 21:27:16,
1086,43,water,2024-08-01,275.87,1,275.87,4,2026-05-07 21:27:16,2026-05-07 21:27:16,
1087,43,electricity,2024-09-01,1269.61,2,634.81,4,2026-05-07 21:27:16,2026-05-07 21:27:16,
1088,43,water,2024-09-01,221.31,2,110.66,4,2026-05-07 21:27:16,2026-05-07 21:27:16,
1089,43,electricity,2024-10-01,1701.36,1,1701.36,4,2026-05-07 21:27:16,2026-05-07 21:27:16,
1090,43,water,2024-10-01,367.86,1,367.86,4,2026-05-07 21:27:16,2026-05-07 21:27:16,
1091,43,electricity,2024-11-01,1718.59,1,1718.59,4,2026-05-07 21:27:16,2026-05-07 21:27:16,
1092,43,water,2024-11-01,422.02,1,422.02,4,2026-05-07 21:27:16,2026-05-07 21:27:16,
1093,43,electricity,2024-12-01,2251.33,1,2251.33,4,2026-05-07 21:27:16,2026-05-07 21:27:16,
1094,43,electricity,2025-01-01,1616.58,1,1616.58,4,2026-05-07 21:27:17,2026-05-07 21:27:17,
1095,43,water,2025-01-01,402.32,1,402.32,4,2026-05-07 21:27:17,2026-05-07 21:27:17,
1096,43,electricity,2025-02-01,2477.31,1,2477.31,4,2026-05-07 21:27:17,2026-05-07 21:27:17,
1097,43,water,2025-02-01,207.90,1,207.90,4,2026-05-07 21:27:17,2026-05-07 21:27:17,
1098,43,electricity,2025-03-01,1309.84,2,654.92,4,2026-05-07 21:27:17,2026-05-07 21:27:17,
1099,43,electricity,2025-04-01,2385.51,2,1192.76,4,2026-05-07 21:27:17,2026-05-07 21:27:17,
1100,43,water,2025-04-01,349.26,2,174.63,4,2026-05-07 21:27:17,2026-05-07 21:27:17,
1101,43,electricity,2025-05-01,1645.92,1,1645.92,4,2026-05-07 21:27:17,2026-05-07 21:27:17,
1102,43,water,2025-05-01,438.88,1,438.88,4,2026-05-07 21:27:17,2026-05-07 21:27:17,
1103,43,electricity,2025-06-01,1270.09,1,1270.09,4,2026-05-07 21:27:17,2026-05-07 21:27:17,
1104,43,water,2025-06-01,300.26,1,300.26,4,2026-05-07 21:27:17,2026-05-07 21:27:17,
1105,43,electricity,2025-07-01,2099.37,2,1049.69,4,2026-05-07 21:27:17,2026-05-07 21:27:17,
1106,43,water,2025-07-01,438.30,2,219.15,4,2026-05-07 21:27:17,2026-05-07 21:27:17,
1107,43,electricity,2025-08-01,1722.73,1,1722.73,4,2026-05-07 21:27:17,2026-05-07 21:27:17,
1108,43,water,2025-08-01,369.87,1,369.87,4,2026-05-07 21:27:17,2026-05-07 21:27:17,
1109,43,electricity,2025-09-01,2125.85,1,2125.85,4,2026-05-07 21:27:17,2026-05-07 21:27:17,
1110,43,electricity,2025-10-01,2120.44,2,1060.22,4,2026-05-07 21:27:17,2026-05-07 21:27:17,
1111,43,water,2025-10-01,338.56,2,169.28,4,2026-05-07 21:27:17,2026-05-07 21:27:17,
1112,43,electricity,2025-11-01,1244.83,1,1244.83,4,2026-05-07 21:27:17,2026-05-07 21:27:17,
1113,43,electricity,2025-12-01,2388.59,1,2388.59,4,2026-05-07 21:27:18,2026-05-07 21:27:18,
1114,43,water,2025-12-01,215.04,1,215.04,4,2026-05-07 21:27:18,2026-05-07 21:27:18,
1115,43,electricity,2026-01-01,2445.21,1,2445.21,4,2026-05-07 21:27:18,2026-05-07 21:27:18,
1116,43,water,2026-01-01,273.18,1,273.18,4,2026-05-07 21:27:18,2026-05-07 21:27:18,
1117,43,electricity,2026-02-01,1765.20,1,1765.20,4,2026-05-07 21:27:18,2026-05-07 21:27:18,
1118,43,water,2026-02-01,357.97,1,357.97,4,2026-05-07 21:27:18,2026-05-07 21:27:18,
1119,43,electricity,2026-03-01,1872.53,1,1872.53,4,2026-05-07 21:27:18,2026-05-07 21:27:18,
1120,43,water,2026-03-01,297.59,1,297.59,4,2026-05-07 21:27:18,2026-05-07 21:27:18,
1121,43,electricity,2026-04-01,1818.53,1,1818.53,4,2026-05-07 21:27:18,2026-05-07 21:27:18,
1122,43,water,2026-04-01,263.85,1,263.85,4,2026-05-07 21:27:18,2026-05-07 21:27:18,
1123,43,electricity,2026-05-01,1425.94,1,1425.94,4,2026-05-07 21:27:18,2026-05-07 21:27:18,
1124,43,water,2026-05-01,311.43,1,311.43,4,2026-05-07 21:27:18,2026-05-07 21:27:18,
1125,17,electricity,2026-03-01,1365.13,1,1365.13,42,2026-05-07 21:27:18,2026-05-07 21:27:18,
1126,17,water,2026-03-01,460.45,1,460.45,42,2026-05-07 21:27:18,2026-05-07 21:27:18,
1127,17,electricity,2026-04-01,2183.21,2,1091.61,42,2026-05-07 21:27:18,2026-05-07 21:27:18,
1128,17,water,2026-04-01,484.92,2,242.46,42,2026-05-07 21:27:18,2026-05-07 21:27:18,
1129,17,electricity,2026-05-01,1813.11,2,906.56,42,2026-05-07 21:27:18,2026-05-07 21:27:18,
1130,28,electricity,2021-08-01,1881.11,1,1881.11,4,2026-05-07 21:27:18,2026-05-07 21:27:18,
1131,28,electricity,2021-09-01,2247.93,1,2247.93,4,2026-05-07 21:27:18,2026-05-07 21:27:18,
1132,28,electricity,2021-10-01,2495.60,1,2495.60,4,2026-05-07 21:27:19,2026-05-07 21:27:19,
1133,28,water,2021-10-01,312.90,1,312.90,4,2026-05-07 21:27:19,2026-05-07 21:27:19,
1134,28,electricity,2021-11-01,1905.71,2,952.86,4,2026-05-07 21:27:19,2026-05-07 21:27:19,
1135,28,water,2021-11-01,224.55,2,112.28,4,2026-05-07 21:27:19,2026-05-07 21:27:19,
1136,28,electricity,2021-12-01,2056.01,1,2056.01,4,2026-05-07 21:27:19,2026-05-07 21:27:19,
1137,28,water,2021-12-01,304.12,1,304.12,4,2026-05-07 21:27:19,2026-05-07 21:27:19,
1138,28,electricity,2022-01-01,1361.06,1,1361.06,4,2026-05-07 21:27:19,2026-05-07 21:27:19,
1139,28,water,2022-01-01,339.17,1,339.17,4,2026-05-07 21:27:19,2026-05-07 21:27:19,
1140,28,electricity,2022-02-01,2430.11,1,2430.11,4,2026-05-07 21:27:19,2026-05-07 21:27:19,
1141,28,electricity,2022-03-01,1457.05,1,1457.05,4,2026-05-07 21:27:19,2026-05-07 21:27:19,
1142,28,electricity,2022-04-01,2109.33,1,2109.33,4,2026-05-07 21:27:19,2026-05-07 21:27:19,
1143,28,electricity,2022-05-01,2482.18,2,1241.09,4,2026-05-07 21:27:19,2026-05-07 21:27:19,
1144,28,water,2022-05-01,247.18,2,123.59,4,2026-05-07 21:27:19,2026-05-07 21:27:19,
1145,28,electricity,2022-06-01,1661.23,2,830.62,4,2026-05-07 21:27:19,2026-05-07 21:27:19,
1146,28,electricity,2022-07-01,2011.39,1,2011.39,4,2026-05-07 21:27:19,2026-05-07 21:27:19,
1147,28,electricity,2022-08-01,2380.57,1,2380.57,4,2026-05-07 21:27:19,2026-05-07 21:27:19,
1148,28,water,2022-08-01,220.40,1,220.40,4,2026-05-07 21:27:19,2026-05-07 21:27:19,
1149,28,electricity,2022-09-01,2434.50,2,1217.25,4,2026-05-07 21:27:20,2026-05-07 21:27:20,
1150,28,water,2022-09-01,266.84,2,133.42,4,2026-05-07 21:27:20,2026-05-07 21:27:20,
1151,28,electricity,2022-10-01,2063.05,1,2063.05,4,2026-05-07 21:27:20,2026-05-07 21:27:20,
1152,28,water,2022-10-01,246.95,1,246.95,4,2026-05-07 21:27:20,2026-05-07 21:27:20,
1153,28,electricity,2022-11-01,1906.07,1,1906.07,4,2026-05-07 21:27:20,2026-05-07 21:27:20,
1154,28,water,2022-11-01,284.85,1,284.85,4,2026-05-07 21:27:20,2026-05-07 21:27:20,
1155,28,electricity,2022-12-01,1435.33,1,1435.33,4,2026-05-07 21:27:20,2026-05-07 21:27:20,
1156,28,electricity,2023-01-01,1820.64,1,1820.64,4,2026-05-07 21:27:20,2026-05-07 21:27:20,
1157,28,water,2023-01-01,228.67,1,228.67,4,2026-05-07 21:27:20,2026-05-07 21:27:20,
1158,28,electricity,2023-02-01,2453.06,1,2453.06,4,2026-05-07 21:27:20,2026-05-07 21:27:20,
1159,28,electricity,2023-03-01,1769.57,2,884.79,4,2026-05-07 21:27:20,2026-05-07 21:27:20,
1160,28,water,2023-03-01,337.77,2,168.89,4,2026-05-07 21:27:20,2026-05-07 21:27:20,
1161,28,electricity,2023-04-01,2499.70,1,2499.70,4,2026-05-07 21:27:20,2026-05-07 21:27:20,
1162,28,water,2023-04-01,327.42,1,327.42,4,2026-05-07 21:27:20,2026-05-07 21:27:20,
1163,28,electricity,2023-05-01,2258.14,1,2258.14,4,2026-05-07 21:27:20,2026-05-07 21:27:20,
1164,28,water,2023-05-01,305.05,1,305.05,4,2026-05-07 21:27:20,2026-05-07 21:27:20,
1165,28,electricity,2023-06-01,2195.89,2,1097.95,4,2026-05-07 21:27:20,2026-05-07 21:27:20,
1166,28,water,2023-06-01,215.92,2,107.96,4,2026-05-07 21:27:20,2026-05-07 21:27:20,
1167,28,electricity,2023-07-01,2407.83,1,2407.83,4,2026-05-07 21:27:21,2026-05-07 21:27:21,
1168,28,water,2023-07-01,250.95,1,250.95,4,2026-05-07 21:27:21,2026-05-07 21:27:21,
1169,28,electricity,2023-08-01,2302.36,1,2302.36,4,2026-05-07 21:27:21,2026-05-07 21:27:21,
1170,28,electricity,2023-09-01,2364.28,1,2364.28,4,2026-05-07 21:27:21,2026-05-07 21:27:21,
1171,28,water,2023-09-01,291.45,1,291.45,4,2026-05-07 21:27:21,2026-05-07 21:27:21,
1172,28,electricity,2023-10-01,1697.99,1,1697.99,4,2026-05-07 21:27:21,2026-05-07 21:27:21,
1173,28,water,2023-10-01,211.51,1,211.51,4,2026-05-07 21:27:21,2026-05-07 21:27:21,
1174,28,electricity,2023-11-01,1824.23,1,1824.23,4,2026-05-07 21:27:21,2026-05-07 21:27:21,
1175,28,electricity,2023-12-01,2098.90,2,1049.45,4,2026-05-07 21:27:21,2026-05-07 21:27:21,
1176,28,electricity,2024-01-01,1834.45,1,1834.45,4,2026-05-07 21:27:21,2026-05-07 21:27:21,
1177,28,electricity,2024-02-01,1767.29,1,1767.29,4,2026-05-07 21:27:21,2026-05-07 21:27:21,
1178,28,water,2024-02-01,468.29,1,468.29,4,2026-05-07 21:27:21,2026-05-07 21:27:21,
1179,28,electricity,2024-03-01,2192.85,1,2192.85,4,2026-05-07 21:27:21,2026-05-07 21:27:21,
1180,28,electricity,2024-04-01,2497.62,1,2497.62,4,2026-05-07 21:27:21,2026-05-07 21:27:21,
1181,28,electricity,2024-05-01,2266.86,1,2266.86,4,2026-05-07 21:27:21,2026-05-07 21:27:21,
1182,28,electricity,2024-06-01,2220.72,2,1110.36,4,2026-05-07 21:27:22,2026-05-07 21:27:22,
1183,28,water,2024-06-01,219.38,2,109.69,4,2026-05-07 21:27:22,2026-05-07 21:27:22,
1184,28,electricity,2024-07-01,1861.75,2,930.88,4,2026-05-07 21:27:22,2026-05-07 21:27:22,
1185,28,electricity,2024-08-01,1527.48,2,763.74,4,2026-05-07 21:27:22,2026-05-07 21:27:22,
1186,28,water,2024-08-01,447.46,2,223.73,4,2026-05-07 21:27:22,2026-05-07 21:27:22,
1187,28,electricity,2024-09-01,1913.10,1,1913.10,4,2026-05-07 21:27:22,2026-05-07 21:27:22,
1188,28,water,2024-09-01,281.19,1,281.19,4,2026-05-07 21:27:22,2026-05-07 21:27:22,
1189,28,electricity,2024-10-01,1302.25,1,1302.25,4,2026-05-07 21:27:22,2026-05-07 21:27:22,
1190,28,water,2024-10-01,388.14,1,388.14,4,2026-05-07 21:27:22,2026-05-07 21:27:22,
1191,28,electricity,2024-11-01,2435.11,2,1217.56,4,2026-05-07 21:27:22,2026-05-07 21:27:22,
1192,28,water,2024-11-01,458.29,2,229.15,4,2026-05-07 21:27:22,2026-05-07 21:27:22,
1193,28,electricity,2024-12-01,2266.57,1,2266.57,4,2026-05-07 21:27:22,2026-05-07 21:27:22,
1194,28,water,2024-12-01,438.44,1,438.44,4,2026-05-07 21:27:22,2026-05-07 21:27:22,
1195,28,electricity,2025-01-01,1858.60,1,1858.60,4,2026-05-07 21:27:22,2026-05-07 21:27:22,
1196,28,water,2025-01-01,272.97,1,272.97,4,2026-05-07 21:27:22,2026-05-07 21:27:22,
1197,28,electricity,2025-02-01,1550.09,1,1550.09,4,2026-05-07 21:27:22,2026-05-07 21:27:22,
1198,28,water,2025-02-01,338.04,1,338.04,4,2026-05-07 21:27:22,2026-05-07 21:27:22,
1199,28,electricity,2025-03-01,2248.25,1,2248.25,4,2026-05-07 21:27:22,2026-05-07 21:27:22,
1200,28,water,2025-03-01,274.74,1,274.74,4,2026-05-07 21:27:22,2026-05-07 21:27:22,
1201,28,electricity,2025-04-01,2345.31,1,2345.31,4,2026-05-07 21:27:23,2026-05-07 21:27:23,
1202,28,water,2025-04-01,242.38,1,242.38,4,2026-05-07 21:27:23,2026-05-07 21:27:23,
1203,28,electricity,2025-05-01,1497.87,1,1497.87,4,2026-05-07 21:27:23,2026-05-07 21:27:23,
1204,28,electricity,2025-06-01,1729.84,1,1729.84,4,2026-05-07 21:27:23,2026-05-07 21:27:23,
1205,28,electricity,2025-07-01,2363.67,1,2363.67,4,2026-05-07 21:27:23,2026-05-07 21:27:23,
1206,28,water,2025-07-01,240.22,1,240.22,4,2026-05-07 21:27:23,2026-05-07 21:27:23,
1207,28,electricity,2025-08-01,1487.02,1,1487.02,4,2026-05-07 21:27:23,2026-05-07 21:27:23,
1208,28,electricity,2025-09-01,1610.67,1,1610.67,4,2026-05-07 21:27:23,2026-05-07 21:27:23,
1209,28,water,2025-09-01,338.60,1,338.60,4,2026-05-07 21:27:23,2026-05-07 21:27:23,
1210,28,electricity,2025-10-01,1648.92,1,1648.92,4,2026-05-07 21:27:23,2026-05-07 21:27:23,
1211,28,water,2025-10-01,219.85,1,219.85,4,2026-05-07 21:27:23,2026-05-07 21:27:23,
1212,28,electricity,2025-11-01,1381.20,2,690.60,4,2026-05-07 21:27:23,2026-05-07 21:27:23,
1213,28,water,2025-11-01,340.98,2,170.49,4,2026-05-07 21:27:23,2026-05-07 21:27:23,
1214,28,electricity,2025-12-01,2031.87,1,2031.87,4,2026-05-07 21:27:23,2026-05-07 21:27:23,
1215,28,water,2025-12-01,403.57,1,403.57,4,2026-05-07 21:27:23,2026-05-07 21:27:23,
1216,28,electricity,2026-01-01,2006.00,1,2006.00,4,2026-05-07 21:27:23,2026-05-07 21:27:23,
1217,28,water,2026-01-01,275.97,1,275.97,4,2026-05-07 21:27:23,2026-05-07 21:27:23,
1218,28,electricity,2026-02-01,1273.75,1,1273.75,4,2026-05-07 21:27:23,2026-05-07 21:27:23,
1219,28,electricity,2026-03-01,2376.01,1,2376.01,4,2026-05-07 21:27:24,2026-05-07 21:27:24,
1220,28,water,2026-03-01,230.06,1,230.06,4,2026-05-07 21:27:24,2026-05-07 21:27:24,
1221,28,electricity,2026-04-01,2206.19,1,2206.19,4,2026-05-07 21:27:24,2026-05-07 21:27:24,
1222,28,water,2026-04-01,312.68,1,312.68,4,2026-05-07 21:27:24,2026-05-07 21:27:24,
1223,28,electricity,2026-05-01,1675.14,2,837.57,4,2026-05-07 21:27:24,2026-05-07 21:27:24,
1224,28,water,2026-05-01,251.50,2,125.75,4,2026-05-07 21:27:24,2026-05-07 21:27:24,
1225,22,electricity,2025-01-01,2136.31,1,2136.31,42,2026-05-07 21:27:24,2026-05-07 21:27:24,
1226,22,water,2025-01-01,363.90,1,363.90,42,2026-05-07 21:27:24,2026-05-07 21:27:24,
1227,22,electricity,2025-02-01,1795.75,2,897.88,42,2026-05-07 21:27:24,2026-05-07 21:27:24,
1228,22,water,2025-02-01,335.90,2,167.95,42,2026-05-07 21:27:24,2026-05-07 21:27:24,
1229,22,electricity,2025-03-01,2420.80,1,2420.80,42,2026-05-07 21:27:24,2026-05-07 21:27:24,
1230,22,electricity,2025-04-01,2203.34,1,2203.34,42,2026-05-07 21:27:24,2026-05-07 21:27:24,
1231,22,electricity,2025-05-01,1422.57,2,711.29,42,2026-05-07 21:27:24,2026-05-07 21:27:24,
1232,22,water,2025-05-01,435.66,2,217.83,42,2026-05-07 21:27:24,2026-05-07 21:27:24,
1233,22,electricity,2025-06-01,2296.13,1,2296.13,42,2026-05-07 21:27:24,2026-05-07 21:27:24,
1234,22,electricity,2025-07-01,2329.58,1,2329.58,42,2026-05-07 21:27:24,2026-05-07 21:27:24,
1235,22,water,2025-07-01,263.12,1,263.12,42,2026-05-07 21:27:24,2026-05-07 21:27:24,
1236,22,electricity,2025-08-01,1493.35,2,746.68,42,2026-05-07 21:27:24,2026-05-07 21:27:24,
1237,22,electricity,2025-09-01,1455.91,1,1455.91,42,2026-05-07 21:27:24,2026-05-07 21:27:24,
1238,22,water,2025-09-01,456.77,1,456.77,42,2026-05-07 21:27:24,2026-05-07 21:27:24,
1239,22,electricity,2025-10-01,1422.31,1,1422.31,42,2026-05-07 21:27:24,2026-05-07 21:27:24,
1240,22,electricity,2025-11-01,1440.97,1,1440.97,42,2026-05-07 21:27:25,2026-05-07 21:27:25,
1241,22,water,2025-11-01,476.11,1,476.11,42,2026-05-07 21:27:25,2026-05-07 21:27:25,
1242,22,electricity,2025-12-01,1852.38,1,1852.38,42,2026-05-07 21:27:25,2026-05-07 21:27:25,
1243,22,electricity,2026-01-01,1884.61,1,1884.61,42,2026-05-07 21:27:25,2026-05-07 21:27:25,
1244,22,water,2026-01-01,475.28,1,475.28,42,2026-05-07 21:27:25,2026-05-07 21:27:25,
1245,22,electricity,2026-02-01,1349.50,1,1349.50,42,2026-05-07 21:27:25,2026-05-07 21:27:25,
1246,22,water,2026-02-01,418.48,1,418.48,42,2026-05-07 21:27:25,2026-05-07 21:27:25,
1247,22,electricity,2026-03-01,1504.77,1,1504.77,42,2026-05-07 21:27:25,2026-05-07 21:27:25,
1248,22,electricity,2026-04-01,2446.47,1,2446.47,42,2026-05-07 21:27:25,2026-05-07 21:27:25,
1249,22,water,2026-04-01,361.75,1,361.75,42,2026-05-07 21:27:25,2026-05-07 21:27:25,
1250,22,electricity,2026-05-01,1416.30,1,1416.30,42,2026-05-07 21:27:25,2026-05-07 21:27:25,
1251,20,electricity,2021-10-01,1998.68,1,1998.68,4,2026-05-07 21:27:25,2026-05-07 21:27:25,
1252,20,electricity,2021-11-01,1411.49,1,1411.49,4,2026-05-07 21:27:25,2026-05-07 21:27:25,
1253,20,water,2021-11-01,363.78,1,363.78,4,2026-05-07 21:27:25,2026-05-07 21:27:25,
1254,20,electricity,2021-12-01,2212.84,2,1106.42,4,2026-05-07 21:27:26,2026-05-07 21:27:26,
1255,20,water,2021-12-01,345.57,2,172.79,4,2026-05-07 21:27:26,2026-05-07 21:27:26,
1256,20,electricity,2022-01-01,1931.34,2,965.67,4,2026-05-07 21:27:26,2026-05-07 21:27:26,
1257,20,water,2022-01-01,436.72,2,218.36,4,2026-05-07 21:27:26,2026-05-07 21:27:26,
1258,20,electricity,2022-02-01,2138.70,2,1069.35,4,2026-05-07 21:27:26,2026-05-07 21:27:26,
1259,20,electricity,2022-03-01,1305.42,3,435.14,4,2026-05-07 21:27:26,2026-05-07 21:27:26,
1260,20,water,2022-03-01,273.30,3,91.10,4,2026-05-07 21:27:26,2026-05-07 21:27:26,
1261,20,electricity,2022-04-01,1727.87,2,863.94,4,2026-05-07 21:27:26,2026-05-07 21:27:26,
1262,20,water,2022-04-01,295.15,2,147.58,4,2026-05-07 21:27:26,2026-05-07 21:27:26,
1263,20,electricity,2022-05-01,1430.85,2,715.43,4,2026-05-07 21:27:26,2026-05-07 21:27:26,
1264,20,water,2022-05-01,349.96,2,174.98,4,2026-05-07 21:27:26,2026-05-07 21:27:26,
1265,20,electricity,2022-06-01,2057.98,3,685.99,4,2026-05-07 21:27:26,2026-05-07 21:27:26,
1266,20,electricity,2022-07-01,2058.41,2,1029.21,4,2026-05-07 21:27:26,2026-05-07 21:27:26,
1267,20,electricity,2022-08-01,2337.41,2,1168.71,4,2026-05-07 21:27:26,2026-05-07 21:27:26,
1268,20,electricity,2022-09-01,2186.68,3,728.89,4,2026-05-07 21:27:27,2026-05-07 21:27:27,
1269,20,water,2022-09-01,375.78,3,125.26,4,2026-05-07 21:27:27,2026-05-07 21:27:27,
1270,20,electricity,2022-10-01,2113.08,3,704.36,4,2026-05-07 21:27:27,2026-05-07 21:27:27,
1271,20,electricity,2022-11-01,1310.80,2,655.40,4,2026-05-07 21:27:27,2026-05-07 21:27:27,
1272,20,water,2022-11-01,226.38,2,113.19,4,2026-05-07 21:27:27,2026-05-07 21:27:27,
1273,20,electricity,2022-12-01,2486.92,2,1243.46,4,2026-05-07 21:27:27,2026-05-07 21:27:27,
1274,20,electricity,2023-01-01,2012.52,2,1006.26,4,2026-05-07 21:27:27,2026-05-07 21:27:27,
1275,20,water,2023-01-01,382.50,2,191.25,4,2026-05-07 21:27:27,2026-05-07 21:27:27,
1276,20,electricity,2023-02-01,1864.29,2,932.15,4,2026-05-07 21:27:27,2026-05-07 21:27:27,
1277,20,electricity,2023-03-01,1205.03,3,401.68,4,2026-05-07 21:27:27,2026-05-07 21:27:27,
1278,20,water,2023-03-01,413.71,3,137.90,4,2026-05-07 21:27:27,2026-05-07 21:27:27,
1279,20,electricity,2023-04-01,2339.48,3,779.83,4,2026-05-07 21:27:28,2026-05-07 21:27:28,
1280,20,electricity,2023-05-01,2049.60,2,1024.80,4,2026-05-07 21:27:28,2026-05-07 21:27:28,
1281,20,electricity,2023-06-01,1635.53,2,817.77,4,2026-05-07 21:27:28,2026-05-07 21:27:28,
1282,20,electricity,2023-07-01,2466.89,2,1233.45,4,2026-05-07 21:27:28,2026-05-07 21:27:28,
1283,20,water,2023-07-01,337.05,2,168.53,4,2026-05-07 21:27:28,2026-05-07 21:27:28,
1284,20,electricity,2023-08-01,1447.17,2,723.59,4,2026-05-07 21:27:28,2026-05-07 21:27:28,
1285,20,electricity,2023-09-01,1271.21,2,635.61,4,2026-05-07 21:27:28,2026-05-07 21:27:28,
1286,20,water,2023-09-01,293.71,2,146.86,4,2026-05-07 21:27:28,2026-05-07 21:27:28,
1287,20,electricity,2023-10-01,1698.04,4,424.51,4,2026-05-07 21:27:28,2026-05-07 21:27:28,
1288,20,water,2023-10-01,236.50,4,59.13,4,2026-05-07 21:27:28,2026-05-07 21:27:28,
1289,20,electricity,2023-11-01,1845.77,3,615.26,4,2026-05-07 21:27:28,2026-05-07 21:27:28,
1290,20,water,2023-11-01,287.47,3,95.82,4,2026-05-07 21:27:28,2026-05-07 21:27:28,
1291,20,electricity,2023-12-01,1509.11,2,754.56,4,2026-05-07 21:27:28,2026-05-07 21:27:28,
1292,20,electricity,2024-01-01,1336.34,2,668.17,4,2026-05-07 21:27:29,2026-05-07 21:27:29,
1293,20,electricity,2024-02-01,1597.76,2,798.88,4,2026-05-07 21:27:29,2026-05-07 21:27:29,
1294,20,electricity,2024-03-01,1955.42,2,977.71,4,2026-05-07 21:27:29,2026-05-07 21:27:29,
1295,20,electricity,2024-04-01,2204.00,2,1102.00,4,2026-05-07 21:27:29,2026-05-07 21:27:29,
1296,20,water,2024-04-01,228.27,2,114.14,4,2026-05-07 21:27:29,2026-05-07 21:27:29,
1297,20,electricity,2024-05-01,2186.01,2,1093.01,4,2026-05-07 21:27:29,2026-05-07 21:27:29,
1298,20,electricity,2024-06-01,1881.44,2,940.72,4,2026-05-07 21:27:29,2026-05-07 21:27:29,
1299,20,water,2024-06-01,406.96,2,203.48,4,2026-05-07 21:27:29,2026-05-07 21:27:29,
1300,20,electricity,2024-07-01,1492.38,2,746.19,4,2026-05-07 21:27:29,2026-05-07 21:27:29,
1301,20,water,2024-07-01,452.99,2,226.50,4,2026-05-07 21:27:29,2026-05-07 21:27:29,
1302,20,electricity,2024-08-01,1268.86,2,634.43,4,2026-05-07 21:27:29,2026-05-07 21:27:29,
1303,20,electricity,2024-09-01,1415.81,2,707.91,4,2026-05-07 21:27:30,2026-05-07 21:27:30,
1304,20,water,2024-09-01,353.35,2,176.68,4,2026-05-07 21:27:30,2026-05-07 21:27:30,
1305,20,electricity,2024-10-01,2125.95,3,708.65,4,2026-05-07 21:27:30,2026-05-07 21:27:30,
1306,20,electricity,2024-11-01,1492.32,4,373.08,4,2026-05-07 21:27:30,2026-05-07 21:27:30,
1307,20,water,2024-11-01,269.54,4,67.39,4,2026-05-07 21:27:30,2026-05-07 21:27:30,
1308,20,electricity,2024-12-01,2169.02,5,433.80,4,2026-05-07 21:27:30,2026-05-07 21:27:30,
1309,20,water,2024-12-01,315.93,5,63.19,4,2026-05-07 21:27:30,2026-05-07 21:27:30,
1310,20,electricity,2025-01-01,2260.05,3,753.35,4,2026-05-07 21:27:30,2026-05-07 21:27:30,
1311,20,water,2025-01-01,440.04,3,146.68,4,2026-05-07 21:27:30,2026-05-07 21:27:30,
1312,20,electricity,2025-02-01,2172.11,3,724.04,4,2026-05-07 21:27:30,2026-05-07 21:27:30,
1313,20,water,2025-02-01,220.55,3,73.52,4,2026-05-07 21:27:30,2026-05-07 21:27:30,
1314,20,electricity,2025-03-01,1833.25,4,458.31,4,2026-05-07 21:27:30,2026-05-07 21:27:30,
1315,20,water,2025-03-01,292.27,4,73.07,4,2026-05-07 21:27:30,2026-05-07 21:27:30,
1316,20,electricity,2025-04-01,1673.70,3,557.90,4,2026-05-07 21:27:30,2026-05-07 21:27:30,
1317,20,water,2025-04-01,442.11,3,147.37,4,2026-05-07 21:27:30,2026-05-07 21:27:30,
1318,20,electricity,2025-05-01,2023.71,3,674.57,4,2026-05-07 21:27:30,2026-05-07 21:27:30,
1319,20,water,2025-05-01,262.69,3,87.56,4,2026-05-07 21:27:30,2026-05-07 21:27:30,
1320,20,electricity,2025-06-01,1587.95,4,396.99,4,2026-05-07 21:27:31,2026-05-07 21:27:31,
1321,20,water,2025-06-01,495.01,4,123.75,4,2026-05-07 21:27:31,2026-05-07 21:27:31,
1322,20,electricity,2025-07-01,1909.26,3,636.42,4,2026-05-07 21:27:31,2026-05-07 21:27:31,
1323,20,water,2025-07-01,343.19,3,114.40,4,2026-05-07 21:27:31,2026-05-07 21:27:31,
1324,20,electricity,2025-08-01,1712.90,3,570.97,4,2026-05-07 21:27:31,2026-05-07 21:27:31,
1325,20,water,2025-08-01,498.27,3,166.09,4,2026-05-07 21:27:31,2026-05-07 21:27:31,
1326,20,electricity,2025-09-01,2424.79,3,808.26,4,2026-05-07 21:27:31,2026-05-07 21:27:31,
1327,20,electricity,2025-10-01,1492.80,3,497.60,4,2026-05-07 21:27:31,2026-05-07 21:27:31,
1328,20,electricity,2025-11-01,1675.13,3,558.38,4,2026-05-07 21:27:31,2026-05-07 21:27:31,
1329,20,electricity,2025-12-01,2344.03,5,468.81,4,2026-05-07 21:27:31,2026-05-07 21:27:31,
1330,20,water,2025-12-01,476.96,5,95.39,4,2026-05-07 21:27:31,2026-05-07 21:27:31,
1331,20,electricity,2026-01-01,2428.79,3,809.60,4,2026-05-07 21:27:32,2026-05-07 21:27:32,
1332,20,electricity,2026-02-01,2230.89,3,743.63,4,2026-05-07 21:27:32,2026-05-07 21:27:32,
1333,20,water,2026-02-01,277.42,3,92.47,4,2026-05-07 21:27:32,2026-05-07 21:27:32,
1334,20,electricity,2026-03-01,1240.08,5,248.02,4,2026-05-07 21:27:32,2026-05-07 21:27:32,
1335,20,water,2026-03-01,293.49,5,58.70,4,2026-05-07 21:27:32,2026-05-07 21:27:32,
1336,20,electricity,2026-04-01,1662.33,5,332.47,4,2026-05-07 21:27:32,2026-05-07 21:27:32,
1337,20,water,2026-04-01,331.80,5,66.36,4,2026-05-07 21:27:32,2026-05-07 21:27:32,
1338,20,electricity,2026-05-01,1742.87,4,435.72,4,2026-05-07 21:27:32,2026-05-07 21:27:32,
1339,7,electricity,2022-03-01,1963.77,1,1963.77,42,2026-05-07 21:27:32,2026-05-07 21:27:32,
1340,7,water,2022-03-01,241.30,1,241.30,42,2026-05-07 21:27:32,2026-05-07 21:27:32,
1341,7,electricity,2022-04-01,1514.20,1,1514.20,42,2026-05-07 21:27:32,2026-05-07 21:27:32,
1342,7,electricity,2022-05-01,1304.70,1,1304.70,42,2026-05-07 21:27:32,2026-05-07 21:27:32,
1343,7,water,2022-05-01,401.54,1,401.54,42,2026-05-07 21:27:32,2026-05-07 21:27:32,
1344,7,electricity,2022-06-01,1610.33,1,1610.33,42,2026-05-07 21:27:32,2026-05-07 21:27:32,
1345,7,water,2022-06-01,435.47,1,435.47,42,2026-05-07 21:27:32,2026-05-07 21:27:32,
1346,7,electricity,2022-07-01,2190.11,1,2190.11,42,2026-05-07 21:27:33,2026-05-07 21:27:33,
1347,7,water,2022-07-01,239.45,1,239.45,42,2026-05-07 21:27:33,2026-05-07 21:27:33,
1348,7,electricity,2022-08-01,2076.05,1,2076.05,42,2026-05-07 21:27:33,2026-05-07 21:27:33,
1349,7,water,2022-08-01,329.91,1,329.91,42,2026-05-07 21:27:33,2026-05-07 21:27:33,
1350,7,electricity,2022-09-01,1324.80,2,662.40,42,2026-05-07 21:27:33,2026-05-07 21:27:33,
1351,7,electricity,2022-10-01,2237.23,1,2237.23,42,2026-05-07 21:27:33,2026-05-07 21:27:33,
1352,7,water,2022-10-01,251.69,1,251.69,42,2026-05-07 21:27:33,2026-05-07 21:27:33,
1353,7,electricity,2022-11-01,1967.17,1,1967.17,42,2026-05-07 21:27:33,2026-05-07 21:27:33,
1354,7,water,2022-11-01,411.21,1,411.21,42,2026-05-07 21:27:33,2026-05-07 21:27:33,
1355,7,electricity,2022-12-01,2385.01,1,2385.01,42,2026-05-07 21:27:33,2026-05-07 21:27:33,
1356,7,water,2022-12-01,355.21,1,355.21,42,2026-05-07 21:27:33,2026-05-07 21:27:33,
1357,7,electricity,2023-01-01,1831.44,1,1831.44,42,2026-05-07 21:27:33,2026-05-07 21:27:33,
1358,7,water,2023-01-01,298.65,1,298.65,42,2026-05-07 21:27:33,2026-05-07 21:27:33,
1359,7,electricity,2023-02-01,2417.28,1,2417.28,42,2026-05-07 21:27:33,2026-05-07 21:27:33,
1360,7,water,2023-02-01,469.51,1,469.51,42,2026-05-07 21:27:33,2026-05-07 21:27:33,
1361,7,electricity,2023-03-01,1577.74,2,788.87,42,2026-05-07 21:27:33,2026-05-07 21:27:33,
1362,7,water,2023-03-01,334.95,2,167.48,42,2026-05-07 21:27:33,2026-05-07 21:27:33,
1363,7,electricity,2023-04-01,2140.97,2,1070.49,42,2026-05-07 21:27:33,2026-05-07 21:27:33,
1364,7,electricity,2023-05-01,1391.95,1,1391.95,42,2026-05-07 21:27:33,2026-05-07 21:27:33,
1365,7,water,2023-05-01,290.88,1,290.88,42,2026-05-07 21:27:33,2026-05-07 21:27:33,
1366,7,electricity,2023-06-01,1638.40,1,1638.40,42,2026-05-07 21:27:33,2026-05-07 21:27:33,
1367,7,water,2023-06-01,443.99,1,443.99,42,2026-05-07 21:27:33,2026-05-07 21:27:33,
1368,7,electricity,2023-07-01,1881.92,1,1881.92,42,2026-05-07 21:27:34,2026-05-07 21:27:34,
1369,7,water,2023-07-01,466.42,1,466.42,42,2026-05-07 21:27:34,2026-05-07 21:27:34,
1370,7,electricity,2023-08-01,2269.86,1,2269.86,42,2026-05-07 21:27:34,2026-05-07 21:27:34,
1371,7,water,2023-08-01,309.54,1,309.54,42,2026-05-07 21:27:34,2026-05-07 21:27:34,
1372,7,electricity,2023-09-01,2215.02,1,2215.02,42,2026-05-07 21:27:34,2026-05-07 21:27:34,
1373,7,electricity,2023-10-01,2402.72,1,2402.72,42,2026-05-07 21:27:34,2026-05-07 21:27:34,
1374,7,water,2023-10-01,354.24,1,354.24,42,2026-05-07 21:27:34,2026-05-07 21:27:34,
1375,7,electricity,2023-11-01,1827.28,1,1827.28,42,2026-05-07 21:27:34,2026-05-07 21:27:34,
1376,7,water,2023-11-01,360.56,1,360.56,42,2026-05-07 21:27:34,2026-05-07 21:27:34,
1377,7,electricity,2023-12-01,1487.46,1,1487.46,42,2026-05-07 21:27:34,2026-05-07 21:27:34,
1378,7,water,2023-12-01,298.12,1,298.12,42,2026-05-07 21:27:34,2026-05-07 21:27:34,
1379,7,electricity,2024-01-01,1727.81,1,1727.81,42,2026-05-07 21:27:34,2026-05-07 21:27:34,
1380,7,electricity,2024-02-01,1334.65,1,1334.65,42,2026-05-07 21:27:34,2026-05-07 21:27:34,
1381,7,water,2024-02-01,368.17,1,368.17,42,2026-05-07 21:27:34,2026-05-07 21:27:34,
1382,7,electricity,2024-03-01,1677.58,1,1677.58,42,2026-05-07 21:27:34,2026-05-07 21:27:34,
1383,7,electricity,2024-04-01,1308.00,2,654.00,42,2026-05-07 21:27:34,2026-05-07 21:27:34,
1384,7,water,2024-04-01,431.82,2,215.91,42,2026-05-07 21:27:34,2026-05-07 21:27:34,
1385,7,electricity,2024-05-01,2323.92,1,2323.92,42,2026-05-07 21:27:34,2026-05-07 21:27:34,
1386,7,electricity,2024-06-01,1364.61,1,1364.61,42,2026-05-07 21:27:34,2026-05-07 21:27:34,
1387,7,electricity,2024-07-01,1639.45,2,819.73,42,2026-05-07 21:27:34,2026-05-07 21:27:34,
1388,7,electricity,2024-08-01,1247.94,1,1247.94,42,2026-05-07 21:27:35,2026-05-07 21:27:35,
1389,7,water,2024-08-01,321.67,1,321.67,42,2026-05-07 21:27:35,2026-05-07 21:27:35,
1390,7,electricity,2024-09-01,1868.10,1,1868.10,42,2026-05-07 21:27:35,2026-05-07 21:27:35,
1391,7,electricity,2024-10-01,1605.50,1,1605.50,42,2026-05-07 21:27:35,2026-05-07 21:27:35,
1392,7,electricity,2024-11-01,1462.49,1,1462.49,42,2026-05-07 21:27:35,2026-05-07 21:27:35,
1393,7,water,2024-11-01,358.59,1,358.59,42,2026-05-07 21:27:35,2026-05-07 21:27:35,
1394,7,electricity,2024-12-01,2418.67,1,2418.67,42,2026-05-07 21:27:35,2026-05-07 21:27:35,
1395,7,water,2024-12-01,257.79,1,257.79,42,2026-05-07 21:27:35,2026-05-07 21:27:35,
1396,7,electricity,2025-01-01,2310.82,2,1155.41,42,2026-05-07 21:27:35,2026-05-07 21:27:35,
1397,7,water,2025-01-01,366.30,2,183.15,42,2026-05-07 21:27:35,2026-05-07 21:27:35,
1398,7,electricity,2025-02-01,2377.66,1,2377.66,42,2026-05-07 21:27:35,2026-05-07 21:27:35,
1399,7,water,2025-02-01,312.72,1,312.72,42,2026-05-07 21:27:35,2026-05-07 21:27:35,
1400,7,electricity,2025-03-01,1809.07,1,1809.07,42,2026-05-07 21:27:35,2026-05-07 21:27:35,
1401,7,water,2025-03-01,259.35,1,259.35,42,2026-05-07 21:27:35,2026-05-07 21:27:35,
1402,7,electricity,2025-04-01,1441.79,2,720.90,42,2026-05-07 21:27:35,2026-05-07 21:27:35,
1403,7,electricity,2025-05-01,1719.87,1,1719.87,42,2026-05-07 21:27:35,2026-05-07 21:27:35,
1404,7,electricity,2025-06-01,1600.63,1,1600.63,42,2026-05-07 21:27:35,2026-05-07 21:27:35,
1405,7,water,2025-06-01,406.43,1,406.43,42,2026-05-07 21:27:35,2026-05-07 21:27:35,
1406,7,electricity,2025-07-01,1863.01,1,1863.01,42,2026-05-07 21:27:35,2026-05-07 21:27:35,
1407,7,water,2025-07-01,304.06,1,304.06,42,2026-05-07 21:27:35,2026-05-07 21:27:35,
1408,7,electricity,2025-08-01,2467.27,1,2467.27,42,2026-05-07 21:27:36,2026-05-07 21:27:36,
1409,7,water,2025-08-01,214.78,1,214.78,42,2026-05-07 21:27:36,2026-05-07 21:27:36,
1410,7,electricity,2025-09-01,1791.98,1,1791.98,42,2026-05-07 21:27:36,2026-05-07 21:27:36,
1411,7,electricity,2025-10-01,1269.82,2,634.91,42,2026-05-07 21:27:36,2026-05-07 21:27:36,
1412,7,water,2025-10-01,396.33,2,198.17,42,2026-05-07 21:27:36,2026-05-07 21:27:36,
1413,7,electricity,2025-11-01,1580.27,1,1580.27,42,2026-05-07 21:27:36,2026-05-07 21:27:36,
1414,7,water,2025-11-01,382.67,1,382.67,42,2026-05-07 21:27:36,2026-05-07 21:27:36,
1415,7,electricity,2025-12-01,1383.14,1,1383.14,42,2026-05-07 21:27:36,2026-05-07 21:27:36,
1416,7,electricity,2026-01-01,1995.24,2,997.62,42,2026-05-07 21:27:36,2026-05-07 21:27:36,
1417,7,water,2026-01-01,423.25,2,211.63,42,2026-05-07 21:27:36,2026-05-07 21:27:36,
1418,7,electricity,2026-02-01,2422.98,1,2422.98,42,2026-05-07 21:27:36,2026-05-07 21:27:36,
1419,7,electricity,2026-03-01,2027.87,1,2027.87,42,2026-05-07 21:27:36,2026-05-07 21:27:36,
1420,7,water,2026-03-01,447.63,1,447.63,42,2026-05-07 21:27:36,2026-05-07 21:27:36,
1421,7,electricity,2026-04-01,1616.19,1,1616.19,42,2026-05-07 21:27:36,2026-05-07 21:27:36,
1422,7,water,2026-04-01,393.97,1,393.97,42,2026-05-07 21:27:36,2026-05-07 21:27:36,
1423,7,electricity,2026-05-01,1486.06,1,1486.06,42,2026-05-07 21:27:36,2026-05-07 21:27:36,
1424,10,electricity,2024-03-01,2001.42,2,1000.71,4,2026-05-07 21:27:36,2026-05-07 21:27:36,
1425,10,water,2024-03-01,480.62,2,240.31,4,2026-05-07 21:27:36,2026-05-07 21:27:36,
1426,10,electricity,2024-04-01,1974.50,4,493.63,4,2026-05-07 21:27:37,2026-05-07 21:27:37,
1427,10,water,2024-04-01,271.69,4,67.92,4,2026-05-07 21:27:37,2026-05-07 21:27:37,
1428,10,electricity,2024-05-01,1942.94,3,647.65,4,2026-05-07 21:27:37,2026-05-07 21:27:37,
1429,10,electricity,2024-06-01,1798.10,2,899.05,4,2026-05-07 21:27:37,2026-05-07 21:27:37,
1430,10,electricity,2024-07-01,1238.99,2,619.50,4,2026-05-07 21:27:37,2026-05-07 21:27:37,
1431,10,water,2024-07-01,204.24,2,102.12,4,2026-05-07 21:27:37,2026-05-07 21:27:37,
1432,10,electricity,2024-08-01,2408.04,2,1204.02,4,2026-05-07 21:27:37,2026-05-07 21:27:37,
1433,10,water,2024-08-01,473.94,2,236.97,4,2026-05-07 21:27:37,2026-05-07 21:27:37,
1434,10,electricity,2024-09-01,2362.96,2,1181.48,4,2026-05-07 21:27:37,2026-05-07 21:27:37,
1435,10,water,2024-09-01,481.75,2,240.88,4,2026-05-07 21:27:37,2026-05-07 21:27:37,
1436,10,electricity,2024-10-01,1871.93,3,623.98,4,2026-05-07 21:27:37,2026-05-07 21:27:37,
1437,10,water,2024-10-01,357.03,3,119.01,4,2026-05-07 21:27:37,2026-05-07 21:27:37,
1438,10,electricity,2024-11-01,2213.69,3,737.90,4,2026-05-07 21:27:37,2026-05-07 21:27:37,
1439,10,water,2024-11-01,312.85,3,104.28,4,2026-05-07 21:27:37,2026-05-07 21:27:37,
1440,10,electricity,2024-12-01,2262.80,2,1131.40,4,2026-05-07 21:27:37,2026-05-07 21:27:37,
1441,10,water,2024-12-01,429.36,2,214.68,4,2026-05-07 21:27:37,2026-05-07 21:27:37,
1442,10,electricity,2025-01-01,1286.64,2,643.32,4,2026-05-07 21:27:38,2026-05-07 21:27:38,
1443,10,electricity,2025-02-01,2252.98,3,750.99,4,2026-05-07 21:27:38,2026-05-07 21:27:38,
1444,10,water,2025-02-01,298.87,3,99.62,4,2026-05-07 21:27:38,2026-05-07 21:27:38,
1445,10,electricity,2025-03-01,1934.99,2,967.50,4,2026-05-07 21:27:38,2026-05-07 21:27:38,
1446,10,water,2025-03-01,232.94,2,116.47,4,2026-05-07 21:27:38,2026-05-07 21:27:38,
1447,10,electricity,2025-04-01,1380.70,2,690.35,4,2026-05-07 21:27:38,2026-05-07 21:27:38,
1448,10,water,2025-04-01,322.01,2,161.01,4,2026-05-07 21:27:38,2026-05-07 21:27:38,
1449,10,electricity,2025-05-01,1495.35,3,498.45,4,2026-05-07 21:27:38,2026-05-07 21:27:38,
1450,10,water,2025-05-01,285.04,3,95.01,4,2026-05-07 21:27:38,2026-05-07 21:27:38,
1451,10,electricity,2025-06-01,2001.14,3,667.05,4,2026-05-07 21:27:38,2026-05-07 21:27:38,
1452,10,electricity,2025-07-01,1854.89,4,463.72,4,2026-05-07 21:27:38,2026-05-07 21:27:38,
1453,10,electricity,2025-08-01,1209.72,4,302.43,4,2026-05-07 21:27:38,2026-05-07 21:27:38,
1454,10,electricity,2025-09-01,1313.10,4,328.28,4,2026-05-07 21:27:38,2026-05-07 21:27:38,
1455,10,water,2025-09-01,488.36,4,122.09,4,2026-05-07 21:27:38,2026-05-07 21:27:38,
1456,10,electricity,2025-10-01,1901.14,4,475.29,4,2026-05-07 21:27:39,2026-05-07 21:27:39,
1457,10,electricity,2025-11-01,1672.38,3,557.46,4,2026-05-07 21:27:39,2026-05-07 21:27:39,
1458,10,water,2025-11-01,253.29,3,84.43,4,2026-05-07 21:27:39,2026-05-07 21:27:39,
1459,10,electricity,2025-12-01,2439.34,4,609.84,4,2026-05-07 21:27:39,2026-05-07 21:27:39,
1460,10,water,2025-12-01,420.33,4,105.08,4,2026-05-07 21:27:39,2026-05-07 21:27:39,
1461,10,electricity,2026-01-01,1910.78,4,477.70,4,2026-05-07 21:27:39,2026-05-07 21:27:39,
1462,10,electricity,2026-02-01,1499.48,3,499.83,4,2026-05-07 21:27:39,2026-05-07 21:27:39,
1463,10,water,2026-02-01,442.22,3,147.41,4,2026-05-07 21:27:39,2026-05-07 21:27:39,
1464,10,electricity,2026-03-01,1433.26,3,477.75,4,2026-05-07 21:27:39,2026-05-07 21:27:39,
1465,10,electricity,2026-04-01,1484.75,4,371.19,4,2026-05-07 21:27:39,2026-05-07 21:27:39,
1466,10,electricity,2026-05-01,1449.76,4,362.44,4,2026-05-07 21:27:39,2026-05-07 21:27:39,
1467,1,electricity,2026-01-01,1203.90,1,1203.90,42,2026-05-07 21:27:40,2026-05-07 21:27:40,
1468,1,water,2026-01-01,398.77,1,398.77,42,2026-05-07 21:27:40,2026-05-07 21:27:40,
1469,1,electricity,2026-02-01,1566.25,2,783.13,42,2026-05-07 21:27:40,2026-05-07 21:27:40,
1470,1,water,2026-02-01,496.34,2,248.17,42,2026-05-07 21:27:40,2026-05-07 21:27:40,
1471,1,electricity,2026-03-01,2237.44,1,2237.44,42,2026-05-07 21:27:40,2026-05-07 21:27:40,
1472,1,water,2026-03-01,347.24,1,347.24,42,2026-05-07 21:27:40,2026-05-07 21:27:40,
1473,1,electricity,2026-04-01,2370.19,1,2370.19,42,2026-05-07 21:27:40,2026-05-07 21:27:40,
1474,1,water,2026-04-01,337.06,1,337.06,42,2026-05-07 21:27:40,2026-05-07 21:27:40,
1475,1,electricity,2026-05-01,2245.29,1,2245.29,42,2026-05-07 21:27:40,2026-05-07 21:27:40,
1476,18,electricity,2021-08-01,1944.22,1,1944.22,4,2026-05-07 21:27:40,2026-05-07 21:27:40,
1477,18,electricity,2021-09-01,2104.29,2,1052.15,4,2026-05-07 21:27:40,2026-05-07 21:27:40,
1478,18,water,2021-09-01,454.79,2,227.40,4,2026-05-07 21:27:40,2026-05-07 21:27:40,
1479,18,electricity,2021-10-01,1984.58,2,992.29,4,2026-05-07 21:27:40,2026-05-07 21:27:40,
1480,18,water,2021-10-01,488.60,2,244.30,4,2026-05-07 21:27:40,2026-05-07 21:27:40,
1481,18,electricity,2021-11-01,1842.29,2,921.15,4,2026-05-07 21:27:40,2026-05-07 21:27:40,
1482,18,water,2021-11-01,388.24,2,194.12,4,2026-05-07 21:27:40,2026-05-07 21:27:40,
1483,18,electricity,2021-12-01,2308.68,1,2308.68,4,2026-05-07 21:27:40,2026-05-07 21:27:40,
1484,18,water,2021-12-01,378.86,1,378.86,4,2026-05-07 21:27:40,2026-05-07 21:27:40,
1485,18,electricity,2022-01-01,1995.56,1,1995.56,4,2026-05-07 21:27:41,2026-05-07 21:27:41,
1486,18,electricity,2022-02-01,1527.06,1,1527.06,4,2026-05-07 21:27:41,2026-05-07 21:27:41,
1487,18,electricity,2022-03-01,1961.39,1,1961.39,4,2026-05-07 21:27:41,2026-05-07 21:27:41,
1488,18,water,2022-03-01,490.72,1,490.72,4,2026-05-07 21:27:41,2026-05-07 21:27:41,
1489,18,electricity,2022-04-01,2048.98,1,2048.98,4,2026-05-07 21:27:41,2026-05-07 21:27:41,
1490,18,electricity,2022-05-01,1614.71,2,807.36,4,2026-05-07 21:27:41,2026-05-07 21:27:41,
1491,18,water,2022-05-01,392.85,2,196.43,4,2026-05-07 21:27:41,2026-05-07 21:27:41,
1492,18,electricity,2022-06-01,2285.24,2,1142.62,4,2026-05-07 21:27:41,2026-05-07 21:27:41,
1493,18,water,2022-06-01,486.26,2,243.13,4,2026-05-07 21:27:41,2026-05-07 21:27:41,
1494,18,electricity,2022-07-01,1403.34,1,1403.34,4,2026-05-07 21:27:41,2026-05-07 21:27:41,
1495,18,water,2022-07-01,486.32,1,486.32,4,2026-05-07 21:27:41,2026-05-07 21:27:41,
1496,18,electricity,2022-08-01,2199.79,1,2199.79,4,2026-05-07 21:27:41,2026-05-07 21:27:41,
1497,18,water,2022-08-01,445.46,1,445.46,4,2026-05-07 21:27:41,2026-05-07 21:27:41,
1498,18,electricity,2022-09-01,2228.91,1,2228.91,4,2026-05-07 21:27:41,2026-05-07 21:27:41,
1499,18,water,2022-09-01,499.89,1,499.89,4,2026-05-07 21:27:41,2026-05-07 21:27:41,
1500,18,electricity,2022-10-01,1230.22,1,1230.22,4,2026-05-07 21:27:42,2026-05-07 21:27:42,
1501,18,water,2022-10-01,242.03,1,242.03,4,2026-05-07 21:27:42,2026-05-07 21:27:42,
1502,18,electricity,2022-11-01,2266.23,1,2266.23,4,2026-05-07 21:27:42,2026-05-07 21:27:42,
1503,18,water,2022-11-01,478.02,1,478.02,4,2026-05-07 21:27:42,2026-05-07 21:27:42,
1504,18,electricity,2022-12-01,2319.09,1,2319.09,4,2026-05-07 21:27:42,2026-05-07 21:27:42,
1505,18,water,2022-12-01,396.45,1,396.45,4,2026-05-07 21:27:42,2026-05-07 21:27:42,
1506,18,electricity,2023-01-01,2173.95,1,2173.95,4,2026-05-07 21:27:42,2026-05-07 21:27:42,
1507,18,water,2023-01-01,267.99,1,267.99,4,2026-05-07 21:27:42,2026-05-07 21:27:42,
1508,18,electricity,2023-02-01,1729.76,1,1729.76,4,2026-05-07 21:27:42,2026-05-07 21:27:42,
1509,18,water,2023-02-01,204.61,1,204.61,4,2026-05-07 21:27:42,2026-05-07 21:27:42,
1510,18,electricity,2023-03-01,2126.66,1,2126.66,4,2026-05-07 21:27:42,2026-05-07 21:27:42,
1511,18,water,2023-03-01,316.51,1,316.51,4,2026-05-07 21:27:42,2026-05-07 21:27:42,
1512,18,electricity,2023-04-01,2063.49,1,2063.49,4,2026-05-07 21:27:42,2026-05-07 21:27:42,
1513,18,electricity,2023-05-01,1512.82,1,1512.82,4,2026-05-07 21:27:42,2026-05-07 21:27:42,
1514,18,electricity,2023-06-01,1669.09,2,834.55,4,2026-05-07 21:27:42,2026-05-07 21:27:42,
1515,18,water,2023-06-01,253.66,2,126.83,4,2026-05-07 21:27:42,2026-05-07 21:27:42,
1516,18,electricity,2023-07-01,2146.69,1,2146.69,4,2026-05-07 21:27:42,2026-05-07 21:27:42,
1517,18,electricity,2023-08-01,1791.14,1,1791.14,4,2026-05-07 21:27:43,2026-05-07 21:27:43,
1518,18,water,2023-08-01,287.08,1,287.08,4,2026-05-07 21:27:43,2026-05-07 21:27:43,
1519,18,electricity,2023-09-01,1877.12,2,938.56,4,2026-05-07 21:27:43,2026-05-07 21:27:43,
1520,18,water,2023-09-01,468.19,2,234.10,4,2026-05-07 21:27:43,2026-05-07 21:27:43,
1521,18,electricity,2023-10-01,2242.91,1,2242.91,4,2026-05-07 21:27:43,2026-05-07 21:27:43,
1522,18,water,2023-10-01,259.48,1,259.48,4,2026-05-07 21:27:43,2026-05-07 21:27:43,
1523,18,electricity,2023-11-01,1314.72,1,1314.72,4,2026-05-07 21:27:43,2026-05-07 21:27:43,
1524,18,electricity,2023-12-01,1336.97,1,1336.97,4,2026-05-07 21:27:43,2026-05-07 21:27:43,
1525,18,water,2023-12-01,284.60,1,284.60,4,2026-05-07 21:27:43,2026-05-07 21:27:43,
1526,18,electricity,2024-01-01,1332.63,1,1332.63,4,2026-05-07 21:27:43,2026-05-07 21:27:43,
1527,18,water,2024-01-01,356.27,1,356.27,4,2026-05-07 21:27:43,2026-05-07 21:27:43,
1528,18,electricity,2024-02-01,2070.97,1,2070.97,4,2026-05-07 21:27:43,2026-05-07 21:27:43,
1529,18,water,2024-02-01,348.56,1,348.56,4,2026-05-07 21:27:43,2026-05-07 21:27:43,
1530,18,electricity,2024-03-01,1436.82,1,1436.82,4,2026-05-07 21:27:43,2026-05-07 21:27:43,
1531,18,water,2024-03-01,222.35,1,222.35,4,2026-05-07 21:27:43,2026-05-07 21:27:43,
1532,18,electricity,2024-04-01,1720.82,1,1720.82,4,2026-05-07 21:27:43,2026-05-07 21:27:43,
1533,18,water,2024-04-01,370.21,1,370.21,4,2026-05-07 21:27:43,2026-05-07 21:27:43,
1534,18,electricity,2024-05-01,2087.79,2,1043.90,4,2026-05-07 21:27:43,2026-05-07 21:27:43,
1535,18,electricity,2024-06-01,1549.41,3,516.47,4,2026-05-07 21:27:43,2026-05-07 21:27:43,
1536,18,electricity,2024-07-01,2354.71,2,1177.36,4,2026-05-07 21:27:44,2026-05-07 21:27:44,
1537,18,water,2024-07-01,424.05,2,212.03,4,2026-05-07 21:27:44,2026-05-07 21:27:44,
1538,18,electricity,2024-08-01,1238.11,2,619.06,4,2026-05-07 21:27:44,2026-05-07 21:27:44,
1539,18,electricity,2024-09-01,1299.10,3,433.03,4,2026-05-07 21:27:44,2026-05-07 21:27:44,
1540,18,electricity,2024-10-01,1960.65,2,980.33,4,2026-05-07 21:27:44,2026-05-07 21:27:44,
1541,18,water,2024-10-01,277.54,2,138.77,4,2026-05-07 21:27:44,2026-05-07 21:27:44,
1542,18,electricity,2024-11-01,1783.56,2,891.78,4,2026-05-07 21:27:44,2026-05-07 21:27:44,
1543,18,water,2024-11-01,223.08,2,111.54,4,2026-05-07 21:27:44,2026-05-07 21:27:44,
1544,18,electricity,2024-12-01,2162.84,3,720.95,4,2026-05-07 21:27:44,2026-05-07 21:27:44,
1545,18,water,2024-12-01,403.56,3,134.52,4,2026-05-07 21:27:44,2026-05-07 21:27:44,
1546,18,electricity,2025-01-01,2072.72,3,690.91,4,2026-05-07 21:27:44,2026-05-07 21:27:44,
1547,18,water,2025-01-01,265.63,3,88.54,4,2026-05-07 21:27:44,2026-05-07 21:27:44,
1548,18,electricity,2025-02-01,2417.67,2,1208.84,4,2026-05-07 21:27:44,2026-05-07 21:27:44,
1549,18,electricity,2025-03-01,2260.84,2,1130.42,4,2026-05-07 21:27:44,2026-05-07 21:27:44,
1550,18,water,2025-03-01,360.60,2,180.30,4,2026-05-07 21:27:44,2026-05-07 21:27:44,
1551,18,electricity,2025-04-01,1592.43,3,530.81,4,2026-05-07 21:27:45,2026-05-07 21:27:45,
1552,18,electricity,2025-05-01,1757.27,2,878.64,4,2026-05-07 21:27:45,2026-05-07 21:27:45,
1553,18,electricity,2025-06-01,1921.39,3,640.46,4,2026-05-07 21:27:45,2026-05-07 21:27:45,
1554,18,water,2025-06-01,383.94,3,127.98,4,2026-05-07 21:27:45,2026-05-07 21:27:45,
1555,18,electricity,2025-07-01,2339.57,3,779.86,4,2026-05-07 21:27:45,2026-05-07 21:27:45,
1556,18,electricity,2025-08-01,1683.34,2,841.67,4,2026-05-07 21:27:45,2026-05-07 21:27:45,
1557,18,water,2025-08-01,288.60,2,144.30,4,2026-05-07 21:27:45,2026-05-07 21:27:45,
1558,18,electricity,2025-09-01,1474.43,2,737.22,4,2026-05-07 21:27:45,2026-05-07 21:27:45,
1559,18,water,2025-09-01,284.94,2,142.47,4,2026-05-07 21:27:45,2026-05-07 21:27:45,
1560,18,electricity,2025-10-01,1436.85,2,718.43,4,2026-05-07 21:27:45,2026-05-07 21:27:45,
1561,18,electricity,2025-11-01,2203.61,2,1101.81,4,2026-05-07 21:27:45,2026-05-07 21:27:45,
1562,18,electricity,2025-12-01,2416.49,3,805.50,4,2026-05-07 21:27:46,2026-05-07 21:27:46,
1563,18,water,2025-12-01,244.25,3,81.42,4,2026-05-07 21:27:46,2026-05-07 21:27:46,
1564,18,electricity,2026-01-01,1931.39,4,482.85,4,2026-05-07 21:27:46,2026-05-07 21:27:46,
1565,18,water,2026-01-01,397.83,4,99.46,4,2026-05-07 21:27:46,2026-05-07 21:27:46,
1566,18,electricity,2026-02-01,1976.15,4,494.04,4,2026-05-07 21:27:46,2026-05-07 21:27:46,
1567,18,electricity,2026-03-01,2149.54,2,1074.77,4,2026-05-07 21:27:46,2026-05-07 21:27:46,
1568,18,water,2026-03-01,405.25,2,202.63,4,2026-05-07 21:27:46,2026-05-07 21:27:46,
1569,18,electricity,2026-04-01,2257.75,2,1128.88,4,2026-05-07 21:27:46,2026-05-07 21:27:46,
1570,18,water,2026-04-01,231.89,2,115.95,4,2026-05-07 21:27:46,2026-05-07 21:27:46,
1571,18,electricity,2026-05-01,1738.10,2,869.05,4,2026-05-07 21:27:46,2026-05-07 21:27:46,
1572,18,water,2026-05-01,274.27,2,137.14,4,2026-05-07 21:27:46,2026-05-07 21:27:46,
1573,2,electricity,2022-02-01,1376.95,1,1376.95,43,2026-05-07 21:27:47,2026-05-07 21:27:47,
1574,2,water,2022-02-01,415.37,1,415.37,43,2026-05-07 21:27:47,2026-05-07 21:27:47,
1575,2,electricity,2022-03-01,1804.84,1,1804.84,43,2026-05-07 21:27:47,2026-05-07 21:27:47,
1576,2,water,2022-03-01,232.34,1,232.34,43,2026-05-07 21:27:47,2026-05-07 21:27:47,
1577,2,electricity,2022-04-01,1839.33,1,1839.33,43,2026-05-07 21:27:47,2026-05-07 21:27:47,
1578,2,water,2022-04-01,309.89,1,309.89,43,2026-05-07 21:27:47,2026-05-07 21:27:47,
1579,2,electricity,2022-05-01,1846.47,1,1846.47,43,2026-05-07 21:27:47,2026-05-07 21:27:47,
1580,2,electricity,2022-06-01,1593.80,1,1593.80,43,2026-05-07 21:27:47,2026-05-07 21:27:47,
1581,2,water,2022-06-01,341.55,1,341.55,43,2026-05-07 21:27:47,2026-05-07 21:27:47,
1582,2,electricity,2022-07-01,1856.65,1,1856.65,43,2026-05-07 21:27:47,2026-05-07 21:27:47,
1583,2,water,2022-07-01,289.04,1,289.04,43,2026-05-07 21:27:47,2026-05-07 21:27:47,
1584,2,electricity,2022-08-01,1789.74,1,1789.74,43,2026-05-07 21:27:47,2026-05-07 21:27:47,
1585,2,electricity,2022-09-01,1881.65,1,1881.65,43,2026-05-07 21:27:47,2026-05-07 21:27:47,
1586,2,electricity,2022-10-01,1553.88,1,1553.88,43,2026-05-07 21:27:47,2026-05-07 21:27:47,
1587,2,water,2022-10-01,212.86,1,212.86,43,2026-05-07 21:27:47,2026-05-07 21:27:47,
1588,2,electricity,2022-11-01,1866.50,1,1866.50,43,2026-05-07 21:27:47,2026-05-07 21:27:47,
1589,2,water,2022-11-01,388.77,1,388.77,43,2026-05-07 21:27:47,2026-05-07 21:27:47,
1590,2,electricity,2022-12-01,1975.21,1,1975.21,43,2026-05-07 21:27:47,2026-05-07 21:27:47,
1591,2,electricity,2023-01-01,1982.27,1,1982.27,43,2026-05-07 21:27:48,2026-05-07 21:27:48,
1592,2,water,2023-01-01,271.41,1,271.41,43,2026-05-07 21:27:48,2026-05-07 21:27:48,
1593,2,electricity,2023-02-01,1868.67,2,934.34,43,2026-05-07 21:27:48,2026-05-07 21:27:48,
1594,2,water,2023-02-01,477.66,2,238.83,43,2026-05-07 21:27:48,2026-05-07 21:27:48,
1595,2,electricity,2023-03-01,2144.22,1,2144.22,43,2026-05-07 21:27:48,2026-05-07 21:27:48,
1596,2,water,2023-03-01,388.96,1,388.96,43,2026-05-07 21:27:48,2026-05-07 21:27:48,
1597,2,electricity,2023-04-01,1492.26,1,1492.26,43,2026-05-07 21:27:48,2026-05-07 21:27:48,
1598,2,water,2023-04-01,440.44,1,440.44,43,2026-05-07 21:27:48,2026-05-07 21:27:48,
1599,2,electricity,2023-05-01,1476.46,2,738.23,43,2026-05-07 21:27:48,2026-05-07 21:27:48,
1600,2,electricity,2023-06-01,1600.07,2,800.04,43,2026-05-07 21:27:48,2026-05-07 21:27:48,
1601,2,electricity,2023-07-01,1930.95,1,1930.95,43,2026-05-07 21:27:48,2026-05-07 21:27:48,
1602,2,water,2023-07-01,498.53,1,498.53,43,2026-05-07 21:27:48,2026-05-07 21:27:48,
1603,2,electricity,2023-08-01,2058.52,1,2058.52,43,2026-05-07 21:27:48,2026-05-07 21:27:48,
1604,2,water,2023-08-01,433.70,1,433.70,43,2026-05-07 21:27:48,2026-05-07 21:27:48,
1605,2,electricity,2023-09-01,2459.63,2,1229.82,43,2026-05-07 21:27:48,2026-05-07 21:27:48,
1606,2,water,2023-09-01,313.27,2,156.64,43,2026-05-07 21:27:48,2026-05-07 21:27:48,
1607,2,electricity,2023-10-01,1598.62,1,1598.62,43,2026-05-07 21:27:48,2026-05-07 21:27:48,
1608,2,electricity,2023-11-01,1811.49,1,1811.49,43,2026-05-07 21:27:48,2026-05-07 21:27:48,
1609,2,electricity,2023-12-01,1208.68,2,604.34,43,2026-05-07 21:27:48,2026-05-07 21:27:48,
1610,2,water,2023-12-01,362.56,2,181.28,43,2026-05-07 21:27:48,2026-05-07 21:27:48,
1611,2,electricity,2024-01-01,1533.58,1,1533.58,43,2026-05-07 21:27:49,2026-05-07 21:27:49,
1612,2,electricity,2024-02-01,1608.10,1,1608.10,43,2026-05-07 21:27:49,2026-05-07 21:27:49,
1613,2,water,2024-02-01,206.61,1,206.61,43,2026-05-07 21:27:49,2026-05-07 21:27:49,
1614,2,electricity,2024-03-01,1333.26,1,1333.26,43,2026-05-07 21:27:49,2026-05-07 21:27:49,
1615,2,water,2024-03-01,243.77,1,243.77,43,2026-05-07 21:27:49,2026-05-07 21:27:49,
1616,2,electricity,2024-04-01,1809.48,1,1809.48,43,2026-05-07 21:27:49,2026-05-07 21:27:49,
1617,2,water,2024-04-01,494.45,1,494.45,43,2026-05-07 21:27:49,2026-05-07 21:27:49,
1618,2,electricity,2024-05-01,1904.33,1,1904.33,43,2026-05-07 21:27:49,2026-05-07 21:27:49,
1619,2,water,2024-05-01,340.00,1,340.00,43,2026-05-07 21:27:49,2026-05-07 21:27:49,
1620,2,electricity,2024-06-01,2116.49,2,1058.25,43,2026-05-07 21:27:49,2026-05-07 21:27:49,
1621,2,water,2024-06-01,345.51,2,172.76,43,2026-05-07 21:27:49,2026-05-07 21:27:49,
1622,2,electricity,2024-07-01,1244.17,2,622.09,43,2026-05-07 21:27:49,2026-05-07 21:27:49,
1623,2,water,2024-07-01,343.66,2,171.83,43,2026-05-07 21:27:49,2026-05-07 21:27:49,
1624,2,electricity,2024-08-01,2367.66,1,2367.66,43,2026-05-07 21:27:49,2026-05-07 21:27:49,
1625,2,water,2024-08-01,408.79,1,408.79,43,2026-05-07 21:27:49,2026-05-07 21:27:49,
1626,2,electricity,2024-09-01,1679.61,1,1679.61,43,2026-05-07 21:27:49,2026-05-07 21:27:49,
1627,2,water,2024-09-01,357.40,1,357.40,43,2026-05-07 21:27:49,2026-05-07 21:27:49,
1628,2,electricity,2024-10-01,1740.70,1,1740.70,43,2026-05-07 21:27:49,2026-05-07 21:27:49,
1629,2,water,2024-10-01,226.00,1,226.00,43,2026-05-07 21:27:49,2026-05-07 21:27:49,
1630,2,electricity,2024-11-01,1632.33,1,1632.33,43,2026-05-07 21:27:49,2026-05-07 21:27:49,
1631,2,water,2024-11-01,353.97,1,353.97,43,2026-05-07 21:27:49,2026-05-07 21:27:49,
1632,2,electricity,2024-12-01,2399.82,1,2399.82,43,2026-05-07 21:27:50,2026-05-07 21:27:50,
1633,2,water,2024-12-01,392.79,1,392.79,43,2026-05-07 21:27:50,2026-05-07 21:27:50,
1634,2,electricity,2025-01-01,1593.36,1,1593.36,43,2026-05-07 21:27:50,2026-05-07 21:27:50,
1635,2,electricity,2025-02-01,2121.39,1,2121.39,43,2026-05-07 21:27:50,2026-05-07 21:27:50,
1636,2,water,2025-02-01,280.88,1,280.88,43,2026-05-07 21:27:50,2026-05-07 21:27:50,
1637,2,electricity,2025-03-01,2344.05,1,2344.05,43,2026-05-07 21:27:50,2026-05-07 21:27:50,
1638,2,water,2025-03-01,474.75,1,474.75,43,2026-05-07 21:27:50,2026-05-07 21:27:50,
1639,2,electricity,2025-04-01,1480.77,1,1480.77,43,2026-05-07 21:27:50,2026-05-07 21:27:50,
1640,2,water,2025-04-01,481.42,1,481.42,43,2026-05-07 21:27:50,2026-05-07 21:27:50,
1641,2,electricity,2025-05-01,1687.78,1,1687.78,43,2026-05-07 21:27:50,2026-05-07 21:27:50,
1642,2,water,2025-05-01,224.38,1,224.38,43,2026-05-07 21:27:50,2026-05-07 21:27:50,
1643,2,electricity,2025-06-01,1263.41,1,1263.41,43,2026-05-07 21:27:50,2026-05-07 21:27:50,
1644,2,water,2025-06-01,337.15,1,337.15,43,2026-05-07 21:27:50,2026-05-07 21:27:50,
1645,2,electricity,2025-07-01,1660.09,2,830.05,43,2026-05-07 21:27:50,2026-05-07 21:27:50,
1646,2,water,2025-07-01,344.92,2,172.46,43,2026-05-07 21:27:50,2026-05-07 21:27:50,
1647,2,electricity,2025-08-01,2182.57,1,2182.57,43,2026-05-07 21:27:50,2026-05-07 21:27:50,
1648,2,electricity,2025-09-01,1436.63,1,1436.63,43,2026-05-07 21:27:50,2026-05-07 21:27:50,
1649,2,electricity,2025-10-01,1844.66,2,922.33,43,2026-05-07 21:27:51,2026-05-07 21:27:51,
1650,2,water,2025-10-01,200.69,2,100.35,43,2026-05-07 21:27:51,2026-05-07 21:27:51,
1651,2,electricity,2025-11-01,1563.87,1,1563.87,43,2026-05-07 21:27:51,2026-05-07 21:27:51,
1652,2,electricity,2025-12-01,1894.67,1,1894.67,43,2026-05-07 21:27:51,2026-05-07 21:27:51,
1653,2,electricity,2026-01-01,1618.92,1,1618.92,43,2026-05-07 21:27:51,2026-05-07 21:27:51,
1654,2,electricity,2026-02-01,1550.11,1,1550.11,43,2026-05-07 21:27:51,2026-05-07 21:27:51,
1655,2,electricity,2026-03-01,1381.98,1,1381.98,43,2026-05-07 21:27:51,2026-05-07 21:27:51,
1656,2,water,2026-03-01,343.28,1,343.28,43,2026-05-07 21:27:51,2026-05-07 21:27:51,
1657,2,electricity,2026-04-01,2274.53,1,2274.53,43,2026-05-07 21:27:51,2026-05-07 21:27:51,
1658,2,electricity,2026-05-01,1613.42,1,1613.42,43,2026-05-07 21:27:51,2026-05-07 21:27:51,
1659,16,electricity,2022-04-01,2004.36,1,2004.36,43,2026-05-07 21:27:51,2026-05-07 21:27:51,
1660,16,electricity,2022-05-01,1849.85,2,924.93,43,2026-05-07 21:27:51,2026-05-07 21:27:51,
1661,16,water,2022-05-01,246.02,2,123.01,43,2026-05-07 21:27:51,2026-05-07 21:27:51,
1662,16,electricity,2022-06-01,1354.77,1,1354.77,43,2026-05-07 21:27:51,2026-05-07 21:27:51,
1663,16,electricity,2022-07-01,1671.68,1,1671.68,43,2026-05-07 21:27:51,2026-05-07 21:27:51,
1664,16,water,2022-07-01,358.86,1,358.86,43,2026-05-07 21:27:52,2026-05-07 21:27:52,
1665,16,electricity,2022-08-01,1581.77,1,1581.77,43,2026-05-07 21:27:52,2026-05-07 21:27:52,
1666,16,electricity,2022-09-01,1781.31,1,1781.31,43,2026-05-07 21:27:52,2026-05-07 21:27:52,
1667,16,water,2022-09-01,268.77,1,268.77,43,2026-05-07 21:27:52,2026-05-07 21:27:52,
1668,16,electricity,2022-10-01,1714.97,1,1714.97,43,2026-05-07 21:27:52,2026-05-07 21:27:52,
1669,16,water,2022-10-01,435.07,1,435.07,43,2026-05-07 21:27:52,2026-05-07 21:27:52,
1670,16,electricity,2022-11-01,1647.98,1,1647.98,43,2026-05-07 21:27:52,2026-05-07 21:27:52,
1671,16,water,2022-11-01,457.70,1,457.70,43,2026-05-07 21:27:52,2026-05-07 21:27:52,
1672,16,electricity,2022-12-01,1221.52,1,1221.52,43,2026-05-07 21:27:52,2026-05-07 21:27:52,
1673,16,water,2022-12-01,388.31,1,388.31,43,2026-05-07 21:27:52,2026-05-07 21:27:52,
1674,16,electricity,2023-01-01,2234.77,1,2234.77,43,2026-05-07 21:27:52,2026-05-07 21:27:52,
1675,16,electricity,2023-02-01,1551.50,1,1551.50,43,2026-05-07 21:27:52,2026-05-07 21:27:52,
1676,16,electricity,2023-03-01,1803.01,2,901.51,43,2026-05-07 21:27:52,2026-05-07 21:27:52,
1677,16,electricity,2023-04-01,2334.45,2,1167.23,43,2026-05-07 21:27:53,2026-05-07 21:27:53,
1678,16,water,2023-04-01,459.05,2,229.53,43,2026-05-07 21:27:53,2026-05-07 21:27:53,
1679,16,electricity,2023-05-01,1635.13,3,545.04,43,2026-05-07 21:27:53,2026-05-07 21:27:53,
1680,16,electricity,2023-06-01,1929.15,3,643.05,43,2026-05-07 21:27:53,2026-05-07 21:27:53,
1681,16,water,2023-06-01,319.72,3,106.57,43,2026-05-07 21:27:53,2026-05-07 21:27:53,
1682,16,electricity,2023-07-01,1271.76,2,635.88,43,2026-05-07 21:27:53,2026-05-07 21:27:53,
1683,16,water,2023-07-01,320.42,2,160.21,43,2026-05-07 21:27:53,2026-05-07 21:27:53,
1684,16,electricity,2023-08-01,1406.49,2,703.25,43,2026-05-07 21:27:53,2026-05-07 21:27:53,
1685,16,electricity,2023-09-01,2302.97,2,1151.49,43,2026-05-07 21:27:53,2026-05-07 21:27:53,
1686,16,water,2023-09-01,347.81,2,173.91,43,2026-05-07 21:27:53,2026-05-07 21:27:53,
1687,16,electricity,2023-10-01,2084.17,2,1042.09,43,2026-05-07 21:27:53,2026-05-07 21:27:53,
1688,16,electricity,2023-11-01,2433.25,2,1216.63,43,2026-05-07 21:27:53,2026-05-07 21:27:53,
1689,16,electricity,2023-12-01,1828.31,3,609.44,43,2026-05-07 21:27:53,2026-05-07 21:27:53,
1690,16,electricity,2024-01-01,2300.13,2,1150.07,43,2026-05-07 21:27:54,2026-05-07 21:27:54,
1691,16,electricity,2024-02-01,1577.02,2,788.51,43,2026-05-07 21:27:54,2026-05-07 21:27:54,
1692,16,water,2024-02-01,210.51,2,105.26,43,2026-05-07 21:27:54,2026-05-07 21:27:54,
1693,16,electricity,2024-03-01,1636.39,3,545.46,43,2026-05-07 21:27:54,2026-05-07 21:27:54,
1694,16,water,2024-03-01,221.87,3,73.96,43,2026-05-07 21:27:54,2026-05-07 21:27:54,
1695,16,electricity,2024-04-01,1221.54,2,610.77,43,2026-05-07 21:27:54,2026-05-07 21:27:54,
1696,16,water,2024-04-01,441.33,2,220.67,43,2026-05-07 21:27:54,2026-05-07 21:27:54,
1697,16,electricity,2024-05-01,2138.55,2,1069.28,43,2026-05-07 21:27:54,2026-05-07 21:27:54,
1698,16,water,2024-05-01,349.55,2,174.78,43,2026-05-07 21:27:54,2026-05-07 21:27:54,
1699,16,electricity,2024-06-01,1917.49,3,639.16,43,2026-05-07 21:27:54,2026-05-07 21:27:54,
1700,16,water,2024-06-01,229.33,3,76.44,43,2026-05-07 21:27:54,2026-05-07 21:27:54,
1701,16,electricity,2024-07-01,1226.06,3,408.69,43,2026-05-07 21:27:54,2026-05-07 21:27:54,
1702,16,water,2024-07-01,359.01,3,119.67,43,2026-05-07 21:27:54,2026-05-07 21:27:54,
1703,16,electricity,2024-08-01,1909.20,2,954.60,43,2026-05-07 21:27:54,2026-05-07 21:27:54,
1704,16,water,2024-08-01,443.16,2,221.58,43,2026-05-07 21:27:54,2026-05-07 21:27:54,
1705,16,electricity,2024-09-01,1448.16,2,724.08,43,2026-05-07 21:27:55,2026-05-07 21:27:55,
1706,16,water,2024-09-01,457.26,2,228.63,43,2026-05-07 21:27:55,2026-05-07 21:27:55,
1707,16,electricity,2024-10-01,2491.81,3,830.60,43,2026-05-07 21:27:55,2026-05-07 21:27:55,
1708,16,water,2024-10-01,262.24,3,87.41,43,2026-05-07 21:27:55,2026-05-07 21:27:55,
1709,16,electricity,2024-11-01,1641.45,2,820.73,43,2026-05-07 21:27:55,2026-05-07 21:27:55,
1710,16,water,2024-11-01,464.08,2,232.04,43,2026-05-07 21:27:55,2026-05-07 21:27:55,
1711,16,electricity,2024-12-01,1409.58,3,469.86,43,2026-05-07 21:27:55,2026-05-07 21:27:55,
1712,16,water,2024-12-01,363.03,3,121.01,43,2026-05-07 21:27:55,2026-05-07 21:27:55,
1713,16,electricity,2025-01-01,1531.40,2,765.70,43,2026-05-07 21:27:55,2026-05-07 21:27:55,
1714,16,electricity,2025-02-01,2027.46,2,1013.73,43,2026-05-07 21:27:55,2026-05-07 21:27:55,
1715,16,water,2025-02-01,295.41,2,147.71,43,2026-05-07 21:27:55,2026-05-07 21:27:55,
1716,16,electricity,2025-03-01,1504.44,2,752.22,43,2026-05-07 21:27:55,2026-05-07 21:27:55,
1717,16,electricity,2025-04-01,2370.59,2,1185.30,43,2026-05-07 21:27:55,2026-05-07 21:27:55,
1718,16,electricity,2025-05-01,1991.06,2,995.53,43,2026-05-07 21:27:56,2026-05-07 21:27:56,
1719,16,water,2025-05-01,462.57,2,231.29,43,2026-05-07 21:27:56,2026-05-07 21:27:56,
1720,16,electricity,2025-06-01,1414.12,2,707.06,43,2026-05-07 21:27:56,2026-05-07 21:27:56,
1721,16,water,2025-06-01,463.52,2,231.76,43,2026-05-07 21:27:56,2026-05-07 21:27:56,
1722,16,electricity,2025-07-01,1620.20,2,810.10,43,2026-05-07 21:27:56,2026-05-07 21:27:56,
1723,16,electricity,2025-08-01,2169.43,2,1084.72,43,2026-05-07 21:27:56,2026-05-07 21:27:56,
1724,16,electricity,2025-09-01,1660.72,2,830.36,43,2026-05-07 21:27:56,2026-05-07 21:27:56,
1725,16,electricity,2025-10-01,1767.32,3,589.11,43,2026-05-07 21:27:56,2026-05-07 21:27:56,
1726,16,electricity,2025-11-01,2216.03,2,1108.02,43,2026-05-07 21:27:56,2026-05-07 21:27:56,
1727,16,electricity,2025-12-01,1862.88,3,620.96,43,2026-05-07 21:27:56,2026-05-07 21:27:56,
1728,16,water,2025-12-01,310.03,3,103.34,43,2026-05-07 21:27:56,2026-05-07 21:27:56,
1729,16,electricity,2026-01-01,1490.72,2,745.36,43,2026-05-07 21:27:56,2026-05-07 21:27:56,
1730,16,electricity,2026-02-01,1990.30,2,995.15,43,2026-05-07 21:27:57,2026-05-07 21:27:57,
1731,16,water,2026-02-01,414.04,2,207.02,43,2026-05-07 21:27:57,2026-05-07 21:27:57,
1732,16,electricity,2026-03-01,2350.82,3,783.61,43,2026-05-07 21:27:57,2026-05-07 21:27:57,
1733,16,electricity,2026-04-01,1536.30,3,512.10,43,2026-05-07 21:27:57,2026-05-07 21:27:57,
1734,16,water,2026-04-01,427.81,3,142.60,43,2026-05-07 21:27:57,2026-05-07 21:27:57,
1735,16,electricity,2026-05-01,2224.95,2,1112.48,43,2026-05-07 21:27:57,2026-05-07 21:27:57,
